# Resource object code (Python 3)
# Created by: object code
# Created by: The Resource Compiler for Qt version 6.8.3
# WARNING! All changes made in this file will be lost!

from PySide6 import QtCore

qt_resource_data = b"\
\x00\x00#\x04\
<\
\xb8d\x18\xca\xef\x9c\x95\xcd!\x1c\xbf`\xa1\xbd\xdd\xa7\
\x00\x00\x00\x05sr-CSB\x00\x00\x00\xf0\x00\x04\
\xec0\x00\x00\x05\x9a\x00\x04\xec0\x00\x00\x1c\x8b\x00\x99\
N\xa8\x00\x00\x1a\xc4\x018!.\x00\x00\x13\x8e\x01\x82\
\xc62\x00\x00\x1e$\x02mV`\x00\x00\x1c\xb2\x04\x1e\
\xf1\x82\x00\x00\x05\xc1\x04Dm9\x00\x00\x04\xf0\x04T\
\x18N\x00\x00\x12\x0d\x04\x89?'\x00\x00\x06\x0c\x04\xde\
1)\x00\x00\x06\xe6\x05M7\xf2\x00\x00\x06\x7f\x05\xa6\
\xc8\x95\x00\x00\x11\xe4\x06{\x06\x03\x00\x00\x09\x19\x06\xa4\
]\x8e\x00\x00\x09E\x07\x07\xe0\x0e\x00\x00\x18y\x07t\
\x8a\x94\x00\x00\x01|\x09\x82\xac\xae\x00\x00\x00\x00\x09\xd5\
\xc9.\x00\x00\x01\xf4\x0auc\xd7\x00\x00\x17=\x0b\x0a\
r\xc9\x00\x00\x01\xc8\x0c\xe2\x80\xae\x00\x00\x03\xcc\x0d\xb7\
\x06\x10\x00\x00\x1b\x13\x0d\xc4\xc8<\x00\x00!\xb1\x0e*\
j\xae\x00\x00\x1fp\x0ek8\x9e\x00\x00\x0dc\x0e\x8d\
\xd4\x82\x00\x00\x1a\x09\x0e\xca\x08\x89\x00\x00\x05T\x0f-\
\x13\xae\x00\x00\x010\x0fE\xeb\x1e\x00\x00\x07\x5ci\x00\
\x00!\xde\x03\x00\x00\x00\xba\x00A\x00 \x00t\x00r\
\x00a\x00n\x00s\x00l\x00a\x00t\x00i\x00o\
\x00n\x00 \x00s\x00u\x00f\x00f\x00i\x00x\
\x00 \x00t\x00o\x00 \x00u\x00s\x00e\x00,\
\x00 \x00f\x00o\x00r\x00 \x00e\x00x\x00a\
\x00m\x00p\x00l\x00e\x00 \x00\x22\x00f\x00r\
\x00\x22\x00\x0a\x00t\x00o\x00 \x00g\x00e\x00t\
\x00 \x00F\x00r\x00e\x00n\x00c\x00h\x00 \
\x00t\x00r\x00a\x00n\x00s\x00l\x00a\x00t\
\x00i\x00o\x00n\x00 \x00o\x00f\x00 \x00t\
\x00h\x00e\x00 \x00d\x00o\x00c\x00u\x00m\
\x00e\x00n\x00t\x00a\x00t\x00i\x00o\x00n\
\x00.\x08\x00\x00\x00\x00\x06\x00\x00\x00]A tr\
anslation suffix\
 to use, for exa\
mple \x22fr\x22\x0ato get\
 French translat\
ion of the docum\
entation.\x07\x00\x00\x00\x04Fo\
rm\x01\x03\x00\x00\x00$\x00S\x00o\x00p\x00s\
\x00t\x00v\x00e\x00n\x00a\x00 \x00l\x00o\
\x00k\x00a\x00c\x00i\x00j\x00a\x08\x00\x00\x00\
\x00\x06\x00\x00\x00\x0fCustom loc\
ation\x07\x00\x00\x00\x04Form\x01\x03\
\x00\x00\x00\x22\x00C\x00u\x00s\x00t\x00o\x00m\
\x00 \x00s\x00t\x00y\x00l\x00e\x00s\x00h\
\x00e\x00e\x00t\x08\x00\x00\x00\x00\x06\x00\x00\x00\x11\
Custom styleshee\
t\x07\x00\x00\x00\x04Form\x01\x03\x00\x00\x00\x0c\
\x00P\x00r\x00i\x00k\x00a\x00z\x08\x00\x00\x00\
\x00\x06\x00\x00\x00\x07Display\x07\x00\x00\
\x00\x04Form\x01\x03\x00\x00\x01*\x00D\x00o\
\x00c\x00u\x00m\x00e\x00n\x00t\x00a\x00t\
\x00i\x00o\x00n\x00 \x00o\x00p\x00e\x00n\
\x00s\x00 \x00i\x00n\x00 \x00a\x00 \x00d\
\x00o\x00c\x00k\x00a\x00b\x00l\x00e\x00 \
\x00d\x00i\x00a\x00l\x00o\x00g\x00 \x00w\
\x00i\x00t\x00h\x00i\x00n\x00 \x00F\x00r\
\x00e\x00e\x00C\x00A\x00D\x00,\x00 \x00a\
\x00l\x00l\x00o\x00w\x00i\x00n\x00g\x00 \
\x00s\x00i\x00m\x00u\x00l\x00t\x00a\x00n\
\x00e\x00o\x00u\x00s\x00 \x00w\x00o\x00r\
\x00k\x00 \x00i\x00n\x00 \x00t\x00h\x00e\
\x00 \x003\x00D\x00 \x00v\x00i\x00e\x00w\
\x00.\x00\x0a\x00R\x00e\x00q\x00u\x00i\x00r\
\x00e\x00s\x00 \x00t\x00h\x00e\x00 \x00P\
\x00y\x00S\x00i\x00d\x00e\x00 \x00Q\x00t\
\x00W\x00e\x00b\x00e\x00n\x00g\x00i\x00n\
\x00e\x00W\x00i\x00d\x00g\x00e\x00t\x00s\
\x00 \x00c\x00o\x00m\x00p\x00o\x00n\x00e\
\x00n\x00t\x00.\x08\x00\x00\x00\x00\x06\x00\x00\x00\x95\
Documentation op\
ens in a dockabl\
e dialog within \
FreeCAD, allowin\
g simultaneous w\
ork in the 3D vi\
ew.\x0aRequires the\
 PySide QtWebeng\
ineWidgets compo\
nent.\x07\x00\x00\x00\x04Form\x01\x03\
\x00\x00\x00\xb2\x00F\x00e\x00t\x00c\x00h\x00e\
\x00s\x00 \x00t\x00h\x00e\x00 \x00d\x00o\
\x00c\x00u\x00m\x00e\x00n\x00t\x00a\x00t\
\x00i\x00o\x00n\x00 \x00f\x00r\x00o\x00m\
\x00 \x00p\x00a\x00g\x00e\x00s\x00 \x00r\
\x00e\x00n\x00d\x00e\x00r\x00e\x00d\x00 \
\x00o\x00n\x00 \x00G\x00i\x00t\x00H\x00u\
\x00b\x00.\x00\x0a\x00T\x00h\x00i\x00s\x00 \
\x00i\x00s\x00 \x00c\x00u\x00r\x00r\x00e\
\x00n\x00t\x00l\x00y\x00 \x00n\x00o\x00t\
\x00 \x00a\x00v\x00a\x00i\x00l\x00a\x00b\
\x00l\x00e\x00.\x08\x00\x00\x00\x00\x06\x00\x00\x00Y\
Fetches the docu\
mentation from p\
ages rendered on\
 GitHub.\x0aThis is\
 currently not a\
vailable.\x07\x00\x00\x00\x04Fo\
rm\x01\x03\x00\x00\x006\x00F\x00r\x00e\x00e\
\x00C\x00A\x00D\x00 \x00W\x00i\x00k\x00i\
\x00 \x00(\x00n\x00a\x00 \x00i\x00n\x00t\
\x00e\x00r\x00n\x00e\x00t\x00u\x00)\x08\x00\
\x00\x00\x00\x06\x00\x00\x00\x15FreeCAD \
Wiki (online)\x07\x00\x00\
\x00\x04Form\x01\x03\x00\x00\x00\x1e\x00G\x00i\
\x00t\x00H\x00u\x00b\x00 \x00(\x00o\x00n\
\x00l\x00i\x00n\x00e\x00)\x08\x00\x00\x00\x00\x06\
\x00\x00\x00\x0fGitHub (onli\
ne)\x07\x00\x00\x00\x04Form\x01\x03\x00\x00\
\x00\x0a\x00P\x00o\x00m\x00o\x01\x07\x08\x00\x00\x00\
\x00\x06\x00\x00\x00\x04Help\x07\x00\x00\x00\x04F\
orm\x01\x03\x00\x00\x00\x22\x00U\x00 \x00F\x00\
r\x00e\x00e\x00C\x00A\x00D\x00 \x00k\x00\
a\x00r\x00t\x00i\x00c\x00i\x08\x00\x00\x00\x00\
\x06\x00\x00\x00\x10In a FreeCA\
D tab\x07\x00\x00\x00\x04Form\x01\x03\
\x00\x00\x00:\x00U\x00 \x00p\x00o\x00s\x00e\
\x00b\x00n\x00o\x00 \x00p\x00r\x00o\x00z\
\x00o\x00r\x00u\x00 \x00u\x00 \x00F\x00r\
\x00e\x00e\x00C\x00A\x00D\x00-\x00u\x08\x00\
\x00\x00\x00\x06\x00\x00\x00 In a sep\
arate, embeddabl\
e dialog\x07\x00\x00\x00\x04For\
m\x01\x03\x00\x00\x004\x00I\x00n\x00 \x00t\x00\
h\x00e\x00 \x00d\x00e\x00f\x00a\x00u\x00\
l\x00t\x00 \x00w\x00e\x00b\x00 \x00b\x00\
r\x00o\x00w\x00s\x00e\x00r\x08\x00\x00\x00\x00\
\x06\x00\x00\x00\x1aIn the defa\
ult web browser\x07\
\x00\x00\x00\x04Form\x01\x03\x00\x00\x00D\x00O\
\x00s\x00i\x00r\x00o\x00m\x00a\x01a\x00e\
\x00n\x00a\x00 \x00v\x00e\x00r\x00z\x00i\
\x00j\x00a\x00 \x00(\x00n\x00a\x00 \x00i\
\x00n\x00t\x00e\x00r\x00n\x00e\x00t\x00u\
\x00)\x08\x00\x00\x00\x00\x06\x00\x00\x00\x19Mark\
down version (on\
line)\x07\x00\x00\x00\x04Form\x01\x03\
\x00\x00\x01\x18\x00N\x00o\x00t\x00e\x00:\x00 \
\x00i\x00f\x00 \x00P\x00y\x00S\x00i\x00d\
\x00e\x00 \x00W\x00e\x00b\x00 \x00c\x00o\
\x00m\x00p\x00o\x00n\x00e\x00n\x00t\x00s\
\x00 \x00a\x00r\x00e\x00 \x00n\x00o\x00t\
\x00 \x00f\x00o\x00u\x00n\x00d\x00 \x00o\
\x00n\x00 \x00t\x00h\x00e\x00 \x00s\x00y\
\x00s\x00t\x00e\x00m\x00,\x00 \x00h\x00e\
\x00l\x00p\x00 \x00p\x00a\x00g\x00e\x00s\
\x00 \x00w\x00i\x00l\x00l\x00 \x00o\x00p\
\x00e\x00n\x00 \x00i\x00n\x00 \x00t\x00h\
\x00e\x00 \x00d\x00e\x00f\x00a\x00u\x00l\
\x00t\x00 \x00w\x00e\x00b\x00 \x00b\x00r\
\x00o\x00w\x00s\x00e\x00r\x00 \x00r\x00e\
\x00g\x00a\x00r\x00d\x00l\x00e\x00s\x00s\
\x00 \x00o\x00f\x00 \x00t\x00h\x00e\x00 \
\x00o\x00p\x00t\x00i\x00o\x00n\x00s\x00 \
\x00b\x00e\x00l\x00o\x00w\x00.\x08\x00\x00\x00\
\x00\x06\x00\x00\x00\x8cNote: if P\
ySide Web compon\
ents are not fou\
nd on the system\
, help pages wil\
l open in the de\
fault web browse\
r regardless of \
the options belo\
w.\x07\x00\x00\x00\x04Form\x01\x03\x00\x00\x00\
\x0c\x00O\x00p\x00c\x00i\x00j\x00e\x08\x00\x00\
\x00\x00\x06\x00\x00\x00\x07Options\x07\x00\
\x00\x00\x04Form\x01\x03\x00\x00\x02\xae\x00S\x00\
e\x00t\x00 \x00t\x00h\x00i\x00s\x00 \x00\
t\x00o\x00 \x00a\x00 \x00c\x00u\x00s\x00\
t\x00o\x00m\x00 \x00U\x00R\x00L\x00 \x00\
o\x00r\x00 \x00t\x00h\x00e\x00 \x00f\x00\
o\x00l\x00d\x00e\x00r\x00 \x00w\x00h\x00\
e\x00r\x00e\x00 \x00t\x00h\x00e\x00 \x00\
h\x00e\x00l\x00p\x00 \x00f\x00i\x00l\x00\
e\x00s\x00 \x00a\x00r\x00e\x00 \x00l\x00\
o\x00c\x00a\x00t\x00e\x00d\x00.\x00\x0a\x00\
D\x00o\x00c\x00u\x00m\x00e\x00n\x00t\x00\
a\x00t\x00i\x00o\x00n\x00 \x00c\x00a\x00\
n\x00 \x00b\x00e\x00 \x00d\x00o\x00w\x00\
n\x00l\x00o\x00a\x00d\x00e\x00d\x00 \x00\
f\x00o\x00r\x00 \x00o\x00f\x00f\x00l\x00\
i\x00n\x00e\x00 \x00u\x00s\x00e\x00 \x00\
v\x00i\x00a\x00 \x00t\x00h\x00e\x00 \x00\
A\x00d\x00d\x00o\x00n\x00 \x00M\x00a\x00\
n\x00a\x00g\x00e\x00r\x00 \x00a\x00n\x00\
d\x00 \x00i\x00n\x00s\x00t\x00a\x00l\x00\
l\x00i\x00n\x00g\x00 \x00t\x00h\x00e\x00\
\x0a\x00\x22\x00o\x00f\x00f\x00l\x00i\x00n\x00\
e\x00-\x00d\x00o\x00c\x00u\x00m\x00e\x00\
n\x00t\x00a\x00t\x00i\x00o\x00n\x00\x22\x00\
 \x00a\x00d\x00d\x00o\x00n\x00.\x00 \x00\
I\x00f\x00 \x00t\x00h\x00i\x00s\x00 \x00\
f\x00i\x00e\x00l\x00d\x00 \x00i\x00s\x00\
 \x00l\x00e\x00f\x00t\x00 \x00b\x00l\x00\
a\x00n\x00k\x00,\x00 \x00F\x00r\x00e\x00\
e\x00C\x00A\x00D\x00 \x00w\x00i\x00l\x00\
l\x00\x0a\x00a\x00u\x00t\x00o\x00m\x00a\x00\
t\x00i\x00c\x00a\x00l\x00l\x00y\x00 \x00\
s\x00e\x00a\x00r\x00c\x00h\x00 \x00f\x00\
o\x00r\x00 \x00t\x00h\x00e\x00 \x00h\x00\
e\x00l\x00p\x00 \x00f\x00i\x00l\x00e\x00\
s\x00 \x00a\x00t\x00 \x00t\x00h\x00e\x00\
 \x00d\x00e\x00f\x00a\x00u\x00l\x00t\x00\
 \x00l\x00o\x00c\x00a\x00t\x00i\x00o\x00\
n\x00\x0a\x00(\x00$\x00U\x00S\x00E\x00R\x00\
A\x00P\x00P\x00D\x00A\x00T\x00A\x00D\x00\
I\x00R\x00/\x00M\x00o\x00d\x00/\x00o\x00\
f\x00f\x00l\x00i\x00n\x00e\x00-\x00d\x00\
o\x00c\x00u\x00m\x00e\x00n\x00t\x00a\x00\
t\x00i\x00o\x00n\x00)\x00.\x08\x00\x00\x00\x00\
\x06\x00\x00\x01WSet this to\
 a custom URL or\
 the folder wher\
e the help files\
 are located.\x0aDo\
cumentation can \
be downloaded fo\
r offline use vi\
a the Addon Mana\
ger and installi\
ng the\x0a\x22offline-\
documentation\x22 a\
ddon. If this fi\
eld is left blan\
k, FreeCAD will\x0a\
automatically se\
arch for the hel\
p files at the d\
efault location\x0a\
($USERAPPDATADIR\
/Mod/offline-doc\
umentation).\x07\x00\x00\x00\
\x04Form\x01\x03\x00\x00\x03\x02\x00P\x00o\x00\
d\x00e\x00s\x00i\x00t\x00e\x00 \x00o\x00\
v\x00o\x00 \x00k\x00a\x00 \x00s\x00o\x00\
p\x00s\x00t\x00v\x00e\x00n\x00o\x00m\x00\
 \x00U\x00R\x00L\x00-\x00u\x00 \x00i\x00\
l\x00i\x00 \x00k\x00a\x00 \x00f\x00a\x00\
s\x00c\x00i\x00k\x00l\x00i\x00 \x00u\x00\
 \x00k\x00o\x00j\x00o\x00j\x00 \x00s\x00\
e\x00 \x00n\x00a\x00l\x00a\x00z\x00e\x00\
 \x00d\x00a\x00t\x00o\x00t\x00e\x00k\x00\
e\x00 \x00p\x00o\x00m\x00o\x00c\x03\x01\x00\
i\x00.\x00 \x00A\x00k\x00o\x00 \x01~\x00\
e\x00l\x00i\x00t\x00e\x00 \x00u\x00p\x00\
o\x00t\x00r\x00e\x00b\x00l\x00j\x00a\x00\
v\x00a\x00t\x00i\x00 \x00d\x00o\x00k\x00\
u\x00m\x00e\x00n\x00t\x00a\x00c\x00i\x00\
j\x00u\x00 \x00b\x00e\x00z\x00 \x00p\x00\
r\x00i\x00s\x00t\x00u\x00p\x00a\x00 \x00\
i\x00n\x00t\x00e\x00r\x00n\x00e\x00t\x00\
u\x00 \x00m\x00o\x01~\x00e\x00t\x00e\x00\
 \x00j\x00e\x00 \x00l\x00a\x00k\x00o\x00\
 \x00p\x00r\x00e\x00u\x00z\x00e\x00t\x00\
i\x00 \x00p\x00o\x00m\x00o\x01\x07\x00u\x00\
 \x00M\x00e\x00n\x00a\x00d\x01~\x00e\x00\
r\x00a\x00 \x00d\x00o\x00d\x00a\x00t\x00\
a\x00k\x00a\x00 \x00i\x00n\x00s\x00t\x00\
a\x00l\x00i\x00r\x00a\x00n\x00j\x00e\x00\
m\x00 \x00\x22\x00o\x00f\x00f\x00l\x00i\x00\
n\x00e\x00 \x00d\x00o\x00c\x00u\x00m\x00\
e\x00n\x00t\x00a\x00t\x00i\x00o\x00n\x00\
\x22\x00 \x00d\x00o\x00d\x00a\x00t\x00k\x00\
a\x00.\x00 \x00A\x00k\x00o\x00 \x00o\x00\
v\x00o\x00 \x00p\x00o\x00l\x00j\x00e\x00\
 \x00o\x00s\x00t\x00a\x00n\x00e\x00 \x00\
p\x00r\x00a\x00z\x00n\x00o\x00,\x00 \x00\
F\x00r\x00e\x00e\x00C\x00A\x00D\x00 \x00\
c\x03\x01\x00e\x00 \x00a\x00u\x00t\x00o\x00\
m\x00a\x00t\x00s\x00k\x00i\x00 \x00t\x00\
r\x00a\x01~\x00i\x00t\x00i\x00 \x00d\x00\
a\x00t\x00o\x00t\x00e\x00k\x00e\x00 \x00\
p\x00o\x00m\x00o\x00c\x03\x01\x00i\x00 \x00\
n\x00a\x00 \x00p\x00o\x00d\x00r\x00a\x00\
z\x00u\x00m\x00e\x00v\x00a\x00n\x00o\x00\
j\x00 \x00l\x00o\x00k\x00a\x00c\x00i\x00\
j\x00i\x00 \x00(\x00$\x00U\x00S\x00E\x00\
R\x00A\x00P\x00P\x00D\x00A\x00T\x00A\x00\
D\x00I\x00R\x00/\x00M\x00o\x00d\x00/\x00\
D\x00o\x00c\x00u\x00m\x00e\x00n\x00t\x00\
a\x00t\x00i\x00o\x00n\x00)\x00.\x08\x00\x00\
\x00\x00\x06\x00\x00\x01fSet this \
to a custom URL \
or the folder wh\
ere the help fil\
es are located.\x0a\
You can easily d\
ownload the docu\
mentation for of\
fline use by usi\
ng the Addon\x0aMan\
ager and install\
ing the \x22offline\
-documentation\x22 \
addon. If this\x0af\
ield is left bla\
nk, FreeCAD will\
 automatically s\
earch for the he\
lp files at\x0athe \
default location\
 ($USERAPPDATADI\
R/Mod/offline-do\
cumentation).\x07\x00\x00\
\x00\x04Form\x01\x03\x00\x00\x00\x0a\x00I\x00z\
\x00v\x00o\x00r\x08\x00\x00\x00\x00\x06\x00\x00\x00\x06\
Source\x07\x00\x00\x00\x04Form\x01\
\x03\x00\x00\x00\xf0\x00S\x00p\x00e\x00c\x00i\x00\
f\x00y\x00 \x00t\x00h\x00e\x00 \x00p\x00\
a\x00t\x00h\x00 \x00t\x00o\x00 \x00a\x00\
n\x00 \x00a\x00l\x00t\x00e\x00r\x00n\x00\
a\x00t\x00i\x00v\x00e\x00 \x00C\x00S\x00\
S\x00 \x00f\x00i\x00l\x00e\x00 \x00f\x00\
o\x00r\x00 \x00s\x00t\x00y\x00l\x00i\x00\
n\x00g\x00 \x00M\x00a\x00r\x00k\x00d\x00\
o\x00w\x00n\x00 \x00p\x00a\x00g\x00e\x00\
s\x00.\x00\x0a\x00T\x00h\x00i\x00s\x00 \x00\
o\x00n\x00l\x00y\x00 \x00a\x00p\x00p\x00\
l\x00i\x00e\x00s\x00 \x00i\x00f\x00 \x00\
M\x00a\x00r\x00k\x00d\x00o\x00w\x00n\x00\
 \x00i\x00s\x00 \x00s\x00e\x00l\x00e\x00\
c\x00t\x00e\x00d\x00 \x00a\x00b\x00o\x00\
v\x00e\x00.\x08\x00\x00\x00\x00\x06\x00\x00\x00xS\
pecify the path \
to an alternativ\
e CSS file for s\
tyling Markdown \
pages.\x0aThis only\
 applies if Mark\
down is selected\
 above.\x07\x00\x00\x00\x04Form\
\x01\x03\x00\x00\x02d\x00T\x00h\x00e\x00 \x00d\
\x00o\x00c\x00u\x00m\x00e\x00n\x00t\x00a\
\x00t\x00i\x00o\x00n\x00 \x00p\x00a\x00g\
\x00e\x00s\x00 \x00w\x00i\x00l\x00l\x00 \
\x00b\x00e\x00 \x00f\x00e\x00t\x00c\x00h\
\x00e\x00d\x00 \x00f\x00r\x00o\x00m\x00 \
\x00a\x00n\x00 \x00a\x00u\x00t\x00o\x00m\
\x00a\x00t\x00i\x00c\x00 \x00M\x00a\x00r\
\x00k\x00d\x00o\x00w\x00n\x00 \x00c\x00o\
\x00n\x00v\x00e\x00r\x00s\x00i\x00o\x00n\
\x00\x0a\x00o\x00f\x00 \x00t\x00h\x00e\x00 \
\x00F\x00r\x00e\x00e\x00C\x00A\x00D\x00 \
\x00w\x00i\x00k\x00i\x00,\x00h\x00o\x00s\
\x00t\x00e\x00d\x00 \x00o\x00n\x00 \x00F\
\x00r\x00e\x00e\x00C\x00A\x00D\x00'\x00s\
\x00 \x00G\x00i\x00t\x00H\x00u\x00b\x00 \
\x00a\x00c\x00c\x00o\x00u\x00n\x00t\x00.\
\x00 \x00T\x00h\x00i\x00s\x00 \x00c\x00a\
\x00n\x00 \x00b\x00e\x00 \x00s\x00t\x00y\
\x00l\x00e\x00d\x00 \x00w\x00i\x00t\x00h\
\x00 \x00a\x00\x0a\x00c\x00u\x00s\x00t\x00o\
\x00m\x00 \x00s\x00t\x00y\x00l\x00e\x00s\
\x00h\x00e\x00e\x00t\x00 \x00b\x00e\x00l\
\x00o\x00w\x00 \x00a\x00n\x00d\x00 \x00c\
\x00a\x00n\x00 \x00l\x00o\x00o\x00k\x00 \
\x00n\x00i\x00c\x00e\x00r\x00 \x00t\x00h\
\x00a\x00n\x00 \x00t\x00h\x00e\x00 \x00w\
\x00i\x00k\x00i\x00 \x00o\x00p\x00t\x00i\
\x00o\x00n\x00.\x00 \x00T\x00h\x00e\x00 \
\x00'\x00M\x00a\x00r\x00k\x00d\x00o\x00w\
\x00n\x00'\x00 \x00o\x00r\x00\x0a\x00'\x00P\
\x00a\x00n\x00d\x00o\x00c\x00'\x00 \x00P\
\x00y\x00t\x00h\x00o\x00n\x00 \x00m\x00o\
\x00d\x00u\x00l\x00e\x00 \x00s\x00h\x00o\
\x00u\x00l\x00d\x00 \x00b\x00e\x00 \x00i\
\x00n\x00s\x00t\x00a\x00l\x00l\x00e\x00d\
\x00 \x00f\x00o\x00r\x00 \x00o\x00p\x00t\
\x00i\x00m\x00a\x00l\x00 \x00r\x00e\x00s\
\x00u\x00l\x00t\x00s\x00.\x08\x00\x00\x00\x00\x06\
\x00\x00\x012The document\
ation pages will\
 be fetched from\
 an automatic Ma\
rkdown conversio\
n\x0aof the FreeCAD\
 wiki,hosted on \
FreeCAD's GitHub\
 account. This c\
an be styled wit\
h a\x0acustom style\
sheet below and \
can look nicer t\
han the wiki opt\
ion. The 'Markdo\
wn' or\x0a'Pandoc' \
Python module sh\
ould be installe\
d for optimal re\
sults.\x07\x00\x00\x00\x04Form\x01\
\x03\x00\x00\x00\xc2\x00T\x00h\x00e\x00 \x00d\x00\
o\x00c\x00u\x00m\x00e\x00n\x00t\x00a\x00\
t\x00i\x00o\x00n\x00 \x00p\x00a\x00g\x00\
e\x00s\x00 \x00w\x00i\x00l\x00l\x00 \x00\
b\x00e\x00 \x00f\x00e\x00t\x00c\x00h\x00\
e\x00d\x00 \x00f\x00r\x00o\x00m\x00 \x00\
t\x00h\x00e\x00 \x00o\x00f\x00f\x00i\x00\
c\x00i\x00a\x00l\x00\x0a\x00F\x00r\x00e\x00\
e\x00C\x00A\x00D\x00w\x00i\x00k\x00i\x00\
 \x00a\x00t\x00 \x00h\x00t\x00t\x00p\x00\
s\x00:\x00/\x00/\x00w\x00i\x00k\x00i\x00\
.\x00f\x00r\x00e\x00e\x00c\x00a\x00d\x00\
.\x00o\x00r\x00g\x08\x00\x00\x00\x00\x06\x00\x00\x00\
aThe documentati\
on pages will be\
 fetched from th\
e official\x0aFreeC\
ADwiki at https:\
//wiki.freecad.o\
rg\x07\x00\x00\x00\x04Form\x01\x03\x00\x00\x00\
\xfa\x00T\x00h\x00e\x00 \x00d\x00o\x00c\x00\
u\x00m\x00e\x00n\x00t\x00a\x00t\x00i\x00\
o\x00n\x00 \x00w\x00i\x00l\x00l\x00 \x00\
o\x00p\x00e\x00n\x00 \x00i\x00n\x00 \x00\
a\x00 \x00n\x00e\x00w\x00 \x00t\x00a\x00\
b\x00 \x00i\x00n\x00s\x00i\x00d\x00e\x00\
 \x00t\x00h\x00e\x00 \x00F\x00r\x00e\x00\
e\x00C\x00A\x00D\x00 \x00i\x00n\x00t\x00\
e\x00r\x00f\x00a\x00c\x00e\x00.\x00 \x00\
T\x00h\x00i\x00s\x00 \x00r\x00e\x00q\x00\
u\x00i\x00r\x00e\x00s\x00 \x00t\x00h\x00\
e\x00 \x00P\x00y\x00S\x00i\x00d\x00e\x00\
 \x00Q\x00t\x00W\x00e\x00b\x00e\x00n\x00\
g\x00i\x00n\x00e\x00W\x00i\x00d\x00g\x00\
e\x00t\x00s\x00 \x00c\x00o\x00m\x00p\x00\
o\x00n\x00e\x00n\x00t\x00.\x08\x00\x00\x00\x00\
\x06\x00\x00\x00}The documen\
tation will open\
 in a new tab in\
side the FreeCAD\
 interface. This\
 requires the Py\
Side QtWebengine\
Widgets componen\
t.\x07\x00\x00\x00\x04Form\x01\x03\x00\x00\x00\
l\x00T\x00h\x00e\x00 \x00d\x00o\x00c\x00\
u\x00m\x00e\x00n\x00t\x00a\x00t\x00i\x00\
o\x00n\x00 \x00w\x00i\x00l\x00l\x00 \x00\
o\x00p\x00e\x00n\x00 \x00i\x00n\x00 \x00\
t\x00h\x00e\x00 \x00d\x00e\x00f\x00a\x00\
u\x00l\x00t\x00 \x00w\x00e\x00b\x00 \x00\
b\x00r\x00o\x00w\x00s\x00e\x00r\x08\x00\x00\
\x00\x00\x06\x00\x00\x006The docum\
entation will op\
en in the defaul\
t web browser\x07\x00\x00\
\x00\x04Form\x01\x03\x00\x00\x00$\x00T\x00r\
\x00a\x00n\x00s\x00l\x00a\x00t\x00i\x00o\
\x00n\x00 \x00s\x00u\x00f\x00f\x00i\x00x\
\x08\x00\x00\x00\x00\x06\x00\x00\x00\x12Transl\
ation suffix\x07\x00\x00\x00\
\x04Form\x01\x03\x00\x00\x00\xe6\x00C\x00o\x00\
n\x00t\x00e\x00n\x00t\x00s\x00 \x00f\x00\
o\x00r\x00 \x00t\x00h\x00i\x00s\x00 \x00\
p\x00a\x00g\x00e\x00 \x00c\x00o\x00u\x00\
l\x00d\x00 \x00n\x00o\x00t\x00 \x00b\x00\
e\x00 \x00r\x00e\x00t\x00r\x00i\x00e\x00\
v\x00e\x00d\x00.\x00 \x00P\x00l\x00e\x00\
a\x00s\x00e\x00 \x00c\x00h\x00e\x00c\x00\
k\x00 \x00s\x00e\x00t\x00t\x00i\x00n\x00\
g\x00s\x00 \x00u\x00n\x00d\x00e\x00r\x00\
 \x00m\x00e\x00n\x00u\x00 \x00E\x00d\x00\
i\x00t\x00 !\x92\x00 \x00P\x00r\x00e\x00\
f\x00e\x00r\x00e\x00n\x00c\x00e\x00s\x00\
 !\x92\x00 \x00G\x00e\x00n\x00e\x00r\x00\
a\x00l\x00 !\x92\x00 \x00H\x00e\x00l\x00\
p\x08\x00\x00\x00\x00\x06\x00\x00\x00yConte\
nts for this pag\
e could not be r\
etrieved. Please\
 check settings \
under menu Edit \
\xe2\x86\x92 Preferences \
\xe2\x86\x92 General \xe2\x86\x92 \
Help\x07\x00\x00\x00\x04Help\x01\x03\x00\
\x00\x00\x0a\x00P\x00o\x00m\x00o\x01\x07\x08\x00\x00\
\x00\x00\x06\x00\x00\x00\x04Help\x07\x00\x00\x00\x04\
Help\x01\x03\x00\x00\x00\xe2\x00H\x00e\x00l\
\x00p\x00 \x00f\x00i\x00l\x00e\x00s\x00 \
\x00l\x00o\x00c\x00a\x00t\x00i\x00o\x00n\
\x00 \x00c\x00o\x00u\x00l\x00d\x00 \x00n\
\x00o\x00t\x00 \x00b\x00e\x00 \x00d\x00e\
\x00t\x00e\x00r\x00m\x00i\x00n\x00e\x00d\
\x00.\x00 \x00P\x00l\x00e\x00a\x00s\x00e\
\x00 \x00c\x00h\x00e\x00c\x00k\x00 \x00s\
\x00e\x00t\x00t\x00i\x00n\x00g\x00s\x00 \
\x00u\x00n\x00d\x00e\x00r\x00 \x00m\x00e\
\x00n\x00u\x00 \x00E\x00d\x00i\x00t\x00 \
!\x92\x00 \x00P\x00r\x00e\x00f\x00e\x00r\
\x00e\x00n\x00c\x00e\x00s\x00 !\x92\x00 \
\x00G\x00e\x00n\x00e\x00r\x00a\x00l\x00 \
!\x92\x00 \x00H\x00e\x00l\x00p\x08\x00\x00\x00\
\x00\x06\x00\x00\x00wHelp files\
 location could \
not be determine\
d. Please check \
settings under m\
enu Edit \xe2\x86\x92 Pre\
ferences \xe2\x86\x92 Gen\
eral \xe2\x86\x92 Help\x07\x00\x00\
\x00\x04Help\x01\x03\x00\x00\x00\xd2\x00P\x00i\
\x00S\x00i\x00d\x00e\x00 \x00Q\x00t\x00W\
\x00e\x00b\x00E\x00n\x00g\x00i\x00n\x00e\
\x00W\x00i\x00d\x00g\x00e\x00t\x00s\x00 \
\x00m\x00o\x00d\x00u\x00l\x00 \x00n\x00i\
\x00j\x00e\x00 \x00d\x00o\x00s\x00t\x00u\
\x00p\x00a\x00n\x00.\x00 \x00P\x00r\x00i\
\x00k\x00a\x00z\x00i\x00v\x00a\x00n\x00j\
\x00e\x00 \x00p\x00o\x00m\x00o\x00c\x03\x01\
\x00i\x00 \x00s\x00e\x00 \x00v\x00r\x01a\
\x00i\x00 \x00p\x00o\x00m\x00o\x00c\x03\x01\
\x00u\x00 \x00s\x00i\x00s\x00t\x00e\x00m\
\x00s\x00k\x00o\x00g\x00 \x00p\x00r\x00e\
\x00g\x00l\x00e\x00d\x00a\x01\x0d\x00a\x08\x00\
\x00\x00\x00\x06\x00\x00\x00aPySide Q\
tWebEngineWidget\
s module is not \
available. Help \
rendering is don\
e with the syste\
m browser\x07\x00\x00\x00\x04He\
lp\x01\x03\x00\x00\x01p\x00T\x00h\x00e\x00r\
\x00e\x00 \x00i\x00s\x00 \x00n\x00o\x00 \
\x00M\x00a\x00r\x00k\x00d\x00o\x00w\x00n\
\x00 \x00r\x00e\x00n\x00d\x00e\x00r\x00e\
\x00r\x00 \x00i\x00n\x00s\x00t\x00a\x00l\
\x00l\x00e\x00d\x00 \x00o\x00n\x00 \x00y\
\x00o\x00u\x00r\x00 \x00s\x00y\x00s\x00t\
\x00e\x00m\x00,\x00 \x00s\x00o\x00 \x00t\
\x00h\x00i\x00s\x00 \x00h\x00e\x00l\x00p\
\x00 \x00p\x00a\x00g\x00e\x00 \x00i\x00s\
\x00 \x00r\x00e\x00n\x00d\x00e\x00r\x00e\
\x00d\x00 \x00a\x00s\x00 \x00i\x00s\x00.\
\x00 \x00P\x00l\x00e\x00a\x00s\x00e\x00 \
\x00i\x00n\x00s\x00t\x00a\x00l\x00l\x00 \
\x00t\x00h\x00e\x00 \x00M\x00a\x00r\x00k\
\x00d\x00o\x00w\x00n\x00 \x00o\x00r\x00 \
\x00P\x00a\x00n\x00d\x00o\x00c\x00 \x00P\
\x00y\x00t\x00h\x00o\x00n\x00 \x00m\x00o\
\x00d\x00u\x00l\x00e\x00s\x00 \x00t\x00o\
\x00 \x00i\x00m\x00p\x00r\x00o\x00v\x00e\
\x00 \x00t\x00h\x00e\x00 \x00r\x00e\x00n\
\x00d\x00e\x00r\x00i\x00n\x00g\x00 \x00o\
\x00f\x00 \x00t\x00h\x00i\x00s\x00 \x00p\
\x00a\x00g\x00e\x00.\x08\x00\x00\x00\x00\x06\x00\x00\
\x00\xb8There is no Ma\
rkdown renderer \
installed on you\
r system, so thi\
s help page is r\
endered as is. P\
lease install th\
e Markdown or Pa\
ndoc Python modu\
les to improve t\
he rendering of \
this page.\x07\x00\x00\x00\x04H\
elp\x01\x03\x00\x00\x00\x0a\x00O\x00p\x01a\x00\
t\x00e\x08\x00\x00\x00\x00\x06\x00\x00\x00\x07Gen\
eral\x07\x00\x00\x00\x07QObject\
\x01\x88\x00\x00\x00\x0d\x11\x01\xfd)\x0b\xff\x14\x02\x04\xfd\
,\x0a\x13\
\x00\x00\x00\x10\
<\
\xb8d\x18\xca\xef\x9c\x95\xcd!\x1c\xbf`\xa1\xbd\xdd\
\x00\x00%M\
<\
\xb8d\x18\xca\xef\x9c\x95\xcd!\x1c\xbf`\xa1\xbd\xdd\xa7\
\x00\x00\x00\x02beB\x00\x00\x00\xf0\x00\x04\xec0\x00\
\x00\x06H\x00\x04\xec0\x00\x00\x1ey\x00\x99N\xa8\x00\
\x00\x1c\xd4\x018!.\x00\x00\x14\xee\x01\x82\xc62\x00\
\x00 \x22\x02mV`\x00\x00\x1e\xa4\x04\x1e\xf1\x82\x00\
\x00\x06s\x04Dm9\x00\x00\x05\xaa\x04T\x18N\x00\
\x00\x13c\x04\x89?'\x00\x00\x06\xc0\x04\xde1)\x00\
\x00\x07\xca\x05M7\xf2\x00\x00\x07I\x05\xa6\xc8\x95\x00\
\x00\x136\x06{\x06\x03\x00\x00\x0a)\x06\xa4]\x8e\x00\
\x00\x0aU\x07\x07\xe0\x0e\x00\x00\x1ao\x07t\x8a\x94\x00\
\x00\x01\xe6\x09\x82\xac\xae\x00\x00\x00\x00\x09\xd5\xc9.\x00\
\x00\x02\x86\x0auc\xd7\x00\x00\x195\x0b\x0ar\xc9\x00\
\x00\x02L\x0c\xe2\x80\xae\x00\x00\x04\xae\x0d\xb7\x06\x10\x00\
\x00\x1d\x1f\x0d\xc4\xc8<\x00\x00#\xf7\x0e*j\xae\x00\
\x00!\x90\x0ek8\x9e\x00\x00\x0e\xaf\x0e\x8d\xd4\x82\x00\
\x00\x1b\xfd\x0e\xca\x08\x89\x00\x00\x06\x02\x0f-\x13\xae\x00\
\x00\x01~\x0fE\xeb\x1e\x00\x00\x08,i\x00\x00$*\
\x03\x00\x00\x01\x08\x04!\x04C\x04D\x04V\x04:\x04\
A\x00 \x04?\x045\x04@\x040\x04:\x04;\x04\
0\x044\x04C\x00,\x00 \x04O\x04:\x04V\x00\
 \x042\x040\x04@\x04B\x040\x00 \x04^\x04\
6\x04K\x042\x040\x04F\x04L\x00,\x00 \x04\
=\x040\x04?\x04@\x04K\x04:\x04;\x040\x04\
4\x00 \x00\x22\x00b\x00e\x00\x22\x00,\x00 \x04\
:\x040\x041\x00 \x040\x04B\x04@\x04K\x04\
<\x040\x04F\x04L\x00 \x04?\x045\x04@\x04\
0\x04:\x04;\x040\x044\x00 \x044\x040\x04\
:\x04C\x04<\x045\x04=\x04B\x040\x04F\x04\
K\x04V\x00 \x04=\x040\x00 \x041\x045\x04\
;\x040\x04@\x04C\x04A\x04:\x04C\x04N\x00\
 \x04<\x04>\x042\x04C\x00 \x00(\x04O\x04\
:\x04>\x049\x00,\x00 \x04=\x040\x046\x04\
0\x04;\x04L\x00,\x00 \x04=\x045\x00 \x04\
V\x04A\x04=\x04C\x045\x00)\x00.\x08\x00\x00\
\x00\x00\x06\x00\x00\x00]A transla\
tion suffix to u\
se, for example \
\x22fr\x22\x0ato get Fren\
ch translation o\
f the documentat\
ion.\x07\x00\x00\x00\x04Form\x01\x03\x00\
\x00\x00@\x04\x1a\x040\x04@\x04K\x04A\x04B\x04\
0\x04;\x04L\x04=\x04V\x04F\x04:\x040\x04\
5\x00 \x04<\x045\x04A\x04F\x040\x047\x04\
=\x040\x04E\x04>\x044\x046\x040\x04=\x04\
=\x045\x08\x00\x00\x00\x00\x06\x00\x00\x00\x0fCus\
tom location\x07\x00\x00\x00\
\x04Form\x01\x03\x00\x00\x00<\x04\x1a\x040\x04\
@\x04K\x04A\x04B\x040\x04;\x04L\x04=\x04\
V\x04F\x04:\x040\x04O\x00 \x04B\x040\x04\
1\x04;\x04V\x04F\x040\x00 \x04A\x04B\x04\
K\x04;\x04O\x04^\x08\x00\x00\x00\x00\x06\x00\x00\x00\
\x11Custom styleshe\
et\x07\x00\x00\x00\x04Form\x01\x03\x00\x00\x00\
\x1a\x04\x1f\x04@\x040\x045\x04F\x04K\x04@\x04\
0\x042\x040\x04=\x04=\x045\x08\x00\x00\x00\x00\
\x06\x00\x00\x00\x07Display\x07\x00\x00\x00\
\x04Form\x01\x03\x00\x00\x01z\x04\x14\x040\x04\
:\x04C\x04<\x045\x04=\x04B\x040\x04F\x04\
K\x04O\x00 \x040\x044\x04G\x04K\x04=\x04\
O\x045\x04F\x04F\x040\x00 \x04^\x00 \x04\
4\x04K\x04O\x04;\x04>\x043\x040\x042\x04\
K\x04<\x00 \x040\x04:\x04=\x045\x00 \x04\
7\x00 \x04<\x040\x043\x04G\x04K\x04<\x04\
0\x04A\x04F\x04N\x00 \x047\x040\x04<\x04\
0\x04F\x040\x042\x040\x04=\x04=\x04O\x00\
 \x04^\x00 \x00F\x00r\x00e\x00e\x00C\x00\
A\x00D\x00,\x00 \x04H\x04B\x04>\x00 \x04\
4\x040\x047\x042\x040\x04;\x04O\x045\x00\
 \x040\x044\x04=\x040\x04G\x040\x04A\x04\
>\x042\x040\x00 \x04?\x04@\x040\x04F\x04\
0\x042\x040\x04F\x04L\x00 \x047\x00 \x04\
B\x04@\x04>\x04E\x04<\x045\x04@\x04=\x04\
K\x04<\x00 \x04?\x04@\x040\x044\x04A\x04\
B\x040\x04^\x04;\x045\x04=\x04=\x045\x04\
<\x00.\x00\x0a\x04\x1f\x040\x04B\x04@\x040\x04\
1\x04C\x045\x04F\x04F\x040\x00 \x04:\x04\
0\x04<\x04?\x040\x04=\x045\x04=\x04B\x00\
 \x00P\x00y\x00S\x00i\x00d\x00e\x00 \x00\
Q\x00t\x00W\x00e\x00b\x00E\x00n\x00g\x00\
i\x00n\x00e\x00W\x00i\x00d\x00g\x00e\x00\
t\x00s\x00.\x08\x00\x00\x00\x00\x06\x00\x00\x00\x95D\
ocumentation ope\
ns in a dockable\
 dialog within F\
reeCAD, allowing\
 simultaneous wo\
rk in the 3D vie\
w.\x0aRequires the \
PySide QtWebengi\
neWidgets compon\
ent.\x07\x00\x00\x00\x04Form\x01\x03\x00\
\x00\x00\x8a\x04\x12\x04K\x04=\x04O\x04F\x04L\x00\
 \x04A\x04B\x040\x04@\x04>\x04=\x04:\x04\
V\x00 \x044\x040\x04:\x04C\x04<\x045\x04\
=\x04B\x040\x04F\x04K\x04V\x00 \x047\x00\
 \x00G\x00i\x00t\x00H\x00u\x00b\x00.\x00\
\x0a\x04#\x00 \x041\x04O\x043\x04C\x04G\x04\
K\x00 \x04G\x040\x04A\x00 \x043\x04M\x04\
B\x040\x045\x00 \x04=\x045\x044\x040\x04\
A\x04B\x04C\x04?\x04=\x040\x00.\x08\x00\x00\
\x00\x00\x06\x00\x00\x00YFetches t\
he documentation\
 from pages rend\
ered on GitHub.\x0a\
This is currentl\
y not available.\
\x07\x00\x00\x00\x04Form\x01\x03\x00\x00\x00*\x04\
\x12\x04V\x04:\x04V\x00 \x00F\x00r\x00e\x00\
e\x00C\x00A\x00D\x00 \x00(\x040\x04=\x04\
;\x040\x049\x04=\x00)\x08\x00\x00\x00\x00\x06\x00\
\x00\x00\x15FreeCAD Wiki \
(online)\x07\x00\x00\x00\x04For\
m\x01\x03\x00\x00\x00\x1e\x00G\x00i\x00t\x00H\x00\
u\x00b\x00 \x00(\x040\x04=\x04;\x040\x04\
9\x04=\x00)\x08\x00\x00\x00\x00\x06\x00\x00\x00\x0fG\
itHub (online)\x07\x00\
\x00\x00\x04Form\x01\x03\x00\x00\x00\x0e\x04\x14\x04\
0\x042\x045\x044\x04:\x040\x08\x00\x00\x00\x00\
\x06\x00\x00\x00\x04Help\x07\x00\x00\x00\x04Fo\
rm\x01\x03\x00\x00\x00$\x04\x1d\x040\x00 \x04^\
\x04:\x04;\x040\x044\x04F\x04K\x00 \x00F\
\x00r\x00e\x00e\x00C\x00A\x00D\x08\x00\x00\x00\
\x00\x06\x00\x00\x00\x10In a FreeC\
AD tab\x07\x00\x00\x00\x04Form\x01\
\x03\x00\x00\x00P\x04#\x00 \x040\x04A\x04>\x04\
1\x04=\x04K\x04<\x00 \x044\x04K\x04O\x04\
;\x04>\x043\x040\x042\x04K\x04<\x00 \x04\
0\x04:\x04=\x045\x00,\x00 \x04O\x04:\x04\
V\x00 \x04^\x041\x04C\x044\x040\x042\x04\
0\x04=\x04K\x08\x00\x00\x00\x00\x06\x00\x00\x00 I\
n a separate, em\
beddable dialog\x07\
\x00\x00\x00\x04Form\x01\x03\x00\x00\x00N\x04#\
\x00 \x04?\x045\x04@\x04H\x040\x04?\x040\
\x04G\x040\x04B\x04:\x04>\x042\x04K\x04<\
\x00 \x04V\x04=\x04B\x04M\x04@\x04=\x04M\
\x04B\x00-\x040\x043\x04;\x04O\x044\x040\
\x04;\x04L\x04=\x04V\x04:\x04C\x08\x00\x00\x00\
\x00\x06\x00\x00\x00\x1aIn the def\
ault web browser\
\x07\x00\x00\x00\x04Form\x01\x03\x00\x00\x000\x04\
\x12\x045\x04@\x04A\x04V\x04O\x00 \x00M\x00\
a\x00r\x00k\x00d\x00o\x00w\x00n\x00 \x00\
(\x040\x04=\x04;\x040\x049\x04=\x00)\x08\
\x00\x00\x00\x00\x06\x00\x00\x00\x19Markdow\
n version (onlin\
e)\x07\x00\x00\x00\x04Form\x01\x03\x00\x00\x01\
X\x04\x17\x040\x04^\x042\x040\x043\x040\x00\
:\x00 \x04:\x040\x04;\x04V\x00 \x042\x04\
M\x041\x00-\x04:\x040\x04<\x04?\x040\x04\
=\x045\x04=\x04B\x04K\x00 \x00P\x00y\x00\
S\x00i\x00d\x00e\x00 \x04=\x045\x00 \x04\
7\x04=\x04>\x049\x044\x047\x045\x04=\x04\
K\x04O\x00 \x04^\x00 \x04A\x04V\x04A\x04\
B\x04M\x04<\x045\x00,\x00 \x04A\x04B\x04\
0\x04@\x04>\x04=\x04:\x04V\x00 \x044\x04\
0\x042\x045\x044\x04:\x04V\x00 \x041\x04\
C\x044\x04C\x04F\x04L\x00 \x040\x044\x04\
G\x04K\x04=\x04O\x04F\x04F\x040\x00 \x04\
^\x00 \x04?\x045\x04@\x04H\x040\x04?\x04\
0\x04G\x040\x04B\x04:\x04>\x042\x04K\x04\
<\x00 \x04V\x04=\x04B\x04M\x04@\x04=\x04\
M\x04B\x00-\x040\x043\x04;\x04O\x044\x04\
0\x04;\x04L\x04=\x04V\x04:\x04C\x00 \x04\
=\x045\x047\x040\x04;\x045\x046\x04=\x04\
0\x00 \x040\x044\x00 \x04?\x04@\x04K\x04\
2\x045\x044\x047\x045\x04=\x04K\x04E\x00\
 \x04=\x04V\x046\x04M\x049\x00 \x04=\x04\
0\x04;\x040\x044\x00.\x08\x00\x00\x00\x00\x06\x00\
\x00\x00\x8cNote: if PySi\
de Web component\
s are not found \
on the system, h\
elp pages will o\
pen in the defau\
lt web browser r\
egardless of the\
 options below.\x07\
\x00\x00\x00\x04Form\x01\x03\x00\x00\x00\x0c\x04\x1d\
\x040\x04;\x040\x044\x04K\x08\x00\x00\x00\x00\x06\
\x00\x00\x00\x07Options\x07\x00\x00\x00\x04\
Form\x01\x03\x00\x00\x02\xea\x04\x17\x040\x044\
\x040\x04F\x04L\x00 \x04:\x040\x04@\x04K\
\x04A\x04B\x040\x04;\x04L\x04=\x04V\x04F\
\x04:\x04V\x00 \x00U\x00R\x00L\x00-\x040\
\x044\x04@\x040\x04A\x00 \x04F\x04V\x00 \
\x04:\x040\x04B\x040\x04;\x04>\x043\x00,\
\x00 \x044\x047\x045\x00 \x047\x04=\x040\
\x04E\x04>\x044\x047\x04O\x04F\x04F\x040\
\x00 \x04D\x040\x049\x04;\x04K\x00 \x044\
\x040\x042\x045\x044\x04:\x04V\x00.\x00\x0a\
\x04\x14\x040\x04:\x04C\x04<\x045\x04=\x04B\
\x040\x04F\x04K\x04N\x00 \x04<\x04>\x046\
\x04=\x040\x00 \x04;\x04Q\x043\x04:\x040\
\x00 \x047\x040\x043\x04@\x04C\x047\x04V\
\x04F\x04L\x00 \x044\x04;\x04O\x00 \x040\
\x04^\x04B\x040\x04=\x04>\x04<\x04=\x040\
\x043\x040\x00 \x04^\x046\x04K\x042\x040\
\x04=\x04=\x04O\x00,\x00 \x04:\x040\x04;\
\x04V\x00 \x04A\x04:\x040\x04@\x04K\x04A\
\x04B\x040\x04F\x04F\x040\x00 \x04\x1a\x04V\
\x04@\x040\x042\x040\x04=\x04=\x045\x04<\
\x00 \x044\x040\x044\x040\x04B\x04:\x040\
\x04<\x04V\x00 \x04V\x00 \x04^\x04A\x04B\
\x040\x04;\x04O\x042\x040\x04F\x04L\x00 \
\x044\x040\x044\x040\x04B\x040\x04:\x00 \
\x00\x22\x040\x04^\x04B\x040\x04=\x04>\x04<\
\x04=\x040\x04O\x00 \x044\x040\x04:\x04C\
\x04<\x045\x04=\x04B\x040\x04F\x04K\x04O\
\x00\x22\x00.\x00\x0a\x04\x1a\x040\x04;\x04V\x00 \
\x04?\x04>\x04;\x045\x00 \x04?\x040\x04:\
\x04V\x04=\x04C\x04F\x04L\x00 \x04?\x04C\
\x04A\x04B\x04K\x04<\x00,\x00 \x00F\x00r\
\x00e\x00e\x00C\x00A\x00D\x00 \x040\x04^\
\x04B\x040\x04<\x040\x04B\x04K\x04G\x04=\
\x040\x00 \x042\x04K\x04:\x040\x04=\x040\
\x045\x00 \x04?\x04>\x04H\x04C\x04:\x00 \
\x04D\x040\x049\x04;\x040\x04^\x00 \x044\
\x040\x042\x045\x044\x04:\x04V\x00 \x04?\
\x040\x00 \x04?\x045\x04@\x04H\x040\x04?\
\x040\x04G\x040\x04B\x04:\x04>\x042\x04K\
\x04<\x00 \x04@\x040\x047\x04<\x04O\x04H\
\x04G\x04M\x04=\x04=\x04V\x00 \x00(\x00$\
\x00U\x00S\x00E\x00R\x00A\x00P\x00P\x00D\
\x00A\x00T\x00A\x00D\x00I\x00R\x00/\x00M\
\x00o\x00d\x00/\x00o\x00f\x00f\x00l\x00i\
\x00n\x00e\x00-\x00d\x00o\x00c\x00u\x00m\
\x00e\x00n\x00t\x00a\x00t\x00i\x00o\x00n\
\x00)\x00.\x08\x00\x00\x00\x00\x06\x00\x00\x01WSe\
t this to a cust\
om URL or the fo\
lder where the h\
elp files are lo\
cated.\x0aDocumenta\
tion can be down\
loaded for offli\
ne use via the A\
ddon Manager and\
 installing the\x0a\
\x22offline-documen\
tation\x22 addon. I\
f this field is \
left blank, Free\
CAD will\x0aautomat\
ically search fo\
r the help files\
 at the default \
location\x0a($USERA\
PPDATADIR/Mod/of\
fline-documentat\
ion).\x07\x00\x00\x00\x04Form\x01\x03\
\x00\x00\x03\x08\x04\x17\x040\x044\x040\x04F\x04L\
\x00 \x04:\x040\x04@\x04K\x04A\x04B\x040\
\x04;\x04L\x04=\x04V\x04F\x04:\x04V\x00 \
\x00U\x00R\x00L\x00-\x040\x044\x04@\x040\
\x04A\x00 \x04F\x04V\x00 \x04:\x040\x04B\
\x040\x04;\x04>\x043\x00,\x00 \x044\x047\
\x045\x00 \x047\x04=\x040\x04E\x04>\x044\
\x047\x04O\x04F\x04F\x040\x00 \x04D\x040\
\x049\x04;\x04K\x00 \x044\x040\x042\x045\
\x044\x04:\x04V\x00.\x00\x0a\x04\x12\x04K\x00 \
\x04<\x04>\x046\x040\x04F\x045\x00 \x04;\
\x04Q\x043\x04:\x040\x00 \x047\x040\x043\
\x04@\x04C\x047\x04V\x04F\x04L\x00 \x044\
\x040\x04:\x04C\x04<\x045\x04=\x04B\x040\
\x04F\x04K\x04N\x00 \x044\x04;\x04O\x00 \
\x040\x04^\x04B\x040\x04=\x04>\x04<\x04=\
\x040\x043\x040\x00 \x042\x04K\x04:\x040\
\x04@\x04K\x04A\x04B\x040\x04=\x04=\x04O\
\x00,\x00 \x04:\x040\x04;\x04V\x00 \x04A\
\x04:\x040\x04@\x04K\x04A\x04B\x040\x045\
\x04F\x045\x04A\x04O\x00 \x04\x1a\x04V\x04@\
\x040\x042\x040\x04=\x04=\x045\x04<\x00 \
\x044\x040\x044\x040\x04B\x04:\x040\x04<\
\x04V\x00 \x04V\x00 \x04^\x04A\x04B\x040\
\x04;\x04N\x045\x04F\x045\x00 \x044\x040\
\x044\x040\x04B\x040\x04:\x00 \x00\x22\x040\
\x04^\x04B\x040\x04=\x04>\x04<\x04=\x040\
\x04O\x00 \x044\x040\x04:\x04C\x04<\x045\
\x04=\x04B\x040\x04F\x04K\x04O\x00\x22\x00.\
\x00\x0a\x04\x1a\x040\x04;\x04V\x00 \x043\x04M\
\x04B\x040\x045\x00 \x04?\x04>\x04;\x045\
\x00 \x04?\x040\x04:\x04V\x04=\x04C\x04F\
\x04L\x00 \x04?\x04C\x04A\x04B\x04K\x04<\
\x00,\x00 \x00F\x00r\x00e\x00e\x00C\x00A\
\x00D\x00 \x040\x04^\x04B\x040\x04<\x040\
\x04B\x04K\x04G\x04=\x040\x00 \x042\x04K\
\x04:\x040\x04=\x040\x045\x00 \x04?\x04>\
\x04H\x04C\x04:\x00 \x04D\x040\x049\x04;\
\x040\x04^\x00 \x044\x040\x042\x045\x044\
\x04:\x04V\x00 \x04?\x040\x00 \x04?\x045\
\x04@\x04H\x040\x04?\x040\x04G\x040\x04B\
\x04:\x04>\x042\x04K\x04<\x00 \x04@\x040\
\x047\x04<\x04O\x04H\x04G\x04M\x04=\x04=\
\x04V\x00 \x00(\x00$\x00U\x00S\x00E\x00R\
\x00A\x00P\x00P\x00D\x00A\x00T\x00A\x00D\
\x00I\x00R\x00/\x00M\x00o\x00d\x00/\x00o\
\x00f\x00f\x00l\x00i\x00n\x00e\x00-\x00d\
\x00o\x00c\x00u\x00m\x00e\x00n\x00t\x00a\
\x00t\x00i\x00o\x00n\x00)\x00.\x08\x00\x00\x00\
\x00\x06\x00\x00\x01fSet this t\
o a custom URL o\
r the folder whe\
re the help file\
s are located.\x0aY\
ou can easily do\
wnload the docum\
entation for off\
line use by usin\
g the Addon\x0aMana\
ger and installi\
ng the \x22offline-\
documentation\x22 a\
ddon. If this\x0afi\
eld is left blan\
k, FreeCAD will \
automatically se\
arch for the hel\
p files at\x0athe d\
efault location \
($USERAPPDATADIR\
/Mod/offline-doc\
umentation).\x07\x00\x00\x00\
\x04Form\x01\x03\x00\x00\x00\x0e\x04\x1a\x04@\x04\
K\x04=\x04V\x04F\x040\x08\x00\x00\x00\x00\x06\x00\
\x00\x00\x06Source\x07\x00\x00\x00\x04Fo\
rm\x01\x03\x00\x00\x00\xfa\x04\x12\x04K\x047\x04=\
\x040\x04G\x04K\x04F\x04L\x00 \x04H\x04;\
\x04O\x04E\x00 \x044\x040\x00 \x040\x04;\
\x04L\x04B\x04M\x04@\x04=\x040\x04B\x04K\
\x04^\x04=\x040\x043\x040\x00 \x04D\x040\
\x049\x04;\x04C\x00 \x00C\x00S\x00S\x00 \
\x044\x04;\x04O\x00 \x040\x04D\x040\x04@\
\x04<\x04;\x045\x04=\x04=\x04O\x00 \x04A\
\x04B\x040\x04@\x04>\x04=\x040\x04:\x00 \
\x00M\x00a\x00r\x00k\x00d\x00o\x00w\x00n\
\x00.\x00\x0a\x04\x1f\x04@\x04K\x04<\x04O\x04=\
\x04O\x045\x04F\x04F\x040\x00,\x00 \x04B\
\x04>\x04;\x04L\x04:\x04V\x00 \x04:\x040\
\x04;\x04V\x00 \x00M\x00a\x00r\x00k\x00d\
\x00o\x00w\x00n\x00 \x040\x041\x04@\x040\
\x04=\x04K\x00 \x042\x04K\x04H\x04M\x049\
\x00.\x08\x00\x00\x00\x00\x06\x00\x00\x00xSpec\
ify the path to \
an alternative C\
SS file for styl\
ing Markdown pag\
es.\x0aThis only ap\
plies if Markdow\
n is selected ab\
ove.\x07\x00\x00\x00\x04Form\x01\x03\x00\
\x00\x02\xfc\x04!\x04B\x040\x04@\x04>\x04=\x04\
:\x04V\x00 \x044\x040\x04:\x04C\x04<\x04\
5\x04=\x04B\x040\x04F\x04K\x04V\x00 \x04\
1\x04C\x044\x04C\x04F\x04L\x00 \x042\x04\
K\x04=\x04O\x04B\x04K\x04O\x00 \x047\x00\
 \x040\x04^\x04B\x040\x04<\x040\x04B\x04\
K\x04G\x04=\x040\x043\x040\x00 \x04?\x04\
5\x04@\x040\x04^\x04B\x042\x04>\x04@\x04\
0\x04=\x040\x043\x040\x00 \x00M\x00a\x00\
r\x00k\x00d\x00o\x00w\x00n\x00 \x042\x04\
V\x04:\x04V\x00-\x04A\x04B\x040\x04@\x04\
>\x04=\x04:\x04V\x00 \x00F\x00r\x00e\x00\
e\x00C\x00A\x00D\x00,\x00 \x04O\x04:\x04\
V\x04O\x00 \x04@\x040\x047\x04<\x045\x04\
H\x04G\x040\x04=\x04K\x04O\x00 \x042\x04\
0\x00 \x04^\x04;\x04V\x04:\x04>\x042\x04\
K\x04<\x00 \x047\x040\x04?\x04V\x04A\x04\
5\x00 \x00F\x00r\x00e\x00e\x00C\x00A\x00\
D\x00 \x04=\x040\x00 \x00G\x00i\x00t\x00\
H\x00u\x00b\x00.\x00\x0a\x04\x13\x04M\x04B\x04\
0\x00 \x04<\x04>\x046\x040\x00 \x041\x04\
K\x04F\x04L\x00 \x040\x04D\x04>\x04@\x04\
<\x04;\x045\x04=\x040\x00 \x047\x00 \x04\
4\x040\x04?\x040\x04<\x04>\x043\x040\x04\
9\x00 \x04:\x040\x04@\x04K\x04A\x04B\x04\
0\x04;\x04L\x04=\x04V\x04F\x04:\x040\x04\
9\x00 \x04B\x040\x041\x04;\x04V\x04F\x04\
K\x00 \x04A\x04B\x04K\x04;\x04O\x04^\x00\
,\x00 \x04O\x04:\x04V\x04O\x00 \x04?\x04\
@\x04K\x042\x045\x044\x047\x045\x04=\x04\
K\x04O\x00 \x04=\x04V\x046\x04M\x049\x00\
,\x00 \x04V\x00 \x04<\x04>\x043\x04C\x04\
F\x04L\x00 \x042\x04K\x043\x04;\x04O\x04\
4\x040\x04F\x04L\x00 \x04;\x045\x04?\x04\
H\x00,\x00 \x04G\x04K\x04<\x00 \x042\x04\
0\x04@\x04K\x04O\x04=\x04B\x00 \x042\x04\
V\x04:\x04V\x00.\x00\x0a\x04\x14\x04;\x04O\x00\
 \x040\x04B\x04@\x04K\x04<\x040\x04=\x04\
=\x04O\x00 \x040\x04?\x04B\x04K\x04<\x04\
0\x04;\x04L\x04=\x04K\x04E\x00 \x042\x04\
K\x04=\x04V\x04:\x040\x04^\x00 \x042\x04\
0\x04@\x04B\x040\x00 \x04^\x04A\x04B\x04\
0\x04;\x04O\x042\x040\x04F\x04L\x00 \x04\
<\x04>\x044\x04C\x04;\x04L\x00 \x00'\x00\
M\x00a\x00r\x00k\x00d\x00o\x00w\x00n\x00\
'\x00 \x04F\x04V\x00 \x00'\x00P\x00a\x00\
n\x00d\x00o\x00c\x00'\x00 \x04=\x040\x00\
 \x00P\x00y\x00t\x00h\x00o\x00n\x00.\x08\
\x00\x00\x00\x00\x06\x00\x00\x012The doc\
umentation pages\
 will be fetched\
 from an automat\
ic Markdown conv\
ersion\x0aof the Fr\
eeCAD wiki,hoste\
d on FreeCAD's G\
itHub account. T\
his can be style\
d with a\x0acustom \
stylesheet below\
 and can look ni\
cer than the wik\
i option. The 'M\
arkdown' or\x0a'Pan\
doc' Python modu\
le should be ins\
talled for optim\
al results.\x07\x00\x00\x00\x04\
Form\x01\x03\x00\x00\x00\xc0\x04!\x04B\x040\
\x04@\x04>\x04=\x04:\x04V\x00 \x044\x040\
\x04:\x04C\x04<\x045\x04=\x04B\x040\x04F\
\x04K\x04V\x00 \x041\x04C\x044\x04C\x04F\
\x04L\x00 \x04C\x047\x04O\x04B\x04K\x04O\
\x00 \x047\x00 \x040\x04D\x04V\x04F\x04K\
\x049\x04=\x040\x049\x00 \x042\x04V\x04:\
\x04V\x00 \x00F\x00r\x00e\x00e\x00C\x00A\
\x00D\x00 \x04?\x040\x00 \x040\x044\x04@\
\x040\x04A\x045\x00 \x00h\x00t\x00t\x00p\
\x00s\x00:\x00/\x00/\x00w\x00i\x00k\x00i\
\x00.\x00f\x00r\x00e\x00e\x00c\x00a\x00d\
\x00.\x00o\x00r\x00g\x00/\x08\x00\x00\x00\x00\x06\
\x00\x00\x00aThe document\
ation pages will\
 be fetched from\
 the official\x0aFr\
eeCADwiki at htt\
ps://wiki.freeca\
d.org\x07\x00\x00\x00\x04Form\x01\x03\
\x00\x00\x00\xf8\x04\x14\x040\x04:\x04C\x04<\x045\
\x04=\x04B\x040\x04F\x04K\x04O\x00 \x041\
\x04C\x044\x047\x045\x00 \x040\x044\x04G\
\x04K\x04=\x045\x04=\x04K\x00 \x04=\x040\
\x00 \x04=\x04>\x042\x040\x049\x00 \x04C\
\x04:\x04;\x040\x044\x04F\x04K\x00 \x04^\
\x00 \x04V\x04=\x04B\x04M\x04@\x04D\x045\
\x049\x04A\x045\x00 \x00F\x00r\x00e\x00e\
\x00C\x00A\x00D\x00.\x00\x0a\x04\x14\x04;\x04O\
\x00 \x043\x04M\x04B\x040\x043\x040\x00 \
\x04=\x045\x040\x041\x04E\x04>\x044\x04=\
\x04K\x00 \x04:\x040\x04<\x04?\x040\x04=\
\x045\x04=\x04B\x00 \x00P\x00y\x00S\x00i\
\x00d\x00e\x00 \x00Q\x00t\x00W\x00e\x00b\
\x00E\x00n\x00g\x00i\x00n\x00e\x00W\x00i\
\x00d\x00g\x00e\x00t\x00s\x00.\x08\x00\x00\x00\
\x00\x06\x00\x00\x00}The docume\
ntation will ope\
n in a new tab i\
nside the FreeCA\
D interface. Thi\
s requires the P\
ySide QtWebengin\
eWidgets compone\
nt.\x07\x00\x00\x00\x04Form\x01\x03\x00\x00\
\x00\x88\x04\x14\x040\x04:\x04C\x04<\x045\x04=\
\x04B\x040\x04F\x04K\x04O\x00 \x041\x04C\
\x044\x047\x045\x00 \x040\x044\x04G\x04K\
\x04=\x045\x04=\x040\x04O\x00 \x04^\x00 \
\x04?\x045\x04@\x04H\x040\x04?\x040\x04G\
\x040\x04B\x04:\x04>\x042\x04K\x04<\x00 \
\x04V\x04=\x04B\x04M\x04@\x04=\x04M\x04B\
\x00-\x040\x043\x04;\x04O\x044\x040\x04;\
\x04L\x04=\x04V\x04:\x04C\x08\x00\x00\x00\x00\x06\
\x00\x00\x006The document\
ation will open \
in the default w\
eb browser\x07\x00\x00\x00\x04F\
orm\x01\x03\x00\x00\x00 \x04!\x04C\x04D\x04\
V\x04:\x04A\x00 \x04?\x045\x04@\x040\x04\
:\x04;\x040\x044\x04C\x08\x00\x00\x00\x00\x06\x00\
\x00\x00\x12Translation s\
uffix\x07\x00\x00\x00\x04Form\x01\x03\
\x00\x00\x00\xc8\x04\x17\x04<\x045\x04A\x04B\x00 \
\x04A\x04B\x040\x04@\x04>\x04=\x04:\x04V\
\x00 \x04=\x045\x00 \x040\x04B\x04@\x04K\
\x04<\x040\x04;\x040\x04A\x04O\x00 \x047\
\x044\x040\x041\x04K\x04F\x04L\x00.\x00\x0a\
\x04\x1f\x04@\x040\x042\x045\x04@\x04F\x045\
\x00 \x04=\x040\x04;\x040\x044\x04K\x00 \
\x04^\x00 \x04<\x045\x04=\x04N\x00 \x04\x17\
\x04<\x04O\x04=\x04V\x04F\x04L\x00 !\x92\
\x00 \x04\x1f\x045\x04@\x040\x042\x040\x043\
\x04V\x00 !\x92\x00 \x04\x10\x043\x04C\x04;\
\x04L\x04=\x04K\x04O\x00 !\x92\x00 \x04\x14\
\x040\x042\x045\x044\x04:\x040\x08\x00\x00\x00\
\x00\x06\x00\x00\x00yContents f\
or this page cou\
ld not be retrie\
ved. Please chec\
k settings under\
 menu Edit \xe2\x86\x92 P\
references \xe2\x86\x92 G\
eneral \xe2\x86\x92 Help\x07\
\x00\x00\x00\x04Help\x01\x03\x00\x00\x00\x0e\x04\x14\
\x040\x042\x045\x044\x04:\x040\x08\x00\x00\x00\
\x00\x06\x00\x00\x00\x04Help\x07\x00\x00\x00\x04H\
elp\x01\x03\x00\x00\x00\xee\x04\x1d\x045\x00 \x04\
0\x04B\x04@\x04K\x04<\x040\x04;\x040\x04\
A\x04O\x00 \x042\x04K\x047\x04=\x040\x04\
G\x04K\x04F\x04L\x00 \x04<\x045\x04A\x04\
F\x040\x047\x04=\x040\x04E\x04>\x044\x04\
6\x040\x04=\x04=\x045\x00 \x04D\x040\x04\
9\x04;\x040\x04^\x00 \x044\x040\x042\x04\
5\x044\x04:\x04V\x00.\x00\x0a\x04\x1f\x04@\x04\
0\x042\x045\x04@\x04F\x045\x00 \x04=\x04\
0\x04;\x040\x044\x04K\x00 \x04^\x00 \x04\
<\x045\x04=\x04N\x00 \x04\x17\x04<\x04O\x04\
=\x04V\x04F\x04L\x00 !\x92\x00 \x04\x1f\x04\
5\x04@\x040\x042\x040\x043\x04V\x00 !\
\x92\x00 \x04\x10\x043\x04C\x04;\x04L\x04=\x04\
K\x04O\x00 !\x92\x00 \x04\x14\x040\x042\x04\
5\x044\x04:\x040\x08\x00\x00\x00\x00\x06\x00\x00\x00\
wHelp files loca\
tion could not b\
e determined. Pl\
ease check setti\
ngs under menu E\
dit \xe2\x86\x92 Preferen\
ces \xe2\x86\x92 General \
\xe2\x86\x92 Help\x07\x00\x00\x00\x04Hel\
p\x01\x03\x00\x00\x00\xf4\x04\x1c\x04>\x044\x04C\x04\
;\x04L\x00 \x00P\x00y\x00s\x00i\x00d\x00\
e\x00 \x00Q\x00t\x00W\x00e\x00b\x00E\x00\
n\x00g\x00i\x00n\x00e\x00W\x00i\x00d\x00\
g\x00e\x00t\x00s\x00 \x04=\x045\x044\x04\
0\x04A\x04B\x04C\x04?\x04=\x04K\x00.\x00\
\x0a\x04\x12\x04V\x047\x04C\x040\x04;\x04V\x04\
7\x040\x04F\x04K\x04O\x00 \x044\x040\x04\
2\x045\x044\x04:\x04V\x00 \x042\x04K\x04\
:\x04>\x04=\x042\x040\x045\x04F\x04F\x04\
0\x00 \x047\x00 \x044\x040\x04?\x040\x04\
<\x04>\x043\x040\x049\x00 \x04A\x04V\x04\
A\x04B\x04M\x04<\x04=\x040\x043\x040\x00\
 \x04V\x04=\x04B\x04M\x04@\x04=\x04M\x04\
B\x00-\x040\x043\x04;\x04O\x044\x040\x04\
;\x04L\x04=\x04V\x04:\x040\x08\x00\x00\x00\x00\
\x06\x00\x00\x00aPySide QtWe\
bEngineWidgets m\
odule is not ava\
ilable. Help ren\
dering is done w\
ith the system b\
rowser\x07\x00\x00\x00\x04Help\x01\
\x03\x00\x00\x01\x96\x04#\x00 \x042\x040\x04H\x04\
0\x049\x00 \x04A\x04V\x04A\x04B\x04M\x04\
<\x045\x00 \x04=\x045\x00 \x04^\x04A\x04\
B\x040\x04;\x04O\x042\x040\x04=\x04K\x04\
O\x00 \x04A\x04@\x04>\x044\x040\x04:\x00\
 \x042\x04V\x047\x04C\x040\x04;\x04V\x04\
7\x040\x04F\x04K\x04V\x00 \x00M\x00a\x00\
r\x00k\x00d\x00o\x00w\x00n\x00,\x00 \x04\
B\x040\x04<\x04C\x00 \x043\x04M\x04B\x04\
0\x04O\x00 \x04A\x04B\x040\x04@\x04>\x04\
=\x04:\x040\x00 \x044\x040\x042\x045\x04\
4\x04:\x04V\x00 \x040\x044\x04;\x04N\x04\
A\x04B\x04@\x04>\x04^\x042\x040\x045\x04\
F\x04F\x040\x00 \x04O\x04:\x00 \x04Q\x04\
A\x04F\x04L\x00.\x00\x0a\x04#\x04A\x04B\x04\
0\x04;\x04N\x049\x04F\x045\x00 \x04<\x04\
>\x044\x04C\x04;\x04V\x00 \x00P\x00y\x00\
t\x00h\x00o\x00n\x00 \x00-\x00 \x00M\x00\
a\x00r\x00k\x00d\x00o\x00w\x00n\x00 \x04\
F\x04V\x00 \x00P\x00a\x00n\x00d\x00o\x00\
c\x00,\x00 \x04:\x040\x041\x00 \x04?\x04\
0\x04;\x045\x04?\x04H\x04K\x04F\x04L\x00\
 \x040\x044\x04;\x04N\x04A\x04B\x04@\x04\
0\x042\x040\x04=\x04=\x045\x00 \x043\x04\
M\x04B\x040\x049\x00 \x04A\x04B\x040\x04\
@\x04>\x04=\x04:\x04V\x00.\x08\x00\x00\x00\x00\
\x06\x00\x00\x00\xb8There is no\
 Markdown render\
er installed on \
your system, so \
this help page i\
s rendered as is\
. Please install\
 the Markdown or\
 Pandoc Python m\
odules to improv\
e the rendering \
of this page.\x07\x00\x00\
\x00\x04Help\x01\x03\x00\x00\x00\x10\x04\x10\x04A\
\x04=\x04>\x04^\x04=\x04K\x04O\x08\x00\x00\x00\
\x00\x06\x00\x00\x00\x07General\x07\x00\x00\
\x00\x07QObject\x01\x88\x00\x00\x00\x0d\x11\
\x01\xfd)\x0b\xff\x14\x02\x04\xfd,\x0a\x13\
\x00\x00#u\
<\
\xb8d\x18\xca\xef\x9c\x95\xcd!\x1c\xbf`\xa1\xbd\xdd\xa7\
\x00\x00\x00\x02hrB\x00\x00\x00\xf0\x00\x04\xec0\x00\
\x00\x05\xa8\x00\x04\xec0\x00\x00\x1c\xf9\x00\x99N\xa8\x00\
\x00\x1b8\x018!.\x00\x00\x13\xbe\x01\x82\xc62\x00\
\x00\x1e\x9c\x02mV`\x00\x00\x1d \x04\x1e\xf1\x82\x00\
\x00\x05\xcf\x04Dm9\x00\x00\x05\x0a\x04T\x18N\x00\
\x00\x12!\x04\x89?'\x00\x00\x06\x16\x04\xde1)\x00\
\x00\x06\xfe\x05M7\xf2\x00\x00\x06\x8d\x05\xa6\xc8\x95\x00\
\x00\x11\xf8\x06{\x06\x03\x00\x00\x09E\x06\xa4]\x8e\x00\
\x00\x09y\x07\x07\xe0\x0e\x00\x00\x18\xf3\x07t\x8a\x94\x00\
\x00\x01p\x09\x82\xac\xae\x00\x00\x00\x00\x09\xd5\xc9.\x00\
\x00\x01\xfc\x0auc\xd7\x00\x00\x17\xb3\x0b\x0ar\xc9\x00\
\x00\x01\xd0\x0c\xe2\x80\xae\x00\x00\x03\xdc\x0d\xb7\x06\x10\x00\
\x00\x1b\x83\x0d\xc4\xc8<\x00\x00\x22\x1f\x0e*j\xae\x00\
\x00\x1f\xd4\x0ek8\x9e\x00\x00\x0d\xa5\x0e\x8d\xd4\x82\x00\
\x00\x1ay\x0e\xca\x08\x89\x00\x00\x05b\x0f-\x13\xae\x00\
\x00\x01 \x0fE\xeb\x1e\x00\x00\x07bi\x00\x00\x22R\
\x03\x00\x00\x00\xaa\x00S\x00u\x00f\x00i\x00k\x00\
s\x00 \x00p\x00r\x00i\x00j\x00e\x00v\x00\
o\x00d\x00a\x00 \x00k\x00o\x00j\x00i\x00\
 \x00s\x00e\x00 \x00k\x00o\x00r\x00i\x00\
s\x00t\x00i\x00,\x00 \x00n\x00a\x00 \x00\
p\x00r\x00i\x00m\x00j\x00e\x00r\x00 \x00\
\x22\x00h\x00r\x00\x22\x00\x0a\x00z\x00a\x00 \x00\
h\x00r\x00v\x00a\x00t\x00s\x00k\x00i\x00\
 \x00p\x00r\x00i\x00j\x00e\x00v\x00o\x00\
d\x00 \x00d\x00o\x00k\x00u\x00m\x00e\x00\
n\x00t\x00a\x00c\x00i\x00j\x00e\x00.\x08\
\x00\x00\x00\x00\x06\x00\x00\x00]A trans\
lation suffix to\
 use, for exampl\
e \x22fr\x22\x0ato get Fr\
ench translation\
 of the document\
ation.\x07\x00\x00\x00\x04Form\x01\
\x03\x00\x00\x00(\x00P\x00r\x00i\x00l\x00a\x00\
g\x00o\x01\x11\x00e\x00n\x00a\x00 \x00l\x00\
o\x00k\x00a\x00c\x00i\x00j\x00a\x08\x00\x00\
\x00\x00\x06\x00\x00\x00\x0fCustom lo\
cation\x07\x00\x00\x00\x04Form\x01\
\x03\x00\x00\x006\x00P\x00r\x00i\x00l\x00a\x00\
g\x00o\x01\x11\x00e\x00n\x00a\x00 \x00t\x00\
a\x00b\x00l\x00i\x00c\x00e\x00 \x00s\x00\
t\x00i\x00l\x00o\x00v\x00a\x08\x00\x00\x00\x00\
\x06\x00\x00\x00\x11Custom styl\
esheet\x07\x00\x00\x00\x04Form\x01\
\x03\x00\x00\x00\x0c\x00P\x00r\x00i\x00k\x00a\x00\
z\x08\x00\x00\x00\x00\x06\x00\x00\x00\x07Displ\
ay\x07\x00\x00\x00\x04Form\x01\x03\x00\x00\x01\
2\x00D\x00o\x00k\x00u\x00m\x00e\x00n\x00\
t\x00a\x00c\x00i\x00j\x00a\x00 \x00s\x00\
e\x00 \x00o\x00t\x00v\x00a\x00r\x00a\x00\
 \x00u\x00 \x00u\x00s\x00i\x00d\x00l\x00\
j\x00i\x00v\x00o\x00m\x00 \x00d\x00i\x00\
j\x00a\x00l\x00o\x00g\x00u\x00 \x00u\x00\
n\x00u\x00t\x00a\x00r\x00 \x00F\x00r\x00\
e\x00e\x00C\x00A\x00D\x00-\x00a\x00,\x00\
 \x00o\x00m\x00o\x00g\x00u\x01\x07\x00u\x00\
j\x00u\x01\x07\x00i\x00 \x00i\x00s\x00t\x00\
o\x00v\x00r\x00e\x00m\x00e\x00n\x00i\x00\
 \x00r\x00a\x00d\x00 \x00u\x00 \x003\x00\
D\x00 \x00p\x00r\x00i\x00k\x00a\x00z\x00\
u\x00.\x00\x0a\x00Z\x00a\x00h\x00t\x00i\x00\
j\x00e\x00v\x00a\x00 \x00k\x00o\x00m\x00\
p\x00o\x00n\x00e\x00n\x00t\x00u\x00 \x00\
P\x00y\x00S\x00i\x00d\x00e\x00 \x00Q\x00\
t\x00W\x00e\x00b\x00e\x00n\x00g\x00i\x00\
n\x00e\x00W\x00i\x00d\x00g\x00e\x00t\x00\
s\x00.\x08\x00\x00\x00\x00\x06\x00\x00\x00\x95Doc\
umentation opens\
 in a dockable d\
ialog within Fre\
eCAD, allowing s\
imultaneous work\
 in the 3D view.\
\x0aRequires the Py\
Side QtWebengine\
Widgets componen\
t.\x07\x00\x00\x00\x04Form\x01\x03\x00\x00\x00\
\xbc\x00O\x00v\x00o\x00 \x01\x07\x00e\x00 \x00\
p\x00r\x00e\x00u\x00z\x00e\x00t\x00i\x00\
 \x00d\x00o\x00k\x00u\x00m\x00e\x00n\x00\
t\x00a\x00c\x00i\x00j\x00u\x00 \x00s\x00\
a\x00 \x00s\x00t\x00r\x00a\x00n\x00i\x00\
c\x00a\x00 \x00i\x00s\x00c\x00r\x00t\x00\
a\x00n\x00i\x00h\x00 \x00n\x00a\x00 \x00\
G\x00i\x00t\x00H\x00u\x00b\x00-\x00u\x00\
.\x00 \x00T\x00o\x00 \x00t\x00r\x00e\x00\
n\x00u\x00t\x00n\x00o\x00 \x00n\x00i\x00\
j\x00e\x00 \x00d\x00o\x00s\x00t\x00u\x00\
p\x00n\x00o\x00.\x00.\x00.\x00.\x08\x00\x00\
\x00\x00\x06\x00\x00\x00YFetches t\
he documentation\
 from pages rend\
ered on GitHub.\x0a\
This is currentl\
y not available.\
\x07\x00\x00\x00\x04Form\x01\x03\x00\x00\x00*\x00\
F\x00r\x00e\x00e\x00C\x00A\x00D\x00 \x00\
W\x00i\x00k\x00i\x00 \x00(\x00o\x00n\x00\
l\x00i\x00n\x00e\x00)\x08\x00\x00\x00\x00\x06\x00\
\x00\x00\x15FreeCAD Wiki \
(online)\x07\x00\x00\x00\x04For\
m\x01\x03\x00\x00\x00\x1e\x00G\x00i\x00t\x00H\x00\
u\x00b\x00 \x00(\x00o\x00n\x00l\x00i\x00\
n\x00e\x00)\x08\x00\x00\x00\x00\x06\x00\x00\x00\x0fG\
itHub (online)\x07\x00\
\x00\x00\x04Form\x01\x03\x00\x00\x00\x0a\x00P\x00\
o\x00m\x00o\x01\x07\x08\x00\x00\x00\x00\x06\x00\x00\x00\
\x04Help\x07\x00\x00\x00\x04Form\x01\x03\
\x00\x00\x00\x1e\x00U\x00 \x00F\x00r\x00e\x00e\
\x00C\x00A\x00D\x00 \x00t\x00a\x00b\x00-\
\x00u\x08\x00\x00\x00\x00\x06\x00\x00\x00\x10In a\
 FreeCAD tab\x07\x00\x00\x00\
\x04Form\x01\x03\x00\x00\x00>\x00U\x00 \x00\
o\x00d\x00v\x00o\x00j\x00e\x00n\x00o\x00\
m\x00,\x00 \x00u\x00g\x00r\x00a\x01\x11\x00\
e\x00n\x00o\x00m\x00 \x00d\x00i\x00j\x00\
a\x00l\x00o\x00g\x00u\x08\x00\x00\x00\x00\x06\x00\
\x00\x00 In a separate\
, embeddable dia\
log\x07\x00\x00\x00\x04Form\x01\x03\x00\x00\
\x00>\x00U\x00 \x00v\x00a\x01a\x00e\x00m\
\x00 \x00z\x00a\x00d\x00a\x00n\x00o\x00m\
\x00 \x00w\x00e\x00b\x00 \x00p\x00r\x00e\
\x00g\x00l\x00e\x00d\x00n\x00i\x00k\x00u\
\x08\x00\x00\x00\x00\x06\x00\x00\x00\x1aIn the\
 default web bro\
wser\x07\x00\x00\x00\x04Form\x01\x03\x00\
\x00\x002\x00M\x00a\x00r\x00k\x00d\x00o\x00\
w\x00n\x00 \x00v\x00e\x00r\x00z\x00i\x00\
j\x00a\x00 \x00(\x00o\x00n\x00l\x00i\x00\
n\x00e\x00)\x08\x00\x00\x00\x00\x06\x00\x00\x00\x19M\
arkdown version \
(online)\x07\x00\x00\x00\x04For\
m\x01\x03\x00\x00\x01>\x00N\x00a\x00p\x00o\x00\
m\x00e\x00n\x00a\x00:\x00 \x00a\x00k\x00\
o\x00 \x00P\x00y\x00S\x00i\x00d\x00e\x00\
 \x00w\x00e\x00b\x00 \x00k\x00o\x00m\x00\
p\x00o\x00n\x00e\x00n\x00t\x00e\x00 \x00\
n\x00i\x00s\x00u\x00 \x00p\x00r\x00o\x00\
n\x00a\x01\x11\x00e\x00n\x00e\x00 \x00n\x00\
a\x00 \x00v\x00a\x01a\x00e\x00m\x00 \x00\
s\x00u\x00s\x00t\x00a\x00v\x00u\x00,\x00\
 \x00s\x00t\x00r\x00a\x00n\x00i\x00c\x00\
e\x00 \x00p\x00o\x00m\x00o\x01\x07\x00i\x00\
 \x01\x07\x00e\x00 \x00s\x00e\x00 \x00o\x00\
t\x00v\x00o\x00r\x00i\x00t\x00i\x00 \x00\
u\x00 \x00v\x00a\x01a\x00e\x00m\x00 \x00\
z\x00a\x00d\x00a\x00n\x00o\x00m\x00 \x00\
w\x00e\x00b\x00 \x00p\x00r\x00e\x00g\x00\
l\x00e\x00d\x00n\x00i\x00k\x00u\x00 \x00\
b\x00e\x00z\x00 \x00o\x00b\x00z\x00i\x00\
r\x00a\x00 \x00n\x00a\x00 \x00o\x00p\x00\
c\x00i\x00j\x00e\x00 \x00i\x00s\x00p\x00\
o\x00d\x00.\x08\x00\x00\x00\x00\x06\x00\x00\x00\x8cN\
ote: if PySide W\
eb components ar\
e not found on t\
he system, help \
pages will open \
in the default w\
eb browser regar\
dless of the opt\
ions below.\x07\x00\x00\x00\x04\
Form\x01\x03\x00\x00\x00\x14\x00M\x00o\x00g\
\x00u\x01\x07\x00n\x00o\x00s\x00t\x00i\x08\x00\
\x00\x00\x00\x06\x00\x00\x00\x07Options\x07\
\x00\x00\x00\x04Form\x01\x03\x00\x00\x02\xbc\x00P\
\x00o\x00s\x00t\x00a\x00v\x00i\x00t\x00e\
\x00 \x00o\x00v\x00o\x00 \x00n\x00a\x00 \
\x00p\x00r\x00i\x00l\x00a\x00g\x00o\x01\x11\
\x00e\x00n\x00i\x00 \x00U\x00R\x00L\x00 \
\x00i\x00l\x00i\x00 \x00m\x00a\x00p\x00u\
\x00 \x00u\x00 \x00k\x00o\x00j\x00o\x00j\
\x00 \x00s\x00e\x00 \x00n\x00a\x00l\x00a\
\x00z\x00e\x00 \x00d\x00a\x00t\x00o\x00t\
\x00e\x00k\x00e\x00 \x00p\x00o\x00m\x00o\
\x01\x07\x00i\x00.\x00\x0a\x00D\x00o\x00k\x00u\
\x00m\x00e\x00n\x00t\x00a\x00c\x00i\x00j\
\x00a\x00 \x00s\x00e\x00 \x00m\x00o\x01~\
\x00e\x00 \x00p\x00r\x00e\x00u\x00z\x00e\
\x00t\x00i\x00 \x00z\x00a\x00 \x00i\x00z\
\x00v\x00a\x00n\x00m\x00r\x00e\x01~\x00n\
\x00u\x00 \x00u\x00p\x00o\x00t\x00r\x00e\
\x00b\x00u\x00 \x00p\x00u\x00t\x00e\x00m\
\x00 \x00U\x00p\x00r\x00a\x00v\x00i\x00t\
\x00e\x00l\x00j\x00a\x00 \x00d\x00o\x00d\
\x00a\x00t\x00a\x00k\x00a\x00 \x00i\x00 \
\x00i\x00n\x00s\x00t\x00a\x00l\x00i\x00r\
\x00a\x00n\x00j\x00e\x00m\x00 \x00d\x00o\
\x00d\x00a\x00t\x00k\x00a\x00 \x00\x22\x00o\
\x00f\x00f\x00l\x00i\x00n\x00e\x00-\x00d\
\x00o\x00c\x00u\x00m\x00e\x00n\x00t\x00a\
\x00t\x00i\x00o\x00n\x00\x22\x00.\x00 \x00A\
\x00k\x00o\x00 \x00s\x00e\x00 \x00o\x00v\
\x00o\x00 \x00p\x00o\x00l\x00j\x00e\x00 \
\x00o\x00s\x00t\x00a\x00v\x00i\x00 \x00p\
\x00r\x00a\x00z\x00n\x00o\x00,\x00 \x00F\
\x00r\x00e\x00e\x00C\x00A\x00D\x00 \x01\x07\
\x00e\x00 \x00a\x00u\x00t\x00o\x00m\x00a\
\x00t\x00s\x00k\x00i\x00 \x00t\x00r\x00a\
\x01~\x00i\x00t\x00i\x00 \x00d\x00a\x00t\
\x00o\x00t\x00e\x00k\x00e\x00 \x00p\x00o\
\x00m\x00o\x01\x07\x00i\x00 \x00n\x00a\x00 \
\x00z\x00a\x00d\x00a\x00n\x00o\x00j\x00 \
\x00l\x00o\x00k\x00a\x00c\x00i\x00j\x00i\
\x00 \x00(\x00$\x00U\x00S\x00E\x00R\x00A\
\x00P\x00P\x00D\x00A\x00T\x00A\x00D\x00I\
\x00R\x00/\x00M\x00o\x00d\x00/\x00o\x00f\
\x00f\x00l\x00i\x00n\x00e\x00-\x00d\x00o\
\x00c\x00u\x00m\x00e\x00n\x00t\x00a\x00t\
\x00i\x00o\x00n\x00)\x00.\x08\x00\x00\x00\x00\x06\
\x00\x00\x01WSet this to \
a custom URL or \
the folder where\
 the help files \
are located.\x0aDoc\
umentation can b\
e downloaded for\
 offline use via\
 the Addon Manag\
er and installin\
g the\x0a\x22offline-d\
ocumentation\x22 ad\
don. If this fie\
ld is left blank\
, FreeCAD will\x0aa\
utomatically sea\
rch for the help\
 files at the de\
fault location\x0a(\
$USERAPPDATADIR/\
Mod/offline-docu\
mentation).\x07\x00\x00\x00\x04\
Form\x01\x03\x00\x00\x02\xd4\x00P\x00o\x00s\
\x00t\x00a\x00v\x00i\x00t\x00e\x00 \x00o\
\x00v\x00o\x00 \x00n\x00a\x00 \x00p\x00r\
\x00i\x00l\x00a\x00g\x00o\x01\x11\x00e\x00n\
\x00i\x00 \x00U\x00R\x00L\x00 \x00i\x00l\
\x00i\x00 \x00m\x00a\x00p\x00u\x00 \x00g\
\x00d\x00j\x00e\x00 \x00s\x00e\x00 \x00n\
\x00a\x00l\x00a\x00z\x00e\x00 \x00d\x00a\
\x00t\x00o\x00t\x00e\x00k\x00e\x00 \x00p\
\x00o\x00m\x00o\x01\x07\x00i\x00.\x00 \x00\x0a\
\x00L\x00a\x00k\x00o\x00 \x00m\x00o\x01~\
\x00e\x00t\x00e\x00 \x00p\x00r\x00e\x00u\
\x00z\x00e\x00t\x00i\x00 \x00d\x00o\x00k\
\x00u\x00m\x00e\x00n\x00t\x00a\x00c\x00i\
\x00j\x00u\x00 \x00z\x00a\x00 \x00k\x00o\
\x00r\x00i\x01a\x00t\x00e\x00n\x00j\x00e\
\x00 \x00i\x00z\x00v\x00a\x00n\x00 \x00m\
\x00r\x00e\x01~\x00e\x00 \x00p\x00o\x00m\
\x00o\x01\x07\x00u\x00 \x00\x0a\x00U\x00p\x00r\
\x00a\x00v\x00i\x00t\x00e\x00l\x00j\x00a\
\x00 \x00D\x00o\x00d\x00a\x00t\x00a\x00k\
\x00a\x00 \x00i\x00 \x00i\x00n\x00s\x00t\
\x00a\x00l\x00i\x00r\x00a\x00n\x00j\x00e\
\x00m\x00 \x00d\x00o\x00d\x00a\x00t\x00k\
\x00a\x00 \x00\x22\x00o\x00f\x00f\x00l\x00i\
\x00n\x00e\x00 \x00d\x00o\x00k\x00u\x00m\
\x00e\x00n\x00t\x00a\x00c\x00i\x00j\x00a\
\x00&\x00q\x00u\x00o\x00t\x00.\x00 \x00\x0a\
\x00A\x00k\x00o\x00 \x00j\x00e\x00 \x00o\
\x00v\x00o\x00 \x00p\x00o\x00l\x00j\x00e\
\x00 \x00p\x00r\x00a\x00z\x00n\x00o\x00,\
\x00 \x00F\x00r\x00e\x00e\x00C\x00A\x00D\
\x00 \x01\x07\x00e\x00 \x00a\x00u\x00t\x00o\
\x00m\x00a\x00t\x00s\x00k\x00i\x00 \x00p\
\x00r\x00e\x00t\x00r\x00a\x01~\x00i\x00v\
\x00a\x00t\x00i\x00 \x00d\x00a\x00t\x00o\
\x00t\x00e\x00k\x00e\x00 \x00z\x00a\x00 \
\x00p\x00o\x00m\x00o\x01\x07\x00 \x00n\x00a\
\x00 \x00\x0a\x00z\x00a\x00d\x00a\x00n\x00o\
\x00j\x00 \x00l\x00o\x00k\x00a\x00c\x00i\
\x00j\x00i\x00 \x00(\x00$\x00U\x00S\x00E\
\x00R\x00A\x00P\x00P\x00D\x00A\x00T\x00A\
\x00D\x00I\x00R\x00/\x00M\x00o\x00d\x00/\
\x00o\x00f\x00f\x00l\x00i\x00n\x00e\x00-\
\x00d\x00o\x00c\x00u\x00m\x00e\x00n\x00t\
\x00a\x00t\x00i\x00o\x00n\x00)\x00.\x08\x00\
\x00\x00\x00\x06\x00\x00\x01fSet this\
 to a custom URL\
 or the folder w\
here the help fi\
les are located.\
\x0aYou can easily \
download the doc\
umentation for o\
ffline use by us\
ing the Addon\x0aMa\
nager and instal\
ling the \x22offlin\
e-documentation\x22\
 addon. If this\x0a\
field is left bl\
ank, FreeCAD wil\
l automatically \
search for the h\
elp files at\x0athe\
 default locatio\
n ($USERAPPDATAD\
IR/Mod/offline-d\
ocumentation).\x07\x00\
\x00\x00\x04Form\x01\x03\x00\x00\x00\x0a\x00I\x00\
z\x00v\x00o\x00r\x08\x00\x00\x00\x00\x06\x00\x00\x00\
\x06Source\x07\x00\x00\x00\x04Form\
\x01\x03\x00\x00\x01\x0c\x00N\x00a\x00v\x00e\x00d\
\x00i\x00t\x00e\x00 \x00p\x00u\x00t\x00a\
\x00n\x00j\x00u\x00 \x00d\x00o\x00 \x00a\
\x00l\x00t\x00e\x00r\x00n\x00a\x00t\x00i\
\x00v\x00n\x00e\x00 \x00C\x00S\x00S\x00 \
\x00d\x00a\x00t\x00o\x00t\x00e\x00k\x00e\
\x00 \x00z\x00a\x00 \x00s\x00t\x00i\x00l\
\x00i\x00z\x00i\x00r\x00a\x00n\x00j\x00e\
\x00 \x00M\x00a\x00r\x00k\x00d\x00o\x00w\
\x00n\x00 \x00s\x00t\x00r\x00a\x00n\x00i\
\x00c\x00a\x00.\x00\x0a\x00O\x00v\x00o\x00 \
\x00s\x00e\x00 \x00p\x00r\x00i\x00m\x00j\
\x00e\x00n\x00j\x00u\x00j\x00e\x00 \x00s\
\x00a\x00m\x00o\x00 \x00a\x00k\x00o\x00 \
\x00j\x00e\x00 \x00g\x00o\x00r\x00e\x00 \
\x00o\x00d\x00a\x00b\x00r\x00a\x00n\x00 \
\x00M\x00a\x00r\x00k\x00d\x00o\x00w\x00n\
\x00.\x08\x00\x00\x00\x00\x06\x00\x00\x00xSpec\
ify the path to \
an alternative C\
SS file for styl\
ing Markdown pag\
es.\x0aThis only ap\
plies if Markdow\
n is selected ab\
ove.\x07\x00\x00\x00\x04Form\x01\x03\x00\
\x00\x02\xaa\x00D\x00o\x00k\x00u\x00m\x00e\x00\
n\x00t\x00a\x00c\x00i\x00j\x00s\x00k\x00\
e\x00 \x00s\x00t\x00r\x00a\x00n\x00i\x00\
c\x00e\x00 \x01\x07\x00e\x00 \x00s\x00e\x00\
 \x00p\x00r\x00e\x00u\x00z\x00i\x00m\x00\
a\x00t\x00i\x00 \x00i\x00z\x00 \x00a\x00\
u\x00t\x00o\x00m\x00a\x00t\x00s\x00k\x00\
o\x00g\x00 \x00p\x00r\x00e\x00t\x00v\x00\
a\x00r\x00a\x00n\x00j\x00a\x00 \x00F\x00\
r\x00e\x00e\x00C\x00A\x00D\x00 \x00w\x00\
i\x00k\x00i\x00j\x00a\x00 \x00u\x00 \x00\
M\x00a\x00r\x00k\x00d\x00o\x00w\x00n\x00\
,\x00 \x00k\x00o\x00j\x00e\x00 \x00s\x00\
e\x00 \x00n\x00a\x00l\x00a\x00z\x00i\x00\
 \x00n\x00a\x00 \x00G\x00i\x00t\x00H\x00\
u\x00b\x00 \x00r\x00a\x01\x0d\x00u\x00n\x00\
u\x00 \x00F\x00r\x00e\x00e\x00C\x00A\x00\
D\x00-\x00a\x00.\x00 \x00T\x00o\x00 \x00\
s\x00e\x00 \x00m\x00o\x01~\x00e\x00 \x00\
s\x00t\x00i\x00l\x00i\x00z\x00i\x00r\x00\
a\x00t\x00i\x00 \x00p\x00o\x00m\x00o\x01\
\x07\x00u\x00 \x00p\x00r\x00i\x00l\x00a\x00\
g\x00o\x01\x11\x00e\x00n\x00o\x00g\x00 \x00\
s\x00t\x00i\x00l\x00s\x00k\x00o\x00g\x00\
 \x00p\x00r\x00e\x00d\x00l\x00o\x01a\x00\
k\x00a\x00 \x00u\x00 \x00n\x00a\x00s\x00\
t\x00a\x00v\x00k\x00u\x00 \x00i\x00 \x00\
m\x00o\x01~\x00e\x00 \x00i\x00z\x00g\x00\
l\x00e\x00d\x00a\x00t\x00i\x00 \x00l\x00\
j\x00e\x00p\x01a\x00e\x00 \x00o\x00d\x00\
 \x00o\x00p\x00c\x00i\x00j\x00e\x00 \x00\
w\x00i\x00k\x00i\x00-\x00j\x00a\x00.\x00\
 \x00M\x00o\x00d\x00u\x00l\x00 \x00P\x00\
y\x00t\x00h\x00o\x00n\x00 \x00\x22\x00M\x00\
a\x00r\x00k\x00d\x00o\x00w\x00n\x00\x22\x00\
 \x00i\x00l\x00i\x00 \x00\x22\x00P\x00a\x00\
n\x00d\x00o\x00c\x00\x22\x00 \x00t\x00r\x00\
e\x00b\x00a\x00o\x00 \x00b\x00i\x00 \x00\
b\x00i\x00t\x00i\x00 \x00i\x00n\x00s\x00\
t\x00a\x00l\x00i\x00r\x00a\x00n\x00 \x00\
z\x00a\x00 \x00o\x00p\x00t\x00i\x00m\x00\
a\x00l\x00n\x00e\x00 \x00r\x00e\x00z\x00\
u\x00l\x00t\x00a\x00t\x00e\x00.\x08\x00\x00\
\x00\x00\x06\x00\x00\x012The docum\
entation pages w\
ill be fetched f\
rom an automatic\
 Markdown conver\
sion\x0aof the Free\
CAD wiki,hosted \
on FreeCAD's Git\
Hub account. Thi\
s can be styled \
with a\x0acustom st\
ylesheet below a\
nd can look nice\
r than the wiki \
option. The 'Mar\
kdown' or\x0a'Pando\
c' Python module\
 should be insta\
lled for optimal\
 results.\x07\x00\x00\x00\x04Fo\
rm\x01\x03\x00\x00\x00\xc6\x00D\x00o\x00k\x00u\
\x00m\x00e\x00n\x00t\x00a\x00c\x00i\x00j\
\x00s\x00k\x00e\x00 \x00s\x00t\x00r\x00a\
\x00n\x00i\x00c\x00e\x00 \x01\x07\x00e\x00 \
\x00s\x00e\x00 \x00p\x00r\x00e\x00u\x00z\
\x00i\x00m\x00a\x00t\x00i\x00 \x00s\x00 \
\x00s\x00l\x00u\x01~\x00b\x00e\x00n\x00o\
\x00g\x00 \x00W\x00i\x00k\x00i\x00-\x00j\
\x00a\x00 \x00F\x00r\x00e\x00e\x00C\x00A\
\x00D\x00-\x00a\x00 \x00n\x00a\x00 \x00h\
\x00t\x00t\x00p\x00s\x00:\x00/\x00/\x00w\
\x00i\x00k\x00i\x00.\x00f\x00r\x00e\x00e\
\x00c\x00a\x00d\x00.\x00o\x00r\x00g\x08\x00\
\x00\x00\x00\x06\x00\x00\x00aThe docu\
mentation pages \
will be fetched \
from the officia\
l\x0aFreeCADwiki at\
 https://wiki.fr\
eecad.org\x07\x00\x00\x00\x04Fo\
rm\x01\x03\x00\x00\x00\xf0\x00D\x00o\x00k\x00u\
\x00m\x00e\x00n\x00t\x00a\x00c\x00i\x00j\
\x00a\x00 \x01\x07\x00e\x00 \x00s\x00e\x00 \
\x00o\x00t\x00v\x00o\x00r\x00i\x00t\x00i\
\x00 \x00u\x00 \x00n\x00o\x00v\x00o\x00j\
\x00 \x00k\x00a\x00r\x00t\x00i\x00c\x00i\
\x00 \x00u\x00n\x00u\x00t\x00a\x00r\x00 \
\x00F\x00r\x00e\x00e\x00C\x00A\x00D\x00 \
\x00s\x00u\x01\x0d\x00e\x00l\x00j\x00a\x00.\
\x00 \x00O\x00v\x00o\x00 \x00z\x00a\x00h\
\x00t\x00i\x00j\x00e\x00v\x00a\x00 \x00k\
\x00o\x00m\x00p\x00o\x00n\x00e\x00n\x00t\
\x00u\x00 \x00P\x00y\x00S\x00i\x00d\x00e\
\x00 \x00Q\x00t\x00W\x00e\x00b\x00e\x00n\
\x00g\x00i\x00n\x00e\x00W\x00i\x00d\x00g\
\x00e\x00t\x00s\x00.\x08\x00\x00\x00\x00\x06\x00\x00\
\x00}The documentat\
ion will open in\
 a new tab insid\
e the FreeCAD in\
terface. This re\
quires the PySid\
e QtWebengineWid\
gets component.\x07\
\x00\x00\x00\x04Form\x01\x03\x00\x00\x00p\x00D\
\x00o\x00k\x00u\x00m\x00e\x00n\x00t\x00a\
\x00c\x00i\x00j\x00a\x00 \x01\x07\x00e\x00 \
\x00s\x00e\x00 \x00o\x00t\x00v\x00o\x00r\
\x00i\x00t\x00i\x00 \x00u\x00 \x00v\x00a\
\x01a\x00e\x00m\x00 \x00z\x00a\x00d\x00a\
\x00n\x00o\x00m\x00 \x00p\x00r\x00e\x00g\
\x00l\x00e\x00d\x00n\x00i\x00k\x00u\x08\x00\
\x00\x00\x00\x06\x00\x00\x006The docu\
mentation will o\
pen in the defau\
lt web browser\x07\x00\
\x00\x00\x04Form\x01\x03\x00\x00\x00 \x00S\x00\
u\x00f\x00i\x00k\x00s\x00 \x00p\x00r\x00\
i\x00j\x00e\x00v\x00o\x00d\x00a\x08\x00\x00\
\x00\x00\x06\x00\x00\x00\x12Translati\
on suffix\x07\x00\x00\x00\x04Fo\
rm\x01\x03\x00\x00\x00\xe4\x00S\x00a\x00d\x00r\
\x01~\x00a\x00j\x00 \x00o\x00v\x00e\x00 \
\x00s\x00t\x00r\x00a\x00n\x00i\x00c\x00e\
\x00 \x00n\x00i\x00j\x00e\x00 \x00m\x00o\
\x00g\x00u\x01\x07\x00e\x00 \x00p\x00r\x00e\
\x00u\x00z\x00e\x00t\x00i\x00.\x00 \x00M\
\x00o\x00l\x00i\x00m\x00o\x00 \x00p\x00r\
\x00o\x00v\x00j\x00e\x00r\x00i\x00t\x00e\
\x00 \x00p\x00o\x00s\x00t\x00a\x00v\x00k\
\x00e\x00 \x00u\x00 \x00i\x00z\x00b\x00o\
\x00r\x00n\x00i\x00k\x00u\x00 \x00U\x00r\
\x00e\x00d\x00i\x00 !\x92\x00 \x00P\x00o\
\x00s\x00t\x00a\x00v\x00k\x00e\x00 !\x92\
\x00 \x00O\x00p\x01\x07\x00e\x00 !\x92\x00 \
\x00P\x00o\x00m\x00o\x01\x07\x00.\x08\x00\x00\x00\
\x00\x06\x00\x00\x00yContents f\
or this page cou\
ld not be retrie\
ved. Please chec\
k settings under\
 menu Edit \xe2\x86\x92 P\
references \xe2\x86\x92 G\
eneral \xe2\x86\x92 Help\x07\
\x00\x00\x00\x04Help\x01\x03\x00\x00\x00\x0a\x00P\
\x00o\x00m\x00o\x01\x07\x08\x00\x00\x00\x00\x06\x00\x00\
\x00\x04Help\x07\x00\x00\x00\x04Help\x01\
\x03\x00\x00\x00\xec\x00M\x00j\x00e\x00s\x00t\x00\
o\x00 \x00d\x00a\x00t\x00o\x00t\x00e\x00\
k\x00a\x00 \x00z\x00a\x00 \x00p\x00o\x00\
m\x00o\x01\x07\x00 \x00n\x00e\x00 \x00m\x00\
o\x01~\x00e\x00 \x00s\x00e\x00 \x00o\x00\
d\x00r\x00e\x00d\x00i\x00t\x00i\x00.\x00\
.\x00 \x00M\x00o\x00l\x00i\x00m\x00o\x00\
 \x00p\x00r\x00o\x00v\x00j\x00e\x00r\x00\
i\x00t\x00e\x00 \x00p\x00o\x00s\x00t\x00\
a\x00v\x00k\x00e\x00 \x00u\x00 \x00i\x00\
z\x00b\x00o\x00r\x00n\x00i\x00k\x00u\x00\
 \x00U\x00r\x00e\x00d\x00i\x00 !\x92\x00\
 \x00P\x00o\x00s\x00t\x00a\x00v\x00k\x00\
e\x00 !\x92\x00 \x00O\x00p\x01\x07\x00e\x00\
 !\x92\x00 \x00P\x00o\x00m\x00o\x01\x07\x00\
.\x08\x00\x00\x00\x00\x06\x00\x00\x00wHelp \
files location c\
ould not be dete\
rmined. Please c\
heck settings un\
der menu Edit \xe2\x86\
\x92 Preferences \xe2\x86\
\x92 General \xe2\x86\x92 He\
lp\x07\x00\x00\x00\x04Help\x01\x03\x00\x00\x00\
\xbe\x00P\x00y\x00S\x00i\x00d\x00e\x00 \x00\
Q\x00t\x00W\x00e\x00b\x00E\x00n\x00g\x00\
i\x00n\x00e\x00W\x00i\x00d\x00g\x00e\x00\
t\x00s\x00 \x00m\x00o\x00d\x00u\x00l\x00\
 \x00n\x00i\x00j\x00e\x00 \x00d\x00o\x00\
s\x00t\x00u\x00p\x00a\x00n\x00.\x00 \x00\
P\x00r\x00i\x00k\x00a\x00z\x00i\x00v\x00\
a\x00n\x00j\x00e\x00 \x00p\x00o\x00m\x00\
o\x01\x07\x00i\x00 \x00v\x00r\x01a\x00i\x00\
 \x00s\x00e\x00 \x00p\x00r\x00e\x00g\x00\
l\x00e\x00d\x00n\x00i\x00k\x00o\x00m\x00\
 \x00s\x00u\x00s\x00t\x00a\x00v\x00a\x08\
\x00\x00\x00\x00\x06\x00\x00\x00aPySide \
QtWebEngineWidge\
ts module is not\
 available. Help\
 rendering is do\
ne with the syst\
em browser\x07\x00\x00\x00\x04H\
elp\x01\x03\x00\x00\x01z\x00N\x00a\x00 \x00\
v\x00a\x01a\x00e\x00m\x00 \x00s\x00u\x00\
s\x00t\x00a\x00v\x00u\x00 \x00n\x00i\x00\
j\x00e\x00 \x00i\x00n\x00s\x00t\x00a\x00\
l\x00i\x00r\x00a\x00n\x00 \x00M\x00a\x00\
r\x00k\x00d\x00o\x00w\x00n\x00 \x00r\x00\
e\x00n\x00d\x00e\x00r\x00e\x00r\x00,\x00\
 \x00p\x00a\x00 \x00s\x00e\x00 \x00o\x00\
v\x00a\x00 \x00s\x00t\x00r\x00a\x00n\x00\
i\x00c\x00a\x00 \x00p\x00o\x00m\x00o\x01\
\x07\x00i\x00 \x00p\x00r\x00i\x00k\x00a\x00\
z\x00u\x00j\x00e\x00 \x00k\x00a\x00k\x00\
v\x00a\x00 \x00j\x00e\x00s\x00t\x00.\x00\
 \x00I\x00n\x00s\x00t\x00a\x00l\x00i\x00\
r\x00a\x00j\x00t\x00e\x00 \x00m\x00o\x00\
d\x00u\x00l\x00e\x00 \x00M\x00a\x00r\x00\
k\x00d\x00o\x00w\x00n\x00 \x00i\x00l\x00\
i\x00 \x00P\x00a\x00n\x00d\x00o\x00c\x00\
 \x00P\x00y\x00t\x00h\x00o\x00n\x00 \x00\
k\x00a\x00k\x00o\x00 \x00b\x00i\x00s\x00\
t\x00e\x00 \x00p\x00o\x00b\x00o\x00l\x00\
j\x01a\x00a\x00l\x00i\x00 \x00p\x00r\x00\
i\x00k\x00a\x00z\x00 \x00o\x00v\x00e\x00\
 \x00s\x00t\x00r\x00a\x00n\x00i\x00c\x00\
e\x00.\x08\x00\x00\x00\x00\x06\x00\x00\x00\xb8The\
re is no Markdow\
n renderer insta\
lled on your sys\
tem, so this hel\
p page is render\
ed as is. Please\
 install the Mar\
kdown or Pandoc \
Python modules t\
o improve the re\
ndering of this \
page.\x07\x00\x00\x00\x04Help\x01\x03\
\x00\x00\x00\x10\x00O\x00p\x01\x07\x00e\x00n\x00i\
\x00t\x00o\x08\x00\x00\x00\x00\x06\x00\x00\x00\x07Ge\
neral\x07\x00\x00\x00\x07QObjec\
t\x01\x88\x00\x00\x00\x0d\x11\x01\xfd)\x0b\xff\x14\x02\x04\
\xfd,\x0a\x13\
\x00\x00\x22\xec\
<\
\xb8d\x18\xca\xef\x9c\x95\xcd!\x1c\xbf`\xa1\xbd\xdd\xa7\
\x00\x00\x00\x02fiB\x00\x00\x00\xf0\x00\x04\xec0\x00\
\x00\x05\x90\x00\x04\xec0\x00\x00\x1cq\x00\x99N\xa8\x00\
\x00\x1a\xaa\x018!.\x00\x00\x13t\x01\x82\xc62\x00\
\x00\x1e\x08\x02mV`\x00\x00\x1c\x96\x04\x1e\xf1\x82\x00\
\x00\x05\xb5\x04Dm9\x00\x00\x04\xf2\x04T\x18N\x00\
\x00\x11\xf3\x04\x89?'\x00\x00\x06\x0a\x04\xde1)\x00\
\x00\x06\xfe\x05M7\xf2\x00\x00\x06\x97\x05\xa6\xc8\x95\x00\
\x00\x11\xca\x06{\x06\x03\x00\x00\x09\x1f\x06\xa4]\x8e\x00\
\x00\x09Q\x07\x07\xe0\x0e\x00\x00\x18_\x07t\x8a\x94\x00\
\x00\x01~\x09\x82\xac\xae\x00\x00\x00\x00\x09\xd5\xc9.\x00\
\x00\x01\xf6\x0auc\xd7\x00\x00\x17#\x0b\x0ar\xc9\x00\
\x00\x01\xca\x0c\xe2\x80\xae\x00\x00\x03\xce\x0d\xb7\x06\x10\x00\
\x00\x1a\xf9\x0d\xc4\xc8<\x00\x00!\xa3\x0e*j\xae\x00\
\x00\x1fb\x0ek8\x9e\x00\x00\x0do\x0e\x8d\xd4\x82\x00\
\x00\x19\xef\x0e\xca\x08\x89\x00\x00\x05J\x0f-\x13\xae\x00\
\x00\x010\x0fE\xeb\x1e\x00\x00\x07bi\x00\x00!\xd4\
\x03\x00\x00\x00\xba\x00A\x00 \x00t\x00r\x00a\x00\
n\x00s\x00l\x00a\x00t\x00i\x00o\x00n\x00\
 \x00s\x00u\x00f\x00f\x00i\x00x\x00 \x00\
t\x00o\x00 \x00u\x00s\x00e\x00,\x00 \x00\
f\x00o\x00r\x00 \x00e\x00x\x00a\x00m\x00\
p\x00l\x00e\x00 \x00\x22\x00f\x00r\x00\x22\x00\
\x0a\x00t\x00o\x00 \x00g\x00e\x00t\x00 \x00\
F\x00r\x00e\x00n\x00c\x00h\x00 \x00t\x00\
r\x00a\x00n\x00s\x00l\x00a\x00t\x00i\x00\
o\x00n\x00 \x00o\x00f\x00 \x00t\x00h\x00\
e\x00 \x00d\x00o\x00c\x00u\x00m\x00e\x00\
n\x00t\x00a\x00t\x00i\x00o\x00n\x00.\x08\
\x00\x00\x00\x00\x06\x00\x00\x00]A trans\
lation suffix to\
 use, for exampl\
e \x22fr\x22\x0ato get Fr\
ench translation\
 of the document\
ation.\x07\x00\x00\x00\x04Form\x01\
\x03\x00\x00\x00&\x00M\x00u\x00k\x00a\x00u\x00\
t\x00e\x00t\x00t\x00u\x00 \x00s\x00i\x00\
j\x00a\x00i\x00n\x00t\x00i\x08\x00\x00\x00\x00\
\x06\x00\x00\x00\x0fCustom loca\
tion\x07\x00\x00\x00\x04Form\x01\x03\x00\
\x00\x00\x22\x00C\x00u\x00s\x00t\x00o\x00m\x00\
 \x00s\x00t\x00y\x00l\x00e\x00s\x00h\x00\
e\x00e\x00t\x08\x00\x00\x00\x00\x06\x00\x00\x00\x11C\
ustom stylesheet\
\x07\x00\x00\x00\x04Form\x01\x03\x00\x00\x00\x0c\x00\
N\x00\xe4\x00y\x00t\x00t\x00\xf6\x08\x00\x00\x00\x00\
\x06\x00\x00\x00\x07Display\x07\x00\x00\x00\
\x04Form\x01\x03\x00\x00\x01*\x00D\x00o\x00\
c\x00u\x00m\x00e\x00n\x00t\x00a\x00t\x00\
i\x00o\x00n\x00 \x00o\x00p\x00e\x00n\x00\
s\x00 \x00i\x00n\x00 \x00a\x00 \x00d\x00\
o\x00c\x00k\x00a\x00b\x00l\x00e\x00 \x00\
d\x00i\x00a\x00l\x00o\x00g\x00 \x00w\x00\
i\x00t\x00h\x00i\x00n\x00 \x00F\x00r\x00\
e\x00e\x00C\x00A\x00D\x00,\x00 \x00a\x00\
l\x00l\x00o\x00w\x00i\x00n\x00g\x00 \x00\
s\x00i\x00m\x00u\x00l\x00t\x00a\x00n\x00\
e\x00o\x00u\x00s\x00 \x00w\x00o\x00r\x00\
k\x00 \x00i\x00n\x00 \x00t\x00h\x00e\x00\
 \x003\x00D\x00 \x00v\x00i\x00e\x00w\x00\
.\x00\x0a\x00R\x00e\x00q\x00u\x00i\x00r\x00\
e\x00s\x00 \x00t\x00h\x00e\x00 \x00P\x00\
y\x00S\x00i\x00d\x00e\x00 \x00Q\x00t\x00\
W\x00e\x00b\x00e\x00n\x00g\x00i\x00n\x00\
e\x00W\x00i\x00d\x00g\x00e\x00t\x00s\x00\
 \x00c\x00o\x00m\x00p\x00o\x00n\x00e\x00\
n\x00t\x00.\x08\x00\x00\x00\x00\x06\x00\x00\x00\x95D\
ocumentation ope\
ns in a dockable\
 dialog within F\
reeCAD, allowing\
 simultaneous wo\
rk in the 3D vie\
w.\x0aRequires the \
PySide QtWebengi\
neWidgets compon\
ent.\x07\x00\x00\x00\x04Form\x01\x03\x00\
\x00\x00\xb2\x00F\x00e\x00t\x00c\x00h\x00e\x00\
s\x00 \x00t\x00h\x00e\x00 \x00d\x00o\x00\
c\x00u\x00m\x00e\x00n\x00t\x00a\x00t\x00\
i\x00o\x00n\x00 \x00f\x00r\x00o\x00m\x00\
 \x00p\x00a\x00g\x00e\x00s\x00 \x00r\x00\
e\x00n\x00d\x00e\x00r\x00e\x00d\x00 \x00\
o\x00n\x00 \x00G\x00i\x00t\x00H\x00u\x00\
b\x00.\x00\x0a\x00T\x00h\x00i\x00s\x00 \x00\
i\x00s\x00 \x00c\x00u\x00r\x00r\x00e\x00\
n\x00t\x00l\x00y\x00 \x00n\x00o\x00t\x00\
 \x00a\x00v\x00a\x00i\x00l\x00a\x00b\x00\
l\x00e\x00.\x08\x00\x00\x00\x00\x06\x00\x00\x00YF\
etches the docum\
entation from pa\
ges rendered on \
GitHub.\x0aThis is \
currently not av\
ailable.\x07\x00\x00\x00\x04For\
m\x01\x03\x00\x00\x00*\x00F\x00r\x00e\x00e\x00\
C\x00A\x00D\x00 \x00W\x00i\x00k\x00i\x00\
 \x00(\x00o\x00n\x00l\x00i\x00n\x00e\x00\
)\x08\x00\x00\x00\x00\x06\x00\x00\x00\x15FreeC\
AD Wiki (online)\
\x07\x00\x00\x00\x04Form\x01\x03\x00\x00\x00\x1e\x00\
G\x00i\x00t\x00H\x00u\x00b\x00 \x00(\x00\
o\x00n\x00l\x00i\x00n\x00e\x00)\x08\x00\x00\
\x00\x00\x06\x00\x00\x00\x0fGitHub (o\
nline)\x07\x00\x00\x00\x04Form\x01\
\x03\x00\x00\x00\x08\x00O\x00h\x00j\x00e\x08\x00\x00\
\x00\x00\x06\x00\x00\x00\x04Help\x07\x00\x00\x00\x04\
Form\x01\x03\x00\x00\x00,\x00F\x00r\x00e\
\x00e\x00C\x00A\x00D\x00i\x00n\x00 \x00v\
\x00\xe4\x00l\x00i\x00l\x00e\x00h\x00d\x00e\
\x00s\x00s\x00\xe4\x08\x00\x00\x00\x00\x06\x00\x00\x00\x10\
In a FreeCAD tab\
\x07\x00\x00\x00\x04Form\x01\x03\x00\x00\x00T\x00\
E\x00r\x00i\x00l\x00l\x00i\x00s\x00e\x00\
s\x00s\x00\xe4\x00 \x00u\x00p\x00o\x00t\x00\
e\x00t\x00t\x00a\x00v\x00a\x00s\x00s\x00\
a\x00 \x00v\x00a\x00l\x00i\x00n\x00t\x00\
a\x00i\x00k\x00k\x00u\x00n\x00a\x00s\x00\
s\x00a\x08\x00\x00\x00\x00\x06\x00\x00\x00 In \
a separate, embe\
ddable dialog\x07\x00\x00\
\x00\x04Form\x01\x03\x00\x00\x004\x00I\x00n\
\x00 \x00t\x00h\x00e\x00 \x00d\x00e\x00f\
\x00a\x00u\x00l\x00t\x00 \x00w\x00e\x00b\
\x00 \x00b\x00r\x00o\x00w\x00s\x00e\x00r\
\x08\x00\x00\x00\x00\x06\x00\x00\x00\x1aIn the\
 default web bro\
wser\x07\x00\x00\x00\x04Form\x01\x03\x00\
\x00\x002\x00M\x00a\x00r\x00k\x00d\x00o\x00\
w\x00n\x00 \x00v\x00e\x00r\x00s\x00i\x00\
o\x00n\x00 \x00(\x00o\x00n\x00l\x00i\x00\
n\x00e\x00)\x08\x00\x00\x00\x00\x06\x00\x00\x00\x19M\
arkdown version \
(online)\x07\x00\x00\x00\x04For\
m\x01\x03\x00\x00\x01\x18\x00N\x00o\x00t\x00e\x00\
:\x00 \x00i\x00f\x00 \x00P\x00y\x00S\x00\
i\x00d\x00e\x00 \x00W\x00e\x00b\x00 \x00\
c\x00o\x00m\x00p\x00o\x00n\x00e\x00n\x00\
t\x00s\x00 \x00a\x00r\x00e\x00 \x00n\x00\
o\x00t\x00 \x00f\x00o\x00u\x00n\x00d\x00\
 \x00o\x00n\x00 \x00t\x00h\x00e\x00 \x00\
s\x00y\x00s\x00t\x00e\x00m\x00,\x00 \x00\
h\x00e\x00l\x00p\x00 \x00p\x00a\x00g\x00\
e\x00s\x00 \x00w\x00i\x00l\x00l\x00 \x00\
o\x00p\x00e\x00n\x00 \x00i\x00n\x00 \x00\
t\x00h\x00e\x00 \x00d\x00e\x00f\x00a\x00\
u\x00l\x00t\x00 \x00w\x00e\x00b\x00 \x00\
b\x00r\x00o\x00w\x00s\x00e\x00r\x00 \x00\
r\x00e\x00g\x00a\x00r\x00d\x00l\x00e\x00\
s\x00s\x00 \x00o\x00f\x00 \x00t\x00h\x00\
e\x00 \x00o\x00p\x00t\x00i\x00o\x00n\x00\
s\x00 \x00b\x00e\x00l\x00o\x00w\x00.\x08\
\x00\x00\x00\x00\x06\x00\x00\x00\x8cNote: i\
f PySide Web com\
ponents are not \
found on the sys\
tem, help pages \
will open in the\
 default web bro\
wser regardless \
of the options b\
elow.\x07\x00\x00\x00\x04Form\x01\x03\
\x00\x00\x00\x12\x00A\x00s\x00e\x00t\x00u\x00k\
\x00s\x00e\x00t\x08\x00\x00\x00\x00\x06\x00\x00\x00\x07\
Options\x07\x00\x00\x00\x04Form\
\x01\x03\x00\x00\x02\xae\x00S\x00e\x00t\x00 \x00t\
\x00h\x00i\x00s\x00 \x00t\x00o\x00 \x00a\
\x00 \x00c\x00u\x00s\x00t\x00o\x00m\x00 \
\x00U\x00R\x00L\x00 \x00o\x00r\x00 \x00t\
\x00h\x00e\x00 \x00f\x00o\x00l\x00d\x00e\
\x00r\x00 \x00w\x00h\x00e\x00r\x00e\x00 \
\x00t\x00h\x00e\x00 \x00h\x00e\x00l\x00p\
\x00 \x00f\x00i\x00l\x00e\x00s\x00 \x00a\
\x00r\x00e\x00 \x00l\x00o\x00c\x00a\x00t\
\x00e\x00d\x00.\x00\x0a\x00D\x00o\x00c\x00u\
\x00m\x00e\x00n\x00t\x00a\x00t\x00i\x00o\
\x00n\x00 \x00c\x00a\x00n\x00 \x00b\x00e\
\x00 \x00d\x00o\x00w\x00n\x00l\x00o\x00a\
\x00d\x00e\x00d\x00 \x00f\x00o\x00r\x00 \
\x00o\x00f\x00f\x00l\x00i\x00n\x00e\x00 \
\x00u\x00s\x00e\x00 \x00v\x00i\x00a\x00 \
\x00t\x00h\x00e\x00 \x00A\x00d\x00d\x00o\
\x00n\x00 \x00M\x00a\x00n\x00a\x00g\x00e\
\x00r\x00 \x00a\x00n\x00d\x00 \x00i\x00n\
\x00s\x00t\x00a\x00l\x00l\x00i\x00n\x00g\
\x00 \x00t\x00h\x00e\x00\x0a\x00\x22\x00o\x00f\
\x00f\x00l\x00i\x00n\x00e\x00-\x00d\x00o\
\x00c\x00u\x00m\x00e\x00n\x00t\x00a\x00t\
\x00i\x00o\x00n\x00\x22\x00 \x00a\x00d\x00d\
\x00o\x00n\x00.\x00 \x00I\x00f\x00 \x00t\
\x00h\x00i\x00s\x00 \x00f\x00i\x00e\x00l\
\x00d\x00 \x00i\x00s\x00 \x00l\x00e\x00f\
\x00t\x00 \x00b\x00l\x00a\x00n\x00k\x00,\
\x00 \x00F\x00r\x00e\x00e\x00C\x00A\x00D\
\x00 \x00w\x00i\x00l\x00l\x00\x0a\x00a\x00u\
\x00t\x00o\x00m\x00a\x00t\x00i\x00c\x00a\
\x00l\x00l\x00y\x00 \x00s\x00e\x00a\x00r\
\x00c\x00h\x00 \x00f\x00o\x00r\x00 \x00t\
\x00h\x00e\x00 \x00h\x00e\x00l\x00p\x00 \
\x00f\x00i\x00l\x00e\x00s\x00 \x00a\x00t\
\x00 \x00t\x00h\x00e\x00 \x00d\x00e\x00f\
\x00a\x00u\x00l\x00t\x00 \x00l\x00o\x00c\
\x00a\x00t\x00i\x00o\x00n\x00\x0a\x00(\x00$\
\x00U\x00S\x00E\x00R\x00A\x00P\x00P\x00D\
\x00A\x00T\x00A\x00D\x00I\x00R\x00/\x00M\
\x00o\x00d\x00/\x00o\x00f\x00f\x00l\x00i\
\x00n\x00e\x00-\x00d\x00o\x00c\x00u\x00m\
\x00e\x00n\x00t\x00a\x00t\x00i\x00o\x00n\
\x00)\x00.\x08\x00\x00\x00\x00\x06\x00\x00\x01WSe\
t this to a cust\
om URL or the fo\
lder where the h\
elp files are lo\
cated.\x0aDocumenta\
tion can be down\
loaded for offli\
ne use via the A\
ddon Manager and\
 installing the\x0a\
\x22offline-documen\
tation\x22 addon. I\
f this field is \
left blank, Free\
CAD will\x0aautomat\
ically search fo\
r the help files\
 at the default \
location\x0a($USERA\
PPDATADIR/Mod/of\
fline-documentat\
ion).\x07\x00\x00\x00\x04Form\x01\x03\
\x00\x00\x02\xdc\x00A\x00s\x00e\x00t\x00a\x00 \
\x00t\x00\xe4\x00m\x00\xe4\x00 \x00m\x00u\x00k\
\x00a\x00u\x00t\x00e\x00t\x00t\x00u\x00u\
\x00n\x00 \x00U\x00R\x00L\x00-\x00o\x00s\
\x00o\x00i\x00t\x00t\x00e\x00e\x00s\x00e\
\x00e\x00n\x00 \x00t\x00a\x00i\x00 \x00k\
\x00a\x00n\x00s\x00i\x00o\x00o\x00n\x00,\
\x00 \x00j\x00o\x00s\x00s\x00a\x00 \x00o\
\x00h\x00j\x00e\x00t\x00i\x00e\x00d\x00o\
\x00s\x00t\x00o\x00t\x00 \x00s\x00i\x00j\
\x00a\x00i\x00t\x00s\x00e\x00v\x00a\x00t\
\x00.\x00\x0a\x00V\x00o\x00i\x00t\x00 \x00h\
\x00e\x00l\x00p\x00o\x00s\x00t\x00i\x00 \
\x00l\x00a\x00d\x00a\x00t\x00a\x00 \x00d\
\x00o\x00k\x00u\x00m\x00e\x00n\x00t\x00a\
\x00a\x00t\x00i\x00o\x00n\x00 \x00o\x00f\
\x00f\x00l\x00i\x00n\x00e\x00-\x00k\x00\xe4\
\x00y\x00t\x00t\x00\xf6\x00\xe4\x00 \x00v\x00a\
\x00r\x00t\x00e\x00n\x00 \x00k\x00\xe4\x00y\
\x00t\x00t\x00\xe4\x00m\x00\xe4\x00l\x00l\x00\xe4\
\x00 \x00A\x00d\x00d\x00o\x00n\x00\x0a\x00M\
\x00a\x00n\x00a\x00g\x00e\x00r\x00i\x00a\
\x00 \x00j\x00a\x00 \x00a\x00s\x00e\x00n\
\x00t\x00a\x00m\x00a\x00l\x00l\x00a\x00 \
\x00l\x00i\x00s\x00\xe4\x00o\x00s\x00a\x00n\
\x00 \x00\x22\x00o\x00f\x00f\x00l\x00i\x00n\
\x00e\x00-\x00d\x00o\x00c\x00u\x00m\x00e\
\x00n\x00t\x00a\x00t\x00i\x00o\x00n\x00\x22\
\x00.\x00 \x00J\x00o\x00s\x00 \x00t\x00\xe4\
\x00m\x00\xe4\x00\x0a\x00k\x00e\x00n\x00t\x00t\
\x00\xe4\x00 \x00j\x00\xe4\x00t\x00e\x00t\x00\xe4\
\x00\xe4\x00n\x00 \x00t\x00y\x00h\x00j\x00\xe4\
\x00k\x00s\x00i\x00,\x00 \x00F\x00r\x00e\
\x00e\x00C\x00A\x00D\x00 \x00h\x00a\x00k\
\x00e\x00e\x00 \x00a\x00u\x00t\x00o\x00m\
\x00a\x00a\x00t\x00t\x00i\x00s\x00e\x00s\
\x00t\x00i\x00 \x00o\x00h\x00j\x00e\x00t\
\x00i\x00e\x00d\x00o\x00s\x00t\x00o\x00t\
\x00 \x00\x0a\x00o\x00l\x00e\x00t\x00u\x00s\
\x00s\x00i\x00j\x00a\x00i\x00n\x00n\x00i\
\x00s\x00t\x00a\x00 \x00(\x00$\x00U\x00S\
\x00E\x00R\x00A\x00P\x00P\x00D\x00A\x00T\
\x00A\x00D\x00I\x00R\x00/\x00M\x00o\x00d\
\x00/\x00o\x00f\x00f\x00l\x00i\x00n\x00e\
\x00-\x00d\x00o\x00c\x00u\x00m\x00e\x00n\
\x00t\x00a\x00t\x00i\x00o\x00n\x00)\x00.\
\x08\x00\x00\x00\x00\x06\x00\x00\x01fSet th\
is to a custom U\
RL or the folder\
 where the help \
files are locate\
d.\x0aYou can easil\
y download the d\
ocumentation for\
 offline use by \
using the Addon\x0a\
Manager and inst\
alling the \x22offl\
ine-documentatio\
n\x22 addon. If thi\
s\x0afield is left \
blank, FreeCAD w\
ill automaticall\
y search for the\
 help files at\x0at\
he default locat\
ion ($USERAPPDAT\
ADIR/Mod/offline\
-documentation).\
\x07\x00\x00\x00\x04Form\x01\x03\x00\x00\x00\x0a\x00\
L\x00\xe4\x00h\x00d\x00e\x08\x00\x00\x00\x00\x06\x00\
\x00\x00\x06Source\x07\x00\x00\x00\x04Fo\
rm\x01\x03\x00\x00\x00\xf0\x00S\x00p\x00e\x00c\
\x00i\x00f\x00y\x00 \x00t\x00h\x00e\x00 \
\x00p\x00a\x00t\x00h\x00 \x00t\x00o\x00 \
\x00a\x00n\x00 \x00a\x00l\x00t\x00e\x00r\
\x00n\x00a\x00t\x00i\x00v\x00e\x00 \x00C\
\x00S\x00S\x00 \x00f\x00i\x00l\x00e\x00 \
\x00f\x00o\x00r\x00 \x00s\x00t\x00y\x00l\
\x00i\x00n\x00g\x00 \x00M\x00a\x00r\x00k\
\x00d\x00o\x00w\x00n\x00 \x00p\x00a\x00g\
\x00e\x00s\x00.\x00\x0a\x00T\x00h\x00i\x00s\
\x00 \x00o\x00n\x00l\x00y\x00 \x00a\x00p\
\x00p\x00l\x00i\x00e\x00s\x00 \x00i\x00f\
\x00 \x00M\x00a\x00r\x00k\x00d\x00o\x00w\
\x00n\x00 \x00i\x00s\x00 \x00s\x00e\x00l\
\x00e\x00c\x00t\x00e\x00d\x00 \x00a\x00b\
\x00o\x00v\x00e\x00.\x08\x00\x00\x00\x00\x06\x00\x00\
\x00xSpecify the pa\
th to an alterna\
tive CSS file fo\
r styling Markdo\
wn pages.\x0aThis o\
nly applies if M\
arkdown is selec\
ted above.\x07\x00\x00\x00\x04F\
orm\x01\x03\x00\x00\x02d\x00T\x00h\x00e\x00\
 \x00d\x00o\x00c\x00u\x00m\x00e\x00n\x00\
t\x00a\x00t\x00i\x00o\x00n\x00 \x00p\x00\
a\x00g\x00e\x00s\x00 \x00w\x00i\x00l\x00\
l\x00 \x00b\x00e\x00 \x00f\x00e\x00t\x00\
c\x00h\x00e\x00d\x00 \x00f\x00r\x00o\x00\
m\x00 \x00a\x00n\x00 \x00a\x00u\x00t\x00\
o\x00m\x00a\x00t\x00i\x00c\x00 \x00M\x00\
a\x00r\x00k\x00d\x00o\x00w\x00n\x00 \x00\
c\x00o\x00n\x00v\x00e\x00r\x00s\x00i\x00\
o\x00n\x00\x0a\x00o\x00f\x00 \x00t\x00h\x00\
e\x00 \x00F\x00r\x00e\x00e\x00C\x00A\x00\
D\x00 \x00w\x00i\x00k\x00i\x00,\x00h\x00\
o\x00s\x00t\x00e\x00d\x00 \x00o\x00n\x00\
 \x00F\x00r\x00e\x00e\x00C\x00A\x00D\x00\
'\x00s\x00 \x00G\x00i\x00t\x00H\x00u\x00\
b\x00 \x00a\x00c\x00c\x00o\x00u\x00n\x00\
t\x00.\x00 \x00T\x00h\x00i\x00s\x00 \x00\
c\x00a\x00n\x00 \x00b\x00e\x00 \x00s\x00\
t\x00y\x00l\x00e\x00d\x00 \x00w\x00i\x00\
t\x00h\x00 \x00a\x00\x0a\x00c\x00u\x00s\x00\
t\x00o\x00m\x00 \x00s\x00t\x00y\x00l\x00\
e\x00s\x00h\x00e\x00e\x00t\x00 \x00b\x00\
e\x00l\x00o\x00w\x00 \x00a\x00n\x00d\x00\
 \x00c\x00a\x00n\x00 \x00l\x00o\x00o\x00\
k\x00 \x00n\x00i\x00c\x00e\x00r\x00 \x00\
t\x00h\x00a\x00n\x00 \x00t\x00h\x00e\x00\
 \x00w\x00i\x00k\x00i\x00 \x00o\x00p\x00\
t\x00i\x00o\x00n\x00.\x00 \x00T\x00h\x00\
e\x00 \x00'\x00M\x00a\x00r\x00k\x00d\x00\
o\x00w\x00n\x00'\x00 \x00o\x00r\x00\x0a\x00\
'\x00P\x00a\x00n\x00d\x00o\x00c\x00'\x00\
 \x00P\x00y\x00t\x00h\x00o\x00n\x00 \x00\
m\x00o\x00d\x00u\x00l\x00e\x00 \x00s\x00\
h\x00o\x00u\x00l\x00d\x00 \x00b\x00e\x00\
 \x00i\x00n\x00s\x00t\x00a\x00l\x00l\x00\
e\x00d\x00 \x00f\x00o\x00r\x00 \x00o\x00\
p\x00t\x00i\x00m\x00a\x00l\x00 \x00r\x00\
e\x00s\x00u\x00l\x00t\x00s\x00.\x08\x00\x00\
\x00\x00\x06\x00\x00\x012The docum\
entation pages w\
ill be fetched f\
rom an automatic\
 Markdown conver\
sion\x0aof the Free\
CAD wiki,hosted \
on FreeCAD's Git\
Hub account. Thi\
s can be styled \
with a\x0acustom st\
ylesheet below a\
nd can look nice\
r than the wiki \
option. The 'Mar\
kdown' or\x0a'Pando\
c' Python module\
 should be insta\
lled for optimal\
 results.\x07\x00\x00\x00\x04Fo\
rm\x01\x03\x00\x00\x00\xc2\x00T\x00h\x00e\x00 \
\x00d\x00o\x00c\x00u\x00m\x00e\x00n\x00t\
\x00a\x00t\x00i\x00o\x00n\x00 \x00p\x00a\
\x00g\x00e\x00s\x00 \x00w\x00i\x00l\x00l\
\x00 \x00b\x00e\x00 \x00f\x00e\x00t\x00c\
\x00h\x00e\x00d\x00 \x00f\x00r\x00o\x00m\
\x00 \x00t\x00h\x00e\x00 \x00o\x00f\x00f\
\x00i\x00c\x00i\x00a\x00l\x00\x0a\x00F\x00r\
\x00e\x00e\x00C\x00A\x00D\x00w\x00i\x00k\
\x00i\x00 \x00a\x00t\x00 \x00h\x00t\x00t\
\x00p\x00s\x00:\x00/\x00/\x00w\x00i\x00k\
\x00i\x00.\x00f\x00r\x00e\x00e\x00c\x00a\
\x00d\x00.\x00o\x00r\x00g\x08\x00\x00\x00\x00\x06\
\x00\x00\x00aThe document\
ation pages will\
 be fetched from\
 the official\x0aFr\
eeCADwiki at htt\
ps://wiki.freeca\
d.org\x07\x00\x00\x00\x04Form\x01\x03\
\x00\x00\x00\xfa\x00T\x00h\x00e\x00 \x00d\x00o\
\x00c\x00u\x00m\x00e\x00n\x00t\x00a\x00t\
\x00i\x00o\x00n\x00 \x00w\x00i\x00l\x00l\
\x00 \x00o\x00p\x00e\x00n\x00 \x00i\x00n\
\x00 \x00a\x00 \x00n\x00e\x00w\x00 \x00t\
\x00a\x00b\x00 \x00i\x00n\x00s\x00i\x00d\
\x00e\x00 \x00t\x00h\x00e\x00 \x00F\x00r\
\x00e\x00e\x00C\x00A\x00D\x00 \x00i\x00n\
\x00t\x00e\x00r\x00f\x00a\x00c\x00e\x00.\
\x00 \x00T\x00h\x00i\x00s\x00 \x00r\x00e\
\x00q\x00u\x00i\x00r\x00e\x00s\x00 \x00t\
\x00h\x00e\x00 \x00P\x00y\x00S\x00i\x00d\
\x00e\x00 \x00Q\x00t\x00W\x00e\x00b\x00e\
\x00n\x00g\x00i\x00n\x00e\x00W\x00i\x00d\
\x00g\x00e\x00t\x00s\x00 \x00c\x00o\x00m\
\x00p\x00o\x00n\x00e\x00n\x00t\x00.\x08\x00\
\x00\x00\x00\x06\x00\x00\x00}The docu\
mentation will o\
pen in a new tab\
 inside the Free\
CAD interface. T\
his requires the\
 PySide QtWebeng\
ineWidgets compo\
nent.\x07\x00\x00\x00\x04Form\x01\x03\
\x00\x00\x00l\x00T\x00h\x00e\x00 \x00d\x00o\
\x00c\x00u\x00m\x00e\x00n\x00t\x00a\x00t\
\x00i\x00o\x00n\x00 \x00w\x00i\x00l\x00l\
\x00 \x00o\x00p\x00e\x00n\x00 \x00i\x00n\
\x00 \x00t\x00h\x00e\x00 \x00d\x00e\x00f\
\x00a\x00u\x00l\x00t\x00 \x00w\x00e\x00b\
\x00 \x00b\x00r\x00o\x00w\x00s\x00e\x00r\
\x08\x00\x00\x00\x00\x06\x00\x00\x006The do\
cumentation will\
 open in the def\
ault web browser\
\x07\x00\x00\x00\x04Form\x01\x03\x00\x00\x00$\x00\
T\x00r\x00a\x00n\x00s\x00l\x00a\x00t\x00\
i\x00o\x00n\x00 \x00s\x00u\x00f\x00f\x00\
i\x00x\x08\x00\x00\x00\x00\x06\x00\x00\x00\x12Tra\
nslation suffix\x07\
\x00\x00\x00\x04Form\x01\x03\x00\x00\x00\xe6\x00C\
\x00o\x00n\x00t\x00e\x00n\x00t\x00s\x00 \
\x00f\x00o\x00r\x00 \x00t\x00h\x00i\x00s\
\x00 \x00p\x00a\x00g\x00e\x00 \x00c\x00o\
\x00u\x00l\x00d\x00 \x00n\x00o\x00t\x00 \
\x00b\x00e\x00 \x00r\x00e\x00t\x00r\x00i\
\x00e\x00v\x00e\x00d\x00.\x00 \x00P\x00l\
\x00e\x00a\x00s\x00e\x00 \x00c\x00h\x00e\
\x00c\x00k\x00 \x00s\x00e\x00t\x00t\x00i\
\x00n\x00g\x00s\x00 \x00u\x00n\x00d\x00e\
\x00r\x00 \x00m\x00e\x00n\x00u\x00 \x00E\
\x00d\x00i\x00t\x00 !\x92\x00 \x00P\x00r\
\x00e\x00f\x00e\x00r\x00e\x00n\x00c\x00e\
\x00s\x00 !\x92\x00 \x00G\x00e\x00n\x00e\
\x00r\x00a\x00l\x00 !\x92\x00 \x00H\x00e\
\x00l\x00p\x08\x00\x00\x00\x00\x06\x00\x00\x00yCo\
ntents for this \
page could not b\
e retrieved. Ple\
ase check settin\
gs under menu Ed\
it \xe2\x86\x92 Preferenc\
es \xe2\x86\x92 General \xe2\
\x86\x92 Help\x07\x00\x00\x00\x04Help\
\x01\x03\x00\x00\x00\x08\x00O\x00h\x00j\x00e\x08\x00\
\x00\x00\x00\x06\x00\x00\x00\x04Help\x07\x00\x00\x00\
\x04Help\x01\x03\x00\x00\x00\xe2\x00H\x00e\x00\
l\x00p\x00 \x00f\x00i\x00l\x00e\x00s\x00\
 \x00l\x00o\x00c\x00a\x00t\x00i\x00o\x00\
n\x00 \x00c\x00o\x00u\x00l\x00d\x00 \x00\
n\x00o\x00t\x00 \x00b\x00e\x00 \x00d\x00\
e\x00t\x00e\x00r\x00m\x00i\x00n\x00e\x00\
d\x00.\x00 \x00P\x00l\x00e\x00a\x00s\x00\
e\x00 \x00c\x00h\x00e\x00c\x00k\x00 \x00\
s\x00e\x00t\x00t\x00i\x00n\x00g\x00s\x00\
 \x00u\x00n\x00d\x00e\x00r\x00 \x00m\x00\
e\x00n\x00u\x00 \x00E\x00d\x00i\x00t\x00\
 !\x92\x00 \x00P\x00r\x00e\x00f\x00e\x00\
r\x00e\x00n\x00c\x00e\x00s\x00 !\x92\x00\
 \x00G\x00e\x00n\x00e\x00r\x00a\x00l\x00\
 !\x92\x00 \x00H\x00e\x00l\x00p\x08\x00\x00\
\x00\x00\x06\x00\x00\x00wHelp file\
s location could\
 not be determin\
ed. Please check\
 settings under \
menu Edit \xe2\x86\x92 Pr\
eferences \xe2\x86\x92 Ge\
neral \xe2\x86\x92 Help\x07\x00\
\x00\x00\x04Help\x01\x03\x00\x00\x00\xe0\x00P\x00\
y\x00S\x00i\x00d\x00e\x00 \x00Q\x00t\x00\
W\x00e\x00b\x00E\x00n\x00g\x00i\x00n\x00\
e\x00W\x00i\x00d\x00g\x00e\x00t\x00s\x00\
 \x00-\x00m\x00o\x00d\x00u\x00u\x00l\x00\
i\x00a\x00 \x00e\x00i\x00 \x00o\x00l\x00\
e\x00 \x00s\x00a\x00a\x00t\x00a\x00v\x00\
i\x00l\x00l\x00a\x00.\x00 \x00O\x00h\x00\
j\x00e\x00e\x00n\x00 \x00r\x00e\x00n\x00\
d\x00e\x00r\x00\xf6\x00i\x00n\x00t\x00i\x00\
 \x00t\x00a\x00p\x00a\x00h\x00t\x00u\x00\
u\x00 \x00j\x00\xe4\x00r\x00j\x00e\x00s\x00\
t\x00e\x00l\x00m\x00\xe4\x00n\x00 \x00o\x00\
l\x00e\x00t\x00u\x00s\x00s\x00e\x00l\x00\
a\x00i\x00m\x00e\x00l\x00l\x00a\x08\x00\x00\
\x00\x00\x06\x00\x00\x00aPySide Qt\
WebEngineWidgets\
 module is not a\
vailable. Help r\
endering is done\
 with the system\
 browser\x07\x00\x00\x00\x04Hel\
p\x01\x03\x00\x00\x01p\x00T\x00h\x00e\x00r\x00\
e\x00 \x00i\x00s\x00 \x00n\x00o\x00 \x00\
M\x00a\x00r\x00k\x00d\x00o\x00w\x00n\x00\
 \x00r\x00e\x00n\x00d\x00e\x00r\x00e\x00\
r\x00 \x00i\x00n\x00s\x00t\x00a\x00l\x00\
l\x00e\x00d\x00 \x00o\x00n\x00 \x00y\x00\
o\x00u\x00r\x00 \x00s\x00y\x00s\x00t\x00\
e\x00m\x00,\x00 \x00s\x00o\x00 \x00t\x00\
h\x00i\x00s\x00 \x00h\x00e\x00l\x00p\x00\
 \x00p\x00a\x00g\x00e\x00 \x00i\x00s\x00\
 \x00r\x00e\x00n\x00d\x00e\x00r\x00e\x00\
d\x00 \x00a\x00s\x00 \x00i\x00s\x00.\x00\
 \x00P\x00l\x00e\x00a\x00s\x00e\x00 \x00\
i\x00n\x00s\x00t\x00a\x00l\x00l\x00 \x00\
t\x00h\x00e\x00 \x00M\x00a\x00r\x00k\x00\
d\x00o\x00w\x00n\x00 \x00o\x00r\x00 \x00\
P\x00a\x00n\x00d\x00o\x00c\x00 \x00P\x00\
y\x00t\x00h\x00o\x00n\x00 \x00m\x00o\x00\
d\x00u\x00l\x00e\x00s\x00 \x00t\x00o\x00\
 \x00i\x00m\x00p\x00r\x00o\x00v\x00e\x00\
 \x00t\x00h\x00e\x00 \x00r\x00e\x00n\x00\
d\x00e\x00r\x00i\x00n\x00g\x00 \x00o\x00\
f\x00 \x00t\x00h\x00i\x00s\x00 \x00p\x00\
a\x00g\x00e\x00.\x08\x00\x00\x00\x00\x06\x00\x00\x00\
\xb8There is no Mar\
kdown renderer i\
nstalled on your\
 system, so this\
 help page is re\
ndered as is. Pl\
ease install the\
 Markdown or Pan\
doc Python modul\
es to improve th\
e rendering of t\
his page.\x07\x00\x00\x00\x04He\
lp\x01\x03\x00\x00\x00\x0e\x00Y\x00l\x00e\x00i\
\x00s\x00e\x00t\x08\x00\x00\x00\x00\x06\x00\x00\x00\x07\
General\x07\x00\x00\x00\x07QObj\
ect\x01\x88\x00\x00\x00\x02\x01\x01\
\x00\x00!\xf4\
<\
\xb8d\x18\xca\xef\x9c\x95\xcd!\x1c\xbf`\xa1\xbd\xdd\xa7\
\x00\x00\x00\x02ltB\x00\x00\x00\xe8\x00\x04\xec0\x00\
\x00\x03]\x00\x04\xec0\x00\x00\x1b*\x018!.\x00\
\x00\x0c\x04\x01\x82\xc62\x00\x00\x1c\xdc\x01\xea\x04\x84\x00\
\x00\x11\xbf\x04\x1e\xf1\x82\x00\x00\x03\x88\x04Dm9\x00\
\x00\x02\xa9\x04\x89?'\x00\x00\x03\xd5\x04\xde1)\x00\
\x00\x04\xc8\x05j\x8b*\x00\x00\x00\x00\x05\xa6\xc8\x95\x00\
\x00\x0b\xd5\x05\xf5D^\x00\x00\x15\x8b\x06\x19\xd5\x90\x00\
\x00\x19\xb1\x06p~\x04\x00\x00\x14\x0c\x06{\x06\x03\x00\
\x00\x07\x1e\x09\x1c\x10\x80\x00\x00\x1bU\x09\x82\xac\xae\x00\
\x00\x00\xd1\x09\xb7\x0c\xba\x00\x00\x00w\x09\xe6\xba\xae\x00\
\x00\x16^\x0auc\xd7\x00\x00\x10u\x0b\x0ar\xc9\x00\
\x00\x02s\x0b\xe1\xcb\x8e\x00\x00\x17\x8a\x0dQ}\xf2\x00\
\x00\x04F\x0d\xc4\xc8<\x00\x00 \xa3\x0e*j\xae\x00\
\x00\x1e.\x0ek8\x9e\x00\x00\x07P\x0e\xca\x08\x89\x00\
\x00\x03\x17\x0f-\x13\xae\x00\x00\x02'\x0f8s\xa7\x00\
\x00\x05(i\x00\x00 \xda\x03\x00\x00\x00F\x00 \x00\
 \x00 \x00 \x00 \x00 \x00P\x00a\x00s\x00\
i\x00r\x00i\x00n\x00k\x00t\x00i\x00n\x00\
i\x00s\x00 \x00s\x00t\x00i\x00l\x00i\x00\
a\x00u\x00s\x00 \x00l\x00a\x00p\x00a\x00\
s\x00:\x08\x00\x00\x00\x00\x06\x00\x00\x00\x18   \
   Custom styles\
heet:\x07\x00\x00\x00\x04Form\x01\x03\
\x00\x00\x00*\x00 \x00 \x00 \x00 \x00V\x00e\
\x00r\x00t\x00i\x00m\x00o\x00 \x00p\x00r\
\x00i\x00e\x00s\x00a\x00g\x00a\x00:\x08\x00\
\x00\x00\x00\x06\x00\x00\x00\x17    Tran\
slation suffix:\x07\
\x00\x00\x00\x04Form\x01\x03\x00\x00\x00\xe0\x00V\
\x00e\x00r\x00t\x00i\x00m\x00o\x00 \x00p\
\x00r\x00i\x00e\x00s\x00a\x00g\x00a\x00,\
\x00 \x00k\x00u\x00r\x00i\x01\x05\x00 \x00r\
\x00e\x00i\x00k\x00i\x00a\x00 \x00n\x00a\
\x00u\x00d\x00o\x00t\x00i\x00,\x00 \x00p\
\x00a\x00v\x00y\x00z\x00d\x01~\x00i\x00u\
\x00i\x00,\x00 \x00\x22\x00l\x00t\x00\x22\x00,\
\x00 \x00t\x00a\x00m\x00,\x00 \x00k\x00a\
\x00d\x00 \x00g\x00a\x00u\x00t\x00u\x00m\
\x01\x17\x00t\x00e\x00 \x00d\x00o\x00k\x00u\
\x00m\x00e\x00n\x00t\x00o\x00 \x00v\x00e\
\x00r\x00t\x00i\x00m\x01\x05\x00 \x01/\x00 \
\x00l\x00i\x00e\x00t\x00u\x00v\x00i\x01s\
\x00 \x00k\x00a\x00l\x00b\x01\x05\x00.\x08\x00\
\x00\x00\x00\x06\x00\x00\x00]A transl\
ation suffix to \
use, for example\
 \x22fr\x22\x0ato get Fre\
nch translation \
of the documenta\
tion.\x07\x00\x00\x00\x04Form\x01\x03\
\x00\x00\x00$\x00P\x00a\x00s\x00i\x00r\x00i\
\x00n\x00k\x00t\x00i\x00n\x01\x17\x00 \x00v\
\x00i\x00e\x00t\x00a\x08\x00\x00\x00\x00\x06\x00\x00\
\x00\x0fCustom locatio\
n\x07\x00\x00\x00\x04Form\x01\x03\x00\x00\x00\x16\
\x00V\x00a\x00i\x00z\x00d\x00a\x00v\x00i\
\x00m\x00a\x00s\x08\x00\x00\x00\x00\x06\x00\x00\x00\x07\
Display\x07\x00\x00\x00\x04Form\
\x01\x03\x00\x00\x00@ \x1e\x00F\x00r\x00e\x00e\
\x00C\x00A\x00D \x1c\x00 \x00w\x00i\x00k\
\x00i\x00 \x00p\x00u\x00s\x00l\x00a\x00p\
\x00i\x00s\x00 \x00(\x00t\x00i\x00n\x00k\
\x00l\x00e\x00)\x08\x00\x00\x00\x00\x06\x00\x00\x00\x15\
FreeCAD Wiki (on\
line)\x07\x00\x00\x00\x04Form\x01\x03\
\x00\x00\x00\x1e\x00G\x00i\x00t\x00H\x00u\x00b\
\x00 \x00(\x00t\x00i\x00n\x00k\x00l\x00e\
\x00)\x08\x00\x00\x00\x00\x06\x00\x00\x00\x0fGitH\
ub (online)\x07\x00\x00\x00\x04\
Form\x01\x03\x00\x00\x00\x0e\x01}\x00i\x00n\
\x00y\x00n\x00a\x00s\x08\x00\x00\x00\x00\x06\x00\x00\
\x00\x04Help\x07\x00\x00\x00\x04Form\x01\
\x03\x00\x00\x00$ \x1e\x00F\x00r\x00e\x00e\x00\
C\x00A\x00D \x1c\x00 \x00s\x00k\x00i\x00\
r\x00t\x00u\x00k\x00e\x08\x00\x00\x00\x00\x06\x00\
\x00\x00\x10In a FreeCAD \
tab\x07\x00\x00\x00\x04Form\x01\x03\x00\x00\
\x008\x00A\x00t\x00s\x00k\x00i\x00r\x00a\
\x00m\x00e\x00,\x00 \x01/\x00t\x00e\x00r\
\x00p\x00i\x00a\x00m\x00a\x00m\x00e\x00 \
\x00l\x00a\x00n\x00g\x00e\x08\x00\x00\x00\x00\x06\
\x00\x00\x00 In a separat\
e, embeddable di\
alog\x07\x00\x00\x00\x04Form\x01\x03\x00\
\x00\x00N\x00J\x01k\x00s\x01s\x00 \x00n\x00\
u\x00m\x00a\x00t\x00y\x00t\x00o\x00j\x00\
e\x00 \x01~\x00i\x00n\x00i\x00a\x00t\x00\
i\x00n\x00k\x00l\x00i\x00o\x00 \x00n\x00\
a\x00r\x01a\x00y\x00k\x00l\x01\x17\x00j\x00\
e\x08\x00\x00\x00\x00\x06\x00\x00\x00\x1bIn yo\
ur default web b\
rowser\x07\x00\x00\x00\x04Form\x01\
\x03\x00\x00\x00.\x00M\x00a\x00r\x00k\x00d\x00\
o\x00w\x00n\x00 \x00l\x00a\x00i\x00d\x00\
a\x00 \x00(\x00t\x00i\x00n\x00k\x00l\x00\
e\x00)\x08\x00\x00\x00\x00\x06\x00\x00\x00\x19Mar\
kdown version (o\
nline)\x07\x00\x00\x00\x04Form\x01\
\x03\x00\x00\x01P\x00P\x00a\x00s\x00t\x00a\x00\
b\x00a\x00:\x00 \x00j\x00e\x00i\x00  \
\x1e\x00P\x00y\x00S\x00i\x00d\x00e\x00 \x00\
W\x00e\x00b \x1c\x00 \x00k\x00o\x00m\x00\
p\x00o\x00n\x00e\x00n\x00t\x00a\x00i\x00\
 \x00j\x01k\x00s\x01s\x00 \x00s\x00i\x00\
s\x00t\x00e\x00m\x00o\x00j\x00e\x00 \x00\
n\x00e\x00r\x00a\x00n\x00d\x00a\x00m\x00\
i\x00,\x00 \x01~\x00i\x00n\x00y\x00n\x00\
o\x00 \x00p\x00u\x00s\x00l\x00a\x00p\x00\
i\x00a\x00i\x00 \x00b\x00u\x00s\x00 \x00\
a\x00t\x00i\x00d\x00a\x00r\x00o\x00m\x00\
i\x00 \x00n\x00u\x00m\x00a\x00t\x00y\x00\
t\x00o\x00j\x00o\x00j\x00e\x00 \x01~\x00\
i\x00n\x00i\x00a\x00t\x00i\x00n\x00k\x00\
l\x00i\x00o\x00 \x00n\x00a\x00r\x01a\x00\
y\x00k\x00l\x01\x17\x00j\x00e\x00,\x00 \x00\
n\x00e\x00p\x00a\x00i\x00s\x00a\x00n\x00\
t\x00 \x00t\x00o\x00l\x00i\x00a\x00u\x00\
 \x00p\x00a\x00t\x00e\x00i\x00k\x00t\x01\
s\x00 \x00p\x00a\x00r\x00i\x00n\x00k\x01\
\x0d\x00i\x01s\x08\x00\x00\x00\x00\x06\x00\x00\x00\x8dN\
ote: if PySide W\
eb components ar\
e not found on y\
our system, help\
 pages will open\
 in your default\
 web browser reg\
ardless of the o\
ptions below\x07\x00\x00\x00\
\x04Form\x01\x03\x00\x00\x00\x12\x00P\x00a\x00\
r\x00i\x00n\x00k\x00t\x00y\x00s\x08\x00\x00\
\x00\x00\x06\x00\x00\x00\x07Options\x07\x00\
\x00\x00\x04Form\x01\x03\x00\x00\x03\x06\x00N\x00\
u\x00s\x00t\x00a\x00t\x00y\x00k\x00i\x00\
t\x00e\x00 \x00p\x00a\x00s\x00i\x00r\x00\
i\x00n\x00k\x00t\x00i\x00n\x01/\x00 \x00\
U\x00R\x00L\x00 \x00a\x00r\x00b\x00a\x00\
 \x00a\x00p\x00l\x00a\x00n\x00k\x01\x05\x00\
,\x00 \x00k\x00u\x00r\x00i\x00a\x00m\x00\
e\x00 \x00y\x00r\x00a\x00 \x01~\x00i\x00\
n\x00y\x00n\x00o\x00 \x00f\x00a\x00i\x00\
l\x00a\x00i\x00.\x00 \x00G\x00a\x00l\x00\
i\x00t\x00e\x00 \x00l\x00e\x00n\x00g\x00\
v\x00a\x00i\x00 \x00a\x00t\x00s\x00i\x00\
s\x00i\x01s\x00s\x00t\x00i\x00 \x00d\x00\
o\x00k\x00u\x00m\x00e\x00n\x00t\x00a\x00\
c\x00i\x00j\x01\x05\x00,\x00 \x00s\x00k\x00\
i\x00r\x00t\x01\x05\x00 \x00n\x00a\x00u\x00\
d\x00o\x00j\x00i\x00m\x00u\x00i\x00 \x00\
n\x00e\x00p\x00r\x00i\x00s\x00i\x00j\x00\
u\x00n\x00g\x00u\x00s\x00,\x00 \x00n\x00\
a\x00u\x00d\x00o\x00d\x00a\x00m\x00i\x00\
 \x00P\x00a\x00p\x00i\x00l\x00d\x00i\x00\
n\x00i\x01s\x00 \x00t\x00v\x00a\x00r\x00\
k\x00y\x00k\x00l\x01\x19\x00 \x00i\x00r\x00\
 \x01/\x00d\x00i\x00e\x00g\x01\x19\x00 \x00\
\x22\x00d\x00o\x00k\x00u\x00m\x00e\x00n\x00\
t\x00a\x00c\x00i\x00j\x01\x05\x00,\x00 \x00\
d\x00a\x00r\x00b\x00u\x00i\x00 \x00n\x00\
e\x00p\x00r\x00i\x00s\x00i\x00j\x00u\x00\
n\x00g\x00u\x00s\x00 \x00p\x00r\x00i\x00\
e\x00 \x00t\x00i\x00n\x00k\x00l\x00o\x00\
\x22\x00 \x00p\x00a\x00p\x00i\x00l\x00d\x00\
i\x00n\x01/\x00.\x00 \x00J\x00e\x00i\x00\
 \x01a\x00i\x00s\x00 \x00l\x00a\x00u\x00\
k\x00a\x00s\x00 \x00p\x00a\x00l\x00i\x00\
e\x00k\x00a\x00m\x00a\x00s\x00 \x00t\x00\
u\x01a\x01\x0d\x00i\x00a\x00s\x00,\x00  \
\x1e\x00F\x00r\x00e\x00e\x00C\x00A\x00D \
\x1c\x00 \x00a\x00u\x00t\x00o\x00m\x00a\x00\
t\x00i\x01a\x00k\x00a\x00i\x00 \x00i\x00\
e\x01a\x00k\x00o\x00s\x00 \x01~\x00i\x00\
n\x00y\x00n\x00o\x00 \x00f\x00a\x00i\x00\
l\x01s\x00 \x00n\x00u\x00m\x00a\x00t\x00\
y\x00t\x00o\x00j\x00e\x00 \x00v\x00i\x00\
e\x00t\x00o\x00j\x00e\x00 \x00(\x00$\x00\
U\x00S\x00E\x00R\x00A\x00P\x00P\x00D\x00\
A\x00T\x00A\x00D\x00I\x00R\x00/\x00M\x00\
o\x00d\x00/\x00o\x00f\x00f\x00l\x00i\x00\
n\x00e\x00-\x00d\x00o\x00c\x00u\x00m\x00\
e\x00n\x00t\x00a\x00t\x00i\x00o\x00n\x00\
)\x00.\x08\x00\x00\x00\x00\x06\x00\x00\x01fSet\
 this to a custo\
m URL or the fol\
der where the he\
lp files are loc\
ated.\x0aYou can ea\
sily download th\
e documentation \
for offline use \
by using the Add\
on\x0aManager and i\
nstalling the \x22o\
ffline-documenta\
tion\x22 addon. If \
this\x0afield is le\
ft blank, FreeCA\
D will automatic\
ally search for \
the help files a\
t\x0athe default lo\
cation ($USERAPP\
DATADIR/Mod/offl\
ine-documentatio\
n).\x07\x00\x00\x00\x04Form\x01\x03\x00\x00\
\x00\x10\x01`\x00a\x00l\x00t\x00i\x00n\x00i\
\x00s\x08\x00\x00\x00\x00\x06\x00\x00\x00\x06Sour\
ce\x07\x00\x00\x00\x04Form\x01\x03\x00\x00\x03\
&\x00D\x00o\x00k\x00u\x00m\x00e\x00n\x00\
t\x00a\x00c\x00i\x00j\x00o\x00s\x00 \x00\
p\x00u\x00s\x00l\x00a\x00p\x00i\x00a\x00\
i\x00 \x00b\x00u\x00s\x00 \x00g\x00a\x00\
u\x00t\x00i\x00 \x00F\x00r\x00e\x00e\x00\
C\x00A\x00D\x00 \x00w\x00i\x00k\x00i\x00\
 \x00p\x00u\x00s\x00l\x00a\x00p\x00i\x00\
u\x00s\x00,\x00 \x00s\x00a\x00u\x00g\x00\
o\x00m\x00u\x00s\x00 \x00F\x00r\x00e\x00\
e\x00C\x00A\x00D\x00 \x00G\x00i\x00t\x00\
H\x00u\x00b\x00 \x00p\x00a\x00s\x00k\x00\
y\x00r\x00o\x00j\x00e\x00,\x00 \x00p\x00\
a\x00v\x00e\x00r\x00t\x00u\x00s\x00 \x01\
/\x00 \x00M\x00a\x00r\x00k\x00d\x00o\x00\
w\x00n\x00 \x00f\x00o\x00r\x00m\x00a\x00\
t\x00o\x00 \x00d\x00o\x00k\x00u\x00m\x00\
e\x00n\x00t\x00u\x00s\x00.\x00 \x00D\x00\
o\x00k\x00u\x00m\x00e\x00n\x00t\x00a\x00\
i\x00 \x00g\x00a\x00l\x00i\x00 \x00b\x01\
k\x00t\x00i\x00 \x00s\x00t\x00i\x00l\x00\
i\x00z\x00u\x00o\x00t\x00i\x00 \x00p\x00\
a\x00s\x00i\x00t\x00e\x00l\x00k\x00u\x00\
s\x00 \x00t\x00i\x00n\x00k\x00i\x00n\x00\
t\x01\x05\x00 \x00s\x00t\x00i\x00l\x00i\x00\
a\x00u\x00s\x00 \x00l\x00e\x00n\x00t\x00\
e\x00l\x01\x19\x00,\x00 \x00p\x00a\x00t\x00\
e\x00i\x00k\x00t\x01\x05\x00 \x01~\x00e\x00\
m\x00i\x00a\x00u\x00 \x00i\x00r\x00 \x00\
g\x00a\x00l\x00i\x00 \x00a\x00t\x00r\x00\
o\x00d\x00y\x00t\x00i\x00 \x00g\x00r\x00\
a\x01~\x00i\x00a\x00u\x00 \x00n\x00e\x00\
i\x00 \x00w\x00i\x00k\x00i\x00 \x00p\x00\
a\x00r\x00i\x00n\x00k\x00t\x00i\x00s\x00\
.\x00  \x1e\x00M\x00a\x00r\x00k\x00d\x00\
o\x00w\x00n \x1c\x00;\x00 \x00a\x00r\x00\
b\x00a\x00  \x1e\x00P\x00a\x00n\x00d\x00\
o\x00c \x1c\x00 \x00P\x00y\x00t\x00h\x00\
o\x00n\x00'\x00o\x00 \x00m\x00o\x00d\x00\
u\x00l\x00i\x00s\x00 \x00t\x00u\x00r\x00\
i\x00 \x00b\x01k\x00t\x00i\x00 \x01/\x00\
d\x00i\x00e\x00g\x00t\x00a\x00s\x00,\x00\
 \x00n\x00o\x00r\x00i\x00n\x00t\x00 \x00\
p\x00a\x00s\x00i\x00e\x00k\x00t\x00i\x00\
 \x00o\x00p\x00t\x00i\x00m\x00a\x00l\x01\
s\x00 \x00r\x00e\x00z\x00u\x00l\x00t\x00\
a\x00t\x01\x05\x00.\x00\x0a\x00\x0a\x00P\x00a\x00\
g\x00e\x00 \x00t\x00r\x00a\x00n\x00s\x00\
l\x00a\x00t\x00i\x00o\x00n\x00 \x00i\x00\
s\x00 \x00b\x00u\x00i\x00l\x00t\x00 \x00\
i\x00n\x00t\x00o\x00 \x00C\x00h\x00r\x00\
o\x00m\x00e\x00.\x08\x00\x00\x00\x00\x06\x00\x00\x01\
2The documentati\
on pages will be\
 fetched from an\
 automatic Markd\
own conversion\x0ao\
f the FreeCAD wi\
ki,hosted on Fre\
eCAD's GitHub ac\
count. This can \
be styled with a\
\x0acustom styleshe\
et below and can\
 look nicer than\
 the wiki option\
. The 'Markdown'\
 or\x0a'Pandoc' Pyt\
hon module shoul\
d be installed f\
or optimal resul\
ts.\x07\x00\x00\x00\x04Form\x01\x03\x00\x00\
\x00\xd0\x00D\x00o\x00k\x00u\x00m\x00e\x00n\
\x00t\x00a\x00c\x00i\x00j\x00o\x00s\x00 \
\x00p\x00u\x00s\x00l\x00a\x00p\x00i\x00a\
\x00i\x00 \x00b\x00u\x00s\x00 \x00p\x00a\
\x00i\x00m\x00t\x00i\x00 \x00i\x01a\x00 \
\x00o\x00f\x00i\x00c\x00i\x00a\x00l\x00a\
\x00u\x00s\x00  \x1e\x00F\x00r\x00e\x00e\
\x00C\x00A\x00D\x00w\x00i\x00k\x00i \x1c\
\x00 \x00p\x00u\x00s\x00l\x00a\x00p\x00i\
\x00o\x00 \x00a\x00d\x00r\x00e\x00s\x00u\
\x00 \x00h\x00t\x00t\x00p\x00s\x00:\x00/\
\x00/\x00w\x00i\x00k\x00i\x00.\x00f\x00r\
\x00e\x00e\x00c\x00a\x00d\x00.\x00o\x00r\
\x00g\x08\x00\x00\x00\x00\x06\x00\x00\x00aThe \
documentation pa\
ges will be fetc\
hed from the off\
icial\x0aFreeCADwik\
i at https://wik\
i.freecad.org\x07\x00\x00\
\x00\x04Form\x01\x03\x00\x00\x01t\x00D\x00o\
\x00k\x00u\x00m\x00e\x00n\x00t\x00a\x00c\
\x00i\x00j\x00a\x00 \x00b\x00u\x00s\x00 \
\x00a\x00t\x00i\x00d\x00a\x00r\x00y\x00t\
\x00a\x00 \x01/\x00t\x00a\x00i\x00s\x00o\
\x00m\x00a\x00m\x00e\x00 \x00d\x00i\x00a\
\x00l\x00o\x00g\x00o\x00 \x00l\x00a\x00n\
\x00g\x00e\x00  \x1e\x00F\x00r\x00e\x00e\
\x00C\x00A\x00D \x1c\x00 \x00l\x00a\x00n\
\x00g\x00e\x00,\x00 \x00k\x00u\x00r\x00i\
\x00 \x00l\x00e\x00i\x00d\x01~\x00i\x00a\
\x00 \x00i\x01a\x00l\x00a\x00i\x00k\x00y\
\x00t\x00i\x00 \x00j\x01/\x00 \x00a\x00t\
\x00v\x00e\x00r\x00t\x01\x05\x00 \x00d\x00i\
\x00r\x00b\x00a\x00n\x00t\x00 \x00e\x00r\
\x00d\x00v\x00i\x00n\x00i\x00a\x00m\x00e\
\x00 \x00r\x00o\x00d\x00i\x00n\x00y\x00j\
\x00e\x00.\x00 \x00T\x00a\x00m\x00 \x00r\
\x00e\x00i\x00k\x00a\x00l\x00i\x00n\x00g\
\x00a\x00s\x00 \x00P\x00y\x00S\x00i\x00d\
\x00e\x00 \x00Q\x00t\x00W\x00e\x00b\x00e\
\x00n\x00g\x00i\x00n\x00e\x00W\x00i\x00d\
\x00g\x00e\x00t\x00s\x00 \x00k\x00o\x00m\
\x00p\x00o\x00n\x00e\x00n\x00t\x00a\x00s\
\x08\x00\x00\x00\x00\x06\x00\x00\x00\xc0The do\
cumentation will\
 open in a docka\
ble dialog insid\
e the FreeCAD wi\
ndow,\x0awhich allo\
ws you to keep i\
t open while wor\
king in the 3D v\
iew. This requir\
es the PySide Qt\
WebengineWidgets\
 component\x07\x00\x00\x00\x04F\
orm\x01\x03\x00\x00\x00\xea\x00D\x00o\x00k\x00\
u\x00m\x00e\x00n\x00t\x00a\x00c\x00i\x00\
j\x00a\x00 \x00b\x00u\x00s\x00 \x00a\x00\
t\x00i\x00d\x00a\x00r\x00y\x00t\x00a\x00\
 \x00n\x00a\x00u\x00j\x00a\x00m\x00e\x00\
  \x1e\x00F\x00r\x00e\x00e\x00C\x00A\x00\
D \x1c\x00 \x00s\x01\x05\x00s\x00a\x00j\x00\
o\x00s\x00 \x00s\x00k\x00i\x00r\x00t\x00\
u\x00k\x00e\x00.\x00 \x00T\x00a\x00m\x00\
 \x00r\x00e\x00i\x00k\x00a\x00l\x00i\x00\
n\x00g\x00a\x00s\x00 \x00P\x00y\x00S\x00\
i\x00d\x00e\x00 \x00Q\x00t\x00W\x00e\x00\
b\x00e\x00n\x00g\x00i\x00n\x00e\x00W\x00\
i\x00d\x00g\x00e\x00t\x00s\x00 \x00k\x00\
o\x00m\x00p\x00o\x00n\x00e\x00n\x00t\x00\
a\x00s\x08\x00\x00\x00\x00\x06\x00\x00\x00|The\
 documentation w\
ill open in a ne\
w tab inside the\
 FreeCAD interfa\
ce. This require\
s the PySide QtW\
ebengineWidgets \
component\x07\x00\x00\x00\x04Fo\
rm\x01\x03\x00\x00\x00\x82\x00D\x00o\x00k\x00u\
\x00m\x00e\x00n\x00t\x00a\x00c\x00i\x00j\
\x00a\x00 \x00b\x00u\x00s\x00 \x00a\x00t\
\x00i\x00d\x00a\x00r\x00y\x00t\x00a\x00 \
\x00n\x00u\x00m\x00a\x00t\x00y\x00t\x00o\
\x00j\x00o\x00j\x00e\x00 \x01~\x00i\x00n\
\x00i\x00a\x00t\x00i\x00n\x00k\x00l\x00i\
\x00o\x00 \x00n\x00a\x00r\x01a\x00y\x00k\
\x00l\x01\x17\x00j\x00e\x00.\x08\x00\x00\x00\x00\x06\
\x00\x00\x008The document\
ation will open \
in your default \
web browser.\x07\x00\x00\x00\
\x04Form\x01\x03\x00\x00\x00\xb0\x00B\x00u\x00\
s\x00 \x00p\x00a\x00i\x00m\x00t\x00a\x00\
 \x00d\x00o\x00k\x00u\x00m\x00e\x00n\x00\
t\x00a\x00c\x00i\x00j\x00a\x00 \x00i\x01\
a\x00 \x00p\x00u\x00s\x00l\x00a\x00p\x00\
i\x01s\x00,\x00 \x00p\x00a\x00t\x00e\x00\
i\x00k\x00t\x01s\x00  \x1e\x00G\x00i\x00\
t\x00H\x00u\x00b\x00'\x00e \x1c\x00.\x00\
\x0a\x00T\x00a\x00i\x00 \x01a\x00i\x00u\x00\
o\x00 \x00m\x00e\x00t\x00u\x00 \x00n\x00\
e\x00p\x00a\x00s\x00i\x00e\x00k\x00i\x00\
a\x00m\x00a\x00.\x00.\x00.\x08\x00\x00\x00\x00\
\x06\x00\x00\x00cThis will f\
etch the documen\
tation from page\
s rendered on Gi\
tHub.\x0aThis is cu\
rrently not avai\
lable...\x07\x00\x00\x00\x04For\
m\x01\x03\x00\x00\x01h\x00N\x00o\x00r\x01\x17\x00\
d\x00a\x00m\x00i\x00 \x00s\x00u\x00k\x00\
u\x00r\x00t\x00i\x00 \x00s\x00a\x00v\x01\
\x05\x00  \x1e\x00M\x00a\x00r\x00k\x00d\x00\
o\x00w\x00n \x1c\x00 \x00p\x00u\x00s\x00\
l\x00a\x00p\x00i\x01s\x00 \x00s\x00t\x00\
i\x00l\x00i\x01s\x00,\x00 \x01\x0d\x00i\x00\
a\x00 \x00g\x00a\x00l\x00i\x00t\x00e\x00\
 \x00n\x00u\x00r\x00o\x00d\x00y\x00t\x00\
i\x00 \x00k\x00e\x00l\x00i\x01\x05\x00 \x01\
/\x00 \x00a\x00l\x00t\x00e\x00r\x00n\x00\
a\x00t\x00y\x00v\x01s\x00 \x00n\x00a\x00\
u\x00d\x00o\x00t\x00i\x00n\x01\x05\x00 \x00\
C\x00S\x00S\x00 \x00f\x00a\x00i\x00l\x01\
\x05\x00.\x00 \x00T\x00a\x00i\x00 \x00v\x00\
e\x00i\x00k\x00s\x00 \x00t\x00i\x00k\x00\
 \x00t\x00u\x00o\x00 \x00a\x00t\x00v\x00\
e\x00j\x00u\x00,\x00 \x00j\x00e\x00i\x00\
 \x00a\x00u\x00k\x01a\x01\x0d\x00i\x00a\x00\
u\x00 \x00p\x00a\x00s\x00i\x00r\x00i\x00\
n\x00k\x00s\x00i\x00t\x00e\x00  \x1e\x00\
M\x00a\x00r\x00k\x00d\x00o\x00w\x00n \
\x1c\x00 \x00l\x00a\x00i\x00d\x01\x05\x00.\x08\
\x00\x00\x00\x00\x06\x00\x00\x00\xa6You can\
 here indicate t\
he path to an al\
ternative CSS fi\
le to be used\x0ato\
 style the Markd\
own pages. This \
will only work i\
f you have selec\
ted the\x0aMarkdown\
 version above.\x07\
\x00\x00\x00\x04Form\x01\x03\x00\x00\x00\xea\x01`\
\x00i\x00o\x00 \x00p\x00u\x00s\x00l\x00a\
\x00p\x00i\x00o\x00 \x00t\x00u\x00r\x00i\
\x00n\x00i\x00o\x00 \x00n\x00e\x00p\x00a\
\x00v\x00y\x00k\x00o\x00 \x00n\x00u\x00s\
\x00k\x00a\x00i\x00t\x00y\x00t\x00i\x00.\
\x00 \x00P\x00a\x00t\x00i\x00k\x00r\x00i\
\x00n\x00k\x00i\x00t\x00e\x00 \x00n\x00u\
\x00s\x00t\x00a\x00t\x00y\x00m\x00u\x00s\
\x00 \x00m\x00e\x00n\x00i\x00u\x00 \x00T\
\x00a\x00i\x00s\x00y\x00t\x00i\x00 \x00-\
\x00>\x00 \x00P\x00a\x00r\x00i\x00n\x00k\
\x00t\x00y\x00s\x00  \x13\x00>\x00 \x00B\
\x00e\x00n\x00d\x00r\x00o\x00s\x00i\x00o\
\x00s\x00  \x13\x00>\x00 \x01}\x00i\x00n\
\x00y\x00n\x00a\x00s\x08\x00\x00\x00\x00\x06\x00\x00\
\x00vContents for t\
his page could n\
ot be retrieved.\
 Please check se\
ttings under men\
u Edit -> Prefer\
ences -> General\
 -> Help\x07\x00\x00\x00\x04Hel\
p\x01\x03\x00\x00\x00\x0e\x01}\x00i\x00n\x00y\x00\
n\x00a\x00s\x08\x00\x00\x00\x00\x06\x00\x00\x00\x04H\
elp\x07\x00\x00\x00\x04Help\x01\x03\x00\x00\
\x00\xfa\x01}\x00i\x00n\x00y\x00n\x00o\x00 \
\x00f\x00a\x00i\x00l\x01s\x00 \x00t\x00a\
\x00l\x00p\x00i\x00n\x00i\x00m\x00o\x00 \
\x00v\x00i\x00e\x00t\x00o\x00s\x00 \x00n\
\x00e\x00p\x00a\x00v\x00y\x00k\x00o\x00 \
\x00n\x00u\x00s\x00t\x00a\x00t\x00y\x00t\
\x00i\x00.\x00 \x00P\x00a\x00t\x00i\x00k\
\x00r\x00i\x00n\x00k\x00i\x00t\x00e\x00 \
\x00n\x00u\x00s\x00t\x00a\x00t\x00y\x00m\
\x00u\x00s\x00 \x00m\x00e\x00n\x00i\x00u\
\x00 \x00T\x00a\x00i\x00s\x00y\x00t\x00i\
\x00 \x00-\x00>\x00 \x00P\x00a\x00r\x00i\
\x00n\x00k\x00t\x00y\x00s\x00  \x13\x00>\
\x00 \x00B\x00e\x00n\x00d\x00r\x00o\x00s\
\x00i\x00o\x00s\x00  \x13\x00>\x00 \x01}\
\x00i\x00n\x00y\x00n\x00a\x00s\x08\x00\x00\x00\
\x00\x06\x00\x00\x00tHelp files\
 location could \
not be determine\
d. Please check \
settings under m\
enu Edit -> Pref\
erences -> Gener\
al -> Help\x07\x00\x00\x00\x04H\
elp\x01\x03\x00\x00\x00\xd8\x00P\x00y\x00S\x00\
i\x00d\x00e\x00 \x00Q\x00t\x00W\x00e\x00\
b\x00E\x00n\x00g\x00i\x00n\x00e\x00W\x00\
i\x00d\x00g\x00e\x00t\x00s\x00 \x00m\x00\
o\x00d\x00u\x00l\x00i\x00s\x00 \x00n\x00\
e\x00p\x00a\x00s\x00i\x00e\x00k\x00i\x00\
a\x00m\x00a\x00s\x00.\x00 \x01}\x00i\x00\
n\x00y\x00n\x00o\x00 \x00a\x00t\x00v\x00\
a\x00i\x00z\x00d\x00a\x00v\x00i\x00m\x00\
a\x00s\x00 \x00a\x00t\x00l\x00i\x00e\x00\
k\x00a\x00m\x00a\x00s\x00 \x00n\x00a\x00\
u\x00d\x00o\x00j\x00a\x00n\x00t\x00 \x00\
s\x00i\x00s\x00t\x00e\x00m\x00o\x00s\x00\
 \x00n\x00a\x00r\x01a\x00y\x00k\x00l\x01\
\x19\x08\x00\x00\x00\x00\x06\x00\x00\x00aPySid\
e QtWebEngineWid\
gets module is n\
ot available. He\
lp rendering is \
done with the sy\
stem browser\x07\x00\x00\x00\
\x04Help\x01\x03\x00\x00\x01\xa4\x00J\x01k\x00\
s\x01s\x00 \x00s\x00i\x00s\x00t\x00e\x00\
m\x00o\x00j\x00e\x00 \x00n\x00e\x01/\x00\
d\x00i\x00e\x00g\x00t\x00a\x00s\x00  \
\x1e\x00M\x00a\x00r\x00k\x00d\x00o\x00w\x00\
n \x1c\x00 \x00a\x00t\x00v\x00a\x00i\x00\
z\x00d\x00a\x00v\x00i\x00m\x00o\x00 \x01\
/\x00r\x00a\x00n\x00k\x00i\x00s\x00,\x00\
 \x00t\x00o\x00d\x01\x17\x00l\x00 \x01a\x00\
i\x00s\x00 \x01~\x00i\x00n\x00y\x00n\x00\
o\x00 \x00p\x00u\x00s\x00l\x00a\x00p\x00\
i\x00s\x00 \x00p\x00a\x00t\x00e\x00i\x00\
k\x00i\x00a\x00m\x00a\x00s\x00 \x00t\x00\
o\x00k\x00s\x00,\x00 \x00k\x00o\x00k\x00\
s\x00 \x00y\x00r\x00a\x00.\x00 \x01.\x00\
d\x00i\x00e\x00k\x00i\x00t\x00e\x00  \
\x1e\x00M\x00a\x00r\x00k\x00d\x00o\x00w\x00\
n \x1c\x00 \x00a\x00r\x00b\x00a\x00  \
\x1e\x00P\x00a\x00n\x00d\x00o\x00c \x1c\x00\
 \x00P\x00y\x00t\x00h\x00o\x00n\x00'\x00\
o\x00 \x00m\x00o\x00d\x00u\x00l\x00i\x00\
u\x00s\x00,\x00 \x00k\x00a\x00d\x00 \x00\
p\x00a\x00g\x00e\x00r\x00i\x00n\x00t\x00\
u\x00m\x01\x17\x00t\x00e\x00 \x01a\x00i\x00\
o\x00 \x00p\x00u\x00s\x00l\x00a\x00p\x00\
i\x00o\x00 \x00a\x00t\x00v\x00a\x00i\x00\
z\x00d\x00a\x00v\x00i\x00m\x01\x05\x00.\x08\
\x00\x00\x00\x00\x06\x00\x00\x00\xb8There i\
s no Markdown re\
nderer installed\
 on your system,\
 so this help pa\
ge is rendered a\
s is. Please ins\
tall the Markdow\
n or Pandoc Pyth\
on modules to im\
prove the render\
ing of this page\
.\x07\x00\x00\x00\x04Help\x01\x03\x00\x00\x00\x14\
\x00B\x00e\x00n\x00d\x00r\x00o\x00s\x00i\
\x00o\x00s\x08\x00\x00\x00\x00\x06\x00\x00\x00\x07Ge\
neral\x07\x00\x00\x00\x07QObjec\
t\x01\x88\x00\x00\x00\x0c\x11\x01\xfd)\x0b\xff\x19\x00\xfd\
,\x0a\x13\
\x00\x00\x22\xd6\
<\
\xb8d\x18\xca\xef\x9c\x95\xcd!\x1c\xbf`\xa1\xbd\xdd\xa7\
\x00\x00\x00\x02csB\x00\x00\x00\xf0\x00\x04\xec0\x00\
\x00\x05\x9a\x00\x04\xec0\x00\x00\x1c\x1b\x00\x99N\xa8\x00\
\x00\x1ad\x018!.\x00\x00\x13j\x01\x82\xc62\x00\
\x00\x1d\xb4\x02mV`\x00\x00\x1cH\x04\x1e\xf1\x82\x00\
\x00\x05\xc7\x04Dm9\x00\x00\x04\xfc\x04T\x18N\x00\
\x00\x11\xd3\x04\x89?'\x00\x00\x06\x12\x04\xde1)\x00\
\x00\x06\xf0\x05M7\xf2\x00\x00\x06\x81\x05\xa6\xc8\x95\x00\
\x00\x11\xaa\x06{\x06\x03\x00\x00\x09;\x06\xa4]\x8e\x00\
\x00\x09k\x07\x07\xe0\x0e\x00\x00\x18;\x07t\x8a\x94\x00\
\x00\x01t\x09\x82\xac\xae\x00\x00\x00\x00\x09\xd5\xc9.\x00\
\x00\x01\xfa\x0auc\xd7\x00\x00\x17\x15\x0b\x0ar\xc9\x00\
\x00\x01\xc8\x0c\xe2\x80\xae\x00\x00\x03\xe6\x0d\xb7\x06\x10\x00\
\x00\x1a\xaf\x0d\xc4\xc8<\x00\x00!\x8b\x0e*j\xae\x00\
\x00\x1f\x06\x0ek8\x9e\x00\x00\x0d{\x0e\x8d\xd4\x82\x00\
\x00\x19\xad\x0e\xca\x08\x89\x00\x00\x05T\x0f-\x13\xae\x00\
\x00\x01,\x0fE\xeb\x1e\x00\x00\x07Pi\x00\x00!\xba\
\x03\x00\x00\x00\xb6\x00P\x01Y\x00\xed\x00p\x00o\x00\
n\x00a\x00 \x00p\x00o\x01~\x00a\x00d\x00\
o\x00v\x00a\x00n\x00\xe9\x00h\x00o\x00 \x00\
p\x01Y\x00e\x00k\x00l\x00a\x00d\x00u\x00\
,\x00 \x00n\x00a\x00p\x01Y\x00\xed\x00k\x00\
l\x00a\x00d\x00 \x00\x22\x00f\x00r\x00\x22\x00\
 \x00k\x00 \x00z\x00\xed\x00s\x00k\x00\xe1\x00\
n\x00\xed\x00 \x00f\x00r\x00a\x00n\x00c\x00\
o\x00u\x00z\x00s\x00k\x00\xe9\x00h\x00o\x00\
 \x00p\x01Y\x00e\x00k\x00l\x00a\x00d\x00\
u\x00 \x00d\x00o\x00k\x00u\x00m\x00e\x00\
n\x00t\x00a\x00c\x00e\x00.\x08\x00\x00\x00\x00\
\x06\x00\x00\x00]A translati\
on suffix to use\
, for example \x22f\
r\x22\x0ato get French\
 translation of \
the documentatio\
n.\x07\x00\x00\x00\x04Form\x01\x03\x00\x00\x00\
 \x00V\x00l\x00a\x00s\x00t\x00n\x00\xed\x00\
 \x00u\x00m\x00\xed\x00s\x00t\x01\x1b\x00n\x00\
\xed\x08\x00\x00\x00\x00\x06\x00\x00\x00\x0fCusto\
m location\x07\x00\x00\x00\x04F\
orm\x01\x03\x00\x00\x00*\x00V\x00l\x00a\x00\
s\x00t\x00n\x00\xed\x00 \x01a\x00a\x00b\x00\
l\x00o\x00n\x00a\x00 \x00s\x00t\x00y\x00\
l\x01o\x08\x00\x00\x00\x00\x06\x00\x00\x00\x11Cus\
tom stylesheet\x07\x00\
\x00\x00\x04Form\x01\x03\x00\x00\x00\x12\x00Z\x00\
o\x00b\x00r\x00a\x00z\x00e\x00n\x00\xed\x08\
\x00\x00\x00\x00\x06\x00\x00\x00\x07Display\
\x07\x00\x00\x00\x04Form\x01\x03\x00\x00\x01>\x00\
D\x00o\x00k\x00u\x00m\x00e\x00n\x00t\x00\
a\x00c\x00e\x00 \x00s\x00e\x00 \x00o\x00\
t\x00e\x00v\x00\xed\x00r\x00\xe1\x00 \x00v\x00\
 \x00d\x00o\x00k\x00o\x00v\x00a\x00t\x00\
e\x00l\x00n\x00\xe9\x00m\x00 \x00d\x00i\x00\
a\x00l\x00o\x00g\x00o\x00v\x00\xe9\x00m\x00\
 \x00o\x00k\x00n\x01\x1b\x00 \x00v\x00e\x00\
 \x00F\x00r\x00e\x00e\x00C\x00A\x00D\x00\
u\x00,\x00 \x00k\x00t\x00e\x00r\x00\xfd\x00\
 \x00u\x00m\x00o\x01~\x01H\x00u\x00j\x00\
e\x00 \x00s\x00o\x00u\x00b\x01\x1b\x01~\x00\
n\x00o\x00u\x00 \x00p\x00r\x00\xe1\x00c\x00\
i\x00 \x00v\x00e\x00 \x003\x00D\x00 \x00\
p\x00o\x00h\x00l\x00e\x00d\x00u\x00.\x00\
\x0a\x00V\x00y\x01~\x00a\x00d\x00u\x00j\x00\
e\x00 \x00k\x00o\x00m\x00p\x00o\x00n\x00\
e\x00n\x00t\x00u\x00 \x00P\x00y\x00S\x00\
i\x00d\x00e\x00 \x00Q\x00t\x00W\x00e\x00\
b\x00e\x00n\x00g\x00i\x00n\x00e\x00W\x00\
i\x00d\x00g\x00e\x00t\x00s\x00.\x08\x00\x00\
\x00\x00\x06\x00\x00\x00\x95Documenta\
tion opens in a \
dockable dialog \
within FreeCAD, \
allowing simulta\
neous work in th\
e 3D view.\x0aRequi\
res the PySide Q\
tWebengineWidget\
s component.\x07\x00\x00\x00\
\x04Form\x01\x03\x00\x00\x00\xa4\x00N\x00a\x01\
\x0d\x00t\x00e\x00 \x00d\x00o\x00k\x00u\x00\
m\x00e\x00n\x00t\x00a\x00c\x00i\x00 \x00\
z\x00e\x00 \x00s\x00t\x00r\x00\xe1\x00n\x00\
e\x00k\x00 \x00v\x00y\x00k\x00r\x00e\x00\
s\x00l\x00e\x00n\x00\xfd\x00c\x00h\x00 \x00\
n\x00a\x00 \x00G\x00i\x00t\x00H\x00u\x00\
b\x00u\x00.\x00\x0a\x00M\x00o\x00m\x00e\x00\
n\x00t\x00\xe1\x00l\x00n\x01\x1b\x00 \x00n\x00\
e\x00n\x00\xed\x00 \x00k\x00 \x00d\x00i\x00\
s\x00p\x00o\x00z\x00i\x00c\x00i\x00.\x08\
\x00\x00\x00\x00\x06\x00\x00\x00YFetches\
 the documentati\
on from pages re\
ndered on GitHub\
.\x0aThis is curren\
tly not availabl\
e.\x07\x00\x00\x00\x04Form\x01\x03\x00\x00\x00\
*\x00F\x00r\x00e\x00e\x00C\x00A\x00D\x00\
 \x00W\x00i\x00k\x00i\x00 \x00(\x00o\x00\
n\x00l\x00i\x00n\x00e\x00)\x08\x00\x00\x00\x00\
\x06\x00\x00\x00\x15FreeCAD Wik\
i (online)\x07\x00\x00\x00\x04F\
orm\x01\x03\x00\x00\x00\x1e\x00G\x00i\x00t\x00\
H\x00u\x00b\x00 \x00(\x00o\x00n\x00l\x00\
i\x00n\x00e\x00)\x08\x00\x00\x00\x00\x06\x00\x00\x00\
\x0fGitHub (online)\
\x07\x00\x00\x00\x04Form\x01\x03\x00\x00\x00\x10\x00\
N\x00\xe1\x00p\x00o\x00v\x01\x1b\x00d\x00a\x08\
\x00\x00\x00\x00\x06\x00\x00\x00\x04Help\x07\x00\x00\
\x00\x04Form\x01\x03\x00\x00\x00\x22\x00N\x00a\
\x00 \x00k\x00a\x00r\x00t\x01\x1b\x00 \x00F\
\x00r\x00e\x00e\x00C\x00A\x00D\x00u\x08\x00\
\x00\x00\x00\x06\x00\x00\x00\x10In a Fre\
eCAD tab\x07\x00\x00\x00\x04For\
m\x01\x03\x00\x00\x006\x00V\x00 \x00o\x00d\x00\
d\x01\x1b\x00l\x00e\x00n\x00\xe9\x00m\x00 \x00\
d\x00i\x00a\x00l\x00o\x00g\x00o\x00v\x00\
\xe9\x00m\x00 \x00o\x00k\x00n\x01\x1b\x08\x00\x00\
\x00\x00\x06\x00\x00\x00 In a sepa\
rate, embeddable\
 dialog\x07\x00\x00\x00\x04Form\
\x01\x03\x00\x00\x00<\x00V\x00e\x00 \x00v\x00\xfd\
\x00c\x00h\x00o\x00z\x00\xed\x00m\x00 \x00w\
\x00e\x00b\x00o\x00v\x00\xe9\x00m\x00 \x00p\
\x00r\x00o\x00h\x00l\x00\xed\x01~\x00e\x01\x0d\
\x00i\x08\x00\x00\x00\x00\x06\x00\x00\x00\x1aIn t\
he default web b\
rowser\x07\x00\x00\x00\x04Form\x01\
\x03\x00\x00\x00.\x00M\x00a\x00r\x00k\x00d\x00\
o\x00w\x00n\x00 \x00v\x00e\x00r\x00z\x00\
e\x00 \x00(\x00o\x00n\x00l\x00i\x00n\x00\
e\x00)\x08\x00\x00\x00\x00\x06\x00\x00\x00\x19Mar\
kdown version (o\
nline)\x07\x00\x00\x00\x04Form\x01\
\x03\x00\x00\x01F\x00P\x00o\x00z\x00n\x00\xe1\x00\
m\x00k\x00a\x00:\x00 \x00P\x00o\x00k\x00\
u\x00d\x00 \x00v\x00 \x00s\x00y\x00s\x00\
t\x00\xe9\x00m\x00u\x00 \x00n\x00e\x00j\x00\
s\x00o\x00u\x00 \x00n\x00a\x00l\x00e\x00\
z\x00e\x00n\x00y\x00 \x00P\x00y\x00S\x00\
i\x00d\x00e\x00 \x00W\x00e\x00b\x00o\x00\
v\x00\xe9\x00 \x00k\x00o\x00m\x00p\x00o\x00\
n\x00e\x00n\x00t\x00y\x00,\x00 \x00s\x00\
t\x00r\x00\xe1\x00n\x00k\x00y\x00 \x00n\x00\
\xe1\x00p\x00o\x00v\x01\x1b\x00d\x00y\x00 \x00\
s\x00e\x00 \x00o\x00t\x00e\x00v\x01Y\x00\
o\x00u\x00 \x00v\x00e\x00 \x00v\x00\xfd\x00\
c\x00h\x00o\x00z\x00\xed\x00m\x00 \x00w\x00\
e\x00b\x00o\x00v\x00\xe9\x00m\x00 \x00p\x00\
r\x00o\x00h\x00l\x00\xed\x01~\x00e\x01\x0d\x00\
i\x00 \x00b\x00e\x00z\x00 \x00o\x00h\x00\
l\x00e\x00d\x00u\x00 \x00n\x00a\x00 \x00\
n\x00\xed\x01~\x00e\x00 \x00u\x00v\x00e\x00\
d\x00e\x00n\x00\xe9\x00 \x00m\x00o\x01~\x00\
n\x00o\x00s\x00t\x00i\x00.\x08\x00\x00\x00\x00\
\x06\x00\x00\x00\x8cNote: if Py\
Side Web compone\
nts are not foun\
d on the system,\
 help pages will\
 open in the def\
ault web browser\
 regardless of t\
he options below\
.\x07\x00\x00\x00\x04Form\x01\x03\x00\x00\x00\x10\
\x00M\x00o\x01~\x00n\x00o\x00s\x00t\x00i\
\x08\x00\x00\x00\x00\x06\x00\x00\x00\x07Option\
s\x07\x00\x00\x00\x04Form\x01\x03\x00\x00\x02\xa0\
\x00N\x00a\x00s\x00t\x00a\x00v\x00i\x00t\
\x00 \x00n\x00a\x00 \x00v\x00l\x00a\x00s\
\x00t\x00n\x00\xed\x00 \x00U\x00R\x00L\x00 \
\x00n\x00e\x00b\x00o\x00 \x00s\x00l\x00o\
\x01~\x00k\x00u\x00,\x00 \x00v\x00e\x00 \
\x00k\x00t\x00e\x00r\x00\xe9\x00 \x00s\x00e\
\x00 \x00n\x00a\x00c\x00h\x00\xe1\x00z\x00e\
\x00j\x00\xed\x00 \x00s\x00o\x00u\x00b\x00o\
\x00r\x00y\x00 \x00n\x00\xe1\x00p\x00o\x00v\
\x01\x1b\x00d\x00y\x00.\x00\x0a\x00D\x00o\x00k\
\x00u\x00m\x00e\x00n\x00t\x00a\x00c\x00e\
\x00 \x00p\x00r\x00o\x00 \x00o\x00f\x00f\
\x00l\x00i\x00n\x00e\x00 \x00p\x00o\x00u\
\x01~\x00i\x00t\x00\xed\x00 \x00m\x01o\x01~\
\x00e\x00 \x00b\x00\xfd\x00t\x00 \x00s\x00t\
\x00a\x01~\x00e\x00n\x00a\x00 \x00p\x01Y\
\x00e\x00s\x00 \x00S\x00p\x00r\x00\xe1\x00v\
\x00c\x00e\x00 \x00r\x00o\x00z\x01a\x00\xed\
\x01Y\x00e\x00n\x00\xed\x00 \x00a\x00 \x00i\
\x00n\x00s\x00t\x00a\x00l\x00a\x00c\x00\xed\
\x00 \x00d\x00o\x00p\x00l\x01H\x00k\x00u\
\x00 \x00\x22\x00o\x00f\x00f\x00l\x00i\x00n\
\x00e\x00-\x00d\x00o\x00c\x00u\x00m\x00e\
\x00n\x00t\x00a\x00t\x00i\x00o\x00n\x00\x22\
\x00.\x00 \x00P\x00o\x00k\x00u\x00d\x00 \
\x00j\x00e\x00 \x00t\x00o\x00t\x00o\x00 \
\x00p\x00o\x00l\x00e\x00 \x00p\x00r\x00\xe1\
\x00z\x00d\x00n\x00\xe9\x00,\x00 \x00F\x00r\
\x00e\x00e\x00C\x00A\x00D\x00 \x00b\x00u\
\x00d\x00e\x00 \x00a\x00u\x00t\x00o\x00m\
\x00a\x00t\x00i\x00c\x00k\x00y\x00 \x00h\
\x00l\x00e\x00d\x00a\x00t\x00 \x00s\x00o\
\x00u\x00b\x00o\x00r\x00y\x00 \x00n\x00\xe1\
\x00p\x00o\x00v\x01\x1b\x00d\x00y\x00 \x00v\
\x00e\x00 \x00v\x00\xfd\x00c\x00h\x00o\x00z\
\x00\xed\x00m\x00 \x00u\x00m\x00\xed\x00s\x00t\
\x01\x1b\x00n\x00\xed\x00 \x00(\x00$\x00U\x00S\
\x00E\x00R\x00A\x00P\x00P\x00D\x00A\x00T\
\x00A\x00D\x00I\x00R\x00/\x00M\x00o\x00d\
\x00/\x00o\x00f\x00f\x00l\x00i\x00n\x00e\
\x00-\x00d\x00o\x00c\x00u\x00m\x00e\x00n\
\x00t\x00a\x00t\x00i\x00o\x00n\x00)\x00.\
\x08\x00\x00\x00\x00\x06\x00\x00\x01WSet th\
is to a custom U\
RL or the folder\
 where the help \
files are locate\
d.\x0aDocumentation\
 can be download\
ed for offline u\
se via the Addon\
 Manager and ins\
talling the\x0a\x22off\
line-documentati\
on\x22 addon. If th\
is field is left\
 blank, FreeCAD \
will\x0aautomatical\
ly search for th\
e help files at \
the default loca\
tion\x0a($USERAPPDA\
TADIR/Mod/offlin\
e-documentation)\
.\x07\x00\x00\x00\x04Form\x01\x03\x00\x00\x02\xb0\
\x00N\x00a\x00s\x00t\x00a\x00v\x00i\x00t\
\x00 \x00n\x00a\x00 \x00v\x00l\x00a\x00s\
\x00t\x00n\x00\xed\x00 \x00U\x00R\x00L\x00 \
\x00n\x00e\x00b\x00o\x00 \x00s\x00l\x00o\
\x01~\x00k\x00u\x00,\x00 \x00k\x00d\x00e\
\x00 \x00s\x00e\x00 \x00n\x00a\x00c\x00h\
\x00\xe1\x00z\x00e\x00j\x00\xed\x00 \x00s\x00o\
\x00u\x00b\x00o\x00r\x00y\x00 \x00n\x00\xe1\
\x00p\x00o\x00v\x01\x1b\x00d\x00y\x00.\x00\x0a\
\x00D\x00o\x00k\x00u\x00m\x00e\x00n\x00t\
\x00a\x00c\x00i\x00 \x00p\x00r\x00o\x00 \
\x00o\x00f\x00f\x00l\x00i\x00n\x00e\x00 \
\x00p\x00o\x00u\x01~\x00i\x00t\x00\xed\x00 \
\x00m\x01o\x01~\x00e\x00t\x00e\x00 \x00s\
\x00n\x00a\x00d\x00n\x00o\x00 \x00z\x00\xed\
\x00s\x00k\x00a\x00t\x00 \x00s\x00t\x00a\
\x01~\x00e\x00n\x00\xed\x00m\x00 \x00r\x00o\
\x00z\x01a\x00\xed\x01Y\x00e\x00n\x00\xed\x00\x0a\
\x00\x22\x00o\x00f\x00f\x00l\x00i\x00n\x00e\
\x00-\x00d\x00o\x00k\x00u\x00m\x00e\x00n\
\x00t\x00a\x00t\x00i\x00o\x00n\x00\x22\x00 \
\x00p\x01Y\x00e\x00s\x00 \x00s\x00p\x00r\
\x00\xe1\x00v\x00c\x00e\x00 \x00r\x00o\x00z\
\x01a\x00\xed\x01Y\x00e\x00n\x00\xed\x00.\x00 \
\x00P\x00o\x00k\x00u\x00d\x00 \x00j\x00e\
\x00 \x00t\x00o\x00t\x00o\x00 \x00p\x00o\
\x00l\x00e\x00\x0a\x00p\x00o\x00n\x00e\x00c\
\x00h\x00\xe1\x00n\x00o\x00 \x00p\x00r\x00\xe1\
\x00z\x00d\x00n\x00\xe9\x00,\x00 \x00F\x00r\
\x00e\x00e\x00C\x00A\x00D\x00 \x00b\x00u\
\x00d\x00e\x00 \x00a\x00u\x00t\x00o\x00m\
\x00a\x00t\x00i\x00c\x00k\x00y\x00 \x00h\
\x00l\x00e\x00d\x00a\x00t\x00 \x00s\x00o\
\x00u\x00b\x00o\x00r\x00y\x00 \x00n\x00\xe1\
\x00p\x00o\x00v\x01\x1b\x00d\x00y\x00\x0a\x00v\
\x00e\x00 \x00v\x00\xfd\x00c\x00h\x00o\x00z\
\x00\xed\x00m\x00 \x00u\x00m\x00\xed\x00s\x00t\
\x01\x1b\x00n\x00\xed\x00 \x00(\x00$\x00U\x00S\
\x00E\x00R\x00A\x00P\x00P\x00D\x00A\x00T\
\x00A\x00D\x00I\x00R\x00/\x00M\x00o\x00d\
\x00/\x00o\x00f\x00f\x00l\x00i\x00n\x00e\
\x00-\x00d\x00o\x00c\x00u\x00m\x00e\x00n\
\x00t\x00a\x00t\x00i\x00o\x00n\x00)\x00.\
\x08\x00\x00\x00\x00\x06\x00\x00\x01fSet th\
is to a custom U\
RL or the folder\
 where the help \
files are locate\
d.\x0aYou can easil\
y download the d\
ocumentation for\
 offline use by \
using the Addon\x0a\
Manager and inst\
alling the \x22offl\
ine-documentatio\
n\x22 addon. If thi\
s\x0afield is left \
blank, FreeCAD w\
ill automaticall\
y search for the\
 help files at\x0at\
he default locat\
ion ($USERAPPDAT\
ADIR/Mod/offline\
-documentation).\
\x07\x00\x00\x00\x04Form\x01\x03\x00\x00\x00\x0a\x00\
Z\x00d\x00r\x00o\x00j\x08\x00\x00\x00\x00\x06\x00\
\x00\x00\x06Source\x07\x00\x00\x00\x04Fo\
rm\x01\x03\x00\x00\x01\x06\x00Z\x00a\x00d\x00e\
\x00j\x00t\x00e\x00 \x00c\x00e\x00s\x00t\
\x00u\x00 \x00k\x00 \x00a\x00l\x00t\x00e\
\x00r\x00n\x00a\x00t\x00i\x00v\x00n\x00\xed\
\x00m\x00u\x00 \x00C\x00S\x00S\x00 \x00s\
\x00o\x00u\x00b\x00o\x00r\x00u\x00 \x00p\
\x00r\x00o\x00 \x00\xfa\x00p\x00r\x00a\x00v\
\x00u\x00 \x00s\x00t\x00y\x00l\x00u\x00 \
\x00M\x00a\x00r\x00k\x00d\x00o\x00w\x00n\
\x00 \x00s\x00t\x00r\x00\xe1\x00n\x00e\x00k\
\x00.\x00\x0a\x00T\x00o\x00 \x00p\x00l\x00a\
\x00t\x00\xed\x00 \x00p\x00o\x00u\x00z\x00e\
\x00 \x00v\x00 \x00p\x01Y\x00\xed\x00p\x00a\
\x00d\x01\x1b\x00,\x00 \x01~\x00e\x00 \x00M\
\x00a\x00r\x00k\x00d\x00o\x00w\x00n\x00 \
\x00j\x00e\x00 \x00v\x00y\x00b\x00r\x00\xe1\
\x00n\x00 \x00v\x00\xfd\x01a\x00e\x00.\x08\x00\
\x00\x00\x00\x06\x00\x00\x00xSpecify \
the path to an a\
lternative CSS f\
ile for styling \
Markdown pages.\x0a\
This only applie\
s if Markdown is\
 selected above.\
\x07\x00\x00\x00\x04Form\x01\x03\x00\x00\x02`\x00\
S\x00t\x00r\x00\xe1\x00n\x00k\x00y\x00 \x00\
d\x00o\x00k\x00u\x00m\x00e\x00n\x00t\x00\
a\x00c\x00e\x00 \x00b\x00u\x00d\x00o\x00\
u\x00 \x00n\x00a\x01\x0d\x00t\x00e\x00n\x00\
y\x00 \x00z\x00 \x00a\x00u\x00t\x00o\x00\
m\x00a\x00t\x00i\x00c\x00k\x00\xe9\x00h\x00\
o\x00 \x00M\x00a\x00r\x00k\x00d\x00o\x00\
w\x00n\x00 \x00p\x01Y\x00e\x00v\x00o\x00\
d\x00u\x00 \x00F\x00r\x00e\x00e\x00C\x00\
A\x00D\x00 \x00w\x00i\x00k\x00i\x00,\x00\
\x0a\x00h\x00o\x00s\x00t\x00o\x00v\x00a\x00\
n\x00\xe9\x00h\x00o\x00 \x00n\x00a\x00 \x00\
G\x00i\x00t\x00H\x00u\x00b\x00 \x00\xfa\x01\
\x0d\x00t\x00u\x00 \x00F\x00r\x00e\x00e\x00\
C\x00A\x00D\x00u\x00.\x00 \x00P\x01Y\x00\
e\x00v\x00o\x00d\x00 \x00m\x01o\x01~\x00\
e\x00 \x00b\x00\xfd\x00t\x00 \x00s\x00t\x00\
y\x00l\x00i\x00z\x00o\x00v\x00\xe1\x00n\x00\
 \x00v\x00l\x00a\x00s\x00t\x00n\x00\xed\x00\
 \x01a\x00a\x00b\x00l\x00o\x00n\x00o\x00\
u\x00 \x00s\x00t\x00y\x00l\x01o\x00 \x00\
(\x00n\x00\xed\x01~\x00e\x00)\x00 \x00a\x00\
\x0a\x00m\x01o\x01~\x00e\x00 \x00t\x00a\x00\
k\x00 \x00v\x00y\x00p\x00a\x00d\x00a\x00\
t\x00 \x00l\x00\xe9\x00p\x00e\x00 \x00n\x00\
e\x01~\x00 \x00v\x00o\x00l\x00b\x00a\x00\
 \x00w\x00i\x00k\x00i\x00.\x00 \x00'\x00\
M\x00a\x00r\x00k\x00d\x00o\x00w\x00n\x00\
'\x00 \x00n\x00e\x00b\x00o\x00 \x00'\x00\
P\x00a\x00n\x00d\x00o\x00c\x00'\x00\x0a\x00\
m\x00o\x00d\x00u\x00l\x00 \x00p\x00r\x00\
o\x00 \x00P\x00y\x00t\x00h\x00o\x00n\x00\
 \x00b\x00y\x00 \x00m\x01\x1b\x00l\x00 \x00\
b\x00\xfd\x00t\x00 \x00n\x00a\x00i\x00n\x00\
s\x00t\x00a\x00l\x00o\x00v\x00\xe1\x00n\x00\
 \x00p\x00r\x00o\x00 \x00o\x00p\x00t\x00\
i\x00m\x00\xe1\x00l\x00n\x00\xed\x00 \x00v\x00\
\xfd\x00s\x00l\x00e\x00d\x00k\x00y\x00.\x08\
\x00\x00\x00\x00\x06\x00\x00\x012The doc\
umentation pages\
 will be fetched\
 from an automat\
ic Markdown conv\
ersion\x0aof the Fr\
eeCAD wiki,hoste\
d on FreeCAD's G\
itHub account. T\
his can be style\
d with a\x0acustom \
stylesheet below\
 and can look ni\
cer than the wik\
i option. The 'M\
arkdown' or\x0a'Pan\
doc' Python modu\
le should be ins\
talled for optim\
al results.\x07\x00\x00\x00\x04\
Form\x01\x03\x00\x00\x00\xac\x00S\x00t\x00r\
\x00\xe1\x00n\x00k\x00y\x00 \x00d\x00o\x00k\
\x00u\x00m\x00e\x00n\x00t\x00a\x00c\x00e\
\x00 \x00b\x00u\x00d\x00o\x00u\x00 \x00n\
\x00a\x01\x0d\x00t\x00e\x00n\x00y\x00 \x00z\
\x00 \x00o\x00f\x00i\x00c\x00i\x00\xe1\x00l\
\x00n\x00\xed\x00\x0a\x00F\x00r\x00e\x00e\x00C\
\x00A\x00D\x00 \x00w\x00i\x00k\x00i\x00 \
\x00n\x00a\x00 \x00h\x00t\x00t\x00p\x00s\
\x00:\x00/\x00/\x00w\x00i\x00k\x00i\x00.\
\x00f\x00r\x00e\x00e\x00c\x00a\x00d\x00.\
\x00o\x00r\x00g\x08\x00\x00\x00\x00\x06\x00\x00\x00a\
The documentatio\
n pages will be \
fetched from the\
 official\x0aFreeCA\
Dwiki at https:/\
/wiki.freecad.or\
g\x07\x00\x00\x00\x04Form\x01\x03\x00\x00\x00\xdc\
\x00D\x00o\x00k\x00u\x00m\x00e\x00n\x00t\
\x00a\x00c\x00e\x00 \x00s\x00e\x00 \x00o\
\x00t\x00e\x00v\x01Y\x00e\x00 \x00v\x00 \
\x00n\x00o\x00v\x00\xe9\x00 \x00k\x00a\x00r\
\x00t\x01\x1b\x00 \x00u\x00v\x00n\x00i\x00t\
\x01Y\x00 \x00r\x00o\x00z\x00h\x00r\x00a\
\x00n\x00\xed\x00 \x00F\x00r\x00e\x00e\x00C\
\x00A\x00D\x00u\x00.\x00\x0a\x00T\x00o\x00 \
\x00v\x00y\x01~\x00a\x00d\x00u\x00j\x00e\
\x00 \x00k\x00o\x00m\x00p\x00o\x00n\x00e\
\x00n\x00t\x00u\x00 \x00P\x00y\x00S\x00i\
\x00d\x00e\x00 \x00Q\x00t\x00W\x00e\x00b\
\x00e\x00n\x00g\x00i\x00n\x00e\x00W\x00i\
\x00d\x00g\x00e\x00t\x00s\x00.\x08\x00\x00\x00\
\x00\x06\x00\x00\x00}The docume\
ntation will ope\
n in a new tab i\
nside the FreeCA\
D interface. Thi\
s requires the P\
ySide QtWebengin\
eWidgets compone\
nt.\x07\x00\x00\x00\x04Form\x01\x03\x00\x00\
\x00h\x00D\x00o\x00k\x00u\x00m\x00e\x00n\
\x00t\x00a\x00c\x00e\x00 \x00s\x00e\x00 \
\x00o\x00t\x00e\x00v\x01Y\x00e\x00 \x00v\
\x00e\x00 \x00v\x00\xfd\x00c\x00h\x00o\x00z\
\x00\xed\x00m\x00 \x00w\x00e\x00b\x00o\x00v\
\x00\xe9\x00m\x00 \x00p\x00r\x00o\x00h\x00l\
\x00\xed\x01~\x00e\x01\x0d\x00i\x08\x00\x00\x00\x00\x06\
\x00\x00\x006The document\
ation will open \
in the default w\
eb browser\x07\x00\x00\x00\x04F\
orm\x01\x03\x00\x00\x00 \x00P\x01Y\x00\xed\x00\
p\x00o\x00n\x00a\x00 \x00p\x01Y\x00e\x00\
k\x00l\x00a\x00d\x00u\x08\x00\x00\x00\x00\x06\x00\
\x00\x00\x12Translation s\
uffix\x07\x00\x00\x00\x04Form\x01\x03\
\x00\x00\x00\xda\x00O\x00b\x00s\x00a\x00h\x00 \
\x00t\x00\xe9\x00t\x00o\x00 \x00s\x00t\x00r\
\x00\xe1\x00n\x00k\x00y\x00 \x00n\x00e\x00l\
\x00z\x00e\x00 \x00n\x00a\x01\x0d\x00\xed\x00s\
\x00t\x00.\x00 \x00Z\x00k\x00o\x00n\x00t\
\x00r\x00o\x00l\x00u\x00j\x00t\x00e\x00 \
\x00p\x00r\x00o\x00s\x00\xed\x00m\x00 \x00n\
\x00a\x00s\x00t\x00a\x00v\x00e\x00n\x00\xed\
\x00 \x00v\x00 \x00m\x00e\x00n\x00u\x00 \
\x00U\x00p\x00r\x00a\x00v\x00i\x00t\x00 \
!\x92\x00 \x00N\x00a\x00s\x00t\x00a\x00v\
\x00e\x00n\x00\xed\x00 !\x92\x00 \x00O\x00b\
\x00e\x00c\x00n\x00\xe9\x00 !\x92\x00 \x00N\
\x00\xe1\x00p\x00o\x00v\x01\x1b\x00d\x00a\x08\x00\
\x00\x00\x00\x06\x00\x00\x00yContents\
 for this page c\
ould not be retr\
ieved. Please ch\
eck settings und\
er menu Edit \xe2\x86\x92\
 Preferences \xe2\x86\x92\
 General \xe2\x86\x92 Hel\
p\x07\x00\x00\x00\x04Help\x01\x03\x00\x00\x00\x10\
\x00N\x00\xe1\x00p\x00o\x00v\x01\x1b\x00d\x00a\
\x08\x00\x00\x00\x00\x06\x00\x00\x00\x04Help\x07\x00\
\x00\x00\x04Help\x01\x03\x00\x00\x00\xdc\x00U\x00\
m\x00\xed\x00s\x00t\x01\x1b\x00n\x00\xed\x00 \x00\
s\x00o\x00u\x00b\x00o\x00r\x01o\x00 \x00\
n\x00\xe1\x00p\x00o\x00v\x01\x1b\x00d\x00y\x00\
 \x00n\x00e\x00l\x00z\x00e\x00 \x00u\x00\
r\x01\x0d\x00i\x00t\x00.\x00 \x00Z\x00k\x00\
o\x00n\x00t\x00r\x00o\x00l\x00u\x00j\x00\
t\x00e\x00 \x00n\x00a\x00s\x00t\x00a\x00\
v\x00e\x00n\x00\xed\x00 \x00v\x00 \x00n\x00\
a\x00b\x00\xed\x00d\x00c\x00e\x00 \x00\xda\x00\
p\x00r\x00a\x00v\x00a\x00 !\x92\x00 \x00\
N\x00a\x00s\x00t\x00a\x00v\x00e\x00n\x00\
\xed\x00 !\x92\x00 \x00O\x00b\x00e\x00c\x00\
n\x00\xe9\x00 !\x92\x00 \x00N\x00\xe1\x00p\x00\
o\x00v\x01\x1b\x00d\x00a\x08\x00\x00\x00\x00\x06\x00\
\x00\x00wHelp files lo\
cation could not\
 be determined. \
Please check set\
tings under menu\
 Edit \xe2\x86\x92 Prefer\
ences \xe2\x86\x92 Genera\
l \xe2\x86\x92 Help\x07\x00\x00\x00\x04H\
elp\x01\x03\x00\x00\x00\xd8\x00M\x00o\x00d\x00\
u\x00l\x00 \x00P\x00y\x00S\x00i\x00d\x00\
e\x00 \x00Q\x00t\x00W\x00e\x00b\x00E\x00\
n\x00g\x00i\x00n\x00e\x00W\x00i\x00d\x00\
g\x00e\x00t\x00s\x00 \x00n\x00e\x00n\x00\
\xed\x00 \x00k\x00 \x00d\x00i\x00s\x00p\x00\
o\x00z\x00i\x00c\x00i\x00.\x00 \x00V\x00\
y\x00k\x00r\x00e\x00s\x00l\x00o\x00v\x00\
\xe1\x00n\x00\xed\x00 \x00n\x00\xe1\x00p\x00o\x00\
v\x01\x1b\x00d\x00y\x00 \x00j\x00e\x00 \x00\
p\x00r\x00o\x00v\x00e\x00d\x00e\x00n\x00\
o\x00 \x00s\x00y\x00s\x00t\x00\xe9\x00m\x00\
o\x00v\x00\xfd\x00m\x00 \x00p\x00r\x00o\x00\
h\x00l\x00\xed\x01~\x00e\x01\x0d\x00e\x00m\x00\
.\x08\x00\x00\x00\x00\x06\x00\x00\x00aPySid\
e QtWebEngineWid\
gets module is n\
ot available. He\
lp rendering is \
done with the sy\
stem browser\x07\x00\x00\x00\
\x04Help\x01\x03\x00\x00\x01\xb4\x00N\x00a\x00\
 \x00v\x00a\x01a\x00e\x00m\x00 \x00s\x00\
y\x00s\x00t\x00\xe9\x00m\x00u\x00 \x00n\x00\
e\x00n\x00\xed\x00 \x00n\x00a\x00i\x00n\x00\
s\x00t\x00a\x00l\x00o\x00v\x00\xe1\x00n\x00\
 \x01~\x00\xe1\x00d\x00n\x00\xfd\x00 \x00v\x00\
y\x00k\x00r\x00e\x00s\x00l\x00o\x00v\x00\
a\x01\x0d\x00 \x00M\x00a\x00r\x00k\x00d\x00\
o\x00w\x00n\x00u\x00,\x00 \x00t\x00a\x00\
k\x01~\x00e\x00 \x00t\x00a\x00t\x00o\x00\
 \x00s\x00t\x00r\x00\xe1\x00n\x00k\x00a\x00\
 \x00n\x00\xe1\x00p\x00o\x00v\x01\x1b\x00d\x00\
y\x00 \x00j\x00e\x00 \x00v\x00y\x00k\x00\
r\x00e\x00s\x00l\x00e\x00n\x00a\x00 \x00\
t\x00a\x00k\x00,\x00 \x00j\x00a\x00k\x00\
 \x00j\x00e\x00.\x00 \x00N\x00a\x00i\x00\
n\x00s\x00t\x00a\x00l\x00u\x00j\x00t\x00\
e\x00 \x00p\x00r\x00o\x00s\x00\xed\x00m\x00\
 \x00m\x00o\x00d\x00u\x00l\x00y\x00 \x00\
M\x00a\x00r\x00k\x00d\x00o\x00w\x00n\x00\
 \x00n\x00e\x00b\x00o\x00 \x00P\x00a\x00\
n\x00d\x00o\x00c\x00 \x00p\x00r\x00o\x00\
 \x00P\x00y\x00t\x00h\x00o\x00n\x00 \x00\
p\x00r\x00o\x00 \x00v\x00y\x00l\x00e\x00\
p\x01a\x00e\x00n\x00\xed\x00 \x00v\x00y\x00\
k\x00r\x00e\x00s\x00l\x00o\x00v\x00\xe1\x00\
n\x00\xed\x00 \x00t\x00\xe9\x00t\x00o\x00 \x00\
s\x00t\x00r\x00\xe1\x00n\x00k\x00y\x00.\x08\
\x00\x00\x00\x00\x06\x00\x00\x00\xb8There i\
s no Markdown re\
nderer installed\
 on your system,\
 so this help pa\
ge is rendered a\
s is. Please ins\
tall the Markdow\
n or Pandoc Pyth\
on modules to im\
prove the render\
ing of this page\
.\x07\x00\x00\x00\x04Help\x01\x03\x00\x00\x00\x0c\
\x00O\x00b\x00e\x00c\x00n\x00\xe9\x08\x00\x00\x00\
\x00\x06\x00\x00\x00\x07General\x07\x00\x00\
\x00\x07QObject\x01\x88\x00\x00\x00\x06\x01\
\x01\xff\x04\x02\x04\
\x00\x00$9\
<\
\xb8d\x18\xca\xef\x9c\x95\xcd!\x1c\xbf`\xa1\xbd\xdd\xa7\
\x00\x00\x00\x02trB\x00\x00\x00\xf0\x00\x04\xec0\x00\
\x00\x05\xcc\x00\x04\xec0\x00\x00\x1d\x89\x00\x99N\xa8\x00\
\x00\x1b\xd0\x018!.\x00\x00\x14t\x01\x82\xc62\x00\
\x00\x1f:\x02mV`\x00\x00\x1d\xb2\x04\x1e\xf1\x82\x00\
\x00\x05\xf5\x04Dm9\x00\x00\x05\x22\x04T\x18N\x00\
\x00\x12\xa7\x04\x89?'\x00\x00\x06B\x04\xde1)\x00\
\x00\x07B\x05M7\xf2\x00\x00\x06\xd7\x05\xa6\xc8\x95\x00\
\x00\x12|\x06{\x06\x03\x00\x00\x09\x7f\x06\xa4]\x8e\x00\
\x00\x09\xb3\x07\x07\xe0\x0e\x00\x00\x19u\x07t\x8a\x94\x00\
\x00\x01r\x09\x82\xac\xae\x00\x00\x00\x00\x09\xd5\xc9.\x00\
\x00\x01\xe8\x0auc\xd7\x00\x00\x18=\x0b\x0ar\xc9\x00\
\x00\x01\xbe\x0c\xe2\x80\xae\x00\x00\x03\xf8\x0d\xb7\x06\x10\x00\
\x00\x1c\x15\x0d\xc4\xc8<\x00\x00\x22\xfb\x0e*j\xae\x00\
\x00 \x94\x0ek8\x9e\x00\x00\x0d\xf7\x0e\x8d\xd4\x82\x00\
\x00\x1b\x1f\x0e\xca\x08\x89\x00\x00\x05\x80\x0f-\x13\xae\x00\
\x00\x016\x0fE\xeb\x1e\x00\x00\x07\xb0i\x00\x00#(\
\x03\x00\x00\x00\xc0\x00\xd6\x00r\x00n\x00e\x01\x1f\x00\
i\x00n\x00,\x00 \x00\x22\x00f\x00r\x00\x22\x00\
 \x00g\x00i\x00b\x00i\x00 \x00b\x00i\x00\
r\x00 \x00\xe7\x00e\x00v\x00i\x00r\x00i\x00\
 \x00s\x00o\x00n\x00e\x00k\x00i\x00 \x00\
k\x00u\x00l\x00l\x00a\x00n\x011\x00l\x00\
a\x00r\x00a\x00k\x00 \x00b\x00e\x00l\x00\
g\x00e\x00l\x00e\x00r\x00i\x00n\x00 \x00\
F\x00r\x00a\x00n\x00s\x011\x00z\x00c\x00\
a\x00 \x00\xe7\x00e\x00v\x00i\x00r\x00i\x00\
s\x00i\x00 \x00e\x00l\x00d\x00e\x00 \x00\
e\x00d\x00i\x00l\x00e\x00b\x00i\x00l\x00\
i\x00r\x00.\x08\x00\x00\x00\x00\x06\x00\x00\x00]A\
 translation suf\
fix to use, for \
example \x22fr\x22\x0ato \
get French trans\
lation of the do\
cumentation.\x07\x00\x00\x00\
\x04Form\x01\x03\x00\x00\x00\x14\x00\xd6\x00z\x00\
e\x00l\x00 \x00k\x00o\x00n\x00u\x00m\x08\
\x00\x00\x00\x00\x06\x00\x00\x00\x0fCustom \
location\x07\x00\x00\x00\x04For\
m\x01\x03\x00\x00\x00\x22\x00\xd6\x00z\x00e\x00l\x00\
 \x00s\x00t\x00i\x00l\x00 \x00s\x00a\x00\
y\x00f\x00a\x00s\x011\x08\x00\x00\x00\x00\x06\x00\
\x00\x00\x11Custom styles\
heet\x07\x00\x00\x00\x04Form\x01\x03\x00\
\x00\x00\x0a\x00E\x00k\x00r\x00a\x00n\x08\x00\x00\
\x00\x00\x06\x00\x00\x00\x07Display\x07\x00\
\x00\x00\x04Form\x01\x03\x00\x00\x01b\x00D\x00\
o\x00k\x00\xfc\x00m\x00a\x00n\x00t\x00a\x00\
s\x00y\x00o\x00n\x00,\x00 \x00F\x00r\x00\
e\x00e\x00C\x00A\x00D\x00 \x00i\x00\xe7\x00\
i\x00n\x00d\x00e\x00 \x00y\x00e\x00r\x00\
l\x00e\x01_\x00t\x00i\x00r\x00i\x00l\x00\
e\x00b\x00i\x00l\x00i\x00r\x00 \x00b\x00\
i\x00r\x00 \x00i\x00l\x00e\x00t\x00i\x01\
_\x00i\x00m\x00 \x00k\x00u\x00t\x00u\x00\
s\x00u\x00n\x00d\x00a\x00 \x00a\x00\xe7\x01\
1\x00l\x011\x00r\x00 \x00v\x00e\x00 \x00\
3\x00B\x00 \x00g\x00\xf6\x00r\x00\xfc\x00n\x00\
\xfc\x00m\x00d\x00e\x00 \x00e\x01_\x00 \x00\
z\x00a\x00m\x00a\x00n\x00l\x011\x00 \x00\
\xe7\x00a\x00l\x011\x01_\x00m\x00a\x00y\x00\
a\x00 \x00o\x00l\x00a\x00n\x00a\x00k\x00\
 \x00t\x00a\x00n\x011\x00r\x00.\x00\x0a\x00\
P\x00y\x00S\x00i\x00d\x00e\x00 \x00Q\x00\
t\x00W\x00e\x00b\x00e\x00n\x00g\x00i\x00\
n\x00e\x00W\x00i\x00d\x00g\x00e\x00t\x00\
s\x00 \x00b\x00i\x00l\x00e\x01_\x00e\x00\
n\x00i\x00n\x00i\x00 \x00g\x00e\x00r\x00\
e\x00k\x00t\x00i\x00r\x00i\x00r\x00.\x08\
\x00\x00\x00\x00\x06\x00\x00\x00\x95Documen\
tation opens in \
a dockable dialo\
g within FreeCAD\
, allowing simul\
taneous work in \
the 3D view.\x0aReq\
uires the PySide\
 QtWebengineWidg\
ets component.\x07\x00\
\x00\x00\x04Form\x01\x03\x00\x00\x00\xb8\x00G\x00\
i\x00t\x00H\x00u\x00b\x00'\x00d\x00a\x00\
 \x00o\x00l\x00u\x01_\x00t\x00u\x00r\x00\
u\x00l\x00a\x00n\x00 \x00s\x00a\x00y\x00\
f\x00a\x00l\x00a\x00r\x00d\x00a\x00n\x00\
 \x00d\x00o\x00k\x00\xfc\x00m\x00a\x00n\x00\
t\x00a\x00s\x00y\x00o\x00n\x00u\x00 \x00\
g\x00e\x00t\x00i\x00r\x00i\x00r\x00.\x00\
\x0a\x00B\x00u\x00 \x00\xf6\x00z\x00e\x00l\x00\
l\x00i\x00k\x00 \x01_\x00u\x00 \x00a\x00\
n\x00d\x00a\x00 \x00k\x00u\x00l\x00l\x00\
a\x00n\x011\x00l\x00a\x00m\x011\x00y\x00\
o\x00r\x00.\x08\x00\x00\x00\x00\x06\x00\x00\x00YF\
etches the docum\
entation from pa\
ges rendered on \
GitHub.\x0aThis is \
currently not av\
ailable.\x07\x00\x00\x00\x04For\
m\x01\x03\x00\x00\x000\x00F\x00r\x00e\x00e\x00\
C\x00A\x00D\x00 \x00W\x00i\x00k\x00i\x00\
 \x00(\x00\xe7\x00e\x00v\x00r\x00i\x00m\x00\
i\x00\xe7\x00i\x00)\x08\x00\x00\x00\x00\x06\x00\x00\x00\
\x15FreeCAD Wiki (o\
nline)\x07\x00\x00\x00\x04Form\x01\
\x03\x00\x00\x00$\x00G\x00i\x00t\x00H\x00u\x00\
b\x00 \x00(\x00\xe7\x00e\x00v\x00r\x00i\x00\
m\x00i\x00\xe7\x00i\x00)\x08\x00\x00\x00\x00\x06\x00\
\x00\x00\x0fGitHub (onlin\
e)\x07\x00\x00\x00\x04Form\x01\x03\x00\x00\x00\
\x0c\x00Y\x00a\x00r\x00d\x011\x00m\x08\x00\x00\
\x00\x00\x06\x00\x00\x00\x04Help\x07\x00\x00\x00\x04\
Form\x01\x03\x00\x00\x00$\x00F\x00r\x00e\
\x00e\x00C\x00A\x00D\x00 \x00s\x00e\x00k\
\x00m\x00e\x00s\x00i\x00n\x00d\x00e\x08\x00\
\x00\x00\x00\x06\x00\x00\x00\x10In a Fre\
eCAD tab\x07\x00\x00\x00\x04For\
m\x01\x03\x00\x00\x00\x5c\x00A\x00y\x00r\x011\x00\
,\x00 \x00y\x00e\x00r\x00l\x00e\x01_\x00\
t\x00i\x00r\x00i\x00l\x00e\x00b\x00i\x00\
l\x00i\x00r\x00 \x00b\x00i\x00r\x00 \x00\
i\x00l\x00e\x00t\x00i\x01_\x00i\x00m\x00\
 \x00k\x00u\x00t\x00u\x00s\x00u\x00n\x00\
d\x00a\x08\x00\x00\x00\x00\x06\x00\x00\x00 In \
a separate, embe\
ddable dialog\x07\x00\x00\
\x00\x04Form\x01\x03\x00\x00\x008\x00V\x00a\
\x00r\x00s\x00a\x00y\x011\x00l\x00a\x00n\
\x00 \x00w\x00e\x00b\x00 \x00t\x00a\x00r\
\x00a\x00y\x011\x00c\x011\x00s\x011\x00n\
\x00d\x00a\x08\x00\x00\x00\x00\x06\x00\x00\x00\x1aIn\
 the default web\
 browser\x07\x00\x00\x00\x04For\
m\x01\x03\x00\x00\x00<\x00M\x00a\x00r\x00k\x00\
d\x00o\x00w\x00n\x00 \x00v\x00e\x00r\x00\
s\x00i\x00y\x00o\x00n\x00u\x00 \x00(\x00\
\xe7\x00e\x00v\x00r\x00i\x00m\x00i\x00\xe7\x00\
i\x00)\x08\x00\x00\x00\x00\x06\x00\x00\x00\x19Mar\
kdown version (o\
nline)\x07\x00\x00\x00\x04Form\x01\
\x03\x00\x00\x01*\x00N\x00o\x00t\x00:\x00 \x00\
S\x00i\x00s\x00t\x00e\x00m\x00d\x00e\x00\
 \x00P\x00y\x00S\x00i\x00d\x00e\x00 \x00\
W\x00e\x00b\x00 \x00b\x00i\x00l\x00e\x01\
_\x00e\x00n\x00l\x00e\x00r\x00i\x00 \x00\
b\x00u\x00l\x00u\x00n\x00m\x00u\x00y\x00\
o\x00r\x00s\x00a\x00,\x00 \x00a\x01_\x00\
a\x01\x1f\x011\x00d\x00a\x00k\x00i\x00 \x00\
s\x00e\x00\xe7\x00e\x00n\x00e\x00k\x00l\x00\
e\x00r\x00d\x00e\x00n\x00 \x00b\x00a\x01\
\x1f\x011\x00m\x00s\x011\x00z\x00 \x00o\x00\
l\x00a\x00r\x00a\x00k\x00 \x00y\x00a\x00\
r\x00d\x011\x00m\x00 \x00s\x00a\x00y\x00\
f\x00a\x00l\x00a\x00r\x011\x00 \x00v\x00\
a\x00r\x00s\x00a\x00y\x011\x00l\x00a\x00\
n\x00 \x00w\x00e\x00b\x00 \x00t\x00a\x00\
r\x00a\x00y\x011\x00c\x011\x00s\x011\x00\
n\x00d\x00a\x00 \x00a\x00\xe7\x011\x00l\x00\
a\x00c\x00a\x00k\x00t\x011\x00r\x00.\x08\
\x00\x00\x00\x00\x06\x00\x00\x00\x8cNote: i\
f PySide Web com\
ponents are not \
found on the sys\
tem, help pages \
will open in the\
 default web bro\
wser regardless \
of the options b\
elow.\x07\x00\x00\x00\x04Form\x01\x03\
\x00\x00\x00\x14\x00S\x00e\x00\xe7\x00e\x00n\x00e\
\x00k\x00l\x00e\x00r\x08\x00\x00\x00\x00\x06\x00\x00\
\x00\x07Options\x07\x00\x00\x00\x04Fo\
rm\x01\x03\x00\x00\x02\xd4\x00B\x00u\x00n\x00u\
\x00 \x00\xf6\x00z\x00e\x00l\x00 \x00b\x00i\
\x00r\x00 \x00U\x00R\x00L\x00'\x00y\x00e\
\x00 \x00v\x00e\x00y\x00a\x00 \x00y\x00a\
\x00r\x00d\x011\x00m\x00 \x00d\x00o\x00s\
\x00y\x00a\x00l\x00a\x00r\x011\x00n\x011\
\x00n\x00 \x00b\x00u\x00l\x00u\x00n\x00d\
\x00u\x01\x1f\x00u\x00 \x00k\x00l\x00a\x00s\
\x00\xf6\x00r\x00e\x00 \x00a\x00y\x00a\x00r\
\x00l\x00a\x00y\x011\x00n\x00.\x00\x0a\x00D\
\x00o\x00k\x00\xfc\x00m\x00a\x00n\x00t\x00a\
\x00s\x00y\x00o\x00n\x00,\x00 \x00E\x00k\
\x00l\x00e\x00n\x00t\x00i\x00 \x00Y\x00\xf6\
\x00n\x00e\x00t\x00i\x00c\x00i\x00s\x00i\
\x00 \x00a\x00r\x00a\x00c\x011\x00l\x011\
\x01\x1f\x011\x00y\x00l\x00a\x00 \x00\xe7\x00e\
\x00v\x00r\x00i\x00m\x00d\x011\x01_\x011\
\x00 \x00k\x00u\x00l\x00l\x00a\x00n\x011\
\x00m\x00 \x00i\x00\xe7\x00i\x00n\x00 \x00i\
\x00n\x00d\x00i\x00r\x00i\x00l\x00e\x00b\
\x00i\x00l\x00i\x00r\x00 \x00v\x00e\x00 \
\x00k\x00u\x00r\x00u\x00l\x00u\x00m\x00 \
\x00t\x00a\x00m\x00a\x00m\x00l\x00a\x00n\
\x00a\x00b\x00i\x00l\x00i\x00r\x00.\x00\x0a\
\x00\x22\x00\xc7\x00e\x00v\x00r\x00i\x00m\x00d\
\x011\x01_\x011\x00 \x00d\x00o\x00k\x00\xfc\
\x00m\x00a\x00n\x00t\x00a\x00s\x00y\x00o\
\x00n\x00\x22\x00 \x00e\x00k\x00l\x00e\x00n\
\x00t\x00i\x00s\x00i\x00.\x00 \x00B\x00u\
\x00 \x00a\x00l\x00a\x00n\x00 \x00b\x00o\
\x01_\x00 \x00b\x011\x00r\x00a\x00k\x011\
\x00l\x011\x00r\x00s\x00a\x00,\x00 \x00F\
\x00r\x00e\x00e\x00C\x00A\x00D\x00\x0a\x00Y\
\x00a\x00r\x00d\x011\x00m\x00 \x00d\x00o\
\x00s\x00y\x00a\x00l\x00a\x00r\x011\x00n\
\x011\x00 \x00v\x00a\x00r\x00s\x00a\x00y\
\x011\x00l\x00a\x00n\x00 \x00k\x00o\x00n\
\x00u\x00m\x00d\x00a\x00 \x00o\x00t\x00o\
\x00m\x00a\x00t\x00i\x00k\x00 \x00o\x00l\
\x00a\x00r\x00a\x00k\x00 \x00a\x00r\x00a\
\x00.\x00\x0a\x00(\x00$\x00U\x00S\x00E\x00R\
\x00A\x00P\x00P\x00D\x00A\x00T\x00A\x00D\
\x00I\x00R\x00/\x00M\x00o\x00d\x00/\x00o\
\x00f\x00f\x00l\x00i\x00n\x00e\x00-\x00d\
\x00o\x00c\x00u\x00m\x00e\x00n\x00t\x00a\
\x00t\x00i\x00o\x00n\x00)\x00.\x08\x00\x00\x00\
\x00\x06\x00\x00\x01WSet this t\
o a custom URL o\
r the folder whe\
re the help file\
s are located.\x0aD\
ocumentation can\
 be downloaded f\
or offline use v\
ia the Addon Man\
ager and install\
ing the\x0a\x22offline\
-documentation\x22 \
addon. If this f\
ield is left bla\
nk, FreeCAD will\
\x0aautomatically s\
earch for the he\
lp files at the \
default location\
\x0a($USERAPPDATADI\
R/Mod/offline-do\
cumentation).\x07\x00\x00\
\x00\x04Form\x01\x03\x00\x00\x03\x06\x00B\x00u\
\x00n\x00u\x00 \x00\xf6\x00z\x00e\x00l\x00 \
\x00b\x00i\x00r\x00 \x00U\x00R\x00L\x00'\
\x00y\x00e\x00 \x00v\x00e\x00y\x00a\x00 \
\x00y\x00a\x00r\x00d\x011\x00m\x00 \x00d\
\x00o\x00s\x00y\x00a\x00l\x00a\x00r\x011\
\x00n\x011\x00n\x00 \x00b\x00u\x00l\x00u\
\x00n\x00d\x00u\x01\x1f\x00u\x00 \x00k\x00l\
\x00a\x00s\x00\xf6\x00r\x00e\x00 \x00a\x00y\
\x00a\x00r\x00l\x00a\x00y\x011\x00n\x00.\
\x00\x0a\x00E\x00k\x00l\x00e\x00n\x00t\x00i\
\x00y\x00i\x00 \x00k\x00u\x00l\x00l\x00a\
\x00n\x00a\x00r\x00a\x00k\x00 \x00d\x00o\
\x00k\x00\xfc\x00m\x00a\x00n\x00t\x00a\x00s\
\x00y\x00o\x00n\x00u\x00 \x00\xe7\x00e\x00v\
\x00r\x00i\x00m\x00d\x011\x01_\x011\x00 \
\x00k\x00u\x00l\x00l\x00a\x00n\x011\x00m\
\x00 \x00i\x00\xe7\x00i\x00n\x00 \x00k\x00o\
\x00l\x00a\x00y\x00c\x00a\x00 \x00i\x00n\
\x00d\x00i\x00r\x00e\x00b\x00i\x00l\x00i\
\x00r\x00s\x00i\x00n\x00i\x00z\x00.\x00\x0a\
\x00Y\x00\xf6\x00n\x00e\x00t\x00i\x00c\x00i\
\x00 \x00v\x00e\x00 \x00\x22\x00\xe7\x00e\x00v\
\x00r\x00i\x00m\x00d\x011\x01_\x011\x00 \
\x00d\x00o\x00k\x00\xfc\x00m\x00a\x00n\x00t\
\x00a\x00s\x00y\x00o\x00n\x00\x22\x00 \x00e\
\x00k\x00l\x00e\x00n\x00t\x00i\x00s\x00i\
\x00n\x00i\x00n\x00 \x00y\x00\xfc\x00k\x00l\
\x00e\x00n\x00m\x00e\x00s\x00i\x00.\x00 \
\x00E\x01\x1f\x00e\x00r\x00 \x00b\x00u\x00\x0a\
\x00B\x00u\x00 \x00a\x00l\x00a\x00n\x00 \
\x00b\x00o\x01_\x00 \x00b\x011\x00r\x00a\
\x00k\x011\x00l\x011\x00r\x00s\x00a\x00,\
\x00 \x00F\x00r\x00e\x00e\x00C\x00A\x00D\
\x00 \x00y\x00a\x00r\x00d\x011\x00m\x00 \
\x00d\x00o\x00s\x00y\x00a\x00l\x00a\x00r\
\x011\x00n\x011\x00 \x00o\x00t\x00o\x00m\
\x00a\x00t\x00i\x00k\x00 \x00o\x00l\x00a\
\x00r\x00a\x00k\x00 \x01_\x00u\x00 \x00k\
\x00o\x00n\x00u\x00m\x00d\x00a\x00 \x00a\
\x00r\x00a\x00y\x00a\x00c\x00a\x00k\x00t\
\x011\x00r\x00:\x00\x0a\x00V\x00a\x00r\x00s\
\x00a\x00y\x011\x00l\x00a\x00n\x00 \x00k\
\x00o\x00n\x00u\x00m\x00 \x00(\x00$\x00U\
\x00S\x00E\x00R\x00A\x00P\x00P\x00D\x00A\
\x00T\x00A\x00D\x00I\x00R\x00/\x00M\x00o\
\x00d\x00/\x00o\x00f\x00f\x00l\x00i\x00n\
\x00e\x00-\x00d\x00o\x00c\x00u\x00m\x00e\
\x00n\x00t\x00a\x00t\x00i\x00o\x00n\x00)\
\x00.\x08\x00\x00\x00\x00\x06\x00\x00\x01fSet \
this to a custom\
 URL or the fold\
er where the hel\
p files are loca\
ted.\x0aYou can eas\
ily download the\
 documentation f\
or offline use b\
y using the Addo\
n\x0aManager and in\
stalling the \x22of\
fline-documentat\
ion\x22 addon. If t\
his\x0afield is lef\
t blank, FreeCAD\
 will automatica\
lly search for t\
he help files at\
\x0athe default loc\
ation ($USERAPPD\
ATADIR/Mod/offli\
ne-documentation\
).\x07\x00\x00\x00\x04Form\x01\x03\x00\x00\x00\
\x0c\x00K\x00a\x00y\x00n\x00a\x00k\x08\x00\x00\
\x00\x00\x06\x00\x00\x00\x06Source\x07\x00\x00\
\x00\x04Form\x01\x03\x00\x00\x01<\x00M\x00a\
\x00r\x00k\x00d\x00o\x00w\x00n\x00 \x00s\
\x00a\x00y\x00f\x00a\x00l\x00a\x00r\x011\
\x00n\x011\x00n\x00 \x00s\x00t\x00i\x00l\
\x00i\x00n\x00i\x00 \x00b\x00e\x00l\x00i\
\x00r\x00l\x00e\x00m\x00e\x00k\x00 \x00i\
\x00\xe7\x00i\x00n\x00 \x00a\x00l\x00t\x00e\
\x00r\x00n\x00a\x00t\x00i\x00f\x00 \x00b\
\x00i\x00r\x00 \x00C\x00S\x00S\x00 \x00d\
\x00o\x00s\x00y\x00a\x00s\x011\x00n\x011\
\x00n\x00 \x00y\x00o\x00l\x00u\x00n\x00u\
\x00 \x00b\x00e\x00l\x00i\x00r\x00t\x00i\
\x00n\x00.\x00\x0a\x00B\x00u\x00 \x00y\x00a\
\x00l\x00n\x011\x00z\x00c\x00a\x00 \x00y\
\x00u\x00k\x00a\x00r\x011\x00d\x00a\x00 \
\x00M\x00a\x00r\x00k\x00d\x00o\x00w\x00n\
\x00 \x00s\x00e\x00\xe7\x00e\x00n\x00e\x01\x1f\
\x00i\x00 \x00i\x01_\x00a\x00r\x00e\x00t\
\x00l\x00e\x00n\x00m\x00i\x01_\x00s\x00e\
\x00 \x00g\x00e\x00\xe7\x00e\x00r\x00l\x00i\
\x00d\x00i\x00r\x00.\x08\x00\x00\x00\x00\x06\x00\x00\
\x00xSpecify the pa\
th to an alterna\
tive CSS file fo\
r styling Markdo\
wn pages.\x0aThis o\
nly applies if M\
arkdown is selec\
ted above.\x07\x00\x00\x00\x04F\
orm\x01\x03\x00\x00\x02~\x00D\x00o\x00k\x00\
\xfc\x00m\x00a\x00n\x00t\x00a\x00s\x00y\x00\
o\x00n\x00 \x00s\x00a\x00y\x00f\x00a\x00\
l\x00a\x00r\x011\x00,\x00 \x00F\x00r\x00\
e\x00e\x00C\x00A\x00D\x00'\x00i\x00n\x00\
 \x00G\x00i\x00t\x00H\x00u\x00b\x00 \x00\
h\x00e\x00s\x00a\x00b\x011\x00n\x00d\x00\
a\x00 \x00b\x00a\x00r\x011\x00n\x00d\x01\
1\x00r\x011\x00l\x00a\x00n\x00 \x00F\x00\
r\x00e\x00e\x00C\x00A\x00D\x00 \x00w\x00\
i\x00k\x00i\x00'\x00s\x00i\x00n\x00i\x00\
n\x00 \x00o\x00t\x00o\x00m\x00a\x00t\x00\
i\x00k\x00 \x00M\x00a\x00r\x00k\x00d\x00\
o\x00w\x00n\x00 \x00d\x00\xf6\x00n\x00\xfc\x01\
_\x00t\x00\xfc\x00r\x00m\x00e\x00s\x00i\x00\
n\x00d\x00e\x00n\x00 \x00a\x00l\x011\x00\
n\x00a\x00c\x00a\x00k\x00t\x011\x00r\x00\
.\x00\x0a\x00B\x00u\x00,\x00 \x00a\x01_\x00\
a\x01\x1f\x011\x00d\x00a\x00k\x00i\x00 \x00\
\xf6\x00z\x00e\x00l\x00 \x00b\x00i\x00r\x00\
 \x00s\x00t\x00i\x00l\x00 \x00s\x00a\x00\
y\x00f\x00a\x00s\x011\x00y\x00l\x00a\x00\
 \x00b\x00i\x00\xe7\x00i\x00m\x00l\x00e\x00\
n\x00d\x00i\x00r\x00i\x00l\x00e\x00b\x00\
i\x00l\x00i\x00r\x00 \x00v\x00e\x00 \x00\
w\x00i\x00k\x00i\x00 \x00s\x00e\x00\xe7\x00\
e\x00n\x00e\x01\x1f\x00i\x00n\x00d\x00e\x00\
n\x00 \x00d\x00a\x00h\x00a\x00 \x00g\x00\
\xfc\x00z\x00e\x00l\x00 \x00g\x00\xf6\x00r\x00\
\xfc\x00n\x00e\x00b\x00i\x00l\x00i\x00r\x00\
.\x00\x0a\x00E\x00n\x00 \x00i\x00y\x00i\x00\
 \x00s\x00o\x00n\x00u\x00\xe7\x00l\x00a\x00\
r\x00 \x00i\x00\xe7\x00i\x00n\x00 \x00'\x00\
M\x00a\x00r\x00k\x00d\x00o\x00w\x00n\x00\
'\x00 \x00v\x00e\x00y\x00a\x00\x0a\x00'\x00\
P\x00a\x00n\x00d\x00o\x00c\x00'\x00 \x00\
P\x00y\x00t\x00h\x00o\x00n\x00 \x00m\x00\
o\x00d\x00\xfc\x00l\x00\xfc\x00n\x00\xfc\x00n\x00\
 \x00y\x00\xfc\x00k\x00l\x00e\x00n\x00m\x00\
e\x00s\x00i\x00 \x00g\x00e\x00r\x00e\x00\
k\x00i\x00r\x00.\x08\x00\x00\x00\x00\x06\x00\x00\x01\
2The documentati\
on pages will be\
 fetched from an\
 automatic Markd\
own conversion\x0ao\
f the FreeCAD wi\
ki,hosted on Fre\
eCAD's GitHub ac\
count. This can \
be styled with a\
\x0acustom styleshe\
et below and can\
 look nicer than\
 the wiki option\
. The 'Markdown'\
 or\x0a'Pandoc' Pyt\
hon module shoul\
d be installed f\
or optimal resul\
ts.\x07\x00\x00\x00\x04Form\x01\x03\x00\x00\
\x00\xbe\x00D\x00o\x00k\x00\xfc\x00m\x00a\x00n\
\x00t\x00a\x00s\x00y\x00o\x00n\x00 \x00s\
\x00a\x00y\x00f\x00a\x00l\x00a\x00r\x011\
\x00,\x00 \x00h\x00t\x00t\x00p\x00s\x00:\
\x00/\x00/\x00w\x00i\x00k\x00i\x00.\x00f\
\x00r\x00e\x00e\x00c\x00a\x00d\x00.\x00o\
\x00r\x00g\x00 \x00a\x00d\x00r\x00e\x00s\
\x00i\x00n\x00d\x00e\x00k\x00i\x00 \x00r\
\x00e\x00s\x00m\x00i\x00 \x00F\x00r\x00e\
\x00e\x00C\x00A\x00D\x00w\x00i\x00k\x00i\
\x00'\x00d\x00e\x00n\x00 \x00a\x00l\x011\
\x00n\x00a\x00c\x00a\x00k\x00t\x011\x00r\
\x08\x00\x00\x00\x00\x06\x00\x00\x00aThe do\
cumentation page\
s will be fetche\
d from the offic\
ial\x0aFreeCADwiki \
at https://wiki.\
freecad.org\x07\x00\x00\x00\x04\
Form\x01\x03\x00\x00\x01\x14\x00D\x00o\x00k\
\x00\xfc\x00m\x00a\x00n\x00t\x00a\x00s\x00y\
\x00o\x00n\x00,\x00 \x00F\x00r\x00e\x00e\
\x00C\x00A\x00D\x00 \x00a\x00r\x00a\x00y\
\x00\xfc\x00z\x00\xfc\x00 \x00i\x00\xe7\x00i\x00n\
\x00d\x00e\x00 \x00y\x00e\x00n\x00i\x00 \
\x00b\x00i\x00r\x00 \x00s\x00e\x00k\x00m\
\x00e\x00d\x00e\x00 \x00a\x00\xe7\x011\x00l\
\x00a\x00c\x00a\x00k\x00t\x011\x00r\x00.\
\x00 \x00B\x00u\x00n\x00u\x00n\x00 \x00i\
\x00\xe7\x00i\x00n\x00 \x00P\x00y\x00S\x00i\
\x00d\x00e\x00 \x00Q\x00t\x00W\x00e\x00b\
\x00e\x00n\x00g\x00i\x00n\x00e\x00W\x00i\
\x00d\x00g\x00e\x00t\x00s\x00 \x00b\x00i\
\x00l\x00e\x01_\x00e\x00n\x00i\x00n\x00e\
\x00 \x00i\x00h\x00t\x00i\x00y\x00a\x00\xe7\
\x00 \x00d\x00u\x00y\x00u\x00l\x00m\x00a\
\x00k\x00t\x00a\x00d\x011\x00r\x00.\x08\x00\
\x00\x00\x00\x06\x00\x00\x00}The docu\
mentation will o\
pen in a new tab\
 inside the Free\
CAD interface. T\
his requires the\
 PySide QtWebeng\
ineWidgets compo\
nent.\x07\x00\x00\x00\x04Form\x01\x03\
\x00\x00\x00b\x00B\x00e\x00l\x00g\x00e\x00l\
\x00e\x00r\x00 \x00v\x00a\x00r\x00s\x00a\
\x00y\x011\x00l\x00a\x00n\x00 \x00w\x00e\
\x00b\x00 \x00t\x00a\x00r\x00a\x00y\x011\
\x00c\x011\x00s\x011\x00n\x00d\x00a\x00 \
\x00a\x00\xe7\x011\x00l\x00a\x00c\x00a\x00k\
\x00t\x011\x00r\x08\x00\x00\x00\x00\x06\x00\x00\x006\
The documentatio\
n will open in t\
he default web b\
rowser\x07\x00\x00\x00\x04Form\x01\
\x03\x00\x00\x00\x1a\x00\xc7\x00e\x00v\x00i\x00r\x00\
i\x00 \x00s\x00o\x00n\x00e\x00k\x00i\x08\
\x00\x00\x00\x00\x06\x00\x00\x00\x12Transla\
tion suffix\x07\x00\x00\x00\x04\
Form\x01\x03\x00\x00\x00\xe2\x00B\x00u\x00 \
\x00s\x00a\x00y\x00f\x00a\x00n\x011\x00n\
\x00 \x00i\x00\xe7\x00e\x00r\x00i\x01\x1f\x00i\
\x00 \x00a\x00l\x011\x00n\x00a\x00m\x00a\
\x00d\x011\x00.\x00 \x00L\x00\xfc\x00t\x00f\
\x00e\x00n\x00 \x00D\x00\xfc\x00z\x00e\x00n\
\x00l\x00e\x00 !\x92\x00 \x00T\x00e\x00r\
\x00c\x00i\x00h\x00l\x00e\x00r\x00 !\x92\
\x00 \x00G\x00e\x00n\x00e\x00l\x00 !\x92\
\x00 \x00Y\x00a\x00r\x00d\x011\x00m\x00 \
\x00m\x00e\x00n\x00\xfc\x00s\x00\xfc\x00 \x00a\
\x00l\x00t\x011\x00n\x00d\x00a\x00k\x00i\
\x00 \x00a\x00y\x00a\x00r\x00l\x00a\x00r\
\x011\x00 \x00k\x00o\x00n\x00t\x00r\x00o\
\x00l\x00 \x00e\x00d\x00i\x00n\x08\x00\x00\x00\
\x00\x06\x00\x00\x00yContents f\
or this page cou\
ld not be retrie\
ved. Please chec\
k settings under\
 menu Edit \xe2\x86\x92 P\
references \xe2\x86\x92 G\
eneral \xe2\x86\x92 Help\x07\
\x00\x00\x00\x04Help\x01\x03\x00\x00\x00\x0c\x00Y\
\x00a\x00r\x00d\x011\x00m\x08\x00\x00\x00\x00\x06\
\x00\x00\x00\x04Help\x07\x00\x00\x00\x04Hel\
p\x01\x03\x00\x00\x00\xf8\x00Y\x00a\x00r\x00d\x01\
1\x00m\x00 \x00d\x00o\x00s\x00y\x00a\x00\
l\x00a\x00r\x011\x00n\x011\x00n\x00 \x00\
k\x00o\x00n\x00u\x00m\x00u\x00 \x00b\x00\
e\x00l\x00i\x00r\x00l\x00e\x00n\x00e\x00\
m\x00e\x00d\x00i\x00.\x00 \x00L\x00\xfc\x00\
t\x00f\x00e\x00n\x00 \x00D\x00\xfc\x00z\x00\
e\x00n\x00l\x00e\x00 !\x92\x00 \x00T\x00\
e\x00r\x00c\x00i\x00h\x00l\x00e\x00r\x00\
 !\x92\x00 \x00G\x00e\x00n\x00e\x00l\x00\
 !\x92\x00 \x00Y\x00a\x00r\x00d\x011\x00\
m\x00 \x00m\x00e\x00n\x00\xfc\x00s\x00\xfc\x00\
 \x00a\x00l\x00t\x011\x00n\x00d\x00a\x00\
k\x00i\x00 \x00a\x00y\x00a\x00r\x00l\x00\
a\x00r\x011\x00 \x00k\x00o\x00n\x00t\x00\
r\x00o\x00l\x00 \x00e\x00d\x00i\x00n\x08\
\x00\x00\x00\x00\x06\x00\x00\x00wHelp fi\
les location cou\
ld not be determ\
ined. Please che\
ck settings unde\
r menu Edit \xe2\x86\x92 \
Preferences \xe2\x86\x92 \
General \xe2\x86\x92 Help\
\x07\x00\x00\x00\x04Help\x01\x03\x00\x00\x00\xe0\x00\
P\x00y\x00S\x00i\x00d\x00e\x00 \x00Q\x00\
t\x00W\x00e\x00b\x00E\x00n\x00g\x00i\x00\
n\x00e\x00W\x00i\x00d\x00g\x00e\x00t\x00\
s\x00 \x00m\x00o\x00d\x00\xfc\x00l\x00\xfc\x00\
 \x00k\x00u\x00l\x00l\x00a\x00n\x011\x00\
l\x00a\x00m\x011\x00y\x00o\x00r\x00.\x00\
 \x00Y\x00a\x00r\x00d\x011\x00m\x00 \x00\
g\x00\xf6\x00r\x00\xfc\x00n\x00t\x00\xfc\x00l\x00\
e\x00m\x00e\x00 \x00i\x01_\x00l\x00e\x00\
m\x00i\x00 \x00s\x00i\x00s\x00t\x00e\x00\
m\x00 \x00t\x00a\x00r\x00a\x00y\x011\x00\
c\x011\x00s\x011\x00 \x00\xfc\x00z\x00e\x00\
r\x00i\x00n\x00d\x00e\x00n\x00 \x00y\x00\
a\x00p\x011\x00l\x011\x00y\x00o\x00r\x08\
\x00\x00\x00\x00\x06\x00\x00\x00aPySide \
QtWebEngineWidge\
ts module is not\
 available. Help\
 rendering is do\
ne with the syst\
em browser\x07\x00\x00\x00\x04H\
elp\x01\x03\x00\x00\x01\x96\x00S\x00i\x00s\x00\
t\x00e\x00m\x00i\x00n\x00i\x00z\x00d\x00\
e\x00 \x00M\x00a\x00r\x00k\x00d\x00o\x00\
w\x00n\x00 \x00o\x00l\x00u\x01_\x00t\x00\
u\x00r\x00u\x00c\x00u\x00 \x00y\x00\xfc\x00\
k\x00l\x00\xfc\x00 \x00d\x00e\x01\x1f\x00i\x00\
l\x00,\x00 \x00b\x00u\x00 \x00n\x00e\x00\
d\x00e\x00n\x00l\x00e\x00 \x00b\x00u\x00\
 \x00y\x00a\x00r\x00d\x011\x00m\x00 \x00\
s\x00a\x00y\x00f\x00a\x00s\x011\x00 \x00\
o\x00l\x00d\x00u\x01\x1f\x00u\x00 \x00g\x00\
i\x00b\x00i\x00 \x00g\x00\xf6\x00r\x00\xfc\x00\
n\x00t\x00\xfc\x00l\x00e\x00n\x00i\x00y\x00\
o\x00r\x00.\x00 \x00S\x00a\x00y\x00f\x00\
a\x00n\x011\x00n\x00 \x00g\x00\xf6\x00r\x00\
\xfc\x00n\x00t\x00\xfc\x00l\x00e\x00n\x00m\x00\
e\x00s\x00i\x00n\x00i\x00 \x00i\x00y\x00\
i\x00l\x00e\x01_\x00t\x00i\x00r\x00m\x00\
e\x00k\x00 \x00i\x00\xe7\x00i\x00n\x00 \x00\
l\x00\xfc\x00t\x00f\x00e\x00n\x00 \x00M\x00\
a\x00r\x00k\x00d\x00o\x00w\x00n\x00 \x00\
v\x00e\x00y\x00a\x00 \x00P\x00a\x00n\x00\
d\x00o\x00c\x00 \x00P\x00y\x00t\x00h\x00\
o\x00n\x00 \x00m\x00o\x00d\x00\xfc\x00l\x00\
l\x00e\x00r\x00i\x00n\x00i\x00 \x00y\x00\
\xfc\x00k\x00l\x00e\x00y\x00i\x00n\x00.\x08\
\x00\x00\x00\x00\x06\x00\x00\x00\xb8There i\
s no Markdown re\
nderer installed\
 on your system,\
 so this help pa\
ge is rendered a\
s is. Please ins\
tall the Markdow\
n or Pandoc Pyth\
on modules to im\
prove the render\
ing of this page\
.\x07\x00\x00\x00\x04Help\x01\x03\x00\x00\x00\x0a\
\x00G\x00e\x00n\x00e\x00l\x08\x00\x00\x00\x00\x06\
\x00\x00\x00\x07General\x07\x00\x00\x00\x07\
QObject\x01\
\x00\x00%e\
<\
\xb8d\x18\xca\xef\x9c\x95\xcd!\x1c\xbf`\xa1\xbd\xdd\xa7\
\x00\x00\x00\x02roB\x00\x00\x00\xf0\x00\x04\xec0\x00\
\x00\x06\x16\x00\x04\xec0\x00\x00\x1e_\x00\x99N\xa8\x00\
\x00\x1c\x80\x018!.\x00\x00\x14\xf2\x01\x82\xc62\x00\
\x00 *\x02mV`\x00\x00\x1e\x88\x04\x1e\xf1\x82\x00\
\x00\x06?\x04Dm9\x00\x00\x05x\x04T\x18N\x00\
\x00\x13Q\x04\x89?'\x00\x00\x06\x8e\x04\xde1)\x00\
\x00\x07t\x05M7\xf2\x00\x00\x07\x0f\x05\xa6\xc8\x95\x00\
\x00\x13(\x06{\x06\x03\x00\x00\x09\xd5\x06\xa4]\x8e\x00\
\x00\x0a\x03\x07\x07\xe0\x0e\x00\x00\x1a'\x07t\x8a\x94\x00\
\x00\x01\xa8\x09\x82\xac\xae\x00\x00\x00\x00\x09\xd5\xc9.\x00\
\x00\x026\x0auc\xd7\x00\x00\x18\xe9\x0b\x0ar\xc9\x00\
\x00\x02\x08\x0c\xe2\x80\xae\x00\x00\x04L\x0d\xb7\x06\x10\x00\
\x00\x1c\xc9\x0d\xc4\xc8<\x00\x00$\x15\x0e*j\xae\x00\
\x00!z\x0ek8\x9e\x00\x00\x0e\x85\x0e\x8d\xd4\x82\x00\
\x00\x1b\xc7\x0e\xca\x08\x89\x00\x00\x05\xd0\x0f-\x13\xae\x00\
\x00\x01V\x0fE\xeb\x1e\x00\x00\x07\xdci\x00\x00$F\
\x03\x00\x00\x00\xe0\x00U\x00n\x00 \x00s\x00u\x00\
f\x00i\x00x\x00 \x00d\x00e\x00 \x00t\x00\
r\x00a\x00d\x00u\x00c\x00e\x00r\x00e\x00\
 \x00p\x00e\x00n\x00t\x00r\x00u\x00 \x00\
a\x00 \x00f\x00i\x00 \x00f\x00o\x00l\x00\
o\x00s\x00i\x00t\x00,\x00 \x00d\x00e\x00\
 \x00e\x00x\x00e\x00m\x00p\x00l\x00u\x00\
 \x00\x22\x00f\x00r\x00\x22\x00\x0a\x00p\x00e\x00\
n\x00t\x00r\x00u\x00 \x00a\x00 \x00o\x00\
b\x02\x1b\x00i\x00n\x00e\x00 \x00t\x00r\x00\
a\x00d\x00u\x00c\x00e\x00r\x00e\x00a\x00\
 \x00d\x00o\x00c\x00u\x00m\x00e\x00n\x00\
t\x00a\x02\x1b\x00i\x00e\x00i\x00 \x00\xee\x00\
n\x00 \x00f\x00r\x00a\x00n\x00c\x00e\x00\
z\x01\x03\x00.\x08\x00\x00\x00\x00\x06\x00\x00\x00]A\
 translation suf\
fix to use, for \
example \x22fr\x22\x0ato \
get French trans\
lation of the do\
cumentation.\x07\x00\x00\x00\
\x04Form\x01\x03\x00\x00\x00*\x00L\x00o\x00\
c\x00a\x02\x1b\x00i\x00e\x00 \x00p\x00e\x00\
r\x00s\x00o\x00n\x00a\x00l\x00i\x00z\x00\
a\x00t\x01\x03\x08\x00\x00\x00\x00\x06\x00\x00\x00\x0fC\
ustom location\x07\x00\
\x00\x00\x04Form\x01\x03\x00\x00\x006\x00F\x00\
o\x00a\x00i\x00e\x00 \x00d\x00e\x00 \x00\
s\x00t\x00i\x00l\x00 \x00p\x00e\x00r\x00\
s\x00o\x00n\x00a\x00l\x00i\x00z\x00a\x00\
t\x01\x03\x08\x00\x00\x00\x00\x06\x00\x00\x00\x11Cus\
tom stylesheet\x07\x00\
\x00\x00\x04Form\x01\x03\x00\x00\x00\x0e\x00A\x00\
f\x00i\x02\x19\x00a\x00r\x00e\x08\x00\x00\x00\x00\
\x06\x00\x00\x00\x07Display\x07\x00\x00\x00\
\x04Form\x01\x03\x00\x00\x01h\x00D\x00o\x00\
c\x00u\x00m\x00e\x00n\x00t\x00a\x02\x1b\x00\
i\x00a\x00 \x00s\x00e\x00 \x00d\x00e\x00\
s\x00c\x00h\x00i\x00d\x00e\x00 \x00\xee\x00\
n\x00t\x00r\x00-\x00o\x00 \x00f\x00e\x00\
r\x00e\x00a\x00s\x00t\x00r\x01\x03\x00 \x00\
d\x00e\x00 \x00d\x00i\x00a\x00l\x00o\x00\
g\x00 \x00a\x00n\x00d\x00o\x00c\x00a\x00\
b\x00i\x00l\x01\x03\x00 \x00\xee\x00n\x00 \x00\
i\x00n\x00t\x00e\x00r\x00f\x00a\x02\x1b\x00\
a\x00 \x00F\x00r\x00e\x00e\x00C\x00A\x00\
D\x00,\x00 \x00p\x00e\x00r\x00m\x00i\x02\
\x1b\x00\xe2\x00n\x00d\x00 \x00l\x00u\x00c\x00\
r\x00a\x00r\x00e\x00a\x00 \x00s\x00i\x00\
m\x00u\x00l\x00t\x00a\x00n\x01\x03\x00 \x00\
\xee\x00n\x00 \x00v\x00i\x00z\x00u\x00a\x00\
l\x00i\x00z\x00a\x00r\x00e\x00a\x00 \x00\
3\x00D\x00.\x00\x0a\x00N\x00e\x00c\x00e\x00\
s\x00i\x00t\x01\x03\x00 \x00c\x00o\x00m\x00\
p\x00o\x00n\x00e\x00n\x00t\x00a\x00 \x00\
P\x00y\x00S\x00i\x00d\x00e\x00 \x00Q\x00\
t\x00W\x00e\x00b\x00e\x00n\x00g\x00i\x00\
n\x00e\x00W\x00i\x00d\x00g\x00e\x00t\x00\
s\x00.\x08\x00\x00\x00\x00\x06\x00\x00\x00\x95Doc\
umentation opens\
 in a dockable d\
ialog within Fre\
eCAD, allowing s\
imultaneous work\
 in the 3D view.\
\x0aRequires the Py\
Side QtWebengine\
Widgets componen\
t.\x07\x00\x00\x00\x04Form\x01\x03\x00\x00\x00\
\xba\x00P\x00r\x00e\x00i\x00a\x00 \x00d\x00\
o\x00c\x00u\x00m\x00e\x00n\x00t\x00a\x02\
\x1b\x00i\x00a\x00 \x00d\x00e\x00 \x00p\x00\
e\x00 \x00p\x00a\x00g\x00i\x00n\x00i\x00\
l\x00e\x00 \x00r\x00e\x00d\x00a\x00t\x00\
e\x00 \x00p\x00e\x00 \x00G\x00i\x00t\x00\
H\x00u\x00b\x00.\x00 \x00\x0a\x00A\x00c\x00\
e\x00s\x00t\x00 \x00l\x00u\x00c\x00r\x00\
u\x00 \x00n\x00u\x00 \x00e\x00s\x00t\x00\
e\x00 \x00d\x00i\x00s\x00p\x00o\x00n\x00\
i\x00b\x00i\x00l\x00 \x00m\x00o\x00m\x00\
e\x00n\x00t\x00a\x00n\x00.\x08\x00\x00\x00\x00\
\x06\x00\x00\x00YFetches the\
 documentation f\
rom pages render\
ed on GitHub.\x0aTh\
is is currently \
not available.\x07\x00\
\x00\x00\x04Form\x01\x03\x00\x00\x00*\x00F\x00\
r\x00e\x00e\x00C\x00A\x00D\x00 \x00W\x00\
i\x00k\x00i\x00 \x00(\x00o\x00n\x00l\x00\
i\x00n\x00e\x00)\x08\x00\x00\x00\x00\x06\x00\x00\x00\
\x15FreeCAD Wiki (o\
nline)\x07\x00\x00\x00\x04Form\x01\
\x03\x00\x00\x00\x1e\x00G\x00i\x00t\x00H\x00u\x00\
b\x00 \x00(\x00o\x00n\x00l\x00i\x00n\x00\
e\x00)\x08\x00\x00\x00\x00\x06\x00\x00\x00\x0fGit\
Hub (online)\x07\x00\x00\x00\
\x04Form\x01\x03\x00\x00\x00\x0c\x00A\x00j\x00\
u\x00t\x00o\x00r\x08\x00\x00\x00\x00\x06\x00\x00\x00\
\x04Help\x07\x00\x00\x00\x04Form\x01\x03\
\x00\x00\x00&\x00\xce\x00n\x00t\x00r\x00-\x00o\
\x00 \x00f\x00i\x00l\x01\x03\x00 \x00F\x00r\
\x00e\x00e\x00C\x00A\x00D\x08\x00\x00\x00\x00\x06\
\x00\x00\x00\x10In a FreeCAD\
 tab\x07\x00\x00\x00\x04Form\x01\x03\x00\
\x00\x00H\x00\xce\x00n\x00t\x00r\x00-\x00u\x00\
n\x00 \x00d\x00i\x00a\x00l\x00o\x00g\x00\
 \x00s\x00e\x00p\x00a\x00r\x00a\x00t\x00\
,\x00 \x00\xee\x00n\x00c\x00o\x00r\x00p\x00\
o\x00r\x00a\x00b\x00i\x00l\x08\x00\x00\x00\x00\
\x06\x00\x00\x00 In a separa\
te, embeddable d\
ialog\x07\x00\x00\x00\x04Form\x01\x03\
\x00\x00\x002\x00\xce\x00n\x00 \x00b\x00r\x00o\
\x00w\x00s\x00e\x00r\x00u\x00l\x00 \x00w\
\x00e\x00b\x00 \x00i\x00m\x00p\x00l\x00i\
\x00c\x00i\x00t\x08\x00\x00\x00\x00\x06\x00\x00\x00\x1a\
In the default w\
eb browser\x07\x00\x00\x00\x04F\
orm\x01\x03\x00\x00\x006\x00V\x00e\x00r\x00\
s\x00i\x00u\x00n\x00e\x00a\x00 \x00M\x00\
a\x00r\x00k\x00d\x00o\x00w\x00n\x00 \x00\
(\x00o\x00n\x00l\x00i\x00n\x00e\x00)\x08\
\x00\x00\x00\x00\x06\x00\x00\x00\x19Markdow\
n version (onlin\
e)\x07\x00\x00\x00\x04Form\x01\x03\x00\x00\x01\
T\x00N\x00o\x00t\x01\x03\x00:\x00 \x00\xee\x00\
n\x00 \x00c\x00a\x00z\x00u\x00l\x00 \x00\
\xee\x00n\x00 \x00c\x00a\x00r\x00e\x00 \x00\
c\x00o\x00m\x00p\x00o\x00n\x00e\x00n\x00\
t\x00e\x00l\x00e\x00 \x00P\x00y\x00S\x00\
i\x00d\x00e\x00 \x00W\x00e\x00b\x00 \x00\
n\x00u\x00 \x00s\x00u\x00n\x00t\x00 \x00\
g\x01\x03\x00s\x00i\x00t\x00e\x00 \x00p\x00\
e\x00 \x00s\x00i\x00s\x00t\x00e\x00m\x00\
,\x00 \x00p\x00a\x00g\x00i\x00n\x00i\x00\
l\x00e\x00 \x00d\x00e\x00 \x00a\x00j\x00\
u\x00t\x00o\x00r\x00 \x00s\x00e\x00 \x00\
v\x00o\x00r\x00 \x00d\x00e\x00s\x00c\x00\
h\x00i\x00d\x00e\x00 \x00\xee\x00n\x00 \x00\
b\x00r\x00o\x00w\x00s\x00e\x00r\x00u\x00\
l\x00 \x00w\x00e\x00b\x00 \x00i\x00m\x00\
p\x00l\x00i\x00c\x00i\x00t\x00,\x00 \x00\
i\x00n\x00d\x00i\x00f\x00e\x00r\x00e\x00\
n\x00t\x00 \x00d\x00e\x00 \x00o\x00p\x02\
\x1b\x00i\x00u\x00n\x00i\x00l\x00e\x00 \x00\
d\x00e\x00 \x00m\x00a\x00i\x00 \x00j\x00\
o\x00s\x00.\x08\x00\x00\x00\x00\x06\x00\x00\x00\x8cN\
ote: if PySide W\
eb components ar\
e not found on t\
he system, help \
pages will open \
in the default w\
eb browser regar\
dless of the opt\
ions below.\x07\x00\x00\x00\x04\
Form\x01\x03\x00\x00\x00\x0e\x00O\x00p\x02\x1b\
\x00i\x00u\x00n\x00i\x08\x00\x00\x00\x00\x06\x00\x00\
\x00\x07Options\x07\x00\x00\x00\x04Fo\
rm\x01\x03\x00\x00\x03\x12\x00S\x00e\x00t\x00a\
\x02\x1b\x00i\x00 \x00a\x00c\x00e\x00s\x00t\
\x00 \x00c\x00\xe2\x00m\x00p\x00 \x00l\x00a\
\x00 \x00u\x00n\x00 \x00U\x00R\x00L\x00 \
\x00p\x00e\x00r\x00s\x00o\x00n\x00a\x00l\
\x00i\x00z\x00a\x00t\x00 \x00s\x00a\x00u\
\x00 \x00l\x00a\x00 \x00f\x00o\x00l\x00d\
\x00e\x00r\x00u\x00l\x00 \x00\xee\x00n\x00 \
\x00c\x00a\x00r\x00e\x00 \x00s\x00u\x00n\
\x00t\x00 \x00l\x00o\x00c\x00a\x00l\x00i\
\x00z\x00a\x00t\x00e\x00 \x00f\x00i\x02\x19\
\x00i\x00e\x00r\x00e\x00l\x00e\x00 \x00d\
\x00e\x00 \x00a\x00j\x00u\x00t\x00o\x00r\
\x00.\x00\x0a\x00D\x00o\x00c\x00u\x00m\x00e\
\x00n\x00t\x00a\x02\x1b\x00i\x00a\x00 \x00p\
\x00o\x00a\x00t\x00e\x00 \x00f\x00i\x00 \
\x00d\x00e\x00s\x00c\x01\x03\x00r\x00c\x00a\
\x00t\x01\x03\x00 \x00p\x00e\x00n\x00t\x00r\
\x00u\x00 \x00u\x00t\x00i\x00l\x00i\x00z\
\x00a\x00r\x00e\x00 \x00o\x00f\x00f\x00l\
\x00i\x00n\x00e\x00 \x00u\x00t\x00i\x00l\
\x00i\x00z\x00\xe2\x00n\x00d\x00 \x00M\x00a\
\x00n\x00a\x00g\x00e\x00r\x00u\x00l\x00 \
\x00d\x00e\x00 \x00A\x00d\x00d\x00o\x00n\
\x00-\x00u\x00r\x00i\x00\x0a\x02\x19\x00i\x00 \
\x00i\x00n\x00s\x00t\x00a\x00l\x00\xe2\x00n\
\x00d\x00 \x00A\x00d\x00d\x00o\x00n\x00-\
\x00u\x00l\x00 \x00\x22\x00o\x00f\x00f\x00l\
\x00i\x00n\x00e\x00-\x00d\x00o\x00c\x00u\
\x00m\x00e\x00n\x00t\x00a\x00t\x00i\x00o\
\x00n\x00\x22\x00.\x00 \x00D\x00a\x00c\x01\x03\
\x00 \x00a\x00c\x00e\x00s\x00t\x00 \x00c\
\x00\xe2\x00m\x00p\x00\x0a\x00e\x00s\x00t\x00e\
\x00 \x00l\x01\x03\x00s\x00a\x00t\x00 \x00n\
\x00e\x00c\x00o\x00m\x00p\x00l\x00e\x00t\
\x00a\x00t\x00,\x00 \x00F\x00r\x00e\x00e\
\x00C\x00A\x00D\x00 \x00v\x00a\x00 \x00c\
\x01\x03\x00u\x00t\x00a\x00 \x00a\x00u\x00t\
\x00o\x00m\x00a\x00t\x00 \x00f\x00i\x01_\
\x00i\x00e\x00r\x00e\x00l\x00e\x00 \x00d\
\x00e\x00 \x00a\x00j\x00u\x00t\x00o\x00r\
\x00 \x00d\x00e\x00 \x00l\x00a\x00\x0a\x00l\
\x00o\x00c\x00a\x01c\x00i\x00a\x00 \x00i\
\x00m\x00p\x00l\x00i\x00c\x00i\x00t\x01\x03\
\x00 \x00(\x00$\x00U\x00S\x00E\x00R\x00A\
\x00P\x00P\x00D\x00A\x00T\x00A\x00D\x00I\
\x00R\x00/\x00M\x00o\x00d\x00/\x00o\x00f\
\x00f\x00l\x00i\x00n\x00e\x00-\x00d\x00o\
\x00c\x00u\x00m\x00e\x00n\x00t\x00a\x00t\
\x00i\x00o\x00n\x00)\x00.\x08\x00\x00\x00\x00\x06\
\x00\x00\x01WSet this to \
a custom URL or \
the folder where\
 the help files \
are located.\x0aDoc\
umentation can b\
e downloaded for\
 offline use via\
 the Addon Manag\
er and installin\
g the\x0a\x22offline-d\
ocumentation\x22 ad\
don. If this fie\
ld is left blank\
, FreeCAD will\x0aa\
utomatically sea\
rch for the help\
 files at the de\
fault location\x0a(\
$USERAPPDATADIR/\
Mod/offline-docu\
mentation).\x07\x00\x00\x00\x04\
Form\x01\x03\x00\x00\x03$\x00S\x00e\x00t\
\x00a\x02\x1b\x00i\x00 \x00a\x00c\x00e\x00s\
\x00t\x00 \x00c\x00\xe2\x00m\x00p\x00 \x00l\
\x00a\x00 \x00u\x00n\x00 \x00U\x00R\x00L\
\x00 \x00p\x00e\x00r\x00s\x00o\x00n\x00a\
\x00l\x00i\x00z\x00a\x00t\x00 \x00s\x00a\
\x00u\x00 \x00l\x00a\x00 \x00f\x00o\x00l\
\x00d\x00e\x00r\x00u\x00l\x00 \x00\xee\x00n\
\x00 \x00c\x00a\x00r\x00e\x00 \x00s\x00u\
\x00n\x00t\x00 \x00l\x00o\x00c\x00a\x00l\
\x00i\x00z\x00a\x00t\x00e\x00 \x00f\x00i\
\x02\x19\x00i\x00e\x00r\x00e\x00l\x00e\x00 \
\x00a\x00j\x00u\x00t\x01\x03\x00t\x00o\x00a\
\x00r\x00e\x00.\x00\x0a\x00P\x00u\x00t\x00e\
\x02\x1b\x00i\x00 \x00d\x00e\x00s\x00c\x01\x03\
\x00r\x00c\x00a\x00 \x00c\x00u\x00 \x00u\
\x02\x19\x00u\x00r\x00i\x00n\x02\x1b\x01\x03\x00 \
\x00d\x00o\x00c\x00u\x00m\x00e\x00n\x00t\
\x00a\x02\x1b\x00i\x00a\x00 \x00p\x00e\x00n\
\x00t\x00r\x00u\x00 \x00u\x00t\x00i\x00l\
\x00i\x00z\x00a\x00r\x00e\x00 \x00o\x00f\
\x00f\x00l\x00i\x00n\x00e\x00 \x00u\x00t\
\x00i\x00l\x00i\x00z\x00\xe2\x00n\x00d\x00 \
\x00M\x00a\x00n\x00a\x00g\x00e\x00r\x00u\
\x00l\x00 \x00d\x00e\x00 \x00A\x00d\x00d\
\x00o\x00n\x00-\x00u\x00r\x00i\x00\x0a\x02\x19\
\x00i\x00 \x00i\x00n\x00s\x00t\x00a\x00l\
\x00\xe2\x00n\x00d\x00 \x00A\x00d\x00d\x00o\
\x00n\x00-\x00u\x00l\x00 \x00\x22\x00o\x00f\
\x00f\x00l\x00i\x00n\x00e\x00-\x00d\x00o\
\x00c\x00u\x00m\x00e\x00n\x00t\x00a\x00t\
\x00i\x00o\x00n\x00\x22\x00.\x00 \x00D\x00a\
\x00c\x01\x03\x00 \x00a\x00c\x00e\x00s\x00t\
\x00 \x00c\x00\xe2\x00m\x00p\x00\x0a\x00e\x00s\
\x00t\x00e\x00 \x00l\x01\x03\x00s\x00a\x00t\
\x00 \x00n\x00e\x00c\x00o\x00m\x00p\x00l\
\x00e\x00t\x00a\x00t\x00,\x00 \x00F\x00r\
\x00e\x00e\x00C\x00A\x00D\x00 \x00v\x00a\
\x00 \x00c\x01\x03\x00u\x00t\x00a\x00 \x00a\
\x00u\x00t\x00o\x00m\x00a\x00t\x00 \x00f\
\x00i\x01_\x00i\x00e\x00r\x00e\x00l\x00e\
\x00 \x00d\x00e\x00 \x00a\x00j\x00u\x00t\
\x00o\x00r\x00 \x00d\x00e\x00 \x00l\x00a\
\x00\x0a\x00l\x00o\x00c\x00a\x01c\x00i\x00a\
\x00 \x00i\x00m\x00p\x00l\x00i\x00c\x00i\
\x00t\x01\x03\x00 \x00(\x00$\x00U\x00S\x00E\
\x00R\x00A\x00P\x00P\x00D\x00A\x00T\x00A\
\x00D\x00I\x00R\x00/\x00M\x00o\x00d\x00/\
\x00o\x00f\x00f\x00l\x00i\x00n\x00e\x00-\
\x00d\x00o\x00c\x00u\x00m\x00e\x00n\x00t\
\x00a\x00t\x00i\x00o\x00n\x00)\x00.\x08\x00\
\x00\x00\x00\x06\x00\x00\x01fSet this\
 to a custom URL\
 or the folder w\
here the help fi\
les are located.\
\x0aYou can easily \
download the doc\
umentation for o\
ffline use by us\
ing the Addon\x0aMa\
nager and instal\
ling the \x22offlin\
e-documentation\x22\
 addon. If this\x0a\
field is left bl\
ank, FreeCAD wil\
l automatically \
search for the h\
elp files at\x0athe\
 default locatio\
n ($USERAPPDATAD\
IR/Mod/offline-d\
ocumentation).\x07\x00\
\x00\x00\x04Form\x01\x03\x00\x00\x00\x0a\x00S\x00\
u\x00r\x00s\x00a\x08\x00\x00\x00\x00\x06\x00\x00\x00\
\x06Source\x07\x00\x00\x00\x04Form\
\x01\x03\x00\x00\x01\x10\x00S\x00p\x00e\x00c\x00i\
\x00f\x00i\x00c\x00a\x02\x1b\x00i\x00 \x00l\
\x00o\x00c\x00a\x02\x1b\x00i\x00a\x00 \x00u\
\x00n\x00u\x00i\x00 \x00f\x00i\x02\x19\x00i\
\x00e\x00r\x00 \x00C\x00S\x00S\x00 \x00a\
\x00l\x00t\x00e\x00r\x00n\x00a\x00t\x00i\
\x00v\x00 \x00p\x00e\x00n\x00t\x00r\x00u\
\x00 \x00s\x00t\x00i\x00l\x00i\x00z\x00a\
\x00r\x00e\x00a\x00 \x00p\x00a\x00g\x00i\
\x00n\x00i\x00l\x00o\x00r\x00 \x00M\x00a\
\x00r\x00k\x00d\x00o\x00w\x00n\x00.\x00\x0a\
\x00S\x00e\x00 \x00a\x00p\x00l\x00i\x00c\
\x01\x03\x00 \x00d\x00o\x00a\x00r\x00 \x00d\
\x00a\x00c\x01\x03\x00 \x00M\x00a\x00r\x00k\
\x00d\x00o\x00w\x00n\x00 \x00e\x00s\x00t\
\x00e\x00 \x00s\x00e\x00l\x00e\x00c\x00t\
\x00a\x00t\x00 \x00m\x00a\x00i\x00 \x00s\
\x00u\x00s\x00.\x08\x00\x00\x00\x00\x06\x00\x00\x00x\
Specify the path\
 to an alternati\
ve CSS file for \
styling Markdown\
 pages.\x0aThis onl\
y applies if Mar\
kdown is selecte\
d above.\x07\x00\x00\x00\x04For\
m\x01\x03\x00\x00\x02\xac\x00P\x00a\x00g\x00i\x00\
n\x00i\x00l\x00e\x00 \x00d\x00e\x00 \x00\
d\x00o\x00c\x00u\x00m\x00e\x00n\x00t\x00\
a\x00r\x00e\x00 \x00v\x00o\x00r\x00 \x00\
f\x00i\x00 \x00p\x00r\x00e\x00l\x00u\x00\
a\x00t\x00e\x00 \x00d\x00i\x00n\x00t\x00\
r\x00-\x00o\x00 \x00c\x00o\x00n\x00v\x00\
e\x00r\x00s\x00i\x00e\x00 \x00M\x00a\x00\
r\x00k\x00d\x00o\x00w\x00n\x00 \x00a\x00\
u\x00t\x00o\x00m\x00a\x00t\x01\x03\x00\x0a\x00\
d\x00i\x00n\x00 \x00w\x00i\x00k\x00i\x00\
-\x00u\x00l\x00 \x00F\x00r\x00e\x00e\x00\
C\x00A\x00D\x00,\x00 \x00d\x00i\x00s\x00\
p\x00o\x00n\x00i\x00b\x00i\x00l\x00e\x00\
 \x00p\x00e\x00 \x00c\x00o\x00n\x00t\x00\
u\x00l\x00 \x00G\x00i\x00t\x00H\x00u\x00\
b\x00 \x00a\x00l\x00 \x00F\x00r\x00e\x00\
e\x00C\x00A\x00D\x00.\x00 \x00A\x00c\x00\
e\x00a\x00s\x00t\x00a\x00 \x00p\x00o\x00\
a\x00t\x00e\x00 \x00f\x00i\x00 \x00s\x00\
t\x00i\x00l\x00i\x00z\x00a\x00t\x01\x03\x00\
 \x00c\x00u\x00 \x00o\x00 \x00f\x00o\x00\
a\x00i\x00e\x00 \x00d\x00e\x00 \x00s\x00\
t\x00i\x00l\x00 \x00p\x00e\x00r\x00s\x00\
o\x00n\x00a\x00l\x00i\x00z\x00a\x00t\x01\
\x03\x00\x0a\x00d\x00e\x00 \x00m\x00a\x00i\x00\
 \x00j\x00o\x00s\x00 \x01_\x00i\x00 \x00\
p\x00o\x00a\x00t\x00e\x00 \x00a\x00r\x01\
\x03\x00t\x00a\x00 \x00m\x00a\x00i\x00 \x00\
f\x00r\x00u\x00m\x00o\x00s\x00 \x00d\x00\
e\x00c\x00\xe2\x00t\x00 \x00o\x00p\x01c\x00\
i\x00u\x00n\x00e\x00a\x00 \x00d\x00e\x00\
 \x00p\x00e\x00 \x00w\x00i\x00k\x00i\x00\
.\x00 \x00M\x00o\x00d\x00u\x00l\x00u\x00\
l\x00 \x00'\x00M\x00a\x00r\x00k\x00d\x00\
o\x00w\x00n\x00'\x00 \x00s\x00a\x00u\x00\
\x0a\x00'\x00P\x00a\x00n\x00d\x00o\x00c\x00\
'\x00 \x00P\x00y\x00t\x00h\x00o\x00n\x00\
 \x00t\x00r\x00e\x00b\x00u\x00i\x00e\x00\
 \x00i\x00n\x00s\x00t\x00a\x00l\x00a\x00\
t\x00 \x00p\x00e\x00n\x00t\x00r\x00u\x00\
 \x00r\x00e\x00z\x00u\x00l\x00t\x00a\x00\
t\x00e\x00 \x00o\x00p\x00t\x00i\x00m\x00\
e\x00.\x08\x00\x00\x00\x00\x06\x00\x00\x012The\
 documentation p\
ages will be fet\
ched from an aut\
omatic Markdown \
conversion\x0aof th\
e FreeCAD wiki,h\
osted on FreeCAD\
's GitHub accoun\
t. This can be s\
tyled with a\x0acus\
tom stylesheet b\
elow and can loo\
k nicer than the\
 wiki option. Th\
e 'Markdown' or\x0a\
'Pandoc' Python \
module should be\
 installed for o\
ptimal results.\x07\
\x00\x00\x00\x04Form\x01\x03\x00\x00\x00\xc4\x00P\
\x00a\x00g\x00i\x00n\x00i\x00l\x00e\x00 \
\x00d\x00o\x00c\x00u\x00m\x00e\x00n\x00t\
\x00a\x02\x1b\x00i\x00e\x00i\x00 \x00v\x00o\
\x00r\x00 \x00f\x00i\x00 \x00p\x00r\x00e\
\x00l\x00u\x00a\x00t\x00e\x00 \x00d\x00i\
\x00n\x00 \x00s\x00e\x00c\x02\x1b\x00i\x00u\
\x00n\x00e\x00a\x00\x0a\x00w\x00i\x00k\x00i\
\x00-\x00u\x00l\x00u\x00i\x00 \x00F\x00r\
\x00e\x00e\x00C\x00A\x00D\x00 \x00l\x00a\
\x00 \x00h\x00t\x00t\x00p\x00s\x00:\x00/\
\x00/\x00w\x00i\x00k\x00i\x00.\x00f\x00r\
\x00e\x00e\x00c\x00a\x00d\x00.\x00o\x00r\
\x00g\x08\x00\x00\x00\x00\x06\x00\x00\x00aThe \
documentation pa\
ges will be fetc\
hed from the off\
icial\x0aFreeCADwik\
i at https://wik\
i.freecad.org\x07\x00\x00\
\x00\x04Form\x01\x03\x00\x00\x01\x0a\x00D\x00o\
\x00c\x00u\x00m\x00e\x00n\x00t\x00a\x02\x1b\
\x00i\x00a\x00 \x00s\x00e\x00 \x00v\x00a\
\x00 \x00d\x00e\x00s\x00c\x00h\x00i\x00d\
\x00e\x00 \x00\xee\x00n\x00t\x00r\x00-\x00o\
\x00 \x00f\x00i\x00l\x01\x03\x00 \x00n\x00o\
\x00u\x01\x03\x00 \x00\xee\x00n\x00 \x00i\x00n\
\x00t\x00e\x00r\x00i\x00o\x00r\x00u\x00l\
\x00 \x00i\x00n\x00t\x00e\x00r\x00f\x00e\
\x02\x1b\x00e\x00i\x00 \x00F\x00r\x00e\x00e\
\x00C\x00A\x00D\x00.\x00 \x00A\x00c\x00e\
\x00a\x00s\x00t\x00a\x00 \x00n\x00e\x00c\
\x00e\x00s\x00i\x00t\x01\x03\x00 \x00c\x00o\
\x00m\x00p\x00o\x00n\x00e\x00n\x00t\x00a\
\x00 \x00P\x00y\x00S\x00i\x00d\x00e\x00 \
\x00Q\x00t\x00W\x00e\x00b\x00e\x00n\x00g\
\x00i\x00n\x00e\x00W\x00i\x00d\x00g\x00e\
\x00t\x00s\x00.\x08\x00\x00\x00\x00\x06\x00\x00\x00}\
The documentatio\
n will open in a\
 new tab inside \
the FreeCAD inte\
rface. This requ\
ires the PySide \
QtWebengineWidge\
ts component.\x07\x00\x00\
\x00\x04Form\x01\x03\x00\x00\x00j\x00D\x00o\
\x00c\x00u\x00m\x00e\x00n\x00t\x00a\x02\x1b\
\x00i\x00a\x00 \x00s\x00e\x00 \x00v\x00a\
\x00 \x00d\x00e\x00s\x00c\x00h\x00i\x00d\
\x00e\x00 \x00\xee\x00n\x00 \x00b\x00r\x00o\
\x00w\x00s\x00e\x00r\x00u\x00l\x00 \x00w\
\x00e\x00b\x00 \x00i\x00m\x00p\x00l\x00i\
\x00c\x00i\x00t\x08\x00\x00\x00\x00\x06\x00\x00\x006\
The documentatio\
n will open in t\
he default web b\
rowser\x07\x00\x00\x00\x04Form\x01\
\x03\x00\x00\x00\x1e\x00S\x00u\x00f\x00i\x00x\x00\
 \x00t\x00r\x00a\x00d\x00u\x00c\x00e\x00\
r\x00e\x08\x00\x00\x00\x00\x06\x00\x00\x00\x12Tra\
nslation suffix\x07\
\x00\x00\x00\x04Form\x01\x03\x00\x00\x01\x04\x00C\
\x00o\x00n\x02\x1b\x00i\x00n\x00u\x00t\x00u\
\x00l\x00 \x00a\x00c\x00e\x00s\x00t\x00e\
\x00i\x00 \x00p\x00a\x00g\x00i\x00n\x00i\
\x00 \x00n\x00u\x00 \x00a\x00 \x00p\x00u\
\x00t\x00u\x00t\x00 \x00f\x00i\x00 \x00p\
\x00r\x00e\x00l\x00u\x00a\x00t\x00.\x00 \
\x00V\x01\x03\x00 \x00r\x00u\x00g\x01\x03\x00m\
\x00 \x00s\x01\x03\x00 \x00v\x00e\x00r\x00i\
\x00f\x00i\x00c\x00a\x02\x1b\x00i\x00 \x00s\
\x00e\x00t\x01\x03\x00r\x00i\x00l\x00e\x00 \
\x00\xee\x00n\x00 \x00m\x00e\x00n\x00i\x00u\
\x00l\x00 \x00E\x00d\x00i\x00t\x00a\x00r\
\x00e\x00 !\x92\x00 \x00P\x00r\x00e\x00f\
\x00e\x00r\x00i\x00n\x02\x1b\x00e\x00 !\x92\
\x00 \x00G\x00e\x00n\x00e\x00r\x00a\x00l\
\x00 !\x92\x00 \x00A\x00j\x00u\x00t\x00o\
\x00r\x08\x00\x00\x00\x00\x06\x00\x00\x00yCont\
ents for this pa\
ge could not be \
retrieved. Pleas\
e check settings\
 under menu Edit\
 \xe2\x86\x92 Preferences\
 \xe2\x86\x92 General \xe2\x86\x92\
 Help\x07\x00\x00\x00\x04Help\x01\x03\
\x00\x00\x00\x0c\x00A\x00j\x00u\x00t\x00o\x00r\
\x08\x00\x00\x00\x00\x06\x00\x00\x00\x04Help\x07\x00\
\x00\x00\x04Help\x01\x03\x00\x00\x01\x12\x00L\x00\
o\x00c\x00a\x02\x1b\x00i\x00a\x00 \x00f\x00\
i\x02\x19\x00i\x00e\x00r\x00e\x00l\x00o\x00\
r\x00 \x00d\x00e\x00 \x00a\x00j\x00u\x00\
t\x00o\x00r\x00 \x00n\x00u\x00 \x00a\x00\
 \x00p\x00u\x00t\x00u\x00t\x00 \x00f\x00\
i\x00 \x00d\x00e\x00t\x00e\x00r\x00m\x00\
i\x00n\x00a\x00t\x01\x03\x00.\x00 \x00V\x01\
\x03\x00 \x00r\x00u\x00g\x01\x03\x00m\x00 \x00\
s\x01\x03\x00 \x00v\x00e\x00r\x00i\x00f\x00\
i\x00c\x00a\x02\x1b\x00i\x00 \x00s\x00e\x00\
t\x01\x03\x00r\x00i\x00l\x00e\x00 \x00\xee\x00\
n\x00 \x00m\x00e\x00n\x00i\x00u\x00l\x00\
 \x00E\x00d\x00i\x00t\x00a\x00r\x00e\x00\
 !\x92\x00 \x00P\x00r\x00e\x00f\x00e\x00\
r\x00i\x00n\x02\x1b\x00e\x00 !\x92\x00 \x00\
G\x00e\x00n\x00e\x00r\x00a\x00l\x00 !\
\x92\x00 \x00A\x00j\x00u\x00t\x00o\x00r\x08\
\x00\x00\x00\x00\x06\x00\x00\x00wHelp fi\
les location cou\
ld not be determ\
ined. Please che\
ck settings unde\
r menu Edit \xe2\x86\x92 \
Preferences \xe2\x86\x92 \
General \xe2\x86\x92 Help\
\x07\x00\x00\x00\x04Help\x01\x03\x00\x00\x00\xd6\x00\
M\x00o\x00d\x00u\x00l\x00u\x00l\x00 \x00\
P\x00y\x00S\x00i\x00d\x00e\x00 \x00Q\x00\
t\x00W\x00e\x00b\x00E\x00n\x00g\x00i\x00\
n\x00e\x00W\x00i\x00d\x00g\x00e\x00t\x00\
s\x00 \x00n\x00u\x00 \x00e\x00s\x00t\x00\
e\x00 \x00d\x00i\x00s\x00p\x00o\x00n\x00\
i\x00b\x00i\x00l\x00.\x00 \x00R\x00e\x00\
d\x00a\x00r\x00e\x00a\x00 \x00a\x00j\x00\
u\x00t\x00o\x00r\x00u\x00l\x00u\x00i\x00\
 \x00e\x00s\x00t\x00e\x00 \x00f\x01\x03\x00\
c\x00u\x00t\x00 \x00c\x00u\x00 \x00b\x00\
r\x00o\x00w\x00s\x00e\x00r\x00-\x00u\x00\
l\x00 \x00d\x00e\x00 \x00s\x00i\x00s\x00\
t\x00e\x00m\x08\x00\x00\x00\x00\x06\x00\x00\x00aP\
ySide QtWebEngin\
eWidgets module \
is not available\
. Help rendering\
 is done with th\
e system browser\
\x07\x00\x00\x00\x04Help\x01\x03\x00\x00\x01\xca\x00\
N\x00u\x00 \x00e\x00x\x00i\x00s\x00t\x01\
\x03\x00 \x00u\x00n\x00 \x00d\x00i\x00s\x00\
p\x00o\x00z\x00i\x00t\x00i\x00v\x00 \x00\
d\x00e\x00 \x00r\x00e\x00d\x00a\x00r\x00\
e\x00 \x00m\x00a\x00r\x00k\x00d\x00o\x00\
w\x00n\x00 \x00i\x00n\x00s\x00t\x00a\x00\
l\x00a\x00t\x00 \x00p\x00e\x00 \x00s\x00\
i\x00s\x00t\x00e\x00m\x00u\x00l\x00 \x00\
d\x00v\x00s\x00.\x00,\x00 \x00a\x02\x19\x00\
a\x00 \x00c\x01\x03\x00 \x00a\x00c\x00e\x00\
a\x00s\x00t\x01\x03\x00 \x00p\x00a\x00g\x00\
i\x00n\x01\x03\x00 \x00d\x00e\x00 \x00a\x00\
j\x00u\x00t\x00o\x00r\x00 \x00e\x00s\x00\
t\x00e\x00 \x00r\x00e\x00d\x00a\x00t\x01\
\x03\x00 \x00a\x02\x19\x00a\x00 \x00c\x00u\x00\
m\x00 \x00e\x00s\x00t\x00e\x00.\x00 \x00\
V\x01\x03\x00 \x00r\x00u\x00g\x01\x03\x00m\x00\
 \x00s\x01\x03\x00 \x00i\x00n\x00s\x00t\x00\
a\x00l\x00a\x02\x1b\x00i\x00 \x00m\x00o\x00\
d\x00u\x00l\x00e\x00l\x00e\x00 \x00m\x00\
a\x00r\x00k\x00d\x00o\x00w\x00n\x00 \x00\
s\x00a\x00u\x00 \x00P\x00a\x00n\x00d\x00\
o\x00c\x00 \x00P\x00y\x00t\x00h\x00o\x00\
n\x00 \x00p\x00e\x00n\x00t\x00r\x00u\x00\
 \x00a\x00 \x00\xee\x00m\x00b\x00u\x00n\x01\
\x03\x00t\x01\x03\x02\x1b\x00i\x00 \x00r\x00e\x00\
d\x00a\x00r\x00e\x00a\x00 \x00a\x00c\x00\
e\x00s\x00t\x00e\x00i\x00 \x00p\x00a\x00\
g\x00i\x00n\x00i\x00.\x08\x00\x00\x00\x00\x06\x00\
\x00\x00\xb8There is no M\
arkdown renderer\
 installed on yo\
ur system, so th\
is help page is \
rendered as is. \
Please install t\
he Markdown or P\
andoc Python mod\
ules to improve \
the rendering of\
 this page.\x07\x00\x00\x00\x04\
Help\x01\x03\x00\x00\x00\x0e\x00G\x00e\x00n\
\x00e\x00r\x00a\x00l\x08\x00\x00\x00\x00\x06\x00\x00\
\x00\x07General\x07\x00\x00\x00\x07QO\
bject\x01\x88\x00\x00\x00\x09\x01\x01\xff\x01\x00\
\xfe$\x01\x13\
\x00\x00$\xb4\
<\
\xb8d\x18\xca\xef\x9c\x95\xcd!\x1c\xbf`\xa1\xbd\xdd\xa7\
\x00\x00\x00\x02nlB\x00\x00\x00\xf0\x00\x04\xec0\x00\
\x00\x05\xc4\x00\x04\xec0\x00\x00\x1d\xe3\x00\x99N\xa8\x00\
\x00\x1b\xe4\x018!.\x00\x00\x14X\x01\x82\xc62\x00\
\x00\x1f\xa4\x02mV`\x00\x00\x1e\x08\x04\x1e\xf1\x82\x00\
\x00\x05\xe9\x04Dm9\x00\x00\x05&\x04T\x18N\x00\
\x00\x12\x8f\x04\x89?'\x00\x00\x06>\x04\xde1)\x00\
\x00\x07:\x05M7\xf2\x00\x00\x06\xd3\x05\xa6\xc8\x95\x00\
\x00\x12h\x06{\x06\x03\x00\x00\x09\x91\x06\xa4]\x8e\x00\
\x00\x09\xbd\x07\x07\xe0\x0e\x00\x00\x19\x87\x07t\x8a\x94\x00\
\x00\x01\x88\x09\x82\xac\xae\x00\x00\x00\x00\x09\xd5\xc9.\x00\
\x00\x02\x0c\x0auc\xd7\x00\x00\x18I\x0b\x0ar\xc9\x00\
\x00\x01\xdc\x0c\xe2\x80\xae\x00\x00\x04\x0c\x0d\xb7\x06\x10\x00\
\x00\x1cK\x0d\xc4\xc8<\x00\x00#i\x0e*j\xae\x00\
\x00!\x00\x0ek8\x9e\x00\x00\x0e\x0b\x0e\x8d\xd4\x82\x00\
\x00\x1b\x1b\x0e\xca\x08\x89\x00\x00\x05~\x0f-\x13\xae\x00\
\x00\x01<\x0fE\xeb\x1e\x00\x00\x07\xa0i\x00\x00#\x9c\
\x03\x00\x00\x00\xc6\x00E\x00e\x00n\x00 \x00a\x00\
c\x00h\x00t\x00e\x00r\x00v\x00o\x00e\x00\
g\x00s\x00e\x00l\x00 \x00v\x00a\x00n\x00\
 \x00d\x00e\x00 \x00v\x00e\x00r\x00t\x00\
a\x00l\x00i\x00n\x00g\x00,\x00 \x00b\x00\
i\x00j\x00v\x00o\x00o\x00r\x00b\x00e\x00\
e\x00l\x00d\x00 \x00\x22\x00f\x00r\x00\x22\x00\
 \x00v\x00o\x00o\x00r\x00 \x00d\x00e\x00\
 \x00F\x00r\x00a\x00n\x00s\x00e\x00 \x00\
v\x00e\x00r\x00t\x00a\x00l\x00i\x00n\x00\
g\x00 \x00v\x00a\x00n\x00 \x00d\x00e\x00\
 \x00d\x00o\x00c\x00u\x00m\x00e\x00n\x00\
t\x00a\x00t\x00i\x00e\x00.\x08\x00\x00\x00\x00\
\x06\x00\x00\x00]A translati\
on suffix to use\
, for example \x22f\
r\x22\x0ato get French\
 translation of \
the documentatio\
n.\x07\x00\x00\x00\x04Form\x01\x03\x00\x00\x00\
$\x00A\x00a\x00n\x00g\x00e\x00p\x00a\x00\
s\x00t\x00e\x00 \x00l\x00o\x00c\x00a\x00\
t\x00i\x00e\x08\x00\x00\x00\x00\x06\x00\x00\x00\x0fC\
ustom location\x07\x00\
\x00\x00\x04Form\x01\x03\x00\x00\x00*\x00A\x00\
a\x00n\x00g\x00e\x00p\x00a\x00s\x00t\x00\
e\x00 \x00s\x00t\x00y\x00l\x00e\x00s\x00\
h\x00e\x00e\x00t\x08\x00\x00\x00\x00\x06\x00\x00\x00\
\x11Custom styleshe\
et\x07\x00\x00\x00\x04Form\x01\x03\x00\x00\x00\
\x10\x00W\x00e\x00e\x00r\x00g\x00a\x00v\x00\
e\x08\x00\x00\x00\x00\x06\x00\x00\x00\x07Displ\
ay\x07\x00\x00\x00\x04Form\x01\x03\x00\x00\x01\
R\x00D\x00o\x00c\x00u\x00m\x00e\x00n\x00\
t\x00a\x00t\x00i\x00e\x00 \x00o\x00p\x00\
e\x00n\x00t\x00 \x00i\x00n\x00 \x00e\x00\
e\x00n\x00 \x00d\x00o\x00c\x00k\x00a\x00\
b\x00l\x00e\x00 \x00d\x00i\x00a\x00l\x00\
o\x00o\x00g\x00v\x00e\x00n\x00s\x00t\x00\
e\x00r\x00 \x00b\x00i\x00n\x00n\x00e\x00\
n\x00 \x00F\x00r\x00e\x00e\x00C\x00A\x00\
D\x00,\x00 \x00w\x00a\x00t\x00 \x00g\x00\
e\x00l\x00i\x00j\x00k\x00t\x00i\x00j\x00\
d\x00i\x00g\x00 \x00w\x00e\x00r\x00k\x00\
 \x00i\x00n\x00 \x00d\x00e\x00 \x003\x00\
D\x00-\x00w\x00e\x00e\x00r\x00g\x00a\x00\
v\x00e\x00 \x00m\x00o\x00g\x00e\x00l\x00\
i\x00j\x00k\x00 \x00m\x00a\x00a\x00k\x00\
t\x00.\x00\x0a\x00V\x00e\x00r\x00e\x00i\x00\
s\x00t\x00 \x00d\x00e\x00 \x00P\x00y\x00\
S\x00i\x00d\x00e\x00 \x00Q\x00t\x00W\x00\
e\x00b\x00e\x00n\x00g\x00i\x00n\x00e\x00\
W\x00i\x00d\x00g\x00e\x00t\x00s\x00 \x00\
c\x00o\x00m\x00p\x00o\x00n\x00e\x00n\x00\
t\x00.\x08\x00\x00\x00\x00\x06\x00\x00\x00\x95Doc\
umentation opens\
 in a dockable d\
ialog within Fre\
eCAD, allowing s\
imultaneous work\
 in the 3D view.\
\x0aRequires the Py\
Side QtWebengine\
Widgets componen\
t.\x07\x00\x00\x00\x04Form\x01\x03\x00\x00\x00\
\xa8\x00D\x00i\x00t\x00 \x00h\x00a\x00a\x00\
l\x00t\x00 \x00d\x00o\x00c\x00u\x00m\x00\
e\x00n\x00t\x00a\x00t\x00i\x00e\x00 \x00\
o\x00p\x00 \x00v\x00a\x00n\x00 \x00p\x00\
a\x00g\x00i\x00n\x00a\x00'\x00s\x00 \x00\
o\x00p\x00 \x00G\x00i\x00t\x00H\x00u\x00\
b\x00.\x00\x0a\x00D\x00i\x00t\x00 \x00i\x00\
s\x00 \x00m\x00o\x00m\x00e\x00n\x00t\x00\
e\x00e\x00l\x00 \x00n\x00i\x00e\x00t\x00\
 \x00b\x00e\x00s\x00c\x00h\x00i\x00k\x00\
b\x00a\x00a\x00r\x00.\x08\x00\x00\x00\x00\x06\x00\
\x00\x00YFetches the d\
ocumentation fro\
m pages rendered\
 on GitHub.\x0aThis\
 is currently no\
t available.\x07\x00\x00\x00\
\x04Form\x01\x03\x00\x00\x00*\x00F\x00r\x00\
e\x00e\x00C\x00A\x00D\x00 \x00W\x00i\x00\
k\x00i\x00 \x00(\x00o\x00n\x00l\x00i\x00\
n\x00e\x00)\x08\x00\x00\x00\x00\x06\x00\x00\x00\x15F\
reeCAD Wiki (onl\
ine)\x07\x00\x00\x00\x04Form\x01\x03\x00\
\x00\x00\x1e\x00G\x00i\x00t\x00H\x00u\x00b\x00\
 \x00(\x00o\x00n\x00l\x00i\x00n\x00e\x00\
)\x08\x00\x00\x00\x00\x06\x00\x00\x00\x0fGitHu\
b (online)\x07\x00\x00\x00\x04F\
orm\x01\x03\x00\x00\x00\x08\x00H\x00e\x00l\x00\
p\x08\x00\x00\x00\x00\x06\x00\x00\x00\x04Help\x07\
\x00\x00\x00\x04Form\x01\x03\x00\x00\x00,\x00I\
\x00n\x00 \x00e\x00e\x00n\x00 \x00F\x00r\
\x00e\x00e\x00C\x00A\x00D\x00 \x00t\x00a\
\x00b\x00b\x00l\x00a\x00d\x08\x00\x00\x00\x00\x06\
\x00\x00\x00\x10In a FreeCAD\
 tab\x07\x00\x00\x00\x04Form\x01\x03\x00\
\x00\x00\x5c\x00I\x00n\x00 \x00e\x00e\x00n\x00\
 \x00a\x00f\x00z\x00o\x00n\x00d\x00e\x00\
r\x00l\x00i\x00j\x00k\x00,\x00 \x00i\x00\
n\x00v\x00o\x00e\x00g\x00b\x00a\x00a\x00\
r\x00 \x00d\x00i\x00a\x00l\x00o\x00o\x00\
g\x00v\x00e\x00n\x00s\x00t\x00e\x00r\x08\
\x00\x00\x00\x00\x06\x00\x00\x00 In a se\
parate, embeddab\
le dialog\x07\x00\x00\x00\x04Fo\
rm\x01\x03\x00\x00\x004\x00I\x00n\x00 \x00d\
\x00e\x00 \x00s\x00t\x00a\x00n\x00d\x00a\
\x00a\x00r\x00d\x00 \x00w\x00e\x00b\x00b\
\x00r\x00o\x00w\x00s\x00e\x00r\x08\x00\x00\x00\
\x00\x06\x00\x00\x00\x1aIn the def\
ault web browser\
\x07\x00\x00\x00\x04Form\x01\x03\x00\x00\x004\x00\
-\x00M\x00a\x00r\x00k\x00d\x00o\x00w\x00\
n\x00-\x00 \x00v\x00e\x00r\x00s\x00i\x00\
e\x00 \x00(\x00o\x00n\x00l\x00i\x00n\x00\
e\x00)\x08\x00\x00\x00\x00\x06\x00\x00\x00\x19Mar\
kdown version (o\
nline)\x07\x00\x00\x00\x04Form\x01\
\x03\x00\x00\x01L\x00O\x00p\x00m\x00e\x00r\x00\
k\x00i\x00n\x00g\x00:\x00 \x00a\x00l\x00\
s\x00 \x00P\x00y\x00S\x00i\x00d\x00e\x00\
 \x00W\x00e\x00b\x00 \x00c\x00o\x00m\x00\
p\x00o\x00n\x00e\x00n\x00t\x00e\x00n\x00\
 \x00n\x00i\x00e\x00t\x00 \x00g\x00e\x00\
v\x00o\x00n\x00d\x00e\x00n\x00 \x00z\x00\
i\x00j\x00n\x00 \x00i\x00n\x00 \x00u\x00\
w\x00 \x00s\x00y\x00s\x00t\x00e\x00e\x00\
m\x00,\x00 \x00d\x00a\x00n\x00 \x00w\x00\
o\x00r\x00d\x00e\x00n\x00 \x00h\x00e\x00\
l\x00p\x00 \x00p\x00a\x00g\x00i\x00n\x00\
a\x00'\x00s\x00 \x00g\x00e\x00o\x00p\x00\
e\x00n\x00d\x00 \x00i\x00n\x00 \x00d\x00\
e\x00 \x00s\x00t\x00a\x00n\x00d\x00a\x00\
a\x00r\x00d\x00 \x00w\x00e\x00b\x00 \x00\
b\x00r\x00o\x00w\x00s\x00e\x00r\x00,\x00\
 \x00o\x00n\x00g\x00e\x00a\x00c\x00h\x00\
t\x00 \x00d\x00e\x00 \x00o\x00n\x00d\x00\
e\x00r\x00s\x00t\x00a\x00a\x00n\x00d\x00\
e\x00 \x00o\x00p\x00t\x00i\x00e\x00s\x00\
.\x08\x00\x00\x00\x00\x06\x00\x00\x00\x8cNote:\
 if PySide Web c\
omponents are no\
t found on the s\
ystem, help page\
s will open in t\
he default web b\
rowser regardles\
s of the options\
 below.\x07\x00\x00\x00\x04Form\
\x01\x03\x00\x00\x00\x0c\x00O\x00p\x00t\x00i\x00e\
\x00s\x08\x00\x00\x00\x00\x06\x00\x00\x00\x07Opti\
ons\x07\x00\x00\x00\x04Form\x01\x03\x00\x00\
\x02\xde\x00V\x00u\x00l\x00 \x00h\x00i\x00e\
\x00r\x00 \x00e\x00e\x00n\x00 \x00a\x00a\
\x00n\x00g\x00e\x00p\x00a\x00s\x00t\x00e\
\x00 \x00U\x00R\x00L\x00 \x00i\x00n\x00,\
\x00 \x00o\x00f\x00 \x00d\x00e\x00 \x00m\
\x00a\x00p\x00 \x00m\x00e\x00t\x00 \x00h\
\x00e\x00l\x00p\x00b\x00e\x00s\x00t\x00a\
\x00n\x00d\x00e\x00n\x00.\x00\x0a\x00D\x00e\
\x00 \x00d\x00o\x00c\x00u\x00m\x00e\x00n\
\x00t\x00a\x00t\x00i\x00e\x00 \x00v\x00o\
\x00o\x00r\x00 \x00o\x00f\x00f\x00l\x00i\
\x00n\x00e\x00 \x00g\x00e\x00b\x00r\x00u\
\x00i\x00k\x00 \x00i\x00s\x00 \x00e\x00e\
\x00n\x00v\x00o\x00u\x00d\x00i\x00g\x00 \
\x00t\x00e\x00 \x00d\x00o\x00w\x00n\x00l\
\x00o\x00a\x00d\x00e\x00n\x00 \x00d\x00o\
\x00o\x00r\x00 \x00i\x00n\x00s\x00t\x00a\
\x00l\x00l\x00a\x00t\x00i\x00e\x00 \x00v\
\x00a\x00n\x00 \x00d\x00e\x00 \x00'\x00o\
\x00f\x00f\x00l\x00i\x00n\x00e\x00 \x00d\
\x00o\x00c\x00u\x00m\x00e\x00n\x00t\x00a\
\x00t\x00i\x00o\x00n\x00'\x00 \x00u\x00i\
\x00t\x00b\x00r\x00e\x00i\x00d\x00i\x00n\
\x00g\x00 \x00m\x00e\x00t\x00 \x00b\x00e\
\x00h\x00u\x00l\x00p\x00 \x00v\x00a\x00n\
\x00 \x00d\x00e\x00 \x00U\x00i\x00t\x00b\
\x00r\x00e\x00i\x00d\x00i\x00n\x00g\x00s\
\x00m\x00a\x00n\x00a\x00g\x00e\x00r\x00.\
\x00 \x00I\x00s\x00 \x00d\x00i\x00t\x00 \
\x00v\x00e\x00l\x00d\x00 \x00l\x00e\x00e\
\x00g\x00,\x00 \x00d\x00a\x00n\x00 \x00z\
\x00a\x00l\x00 \x00F\x00r\x00e\x00e\x00C\
\x00a\x00d\x00 \x00a\x00u\x00t\x00o\x00m\
\x00a\x00t\x00i\x00s\x00c\x00h\x00 \x00z\
\x00o\x00e\x00k\x00e\x00n\x00 \x00n\x00a\
\x00a\x00r\x00 \x00d\x00e\x00 \x00h\x00e\
\x00l\x00p\x00b\x00e\x00s\x00t\x00a\x00n\
\x00d\x00e\x00n\x00 \x00o\x00p\x00 \x00d\
\x00e\x00 \x00s\x00t\x00a\x00n\x00d\x00a\
\x00a\x00r\x00d\x00 \x00l\x00o\x00c\x00a\
\x00t\x00i\x00e\x00 \x00(\x00$\x00U\x00S\
\x00E\x00R\x00A\x00P\x00P\x00D\x00A\x00T\
\x00A\x00D\x00I\x00R\x00/\x00M\x00o\x00d\
\x00/\x00o\x00f\x00f\x00l\x00i\x00n\x00e\
\x00-\x00d\x00o\x00c\x00u\x00m\x00e\x00n\
\x00t\x00a\x00t\x00i\x00o\x00n\x00)\x00.\
\x08\x00\x00\x00\x00\x06\x00\x00\x01WSet th\
is to a custom U\
RL or the folder\
 where the help \
files are locate\
d.\x0aDocumentation\
 can be download\
ed for offline u\
se via the Addon\
 Manager and ins\
talling the\x0a\x22off\
line-documentati\
on\x22 addon. If th\
is field is left\
 blank, FreeCAD \
will\x0aautomatical\
ly search for th\
e help files at \
the default loca\
tion\x0a($USERAPPDA\
TADIR/Mod/offlin\
e-documentation)\
.\x07\x00\x00\x00\x04Form\x01\x03\x00\x00\x02\xde\
\x00V\x00u\x00l\x00 \x00h\x00i\x00e\x00r\
\x00 \x00e\x00e\x00n\x00 \x00a\x00a\x00n\
\x00g\x00e\x00p\x00a\x00s\x00t\x00e\x00 \
\x00U\x00R\x00L\x00 \x00i\x00n\x00,\x00 \
\x00o\x00f\x00 \x00d\x00e\x00 \x00m\x00a\
\x00p\x00 \x00m\x00e\x00t\x00 \x00h\x00e\
\x00l\x00p\x00b\x00e\x00s\x00t\x00a\x00n\
\x00d\x00e\x00n\x00.\x00\x0a\x00D\x00e\x00 \
\x00d\x00o\x00c\x00u\x00m\x00e\x00n\x00t\
\x00a\x00t\x00i\x00e\x00 \x00v\x00o\x00o\
\x00r\x00 \x00o\x00f\x00f\x00l\x00i\x00n\
\x00e\x00 \x00g\x00e\x00b\x00r\x00u\x00i\
\x00k\x00 \x00i\x00s\x00 \x00e\x00e\x00n\
\x00v\x00o\x00u\x00d\x00i\x00g\x00 \x00t\
\x00e\x00 \x00d\x00o\x00w\x00n\x00l\x00o\
\x00a\x00d\x00e\x00n\x00 \x00d\x00o\x00o\
\x00r\x00 \x00i\x00n\x00s\x00t\x00a\x00l\
\x00l\x00a\x00t\x00i\x00e\x00 \x00v\x00a\
\x00n\x00 \x00d\x00e\x00 \x00'\x00o\x00f\
\x00f\x00l\x00i\x00n\x00e\x00 \x00d\x00o\
\x00c\x00u\x00m\x00e\x00n\x00t\x00a\x00t\
\x00i\x00o\x00n\x00'\x00 \x00u\x00i\x00t\
\x00b\x00r\x00e\x00i\x00d\x00i\x00n\x00g\
\x00 \x00m\x00e\x00t\x00 \x00b\x00e\x00h\
\x00u\x00l\x00p\x00 \x00v\x00a\x00n\x00 \
\x00d\x00e\x00 \x00U\x00i\x00t\x00b\x00r\
\x00e\x00i\x00d\x00i\x00n\x00g\x00s\x00m\
\x00a\x00n\x00a\x00g\x00e\x00r\x00.\x00 \
\x00I\x00s\x00 \x00d\x00i\x00t\x00 \x00v\
\x00e\x00l\x00d\x00 \x00l\x00e\x00e\x00g\
\x00,\x00 \x00d\x00a\x00n\x00 \x00z\x00a\
\x00l\x00 \x00F\x00r\x00e\x00e\x00C\x00a\
\x00d\x00 \x00a\x00u\x00t\x00o\x00m\x00a\
\x00t\x00i\x00s\x00c\x00h\x00 \x00z\x00o\
\x00e\x00k\x00e\x00n\x00 \x00n\x00a\x00a\
\x00r\x00 \x00d\x00e\x00 \x00h\x00e\x00l\
\x00p\x00b\x00e\x00s\x00t\x00a\x00n\x00d\
\x00e\x00n\x00 \x00o\x00p\x00 \x00d\x00e\
\x00 \x00s\x00t\x00a\x00n\x00d\x00a\x00a\
\x00r\x00d\x00 \x00l\x00o\x00c\x00a\x00t\
\x00i\x00e\x00 \x00(\x00$\x00U\x00S\x00E\
\x00R\x00A\x00P\x00P\x00D\x00A\x00T\x00A\
\x00D\x00I\x00R\x00/\x00M\x00o\x00d\x00/\
\x00o\x00f\x00f\x00l\x00i\x00n\x00e\x00-\
\x00d\x00o\x00c\x00u\x00m\x00e\x00n\x00t\
\x00a\x00t\x00i\x00o\x00n\x00)\x00.\x08\x00\
\x00\x00\x00\x06\x00\x00\x01fSet this\
 to a custom URL\
 or the folder w\
here the help fi\
les are located.\
\x0aYou can easily \
download the doc\
umentation for o\
ffline use by us\
ing the Addon\x0aMa\
nager and instal\
ling the \x22offlin\
e-documentation\x22\
 addon. If this\x0a\
field is left bl\
ank, FreeCAD wil\
l automatically \
search for the h\
elp files at\x0athe\
 default locatio\
n ($USERAPPDATAD\
IR/Mod/offline-d\
ocumentation).\x07\x00\
\x00\x00\x04Form\x01\x03\x00\x00\x00\x08\x00B\x00\
r\x00o\x00n\x08\x00\x00\x00\x00\x06\x00\x00\x00\x06S\
ource\x07\x00\x00\x00\x04Form\x01\x03\
\x00\x00\x018\x00G\x00e\x00e\x00f\x00 \x00h\
\x00e\x00t\x00 \x00p\x00a\x00d\x00 \x00o\
\x00p\x00 \x00n\x00a\x00a\x00r\x00 \x00e\
\x00e\x00n\x00 \x00a\x00l\x00t\x00e\x00r\
\x00n\x00a\x00t\x00i\x00e\x00f\x00 \x00C\
\x00S\x00S\x00-\x00b\x00e\x00s\x00t\x00a\
\x00n\x00d\x00 \x00v\x00o\x00o\x00r\x00 \
\x00h\x00e\x00t\x00 \x00s\x00t\x00y\x00l\
\x00e\x00n\x00 \x00v\x00a\x00n\x00 \x00M\
\x00a\x00r\x00k\x00d\x00o\x00w\x00n\x00 \
\x00p\x00a\x00g\x00i\x00n\x00a\x00'\x00s\
\x00.\x00\x0a\x00D\x00i\x00t\x00 \x00i\x00s\
\x00 \x00a\x00l\x00l\x00e\x00e\x00n\x00 \
\x00v\x00a\x00n\x00 \x00t\x00o\x00e\x00p\
\x00a\x00s\x00s\x00i\x00n\x00g\x00 \x00a\
\x00l\x00s\x00 \x00h\x00i\x00e\x00r\x00b\
\x00o\x00v\x00e\x00n\x00 \x00M\x00a\x00r\
\x00k\x00d\x00o\x00w\x00n\x00 \x00i\x00s\
\x00 \x00g\x00e\x00s\x00e\x00l\x00e\x00c\
\x00t\x00e\x00e\x00r\x00d\x00.\x08\x00\x00\x00\
\x00\x06\x00\x00\x00xSpecify th\
e path to an alt\
ernative CSS fil\
e for styling Ma\
rkdown pages.\x0aTh\
is only applies \
if Markdown is s\
elected above.\x07\x00\
\x00\x00\x04Form\x01\x03\x00\x00\x02\xa6\x00D\x00\
e\x00 \x00d\x00o\x00c\x00u\x00m\x00e\x00\
n\x00t\x00a\x00t\x00i\x00e\x00p\x00a\x00\
g\x00i\x00n\x00a\x00'\x00s\x00 \x00w\x00\
o\x00r\x00d\x00e\x00n\x00 \x00o\x00p\x00\
g\x00e\x00h\x00a\x00a\x00l\x00d\x00 \x00\
v\x00a\x00n\x00 \x00e\x00e\x00n\x00 \x00\
a\x00u\x00t\x00o\x00m\x00a\x00t\x00i\x00\
s\x00c\x00h\x00e\x00 \x00M\x00a\x00r\x00\
k\x00d\x00o\x00w\x00n\x00 \x00c\x00o\x00\
n\x00v\x00e\x00r\x00s\x00i\x00e\x00\x0a\x00\
v\x00a\x00n\x00 \x00d\x00e\x00 \x00F\x00\
r\x00e\x00e\x00C\x00A\x00D\x00 \x00w\x00\
i\x00k\x00i\x00,\x00 \x00g\x00e\x00h\x00\
o\x00s\x00t\x00 \x00o\x00p\x00 \x00F\x00\
r\x00e\x00e\x00C\x00A\x00D\x00'\x00s\x00\
 \x00G\x00i\x00t\x00H\x00u\x00b\x00 \x00\
a\x00c\x00c\x00o\x00u\x00n\x00t\x00.\x00\
 \x00D\x00i\x00t\x00 \x00k\x00a\x00n\x00\
 \x00w\x00o\x00r\x00d\x00e\x00n\x00 \x00\
v\x00o\x00r\x00m\x00g\x00e\x00g\x00e\x00\
v\x00e\x00n\x00 \x00m\x00e\x00t\x00 \x00\
e\x00e\x00n\x00\x0a\x00a\x00a\x00n\x00g\x00\
e\x00p\x00a\x00s\x00t\x00 \x00s\x00t\x00\
y\x00l\x00e\x00s\x00h\x00e\x00e\x00t\x00\
 \x00h\x00i\x00e\x00r\x00o\x00n\x00d\x00\
e\x00r\x00 \x00e\x00n\x00 \x00k\x00a\x00\
n\x00 \x00e\x00r\x00 \x00m\x00o\x00o\x00\
i\x00e\x00r\x00 \x00u\x00i\x00t\x00z\x00\
i\x00e\x00n\x00 \x00d\x00a\x00n\x00 \x00\
d\x00e\x00 \x00w\x00i\x00k\x00i\x00-\x00\
o\x00p\x00t\x00i\x00e\x00.\x00 \x00D\x00\
e\x00 \x00'\x00M\x00a\x00r\x00k\x00d\x00\
o\x00w\x00n\x00'\x00 \x00o\x00f\x00\x0a\x00\
'\x00P\x00a\x00n\x00d\x00o\x00c\x00'\x00\
 \x00P\x00y\x00t\x00h\x00o\x00n\x00 \x00\
m\x00o\x00d\x00u\x00l\x00e\x00 \x00m\x00\
o\x00e\x00t\x00 \x00w\x00o\x00r\x00d\x00\
e\x00n\x00 \x00g\x00e\x00\xef\x00n\x00s\x00\
t\x00a\x00l\x00l\x00e\x00e\x00r\x00d\x00\
 \x00v\x00o\x00o\x00r\x00 \x00o\x00p\x00\
t\x00i\x00m\x00a\x00l\x00e\x00 \x00r\x00\
e\x00s\x00u\x00l\x00t\x00a\x00t\x00e\x00\
n\x00.\x08\x00\x00\x00\x00\x06\x00\x00\x012The\
 documentation p\
ages will be fet\
ched from an aut\
omatic Markdown \
conversion\x0aof th\
e FreeCAD wiki,h\
osted on FreeCAD\
's GitHub accoun\
t. This can be s\
tyled with a\x0acus\
tom stylesheet b\
elow and can loo\
k nicer than the\
 wiki option. Th\
e 'Markdown' or\x0a\
'Pandoc' Python \
module should be\
 installed for o\
ptimal results.\x07\
\x00\x00\x00\x04Form\x01\x03\x00\x00\x00\xc4\x00D\
\x00e\x00 \x00d\x00o\x00c\x00u\x00m\x00e\
\x00n\x00t\x00a\x00t\x00i\x00e\x00 \x00p\
\x00a\x00g\x00i\x00n\x00a\x00'\x00s\x00 \
\x00w\x00o\x00r\x00d\x00e\x00n\x00 \x00o\
\x00p\x00g\x00e\x00h\x00a\x00a\x00l\x00d\
\x00 \x00u\x00i\x00t\x00 \x00d\x00e\x00 \
\x00o\x00f\x00f\x00i\x00c\x00i\x00\xeb\x00l\
\x00e\x00 \x00F\x00r\x00e\x00e\x00C\x00A\
\x00D\x00w\x00i\x00k\x00i\x00 \x00o\x00p\
\x00 \x00h\x00t\x00t\x00p\x00s\x00:\x00/\
\x00/\x00w\x00i\x00k\x00i\x00.\x00f\x00r\
\x00e\x00e\x00c\x00a\x00d\x00.\x00o\x00r\
\x00g\x08\x00\x00\x00\x00\x06\x00\x00\x00aThe \
documentation pa\
ges will be fetc\
hed from the off\
icial\x0aFreeCADwik\
i at https://wik\
i.freecad.org\x07\x00\x00\
\x00\x04Form\x01\x03\x00\x00\x00\xfe\x00D\x00e\
\x00 \x00d\x00o\x00c\x00u\x00m\x00e\x00n\
\x00t\x00a\x00t\x00i\x00e\x00 \x00w\x00o\
\x00r\x00d\x00t\x00 \x00g\x00e\x00o\x00p\
\x00e\x00n\x00d\x00 \x00i\x00n\x00 \x00e\
\x00e\x00n\x00 \x00n\x00i\x00e\x00u\x00w\
\x00 \x00t\x00a\x00b\x00b\x00l\x00a\x00d\
\x00 \x00i\x00n\x00 \x00d\x00e\x00 \x00F\
\x00r\x00e\x00e\x00C\x00A\x00D\x00 \x00i\
\x00n\x00t\x00e\x00r\x00f\x00a\x00c\x00e\
\x00.\x00 \x00D\x00i\x00t\x00 \x00v\x00e\
\x00r\x00e\x00i\x00s\x00t\x00 \x00d\x00e\
\x00 \x00P\x00y\x00S\x00i\x00d\x00e\x00 \
\x00Q\x00t\x00W\x00e\x00b\x00e\x00n\x00g\
\x00i\x00n\x00e\x00W\x00i\x00d\x00g\x00e\
\x00t\x00s\x00 \x00c\x00o\x00m\x00p\x00o\
\x00n\x00e\x00n\x00t\x00.\x08\x00\x00\x00\x00\x06\
\x00\x00\x00}The document\
ation will open \
in a new tab ins\
ide the FreeCAD \
interface. This \
requires the PyS\
ide QtWebengineW\
idgets component\
.\x07\x00\x00\x00\x04Form\x01\x03\x00\x00\x00z\
\x00D\x00e\x00 \x00d\x00o\x00c\x00u\x00m\
\x00e\x00n\x00t\x00a\x00t\x00i\x00e\x00 \
\x00z\x00a\x00l\x00 \x00w\x00o\x00r\x00d\
\x00e\x00n\x00 \x00g\x00e\x00o\x00p\x00e\
\x00n\x00d\x00 \x00i\x00n\x00 \x00d\x00e\
\x00 \x00s\x00t\x00a\x00n\x00d\x00a\x00a\
\x00r\x00d\x00 \x00w\x00e\x00b\x00b\x00r\
\x00o\x00w\x00s\x00e\x00r\x08\x00\x00\x00\x00\x06\
\x00\x00\x006The document\
ation will open \
in the default w\
eb browser\x07\x00\x00\x00\x04F\
orm\x01\x03\x00\x00\x00<\x00A\x00c\x00h\x00\
t\x00e\x00r\x00v\x00o\x00e\x00g\x00s\x00\
e\x00l\x00 \x00v\x00a\x00n\x00 \x00d\x00\
e\x00 \x00v\x00e\x00r\x00t\x00a\x00l\x00\
i\x00n\x00g\x08\x00\x00\x00\x00\x06\x00\x00\x00\x12T\
ranslation suffi\
x\x07\x00\x00\x00\x04Form\x01\x03\x00\x00\x01\x06\
\x00D\x00e\x00 \x00i\x00n\x00h\x00o\x00u\
\x00d\x00 \x00v\x00a\x00n\x00 \x00d\x00e\
\x00z\x00e\x00 \x00p\x00a\x00g\x00i\x00n\
\x00a\x00 \x00k\x00o\x00n\x00 \x00n\x00i\
\x00e\x00t\x00 \x00w\x00o\x00r\x00d\x00e\
\x00n\x00 \x00o\x00p\x00g\x00e\x00h\x00a\
\x00a\x00l\x00d\x00.\x00 \x00C\x00o\x00n\
\x00t\x00r\x00o\x00l\x00e\x00e\x00r\x00 \
\x00d\x00e\x00 \x00i\x00n\x00s\x00t\x00e\
\x00l\x00l\x00i\x00n\x00g\x00e\x00n\x00 \
\x00i\x00n\x00 \x00h\x00e\x00t\x00 \x00m\
\x00e\x00n\x00u\x00 \x00B\x00e\x00w\x00e\
\x00r\x00k\x00e\x00n\x00 !\x92\x00 \x00V\
\x00o\x00o\x00r\x00k\x00e\x00u\x00r\x00e\
\x00n\x00 !\x92\x00 \x00A\x00l\x00g\x00e\
\x00m\x00e\x00e\x00n\x00 !\x92\x00 \x00H\
\x00e\x00l\x00p\x08\x00\x00\x00\x00\x06\x00\x00\x00y\
Contents for thi\
s page could not\
 be retrieved. P\
lease check sett\
ings under menu \
Edit \xe2\x86\x92 Prefere\
nces \xe2\x86\x92 General\
 \xe2\x86\x92 Help\x07\x00\x00\x00\x04He\
lp\x01\x03\x00\x00\x00\x08\x00H\x00e\x00l\x00p\
\x08\x00\x00\x00\x00\x06\x00\x00\x00\x04Help\x07\x00\
\x00\x00\x04Help\x01\x03\x00\x00\x01\x0c\x00D\x00\
e\x00 \x00l\x00o\x00c\x00a\x00t\x00i\x00\
e\x00 \x00v\x00a\x00n\x00 \x00d\x00e\x00\
 \x00h\x00e\x00l\x00p\x00b\x00e\x00s\x00\
t\x00a\x00n\x00d\x00e\x00n\x00 \x00k\x00\
o\x00n\x00 \x00n\x00i\x00e\x00t\x00 \x00\
w\x00o\x00r\x00d\x00e\x00n\x00 \x00b\x00\
e\x00p\x00a\x00a\x00l\x00d\x00.\x00 \x00\
C\x00o\x00n\x00t\x00r\x00o\x00l\x00e\x00\
e\x00r\x00 \x00d\x00e\x00 \x00i\x00n\x00\
s\x00t\x00e\x00l\x00l\x00i\x00n\x00g\x00\
e\x00n\x00 \x00o\x00n\x00d\x00e\x00r\x00\
 \x00m\x00e\x00n\x00u\x00 \x00-\x00B\x00\
e\x00w\x00e\x00r\x00k\x00e\x00n\x00-\x00\
 \x00-\x00V\x00o\x00o\x00r\x00k\x00e\x00\
u\x00r\x00e\x00n\x00-\x00 \x00-\x00A\x00\
l\x00g\x00e\x00m\x00e\x00e\x00n\x00-\x00\
 \x00H\x00e\x00l\x00p\x08\x00\x00\x00\x00\x06\x00\
\x00\x00wHelp files lo\
cation could not\
 be determined. \
Please check set\
tings under menu\
 Edit \xe2\x86\x92 Prefer\
ences \xe2\x86\x92 Genera\
l \xe2\x86\x92 Help\x07\x00\x00\x00\x04H\
elp\x01\x03\x00\x00\x00\xe2\x00D\x00e\x00 \x00\
-\x00P\x00y\x00S\x00i\x00d\x00e\x002\x00\
 \x00Q\x00t\x00W\x00e\x00b\x00E\x00n\x00\
g\x00i\x00n\x00e\x00W\x00i\x00d\x00g\x00\
e\x00t\x00s\x00-\x00 \x00m\x00o\x00d\x00\
u\x00l\x00e\x00 \x00i\x00s\x00 \x00n\x00\
i\x00e\x00t\x00 \x00b\x00e\x00s\x00c\x00\
h\x00i\x00k\x00b\x00a\x00a\x00r\x00.\x00\
 \x00H\x00e\x00t\x00 \x00w\x00e\x00e\x00\
r\x00g\x00e\x00v\x00e\x00n\x00 \x00v\x00\
a\x00n\x00 \x00H\x00e\x00l\x00p\x00 \x00\
w\x00o\x00r\x00d\x00t\x00 \x00g\x00e\x00\
d\x00a\x00a\x00n\x00 \x00m\x00e\x00t\x00\
 \x00d\x00e\x00 \x00W\x00e\x00b\x00 \x00\
m\x00o\x00d\x00u\x00l\x00e\x08\x00\x00\x00\x00\
\x06\x00\x00\x00aPySide QtWe\
bEngineWidgets m\
odule is not ava\
ilable. Help ren\
dering is done w\
ith the system b\
rowser\x07\x00\x00\x00\x04Help\x01\
\x03\x00\x00\x01\x98\x00E\x00r\x00 \x00i\x00s\x00\
 \x00g\x00e\x00e\x00n\x00 \x00m\x00a\x00\
r\x00k\x00d\x00o\x00w\x00n\x00 \x00r\x00\
e\x00n\x00d\x00e\x00r\x00e\x00r\x00 \x00\
g\x00e\x00\xef\x00n\x00s\x00t\x00a\x00l\x00\
l\x00e\x00e\x00r\x00d\x00 \x00o\x00p\x00\
 \x00u\x00w\x00 \x00s\x00y\x00s\x00t\x00\
e\x00e\x00m\x00,\x00 \x00d\x00u\x00s\x00\
 \x00d\x00e\x00z\x00e\x00 \x00h\x00e\x00\
l\x00p\x00 \x00p\x00a\x00g\x00i\x00n\x00\
a\x00 \x00w\x00o\x00r\x00d\x00t\x00 \x00\
w\x00e\x00e\x00r\x00g\x00e\x00g\x00e\x00\
v\x00e\x00n\x00 \x00-\x00a\x00l\x00s\x00\
 \x00i\x00s\x00-\x00.\x00 \x00I\x00n\x00\
s\x00t\x00a\x00l\x00l\x00e\x00e\x00r\x00\
 \x00d\x00e\x00 \x00-\x00m\x00a\x00r\x00\
k\x00d\x00o\x00w\x00n\x00-\x00 \x00o\x00\
f\x00 \x00-\x00p\x00a\x00n\x00d\x00o\x00\
c\x00-\x00 \x00p\x00y\x00t\x00h\x00o\x00\
n\x00 \x00m\x00o\x00d\x00u\x00l\x00e\x00\
s\x00 \x00o\x00m\x00 \x00d\x00e\x00 \x00\
w\x00e\x00e\x00r\x00g\x00a\x00v\x00e\x00\
 \x00v\x00a\x00n\x00 \x00d\x00e\x00z\x00\
e\x00 \x00p\x00a\x00g\x00i\x00n\x00a\x00\
 \x00t\x00e\x00 \x00v\x00e\x00r\x00b\x00\
e\x00t\x00e\x00r\x00e\x00n\x00.\x08\x00\x00\
\x00\x00\x06\x00\x00\x00\xb8There is \
no Markdown rend\
erer installed o\
n your system, s\
o this help page\
 is rendered as \
is. Please insta\
ll the Markdown \
or Pandoc Python\
 modules to impr\
ove the renderin\
g of this page.\x07\
\x00\x00\x00\x04Help\x01\x03\x00\x00\x00\x10\x00A\
\x00l\x00g\x00e\x00m\x00e\x00e\x00n\x08\x00\
\x00\x00\x00\x06\x00\x00\x00\x07General\x07\
\x00\x00\x00\x07QObject\x01\x88\x00\x00\x00\
\x02\x01\x01\
\x00\x00#\xf1\
<\
\xb8d\x18\xca\xef\x9c\x95\xcd!\x1c\xbf`\xa1\xbd\xdd\xa7\
\x00\x00\x00\x02ukB\x00\x00\x00\xf0\x00\x04\xec0\x00\
\x00\x05\xcc\x00\x04\xec0\x00\x00\x1d%\x00\x99N\xa8\x00\
\x00\x1bd\x018!.\x00\x00\x13\xd4\x01\x82\xc62\x00\
\x00\x1e\xd6\x02mV`\x00\x00\x1dP\x04\x1e\xf1\x82\x00\
\x00\x05\xf7\x04Dm9\x00\x00\x05.\x04T\x18N\x00\
\x00\x12M\x04\x89?'\x00\x00\x06B\x04\xde1)\x00\
\x00\x07,\x05M7\xf2\x00\x00\x06\xcb\x05\xa6\xc8\x95\x00\
\x00\x12 \x06{\x06\x03\x00\x00\x09o\x06\xa4]\x8e\x00\
\x00\x09\xa1\x07\x07\xe0\x0e\x00\x00\x19\x0f\x07t\x8a\x94\x00\
\x00\x01\x90\x09\x82\xac\xae\x00\x00\x00\x00\x09\xd5\xc9.\x00\
\x00\x02$\x0auc\xd7\x00\x00\x17\xd3\x0b\x0ar\xc9\x00\
\x00\x01\xec\x0c\xe2\x80\xae\x00\x00\x04\x14\x0d\xb7\x06\x10\x00\
\x00\x1b\xaf\x0d\xc4\xc8<\x00\x00\x22\x9b\x0e*j\xae\x00\
\x00 0\x0ek8\x9e\x00\x00\x0d\xc7\x0e\x8d\xd4\x82\x00\
\x00\x1a\xab\x0e\xca\x08\x89\x00\x00\x05\x86\x0f-\x13\xae\x00\
\x00\x01:\x0fE\xeb\x1e\x00\x00\x07\x8ei\x00\x00\x22\xce\
\x03\x00\x00\x00\xc4\x04!\x04C\x04D\x04V\x04:\x04\
A\x00 \x04?\x045\x04@\x045\x04:\x04;\x04\
0\x044\x04C\x00 \x044\x04;\x04O\x00 \x04\
2\x048\x04:\x04>\x04@\x048\x04A\x04B\x04\
0\x04=\x04=\x04O\x00,\x00 \x04=\x040\x04\
?\x04@\x048\x04:\x04;\x040\x044\x00 \x00\
\x22\x00f\x00r\x00\x22\x00,\x00\x0a\x04I\x04>\x04\
1\x00 \x04>\x04B\x04@\x048\x04<\x040\x04\
B\x048\x00 \x04D\x04@\x040\x04=\x04F\x04\
C\x047\x04L\x04:\x048\x049\x00 \x04?\x04\
5\x04@\x045\x04:\x04;\x040\x044\x00 \x04\
4\x04>\x04:\x04C\x04<\x045\x04=\x04B\x04\
0\x04F\x04V\x04W\x00.\x08\x00\x00\x00\x00\x06\x00\
\x00\x00]A translation\
 suffix to use, \
for example \x22fr\x22\
\x0ato get French t\
ranslation of th\
e documentation.\
\x07\x00\x00\x00\x04Form\x01\x03\x00\x00\x00.\x04\
!\x04?\x045\x04F\x04V\x040\x04;\x04L\x04\
=\x045\x00 \x04@\x04>\x047\x04B\x040\x04\
H\x04C\x042\x040\x04=\x04=\x04O\x08\x00\x00\
\x00\x00\x06\x00\x00\x00\x0fCustom lo\
cation\x07\x00\x00\x00\x04Form\x01\
\x03\x00\x00\x002\x04!\x04?\x045\x04F\x04V\x04\
0\x04;\x04L\x04=\x040\x00 \x04B\x040\x04\
1\x04;\x048\x04F\x04O\x00 \x04A\x04B\x04\
8\x04;\x04V\x042\x08\x00\x00\x00\x00\x06\x00\x00\x00\
\x11Custom styleshe\
et\x07\x00\x00\x00\x04Form\x01\x03\x00\x00\x00\
\x18\x04\x12\x04V\x044\x04>\x041\x04@\x040\x04\
6\x045\x04=\x04=\x04O\x08\x00\x00\x00\x00\x06\x00\
\x00\x00\x07Display\x07\x00\x00\x00\x04F\
orm\x01\x03\x00\x00\x01B\x04\x14\x04>\x04:\x04\
C\x04<\x045\x04=\x04B\x040\x04F\x04V\x04\
O\x00 \x042\x04V\x044\x04:\x04@\x048\x04\
2\x040\x04T\x04B\x04L\x04A\x04O\x00 \x04\
2\x00 \x047\x040\x04:\x04@\x04V\x04?\x04\
;\x04N\x042\x040\x04=\x04>\x04<\x04C\x00\
 \x044\x04V\x040\x04;\x04>\x043\x04>\x04\
2\x04>\x04<\x04C\x00 \x042\x04V\x04:\x04\
=\x04V\x00 \x042\x00 \x00F\x00r\x00e\x00\
e\x00C\x00A\x00D\x00,\x00 \x04I\x04>\x00\
 \x044\x04>\x047\x042\x04>\x04;\x04O\x04\
T\x00 \x04>\x044\x04=\x04>\x04G\x040\x04\
A\x04=\x04>\x00 \x04?\x04@\x040\x04F\x04\
N\x042\x040\x04B\x048\x00 \x042\x00 \x00\
3\x00D\x00-\x042\x048\x044\x04C\x00.\x00\
\x0a\x04\x12\x048\x04<\x040\x043\x040\x04T\x00\
 \x04:\x04>\x04<\x04?\x04>\x04=\x045\x04\
=\x04B\x040\x00 \x00P\x00y\x00S\x00i\x00\
d\x00e\x00 \x00Q\x00t\x00W\x00e\x00b\x00\
e\x00n\x00g\x00i\x00n\x00e\x00W\x00i\x00\
d\x00g\x00e\x00t\x00s\x00.\x08\x00\x00\x00\x00\
\x06\x00\x00\x00\x95Documentati\
on opens in a do\
ckable dialog wi\
thin FreeCAD, al\
lowing simultane\
ous work in the \
3D view.\x0aRequire\
s the PySide QtW\
ebengineWidgets \
component.\x07\x00\x00\x00\x04F\
orm\x01\x03\x00\x00\x00\xa8\x04\x1e\x04B\x04@\x04\
8\x04<\x04C\x04T\x00 \x044\x04>\x04:\x04\
C\x04<\x045\x04=\x04B\x040\x04F\x04V\x04\
N\x00 \x047\x04V\x00 \x04A\x04B\x04>\x04\
@\x04V\x04=\x04>\x04:\x00,\x00 \x04I\x04\
>\x00 \x042\x04V\x044\x04>\x041\x04@\x04\
0\x046\x040\x04N\x04B\x04L\x04A\x04O\x00\
 \x04=\x040\x00 \x00G\x00i\x00t\x00H\x00\
u\x00b\x00.\x00\x0a\x04\x1d\x040\x04@\x040\x04\
7\x04V\x00 \x04F\x045\x00 \x04=\x045\x04\
4\x04>\x04A\x04B\x04C\x04?\x04=\x04>\x00\
.\x08\x00\x00\x00\x00\x06\x00\x00\x00YFetch\
es the documenta\
tion from pages \
rendered on GitH\
ub.\x0aThis is curr\
ently not availa\
ble.\x07\x00\x00\x00\x04Form\x01\x03\x00\
\x00\x00*\x00F\x00r\x00e\x00e\x00C\x00A\x00\
D\x00 \x00W\x00i\x00k\x00i\x00 \x00(\x04\
>\x04=\x04;\x040\x049\x04=\x00)\x08\x00\x00\
\x00\x00\x06\x00\x00\x00\x15FreeCAD W\
iki (online)\x07\x00\x00\x00\
\x04Form\x01\x03\x00\x00\x00\x1e\x00G\x00i\x00\
t\x00H\x00u\x00b\x00 \x00(\x04>\x04=\x04\
;\x040\x049\x04=\x00)\x08\x00\x00\x00\x00\x06\x00\
\x00\x00\x0fGitHub (onlin\
e)\x07\x00\x00\x00\x04Form\x01\x03\x00\x00\x00\
\x0e\x04\x14\x04>\x042\x04V\x044\x04:\x040\x08\
\x00\x00\x00\x00\x06\x00\x00\x00\x04Help\x07\x00\x00\
\x00\x04Form\x01\x03\x00\x00\x00\x22\x04#\x00 \
\x042\x04:\x04;\x040\x044\x04F\x04V\x00 \
\x00F\x00r\x00e\x00e\x00C\x00A\x00D\x08\x00\
\x00\x00\x00\x06\x00\x00\x00\x10In a Fre\
eCAD tab\x07\x00\x00\x00\x04For\
m\x01\x03\x00\x00\x00P\x04\x12\x00 \x04>\x04:\x04\
@\x045\x04<\x04>\x04<\x04C\x00 \x042\x04\
1\x04C\x044\x04>\x042\x040\x04=\x04>\x04\
<\x04C\x00 \x044\x04V\x040\x04;\x04>\x04\
3\x04>\x042\x04>\x04<\x04C\x00 \x042\x04\
V\x04:\x04=\x04V\x08\x00\x00\x00\x00\x06\x00\x00\x00\
 In a separate, \
embeddable dialo\
g\x07\x00\x00\x00\x04Form\x01\x03\x00\x00\x00.\
\x04#\x00 \x04B\x048\x04?\x04>\x042\x04>\
\x04<\x04C\x00 \x042\x045\x041\x00-\x041\
\x04@\x040\x04C\x047\x045\x04@\x04V\x08\x00\
\x00\x00\x00\x06\x00\x00\x00\x1aIn the d\
efault web brows\
er\x07\x00\x00\x00\x04Form\x01\x03\x00\x00\x00\
0\x04\x12\x045\x04@\x04A\x04V\x04O\x00 \x00\
M\x00a\x00r\x00k\x00d\x00o\x00w\x00n\x00\
 \x00(\x04>\x04=\x04;\x040\x049\x04=\x00\
)\x08\x00\x00\x00\x00\x06\x00\x00\x00\x19Markd\
own version (onl\
ine)\x07\x00\x00\x00\x04Form\x01\x03\x00\
\x00\x01<\x04\x1d\x04>\x04B\x040\x04B\x04:\x04\
0\x00:\x00 \x04O\x04:\x04I\x04>\x00 \x04\
:\x04>\x04<\x04?\x04>\x04=\x045\x04=\x04\
B\x048\x00 \x00P\x00y\x00S\x00i\x00d\x00\
e\x00 \x00W\x00e\x00b\x00 \x04=\x045\x00\
 \x047\x04=\x040\x049\x044\x045\x04=\x04\
>\x00 \x042\x00 \x04A\x048\x04A\x04B\x04\
5\x04<\x04V\x00,\x00 \x04A\x04B\x04>\x04\
@\x04V\x04=\x04:\x048\x00 \x044\x04>\x04\
2\x04V\x044\x04:\x048\x00 \x042\x04V\x04\
4\x04:\x04@\x048\x042\x040\x04B\x048\x04\
<\x04C\x04B\x04L\x04A\x04O\x00 \x042\x00\
 \x04B\x048\x04?\x04>\x042\x04>\x04<\x04\
C\x00 \x042\x045\x041\x00-\x041\x04@\x04\
0\x04C\x047\x045\x04@\x04V\x00 \x04=\x04\
5\x047\x040\x04;\x045\x046\x04=\x04>\x00\
 \x042\x04V\x044\x00 \x04=\x040\x042\x04\
5\x044\x045\x04=\x048\x04E\x00 \x04=\x04\
8\x046\x04G\x045\x00 \x04?\x040\x04@\x04\
0\x04<\x045\x04B\x04@\x04V\x042\x00.\x08\
\x00\x00\x00\x00\x06\x00\x00\x00\x8cNote: i\
f PySide Web com\
ponents are not \
found on the sys\
tem, help pages \
will open in the\
 default web bro\
wser regardless \
of the options b\
elow.\x07\x00\x00\x00\x04Form\x01\x03\
\x00\x00\x00\x12\x04\x1f\x040\x04@\x040\x04<\x045\
\x04B\x04@\x048\x08\x00\x00\x00\x00\x06\x00\x00\x00\x07\
Options\x07\x00\x00\x00\x04Form\
\x01\x03\x00\x00\x02\xb6\x04\x12\x04:\x040\x046\x04V\
\x04B\x04L\x00 \x04B\x04C\x04B\x00 \x04A\
\x04?\x045\x04F\x04V\x040\x04;\x04L\x04=\
\x04C\x00 \x00U\x00R\x00L\x00-\x040\x044\
\x04@\x045\x04A\x04C\x00 \x040\x041\x04>\
\x00 \x04B\x045\x04:\x04C\x00,\x00 \x044\
\x045\x00 \x04@\x04>\x047\x04B\x040\x04H\
\x04>\x042\x040\x04=\x04V\x00 \x04D\x040\
\x049\x04;\x048\x00 \x044\x04>\x042\x04V\
\x044\x04:\x048\x00.\x00\x0a\x04\x14\x04>\x04:\
\x04C\x04<\x045\x04=\x04B\x040\x04F\x04V\
\x04N\x00 \x04<\x04>\x046\x04=\x040\x00 \
\x047\x040\x042\x040\x04=\x04B\x040\x046\
\x048\x04B\x048\x00 \x044\x04;\x04O\x00 \
\x040\x042\x04B\x04>\x04=\x04>\x04<\x04=\
\x04>\x043\x04>\x00 \x042\x048\x04:\x04>\
\x04@\x048\x04A\x04B\x040\x04=\x04=\x04O\
\x00 \x04G\x045\x04@\x045\x047\x00 \x04\x1c\
\x045\x04=\x045\x044\x046\x045\x04@\x00 \
\x044\x04>\x044\x040\x04B\x04:\x04V\x042\
\x00,\x00 \x042\x04A\x04B\x040\x04=\x04>\
\x042\x048\x042\x04H\x048\x00\x0a\x044\x04>\
\x044\x040\x04B\x04>\x04:\x00 \x00\x22\x00o\
\x00f\x00f\x00l\x00i\x00n\x00e\x00-\x00d\
\x00o\x00c\x00u\x00m\x00e\x00n\x00t\x00a\
\x00t\x00i\x00o\x00n\x00\x22\x00.\x00 \x04/\
\x04:\x04I\x04>\x00 \x04F\x045\x00 \x04?\
\x04>\x04;\x045\x00 \x047\x040\x04;\x048\
\x04H\x048\x04B\x048\x00 \x04?\x04>\x04@\
\x04>\x046\x04=\x04V\x04<\x00,\x00 \x00F\
\x00r\x00e\x00e\x00C\x00A\x00D\x00\x0a\x040\
\x042\x04B\x04>\x04<\x040\x04B\x048\x04G\
\x04=\x04>\x00 \x04H\x04C\x04:\x040\x04B\
\x048\x04<\x045\x00 \x04D\x040\x049\x04;\
\x048\x00 \x044\x04>\x042\x04V\x044\x04:\
\x048\x00 \x042\x00 \x04B\x048\x04?\x04>\
\x042\x04>\x04<\x04C\x00 \x04@\x04>\x047\
\x04B\x040\x04H\x04C\x042\x040\x04=\x04=\
\x04V\x00\x0a\x00(\x00$\x00U\x00S\x00E\x00R\
\x00A\x00P\x00P\x00D\x00A\x00T\x00A\x00D\
\x00I\x00R\x00/\x00M\x00o\x00d\x00/\x00o\
\x00f\x00f\x00l\x00i\x00n\x00e\x00-\x00d\
\x00o\x00c\x00u\x00m\x00e\x00n\x00t\x00a\
\x00t\x00i\x00o\x00n\x00)\x00.\x08\x00\x00\x00\
\x00\x06\x00\x00\x01WSet this t\
o a custom URL o\
r the folder whe\
re the help file\
s are located.\x0aD\
ocumentation can\
 be downloaded f\
or offline use v\
ia the Addon Man\
ager and install\
ing the\x0a\x22offline\
-documentation\x22 \
addon. If this f\
ield is left bla\
nk, FreeCAD will\
\x0aautomatically s\
earch for the he\
lp files at the \
default location\
\x0a($USERAPPDATADI\
R/Mod/offline-do\
cumentation).\x07\x00\x00\
\x00\x04Form\x01\x03\x00\x00\x02\xda\x04\x12\x04:\
\x040\x046\x04V\x04B\x04L\x00 \x04B\x04C\
\x04B\x00 \x04A\x04?\x045\x04F\x04V\x040\
\x04;\x04L\x04=\x04C\x00 \x00U\x00R\x00L\
\x00-\x040\x044\x04@\x045\x04A\x04C\x00 \
\x040\x041\x04>\x00 \x04B\x045\x04:\x04C\
\x00,\x00 \x044\x045\x00 \x04@\x04>\x047\
\x04B\x040\x04H\x04>\x042\x040\x04=\x04V\
\x00 \x04D\x040\x049\x04;\x048\x00 \x044\
\x04>\x042\x04V\x044\x04:\x048\x00.\x00\x0a\
\x04\x12\x048\x00 \x04<\x04>\x046\x045\x04B\
\x045\x00 \x04;\x045\x043\x04:\x04>\x00 \
\x047\x040\x042\x040\x04=\x04B\x040\x046\
\x048\x04B\x048\x00 \x044\x04>\x04:\x04C\
\x04<\x045\x04=\x04B\x040\x04F\x04V\x04N\
\x00 \x044\x04;\x04O\x00 \x040\x042\x04B\
\x04>\x04=\x04>\x04<\x04=\x04>\x043\x04>\
\x00 \x042\x048\x04:\x04>\x04@\x048\x04A\
\x04B\x040\x04=\x04=\x04O\x00 \x047\x040\
\x00 \x044\x04>\x04?\x04>\x04<\x04>\x043\
\x04>\x04N\x00 \x04\x1c\x045\x04=\x045\x044\
\x046\x045\x04@\x040\x00\x0a\x044\x04>\x044\
\x040\x04B\x04:\x04V\x042\x00,\x00 \x042\
\x04A\x04B\x040\x04=\x04>\x042\x048\x042\
\x04H\x048\x00 \x044\x04>\x044\x040\x04B\
\x04>\x04:\x00 \x00\x22\x00o\x00f\x00f\x00l\
\x00i\x00n\x00e\x00-\x00d\x00o\x00c\x00u\
\x00m\x00e\x00n\x00t\x00a\x00t\x00i\x00o\
\x00n\x00\x22\x00.\x00 \x04/\x04:\x04I\x04>\
\x00 \x04F\x045\x00 \x04?\x04>\x04;\x045\
\x00 \x047\x040\x04;\x048\x04H\x048\x04B\
\x048\x00\x0a\x04?\x04>\x04@\x04>\x046\x04=\
\x04V\x04<\x00,\x00 \x00F\x00r\x00e\x00e\
\x00C\x00A\x00D\x00 \x040\x042\x04B\x04>\
\x04<\x040\x04B\x048\x04G\x04=\x04>\x00 \
\x04H\x04C\x04:\x040\x04B\x048\x04<\x045\
\x00 \x04D\x040\x049\x04;\x048\x00 \x044\
\x04>\x042\x04V\x044\x04:\x048\x00 \x042\
\x00 \x04B\x048\x04?\x04>\x042\x04>\x04<\
\x04C\x00 \x04@\x04>\x047\x04B\x040\x04H\
\x04C\x042\x040\x04=\x04=\x04V\x00\x0a\x00(\
\x00$\x00U\x00S\x00E\x00R\x00A\x00P\x00P\
\x00D\x00A\x00T\x00A\x00D\x00I\x00R\x00/\
\x00M\x00o\x00d\x00/\x00o\x00f\x00f\x00l\
\x00i\x00n\x00e\x00-\x00d\x00o\x00c\x00u\
\x00m\x00e\x00n\x00t\x00a\x00t\x00i\x00o\
\x00n\x00)\x00.\x08\x00\x00\x00\x00\x06\x00\x00\x01f\
Set this to a cu\
stom URL or the \
folder where the\
 help files are \
located.\x0aYou can\
 easily download\
 the documentati\
on for offline u\
se by using the \
Addon\x0aManager an\
d installing the\
 \x22offline-docume\
ntation\x22 addon. \
If this\x0afield is\
 left blank, Fre\
eCAD will automa\
tically search f\
or the help file\
s at\x0athe default\
 location ($USER\
APPDATADIR/Mod/o\
ffline-documenta\
tion).\x07\x00\x00\x00\x04Form\x01\
\x03\x00\x00\x00\x0e\x04\x14\x046\x045\x04@\x045\x04\
;\x04>\x08\x00\x00\x00\x00\x06\x00\x00\x00\x06Sou\
rce\x07\x00\x00\x00\x04Form\x01\x03\x00\x00\
\x00\xf6\x04\x12\x04:\x040\x046\x04V\x04B\x04L\
\x00 \x04H\x04;\x04O\x04E\x00 \x044\x04>\
\x00 \x040\x04;\x04L\x04B\x045\x04@\x04=\
\x040\x04B\x048\x042\x04=\x04>\x043\x04>\
\x00 \x00C\x00S\x00S\x00-\x04D\x040\x049\
\x04;\x04C\x00 \x044\x04;\x04O\x00 \x04A\
\x04B\x048\x04;\x04V\x047\x040\x04F\x04V\
\x04W\x00 \x04A\x04B\x04>\x04@\x04V\x04=\
\x04>\x04:\x00 \x00M\x00a\x00r\x00k\x00d\
\x00o\x00w\x00n\x00.\x00\x0a\x04\x17\x040\x04A\
\x04B\x04>\x04A\x04>\x042\x04C\x04T\x04B\
\x04L\x04A\x04O\x00 \x04;\x048\x04H\x045\
\x00 \x04O\x04:\x04I\x04>\x00 \x042\x048\
\x041\x04@\x040\x04=\x04>\x00 \x00M\x00a\
\x00r\x00k\x00d\x00o\x00w\x00n\x00 \x042\
\x048\x04I\x045\x00.\x08\x00\x00\x00\x00\x06\x00\x00\
\x00xSpecify the pa\
th to an alterna\
tive CSS file fo\
r styling Markdo\
wn pages.\x0aThis o\
nly applies if M\
arkdown is selec\
ted above.\x07\x00\x00\x00\x04F\
orm\x01\x03\x00\x00\x02\xb4\x04!\x04B\x04>\x04\
@\x04V\x04=\x04:\x048\x00 \x044\x04>\x04\
:\x04C\x04<\x045\x04=\x04B\x040\x04F\x04\
V\x04W\x00 \x041\x04C\x044\x04C\x04B\x04\
L\x00 \x04>\x04B\x04@\x048\x04<\x040\x04\
=\x04V\x00 \x047\x00 \x040\x042\x04B\x04\
>\x04<\x040\x04B\x048\x04G\x04=\x04>\x04\
3\x04>\x00 \x04?\x045\x04@\x045\x04B\x04\
2\x04>\x04@\x045\x04=\x04=\x04O\x00 \x00\
M\x00a\x00r\x00k\x00d\x00o\x00w\x00n\x00\
\x0a\x042\x04V\x04:\x04V\x00 \x00F\x00r\x00\
e\x00e\x00C\x00A\x00D\x00,\x00 \x04I\x04\
>\x00 \x04@\x04>\x047\x04<\x04V\x04I\x04\
5\x04=\x045\x00 \x042\x00 \x04>\x041\x04\
;\x04V\x04:\x04>\x042\x04>\x04<\x04C\x00\
 \x047\x040\x04?\x048\x04A\x04V\x00 \x00\
G\x00i\x00t\x00H\x00u\x00b\x00 \x00F\x00\
r\x00e\x00e\x00C\x00A\x00D\x00.\x00 \x04\
&\x045\x00 \x04<\x04>\x046\x04=\x040\x00\
 \x04A\x04B\x048\x04;\x04V\x047\x04C\x04\
2\x040\x04B\x048\x00 \x047\x040\x00 \x04\
4\x04>\x04?\x04>\x04<\x04>\x043\x04>\x04\
N\x00\x0a\x04A\x04?\x045\x04F\x04V\x040\x04\
;\x04L\x04=\x04>\x04W\x00 \x04B\x040\x04\
1\x04;\x048\x04F\x04V\x00 \x04A\x04B\x04\
8\x04;\x04V\x042\x00 \x04=\x048\x046\x04\
G\x045\x00,\x00 \x04V\x00 \x04F\x045\x00\
 \x04<\x04>\x046\x045\x00 \x042\x048\x04\
3\x04;\x04O\x044\x040\x04B\x048\x00 \x04\
:\x04@\x040\x04I\x045\x00,\x00 \x04=\x04\
V\x046\x00 \x042\x040\x04@\x04V\x040\x04\
=\x04B\x00 \x047\x00 \x042\x04V\x04:\x04\
V\x00.\x00 \x04\x14\x04;\x04O\x00 \x04>\x04\
B\x04@\x048\x04<\x040\x04=\x04=\x04O\x00\
\x0a\x04>\x04?\x04B\x048\x04<\x040\x04;\x04\
L\x04=\x048\x04E\x00 \x04@\x045\x047\x04\
C\x04;\x04L\x04B\x040\x04B\x04V\x042\x00\
 \x04A\x04;\x04V\x044\x00 \x042\x04A\x04\
B\x040\x04=\x04>\x042\x048\x04B\x048\x00\
 \x04<\x04>\x044\x04C\x04;\x04L\x00 \x00\
P\x00y\x00t\x00h\x00o\x00n\x00 \x00'\x00\
M\x00a\x00r\x00k\x00d\x00o\x00w\x00n\x00\
'\x00 \x040\x041\x04>\x00 \x00'\x00P\x00\
a\x00n\x00d\x00o\x00c\x00'\x00.\x08\x00\x00\
\x00\x00\x06\x00\x00\x012The docum\
entation pages w\
ill be fetched f\
rom an automatic\
 Markdown conver\
sion\x0aof the Free\
CAD wiki,hosted \
on FreeCAD's Git\
Hub account. Thi\
s can be styled \
with a\x0acustom st\
ylesheet below a\
nd can look nice\
r than the wiki \
option. The 'Mar\
kdown' or\x0a'Pando\
c' Python module\
 should be insta\
lled for optimal\
 results.\x07\x00\x00\x00\x04Fo\
rm\x01\x03\x00\x00\x00\xc2\x04!\x04B\x04>\x04@\
\x04V\x04=\x04:\x048\x00 \x044\x04>\x04:\
\x04C\x04<\x045\x04=\x04B\x040\x04F\x04V\
\x04W\x00 \x041\x04C\x044\x04C\x04B\x04L\
\x00 \x04>\x04B\x04@\x048\x04<\x040\x04=\
\x04V\x00 \x047\x00 \x04>\x04D\x04V\x04F\
\x04V\x049\x04=\x04>\x04W\x00\x0a\x00F\x00r\
\x00e\x00e\x00C\x00A\x00D\x00w\x00i\x00k\
\x00i\x00 \x047\x040\x00 \x040\x044\x04@\
\x045\x04A\x04>\x04N\x00 \x00h\x00t\x00t\
\x00p\x00s\x00:\x00/\x00/\x00w\x00i\x00k\
\x00i\x00.\x00f\x00r\x00e\x00e\x00c\x00a\
\x00d\x00.\x00o\x00r\x00g\x08\x00\x00\x00\x00\x06\
\x00\x00\x00aThe document\
ation pages will\
 be fetched from\
 the official\x0aFr\
eeCADwiki at htt\
ps://wiki.freeca\
d.org\x07\x00\x00\x00\x04Form\x01\x03\
\x00\x00\x01\x06\x04\x14\x04>\x04:\x04C\x04<\x045\
\x04=\x04B\x040\x04F\x04V\x04O\x00 \x042\
\x04V\x044\x04:\x04@\x048\x042\x040\x04B\
\x048\x04<\x045\x04B\x04L\x04A\x04O\x00 \
\x042\x00 \x04=\x04>\x042\x04V\x049\x00 \
\x042\x04:\x04;\x040\x044\x04F\x04V\x00 \
\x042\x04A\x045\x04@\x045\x044\x048\x04=\
\x04V\x00 \x04V\x04=\x04B\x045\x04@\x04D\
\x045\x049\x04A\x04C\x00 \x00F\x00r\x00e\
\x00e\x00C\x00A\x00D\x00.\x00 \x04\x14\x04;\
\x04O\x00 \x04F\x04L\x04>\x043\x04>\x00 \
\x04?\x04>\x04B\x04@\x04V\x041\x045\x04=\
\x00 \x04:\x04>\x04<\x04?\x04>\x04=\x045\
\x04=\x04B\x00 \x00P\x00y\x00S\x00i\x00d\
\x00e\x00 \x00Q\x00t\x00W\x00e\x00b\x00e\
\x00n\x00g\x00i\x00n\x00e\x00W\x00i\x00d\
\x00g\x00e\x00t\x00s\x00.\x08\x00\x00\x00\x00\x06\
\x00\x00\x00}The document\
ation will open \
in a new tab ins\
ide the FreeCAD \
interface. This \
requires the PyS\
ide QtWebengineW\
idgets component\
.\x07\x00\x00\x00\x04Form\x01\x03\x00\x00\x00j\
\x04\x14\x04>\x04:\x04C\x04<\x045\x04=\x04B\
\x040\x04F\x04V\x04O\x00 \x042\x04V\x044\
\x04:\x04@\x048\x042\x040\x04B\x048\x04<\
\x045\x04B\x04L\x04A\x04O\x00 \x042\x00 \
\x04B\x048\x04?\x04>\x042\x04>\x04<\x04C\
\x00 \x042\x045\x041\x00-\x041\x04@\x040\
\x04C\x047\x045\x04@\x04V\x08\x00\x00\x00\x00\x06\
\x00\x00\x006The document\
ation will open \
in the default w\
eb browser\x07\x00\x00\x00\x04F\
orm\x01\x03\x00\x00\x00 \x04!\x04C\x04D\x04\
V\x04:\x04A\x00 \x04?\x045\x04@\x045\x04\
:\x04;\x040\x044\x04C\x08\x00\x00\x00\x00\x06\x00\
\x00\x00\x12Translation s\
uffix\x07\x00\x00\x00\x04Form\x01\x03\
\x00\x00\x00\xe4\x04\x1d\x045\x00 \x042\x044\x040\
\x04;\x04>\x04A\x04O\x00 \x04>\x04B\x04@\
\x048\x04<\x040\x04B\x048\x00 \x042\x04<\
\x04V\x04A\x04B\x00 \x04F\x04V\x04T\x04W\
\x00 \x04A\x04B\x04>\x04@\x04V\x04=\x04:\
\x048\x00.\x00 \x04\x1f\x045\x04@\x045\x042\
\x04V\x04@\x04B\x045\x00 \x04=\x040\x04;\
\x040\x04H\x04B\x04C\x042\x040\x04=\x04=\
\x04O\x00 \x042\x00 \x04<\x045\x04=\x04N\
\x00 \x04 \x045\x044\x040\x043\x04C\x042\
\x040\x04B\x048\x00 !\x92\x00 \x04\x1f\x040\
\x04@\x040\x04<\x045\x04B\x04@\x048\x00 \
!\x92\x00 \x04\x17\x040\x043\x040\x04;\x04L\
\x04=\x04V\x00 !\x92\x00 \x04\x14\x04>\x042\
\x04V\x044\x04:\x040\x08\x00\x00\x00\x00\x06\x00\x00\
\x00yContents for t\
his page could n\
ot be retrieved.\
 Please check se\
ttings under men\
u Edit \xe2\x86\x92 Prefe\
rences \xe2\x86\x92 Gener\
al \xe2\x86\x92 Help\x07\x00\x00\x00\x04\
Help\x01\x03\x00\x00\x00\x0e\x04\x14\x04>\x042\
\x04V\x044\x04:\x040\x08\x00\x00\x00\x00\x06\x00\x00\
\x00\x04Help\x07\x00\x00\x00\x04Help\x01\
\x03\x00\x00\x00\xf6\x04\x1d\x045\x00 \x042\x044\x04\
0\x04;\x04>\x04A\x04O\x00 \x042\x048\x04\
7\x04=\x040\x04G\x048\x04B\x048\x00 \x04\
@\x04>\x047\x04B\x040\x04H\x04C\x042\x04\
0\x04=\x04=\x04O\x00 \x04D\x040\x049\x04\
;\x04V\x042\x00 \x044\x04>\x042\x04V\x04\
4\x04:\x048\x00.\x00 \x04\x1f\x045\x04@\x04\
5\x042\x04V\x04@\x04B\x045\x00 \x04=\x04\
0\x04;\x040\x04H\x04B\x04C\x042\x040\x04\
=\x04=\x04O\x00 \x042\x00 \x04<\x045\x04\
=\x04N\x00 \x04 \x045\x044\x040\x043\x04\
C\x042\x040\x04B\x048\x00 !\x92\x00 \x04\
\x1f\x040\x04@\x040\x04<\x045\x04B\x04@\x04\
8\x00 !\x92\x00 \x04\x17\x040\x043\x040\x04\
;\x04L\x04=\x04V\x00 !\x92\x00 \x04\x14\x04\
>\x042\x04V\x044\x04:\x040\x08\x00\x00\x00\x00\
\x06\x00\x00\x00wHelp files \
location could n\
ot be determined\
. Please check s\
ettings under me\
nu Edit \xe2\x86\x92 Pref\
erences \xe2\x86\x92 Gene\
ral \xe2\x86\x92 Help\x07\x00\x00\x00\
\x04Help\x01\x03\x00\x00\x00\xe0\x04\x1c\x04>\x04\
4\x04C\x04;\x04L\x00 \x00P\x00y\x00S\x00\
i\x00d\x00e\x00 \x00Q\x00t\x00W\x00e\x00\
b\x00E\x00n\x00g\x00i\x00n\x00e\x00W\x00\
i\x00d\x00g\x00e\x00t\x00s\x00 \x04=\x04\
5\x044\x04>\x04A\x04B\x04C\x04?\x04=\x04\
8\x049\x00.\x00 \x04\x12\x04V\x044\x04>\x04\
1\x04@\x040\x046\x045\x04=\x04=\x04O\x00\
 \x044\x04>\x042\x04V\x044\x04:\x048\x00\
 \x047\x044\x04V\x049\x04A\x04=\x04N\x04\
T\x04B\x04L\x04A\x04O\x00 \x047\x040\x00\
 \x044\x04>\x04?\x04>\x04<\x04>\x043\x04\
>\x04N\x00 \x04A\x048\x04A\x04B\x045\x04\
<\x04=\x04>\x043\x04>\x00 \x041\x04@\x04\
0\x04C\x047\x045\x04@\x040\x08\x00\x00\x00\x00\
\x06\x00\x00\x00aPySide QtWe\
bEngineWidgets m\
odule is not ava\
ilable. Help ren\
dering is done w\
ith the system b\
rowser\x07\x00\x00\x00\x04Help\x01\
\x03\x00\x00\x01\x9a\x04#\x00 \x042\x040\x04H\x04\
V\x049\x00 \x04A\x048\x04A\x04B\x045\x04\
<\x04V\x00 \x04=\x045\x00 \x042\x04A\x04\
B\x040\x04=\x04>\x042\x04;\x045\x04=\x04\
>\x00 \x047\x040\x04A\x04V\x041\x00 \x04\
2\x04V\x047\x04C\x040\x04;\x04V\x047\x04\
0\x04F\x04V\x04W\x00 \x00M\x00a\x00r\x00\
k\x00d\x00o\x00w\x00n\x00,\x00 \x04B\x04\
>\x04<\x04C\x00 \x04F\x04O\x00 \x04A\x04\
B\x04>\x04@\x04V\x04=\x04:\x040\x00 \x04\
4\x04>\x042\x04V\x044\x04:\x048\x00 \x04\
2\x04V\x044\x04>\x041\x04@\x040\x046\x04\
0\x04T\x04B\x04L\x04A\x04O\x00 \x04O\x04\
:\x00 \x04T\x00.\x00 \x04\x11\x04C\x044\x04\
L\x00 \x04;\x040\x04A\x04:\x040\x00,\x00\
 \x042\x04A\x04B\x040\x04=\x04>\x042\x04\
V\x04B\x04L\x00 \x04<\x04>\x044\x04C\x04\
;\x04V\x00 \x00P\x00y\x00t\x00h\x00o\x00\
n\x00 \x00M\x00a\x00r\x00k\x00d\x00o\x00\
w\x00n\x00 \x040\x041\x04>\x00 \x00P\x00\
a\x00n\x00d\x00o\x00c\x00,\x00 \x04I\x04\
>\x041\x00 \x04?\x04>\x04:\x04@\x040\x04\
I\x048\x04B\x048\x00 \x042\x04V\x044\x04\
>\x041\x04@\x040\x046\x045\x04=\x04=\x04\
O\x00 \x04F\x04V\x04T\x04W\x00 \x04A\x04\
B\x04>\x04@\x04V\x04=\x04:\x048\x00.\x08\
\x00\x00\x00\x00\x06\x00\x00\x00\xb8There i\
s no Markdown re\
nderer installed\
 on your system,\
 so this help pa\
ge is rendered a\
s is. Please ins\
tall the Markdow\
n or Pandoc Pyth\
on modules to im\
prove the render\
ing of this page\
.\x07\x00\x00\x00\x04Help\x01\x03\x00\x00\x00\x10\
\x04\x17\x040\x043\x040\x04;\x04L\x04=\x04V\
\x08\x00\x00\x00\x00\x06\x00\x00\x00\x07Genera\
l\x07\x00\x00\x00\x07QObject\x01\x88\x00\
\x00\x00\x0d\x11\x01\xfd)\x0b\xff\x14\x02\x04\xfd,\x0a\x13\
\
\x00\x00\x1c\xf1\
<\
\xb8d\x18\xca\xef\x9c\x95\xcd!\x1c\xbf`\xa1\xbd\xdd\xa7\
\x00\x00\x00\x02idB\x00\x00\x00\xe0\x00\x04\xec0\x00\
\x00\x02\xff\x00\x04\xec0\x00\x00\x16\x80\x018!.\x00\
\x00\x09j\x01\x82\xc62\x00\x00\x18,\x03\x9b\x8b\xce\x00\
\x00\x10\x0c\x04\x18&N\x00\x00\x0eU\x04\x1e\xf1\x82\x00\
\x00\x03*\x04Dm9\x00\x00\x02a\x04\x89?'\x00\
\x00\x03o\x04\xde1)\x00\x00\x04f\x05j\x8b*\x00\
\x00\x00\x00\x05\xa6\xc8\x95\x00\x00\x09?\x05\xf5D^\x00\
\x00\x10\xeb\x06\x19\xd5\x90\x00\x00\x14\xf9\x06{\x06\x03\x00\
\x00\x04\xc6\x09\x1c\x10\x80\x00\x00\x16\xab\x09\x82\xac\xae\x00\
\x00\x00\xbf\x09\xb7\x0c\xba\x00\x00\x00a\x09\xe6\xba\xae\x00\
\x00\x11\xac\x0a\x0cj\xae\x00\x00\x19h\x0auc\xd7\x00\
\x00\x0d\x19\x0b\x0ar\xc9\x00\x00\x021\x0b\xe1\xcb\x8e\x00\
\x00\x12\xee\x0dQ}\xf2\x00\x00\x03\xfe\x0d\xc4\xc8<\x00\
\x00\x1b\xc5\x0ek8\x9e\x00\x00\x04\xf4\x0e\xca\x08\x89\x00\
\x00\x02\xb9\x0f-\x13\xae\x00\x00\x01\xefi\x00\x00\x1b\xf0\
\x03\x00\x00\x000\x00 \x00 \x00 \x00 \x00 \x00\
 \x00S\x00t\x00y\x00l\x00e\x00s\x00h\x00\
e\x00e\x00t\x00 \x00k\x00h\x00u\x00s\x00\
u\x00s\x00:\x08\x00\x00\x00\x00\x06\x00\x00\x00\x18 \
     Custom styl\
esheet:\x07\x00\x00\x00\x04Form\
\x01\x03\x00\x00\x00.\x00 \x00 \x00 \x00 \x00A\
\x00k\x00h\x00i\x00r\x00a\x00n\x00 \x00t\
\x00e\x00r\x00j\x00e\x00m\x00a\x00h\x00a\
\x00n\x00:\x08\x00\x00\x00\x00\x06\x00\x00\x00\x17  \
  Translation su\
ffix:\x07\x00\x00\x00\x04Form\x01\x03\
\x00\x00\x00\xba\x00A\x00 \x00t\x00r\x00a\x00n\
\x00s\x00l\x00a\x00t\x00i\x00o\x00n\x00 \
\x00s\x00u\x00f\x00f\x00i\x00x\x00 \x00t\
\x00o\x00 \x00u\x00s\x00e\x00,\x00 \x00f\
\x00o\x00r\x00 \x00e\x00x\x00a\x00m\x00p\
\x00l\x00e\x00 \x00\x22\x00f\x00r\x00\x22\x00\x0a\
\x00t\x00o\x00 \x00g\x00e\x00t\x00 \x00F\
\x00r\x00e\x00n\x00c\x00h\x00 \x00t\x00r\
\x00a\x00n\x00s\x00l\x00a\x00t\x00i\x00o\
\x00n\x00 \x00o\x00f\x00 \x00t\x00h\x00e\
\x00 \x00d\x00o\x00c\x00u\x00m\x00e\x00n\
\x00t\x00a\x00t\x00i\x00o\x00n\x00.\x08\x00\
\x00\x00\x00\x06\x00\x00\x00]A transl\
ation suffix to \
use, for example\
 \x22fr\x22\x0ato get Fre\
nch translation \
of the documenta\
tion.\x07\x00\x00\x00\x04Form\x01\x03\
\x00\x00\x00\x1a\x00L\x00o\x00k\x00a\x00s\x00i\
\x00 \x00k\x00h\x00u\x00s\x00u\x00s\x08\x00\
\x00\x00\x00\x06\x00\x00\x00\x0fCustom l\
ocation\x07\x00\x00\x00\x04Form\
\x01\x03\x00\x00\x00\x10\x00T\x00a\x00m\x00p\x00i\
\x00l\x00a\x00n\x08\x00\x00\x00\x00\x06\x00\x00\x00\x07\
Display\x07\x00\x00\x00\x04Form\
\x01\x03\x00\x00\x00*\x00F\x00r\x00e\x00e\x00C\
\x00A\x00D\x00 \x00W\x00i\x00k\x00i\x00 \
\x00(\x00o\x00n\x00l\x00i\x00n\x00e\x00)\
\x08\x00\x00\x00\x00\x06\x00\x00\x00\x15FreeCA\
D Wiki (online)\x07\
\x00\x00\x00\x04Form\x01\x03\x00\x00\x00\x1e\x00G\
\x00i\x00t\x00H\x00u\x00b\x00 \x00(\x00o\
\x00n\x00l\x00i\x00n\x00e\x00)\x08\x00\x00\x00\
\x00\x06\x00\x00\x00\x0fGitHub (on\
line)\x07\x00\x00\x00\x04Form\x01\x03\
\x00\x00\x00\x0e\x00B\x00a\x00n\x00t\x00u\x00a\
\x00n\x08\x00\x00\x00\x00\x06\x00\x00\x00\x04Help\
\x07\x00\x00\x00\x04Form\x01\x03\x00\x00\x00\x1c\x00\
D\x00i\x00 \x00t\x00a\x00b\x00 \x00F\x00\
r\x00e\x00e\x00C\x00A\x00D\x08\x00\x00\x00\x00\
\x06\x00\x00\x00\x10In a FreeCA\
D tab\x07\x00\x00\x00\x04Form\x01\x03\
\x00\x00\x00V\x00D\x00a\x00l\x00a\x00m\x00 \
\x00d\x00i\x00a\x00l\x00o\x00g\x00 \x00t\
\x00e\x00r\x00p\x00i\x00s\x00a\x00h\x00 \
\x00y\x00a\x00n\x00g\x00 \x00d\x00a\x00p\
\x00a\x00t\x00 \x00d\x00i\x00s\x00e\x00m\
\x00a\x00t\x00k\x00a\x00n\x08\x00\x00\x00\x00\x06\
\x00\x00\x00 In a separat\
e, embeddable di\
alog\x07\x00\x00\x00\x04Form\x01\x03\x00\
\x00\x004\x00D\x00i\x00 \x00b\x00r\x00o\x00\
w\x00s\x00e\x00r\x00 \x00w\x00e\x00b\x00\
 \x00b\x00a\x00w\x00a\x00a\x00n\x00 \x00\
A\x00n\x00d\x00a\x08\x00\x00\x00\x00\x06\x00\x00\x00\
\x1bIn your default\
 web browser\x07\x00\x00\x00\
\x04Form\x01\x03\x00\x00\x00.\x00V\x00e\x00\
r\x00s\x00i\x00 \x00m\x00a\x00r\x00k\x00\
d\x00o\x00w\x00n\x00 \x00(\x00o\x00n\x00\
l\x00i\x00n\x00e\x00)\x08\x00\x00\x00\x00\x06\x00\
\x00\x00\x19Markdown vers\
ion (online)\x07\x00\x00\x00\
\x04Form\x01\x03\x00\x00\x00\x0e\x00P\x00i\x00\
l\x00i\x00h\x00a\x00n\x08\x00\x00\x00\x00\x06\x00\
\x00\x00\x07Options\x07\x00\x00\x00\x04F\
orm\x01\x03\x00\x00\x02\xcc\x00S\x00e\x00t\x00\
 \x00t\x00h\x00i\x00s\x00 \x00t\x00o\x00\
 \x00a\x00 \x00c\x00u\x00s\x00t\x00o\x00\
m\x00 \x00U\x00R\x00L\x00 \x00o\x00r\x00\
 \x00t\x00h\x00e\x00 \x00f\x00o\x00l\x00\
d\x00e\x00r\x00 \x00w\x00h\x00e\x00r\x00\
e\x00 \x00t\x00h\x00e\x00 \x00h\x00e\x00\
l\x00p\x00 \x00f\x00i\x00l\x00e\x00s\x00\
 \x00a\x00r\x00e\x00 \x00l\x00o\x00c\x00\
a\x00t\x00e\x00d\x00.\x00\x0a\x00Y\x00o\x00\
u\x00 \x00c\x00a\x00n\x00 \x00e\x00a\x00\
s\x00i\x00l\x00y\x00 \x00d\x00o\x00w\x00\
n\x00l\x00o\x00a\x00d\x00 \x00t\x00h\x00\
e\x00 \x00d\x00o\x00c\x00u\x00m\x00e\x00\
n\x00t\x00a\x00t\x00i\x00o\x00n\x00 \x00\
f\x00o\x00r\x00 \x00o\x00f\x00f\x00l\x00\
i\x00n\x00e\x00 \x00u\x00s\x00e\x00 \x00\
b\x00y\x00 \x00u\x00s\x00i\x00n\x00g\x00\
 \x00t\x00h\x00e\x00 \x00A\x00d\x00d\x00\
o\x00n\x00\x0a\x00M\x00a\x00n\x00a\x00g\x00\
e\x00r\x00 \x00a\x00n\x00d\x00 \x00i\x00\
n\x00s\x00t\x00a\x00l\x00l\x00i\x00n\x00\
g\x00 \x00t\x00h\x00e\x00 \x00\x22\x00o\x00\
f\x00f\x00l\x00i\x00n\x00e\x00-\x00d\x00\
o\x00c\x00u\x00m\x00e\x00n\x00t\x00a\x00\
t\x00i\x00o\x00n\x00\x22\x00 \x00a\x00d\x00\
d\x00o\x00n\x00.\x00 \x00I\x00f\x00 \x00\
t\x00h\x00i\x00s\x00\x0a\x00f\x00i\x00e\x00\
l\x00d\x00 \x00i\x00s\x00 \x00l\x00e\x00\
f\x00t\x00 \x00b\x00l\x00a\x00n\x00k\x00\
,\x00 \x00F\x00r\x00e\x00e\x00C\x00A\x00\
D\x00 \x00w\x00i\x00l\x00l\x00 \x00a\x00\
u\x00t\x00o\x00m\x00a\x00t\x00i\x00c\x00\
a\x00l\x00l\x00y\x00 \x00s\x00e\x00a\x00\
r\x00c\x00h\x00 \x00f\x00o\x00r\x00 \x00\
t\x00h\x00e\x00 \x00h\x00e\x00l\x00p\x00\
 \x00f\x00i\x00l\x00e\x00s\x00 \x00a\x00\
t\x00\x0a\x00t\x00h\x00e\x00 \x00d\x00e\x00\
f\x00a\x00u\x00l\x00t\x00 \x00l\x00o\x00\
c\x00a\x00t\x00i\x00o\x00n\x00 \x00(\x00\
$\x00U\x00S\x00E\x00R\x00A\x00P\x00P\x00\
D\x00A\x00T\x00A\x00D\x00I\x00R\x00/\x00\
M\x00o\x00d\x00/\x00o\x00f\x00f\x00l\x00\
i\x00n\x00e\x00-\x00d\x00o\x00c\x00u\x00\
m\x00e\x00n\x00t\x00a\x00t\x00i\x00o\x00\
n\x00)\x00.\x08\x00\x00\x00\x00\x06\x00\x00\x01fS\
et this to a cus\
tom URL or the f\
older where the \
help files are l\
ocated.\x0aYou can \
easily download \
the documentatio\
n for offline us\
e by using the A\
ddon\x0aManager and\
 installing the \
\x22offline-documen\
tation\x22 addon. I\
f this\x0afield is \
left blank, Free\
CAD will automat\
ically search fo\
r the help files\
 at\x0athe default \
location ($USERA\
PPDATADIR/Mod/of\
fline-documentat\
ion).\x07\x00\x00\x00\x04Form\x01\x03\
\x00\x00\x00\x0c\x00S\x00u\x00m\x00b\x00e\x00r\
\x08\x00\x00\x00\x00\x06\x00\x00\x00\x06Source\
\x07\x00\x00\x00\x04Form\x01\x03\x00\x00\x02d\x00\
T\x00h\x00e\x00 \x00d\x00o\x00c\x00u\x00\
m\x00e\x00n\x00t\x00a\x00t\x00i\x00o\x00\
n\x00 \x00p\x00a\x00g\x00e\x00s\x00 \x00\
w\x00i\x00l\x00l\x00 \x00b\x00e\x00 \x00\
f\x00e\x00t\x00c\x00h\x00e\x00d\x00 \x00\
f\x00r\x00o\x00m\x00 \x00a\x00n\x00 \x00\
a\x00u\x00t\x00o\x00m\x00a\x00t\x00i\x00\
c\x00 \x00M\x00a\x00r\x00k\x00d\x00o\x00\
w\x00n\x00 \x00c\x00o\x00n\x00v\x00e\x00\
r\x00s\x00i\x00o\x00n\x00\x0a\x00o\x00f\x00\
 \x00t\x00h\x00e\x00 \x00F\x00r\x00e\x00\
e\x00C\x00A\x00D\x00 \x00w\x00i\x00k\x00\
i\x00,\x00h\x00o\x00s\x00t\x00e\x00d\x00\
 \x00o\x00n\x00 \x00F\x00r\x00e\x00e\x00\
C\x00A\x00D\x00'\x00s\x00 \x00G\x00i\x00\
t\x00H\x00u\x00b\x00 \x00a\x00c\x00c\x00\
o\x00u\x00n\x00t\x00.\x00 \x00T\x00h\x00\
i\x00s\x00 \x00c\x00a\x00n\x00 \x00b\x00\
e\x00 \x00s\x00t\x00y\x00l\x00e\x00d\x00\
 \x00w\x00i\x00t\x00h\x00 \x00a\x00\x0a\x00\
c\x00u\x00s\x00t\x00o\x00m\x00 \x00s\x00\
t\x00y\x00l\x00e\x00s\x00h\x00e\x00e\x00\
t\x00 \x00b\x00e\x00l\x00o\x00w\x00 \x00\
a\x00n\x00d\x00 \x00c\x00a\x00n\x00 \x00\
l\x00o\x00o\x00k\x00 \x00n\x00i\x00c\x00\
e\x00r\x00 \x00t\x00h\x00a\x00n\x00 \x00\
t\x00h\x00e\x00 \x00w\x00i\x00k\x00i\x00\
 \x00o\x00p\x00t\x00i\x00o\x00n\x00.\x00\
 \x00T\x00h\x00e\x00 \x00'\x00M\x00a\x00\
r\x00k\x00d\x00o\x00w\x00n\x00'\x00 \x00\
o\x00r\x00\x0a\x00'\x00P\x00a\x00n\x00d\x00\
o\x00c\x00'\x00 \x00P\x00y\x00t\x00h\x00\
o\x00n\x00 \x00m\x00o\x00d\x00u\x00l\x00\
e\x00 \x00s\x00h\x00o\x00u\x00l\x00d\x00\
 \x00b\x00e\x00 \x00i\x00n\x00s\x00t\x00\
a\x00l\x00l\x00e\x00d\x00 \x00f\x00o\x00\
r\x00 \x00o\x00p\x00t\x00i\x00m\x00a\x00\
l\x00 \x00r\x00e\x00s\x00u\x00l\x00t\x00\
s\x00.\x08\x00\x00\x00\x00\x06\x00\x00\x012The\
 documentation p\
ages will be fet\
ched from an aut\
omatic Markdown \
conversion\x0aof th\
e FreeCAD wiki,h\
osted on FreeCAD\
's GitHub accoun\
t. This can be s\
tyled with a\x0acus\
tom stylesheet b\
elow and can loo\
k nicer than the\
 wiki option. Th\
e 'Markdown' or\x0a\
'Pandoc' Python \
module should be\
 installed for o\
ptimal results.\x07\
\x00\x00\x00\x04Form\x01\x03\x00\x00\x00\xc2\x00T\
\x00h\x00e\x00 \x00d\x00o\x00c\x00u\x00m\
\x00e\x00n\x00t\x00a\x00t\x00i\x00o\x00n\
\x00 \x00p\x00a\x00g\x00e\x00s\x00 \x00w\
\x00i\x00l\x00l\x00 \x00b\x00e\x00 \x00f\
\x00e\x00t\x00c\x00h\x00e\x00d\x00 \x00f\
\x00r\x00o\x00m\x00 \x00t\x00h\x00e\x00 \
\x00o\x00f\x00f\x00i\x00c\x00i\x00a\x00l\
\x00\x0a\x00F\x00r\x00e\x00e\x00C\x00A\x00D\
\x00w\x00i\x00k\x00i\x00 \x00a\x00t\x00 \
\x00h\x00t\x00t\x00p\x00s\x00:\x00/\x00/\
\x00w\x00i\x00k\x00i\x00.\x00f\x00r\x00e\
\x00e\x00c\x00a\x00d\x00.\x00o\x00r\x00g\
\x08\x00\x00\x00\x00\x06\x00\x00\x00aThe do\
cumentation page\
s will be fetche\
d from the offic\
ial\x0aFreeCADwiki \
at https://wiki.\
freecad.org\x07\x00\x00\x00\x04\
Form\x01\x03\x00\x00\x01\x14\x00T\x00h\x00e\
\x00 \x00d\x00o\x00c\x00u\x00m\x00e\x00n\
\x00t\x00a\x00t\x00i\x00o\x00n\x00 \x00w\
\x00i\x00l\x00l\x00 \x00o\x00p\x00e\x00n\
\x00 \x00i\x00n\x00 \x00a\x00 \x00d\x00o\
\x00c\x00k\x00a\x00b\x00l\x00e\x00 \x00d\
\x00i\x00a\x00l\x00o\x00g\x00 \x00i\x00n\
\x00s\x00i\x00d\x00e\x00 \x00t\x00h\x00e\
\x00 \x00F\x00r\x00e\x00e\x00C\x00A\x00D\
\x00 \x00w\x00i\x00n\x00d\x00o\x00w\x00,\
\x00\x0a\x00w\x00h\x00i\x00c\x00h\x00 \x00a\
\x00l\x00l\x00o\x00w\x00s\x00 \x00y\x00o\
\x00u\x00 \x00t\x00o\x00 \x00k\x00e\x00e\
\x00p\x00 \x00i\x00t\x00 \x00o\x00p\x00e\
\x00n\x00 \x00w\x00h\x00l\x00l\x00e\x00 \
\x00w\x00o\x00r\x00k\x00i\x00n\x00g\x00 \
\x00i\x00n\x00 \x00t\x00h\x00e\x00 \x003\
\x00D\x00 \x00v\x00i\x00e\x00w\x00.\x08\x00\
\x00\x00\x00\x06\x00\x00\x00\x8aThe docu\
mentation will o\
pen in a dockabl\
e dialog inside \
the FreeCAD wind\
ow,\x0awhich allows\
 you to keep it \
open whlle worki\
ng in the 3D vie\
w.\x07\x00\x00\x00\x04Form\x01\x03\x00\x00\x00\
\x80\x00D\x00o\x00k\x00u\x00m\x00e\x00n\x00\
t\x00a\x00s\x00i\x00 \x00a\x00k\x00a\x00\
n\x00 \x00t\x00e\x00r\x00b\x00u\x00k\x00\
a\x00 \x00d\x00i\x00 \x00t\x00a\x00b\x00\
 \x00b\x00a\x00r\x00u\x00 \x00d\x00i\x00\
 \x00d\x00a\x00l\x00a\x00m\x00 \x00a\x00\
n\x00t\x00a\x00r\x00m\x00u\x00k\x00a\x00\
 \x00F\x00r\x00e\x00e\x00C\x00A\x00D\x00\
.\x08\x00\x00\x00\x00\x06\x00\x00\x00FThe d\
ocumentation wil\
l open in a new \
tab inside the F\
reeCAD interface\
.\x07\x00\x00\x00\x04Form\x01\x03\x00\x00\x00p\
\x00T\x00h\x00e\x00 \x00d\x00o\x00c\x00u\
\x00m\x00e\x00n\x00t\x00a\x00t\x00i\x00o\
\x00n\x00 \x00w\x00i\x00l\x00l\x00 \x00o\
\x00p\x00e\x00n\x00 \x00i\x00n\x00 \x00y\
\x00o\x00u\x00r\x00 \x00d\x00e\x00f\x00a\
\x00u\x00l\x00t\x00 \x00w\x00e\x00b\x00 \
\x00b\x00r\x00o\x00w\x00s\x00e\x00r\x00.\
\x08\x00\x00\x00\x00\x06\x00\x00\x008The do\
cumentation will\
 open in your de\
fault web browse\
r.\x07\x00\x00\x00\x04Form\x01\x03\x00\x00\x00\
\xc6\x00T\x00h\x00i\x00s\x00 \x00w\x00i\x00\
l\x00l\x00 \x00f\x00e\x00t\x00c\x00h\x00\
 \x00t\x00h\x00e\x00 \x00d\x00o\x00c\x00\
u\x00m\x00e\x00n\x00t\x00a\x00t\x00i\x00\
o\x00n\x00 \x00f\x00r\x00o\x00m\x00 \x00\
p\x00a\x00g\x00e\x00s\x00 \x00r\x00e\x00\
n\x00d\x00e\x00r\x00e\x00d\x00 \x00o\x00\
n\x00 \x00G\x00i\x00t\x00H\x00u\x00b\x00\
.\x00\x0a\x00T\x00h\x00i\x00s\x00 \x00i\x00\
s\x00 \x00c\x00u\x00r\x00r\x00e\x00n\x00\
t\x00l\x00y\x00 \x00n\x00o\x00t\x00 \x00\
a\x00v\x00a\x00i\x00l\x00a\x00b\x00l\x00\
e\x00.\x00.\x00.\x08\x00\x00\x00\x00\x06\x00\x00\x00\
cThis will fetch\
 the documentati\
on from pages re\
ndered on GitHub\
.\x0aThis is curren\
tly not availabl\
e...\x07\x00\x00\x00\x04Form\x01\x03\x00\
\x00\x01L\x00Y\x00o\x00u\x00 \x00c\x00a\x00\
n\x00 \x00h\x00e\x00r\x00e\x00 \x00i\x00\
n\x00d\x00i\x00c\x00a\x00t\x00e\x00 \x00\
t\x00h\x00e\x00 \x00p\x00a\x00t\x00h\x00\
 \x00t\x00o\x00 \x00a\x00n\x00 \x00a\x00\
l\x00t\x00e\x00r\x00n\x00a\x00t\x00i\x00\
v\x00e\x00 \x00C\x00S\x00S\x00 \x00f\x00\
i\x00l\x00e\x00 \x00t\x00o\x00 \x00b\x00\
e\x00 \x00u\x00s\x00e\x00d\x00\x0a\x00t\x00\
o\x00 \x00s\x00t\x00y\x00l\x00e\x00 \x00\
t\x00h\x00e\x00 \x00M\x00a\x00r\x00k\x00\
d\x00o\x00w\x00n\x00 \x00p\x00a\x00g\x00\
e\x00s\x00.\x00 \x00T\x00h\x00i\x00s\x00\
 \x00w\x00i\x00l\x00l\x00 \x00o\x00n\x00\
l\x00y\x00 \x00w\x00o\x00r\x00k\x00 \x00\
i\x00f\x00 \x00y\x00o\x00u\x00 \x00h\x00\
a\x00v\x00e\x00 \x00s\x00e\x00l\x00e\x00\
c\x00t\x00e\x00d\x00 \x00t\x00h\x00e\x00\
\x0a\x00M\x00a\x00r\x00k\x00d\x00o\x00w\x00\
n\x00 \x00v\x00e\x00r\x00s\x00i\x00o\x00\
n\x00 \x00a\x00b\x00o\x00v\x00e\x00.\x08\
\x00\x00\x00\x00\x06\x00\x00\x00\xa6You can\
 here indicate t\
he path to an al\
ternative CSS fi\
le to be used\x0ato\
 style the Markd\
own pages. This \
will only work i\
f you have selec\
ted the\x0aMarkdown\
 version above.\x07\
\x00\x00\x00\x04Form\x01\x03\x00\x00\x00\xf8\x00K\
\x00o\x00n\x00t\x00e\x00n\x00 \x00u\x00n\
\x00t\x00u\x00k\x00 \x00h\x00a\x00l\x00a\
\x00m\x00a\x00n\x00 \x00i\x00n\x00i\x00 \
\x00t\x00i\x00d\x00a\x00k\x00 \x00d\x00a\
\x00p\x00a\x00t\x00 \x00d\x00i\x00a\x00m\
\x00b\x00i\x00l\x00.\x00 \x00S\x00i\x00l\
\x00a\x00k\x00a\x00n\x00 \x00p\x00e\x00r\
\x00i\x00k\x00s\x00a\x00 \x00p\x00e\x00n\
\x00g\x00a\x00t\x00u\x00r\x00a\x00n\x00 \
\x00d\x00i\x00 \x00b\x00a\x00w\x00a\x00h\
\x00 \x00m\x00e\x00n\x00u\x00 \x00E\x00d\
\x00i\x00t\x00 \x00-\x00>\x00 \x00P\x00r\
\x00e\x00f\x00e\x00r\x00e\x00n\x00s\x00i\
\x00 \x00-\x00>\x00 \x00U\x00m\x00u\x00m\
\x00 \x00-\x00>\x00 \x00B\x00a\x00n\x00t\
\x00u\x00a\x00n\x08\x00\x00\x00\x00\x06\x00\x00\x00v\
Contents for thi\
s page could not\
 be retrieved. P\
lease check sett\
ings under menu \
Edit -> Preferen\
ces -> General -\
> Help\x07\x00\x00\x00\x04Help\x01\
\x03\x00\x00\x00\x0e\x00B\x00a\x00n\x00t\x00u\x00\
a\x00n\x08\x00\x00\x00\x00\x06\x00\x00\x00\x04Hel\
p\x07\x00\x00\x00\x04Help\x01\x03\x00\x00\x00\xf4\
\x00L\x00o\x00k\x00a\x00s\x00i\x00 \x00f\
\x00i\x00l\x00e\x00 \x00b\x00a\x00n\x00t\
\x00u\x00a\x00n\x00 \x00t\x00i\x00d\x00a\
\x00k\x00 \x00d\x00a\x00p\x00a\x00t\x00 \
\x00d\x00i\x00t\x00e\x00n\x00t\x00u\x00k\
\x00a\x00n\x00.\x00 \x00S\x00i\x00l\x00a\
\x00k\x00a\x00n\x00 \x00p\x00e\x00r\x00i\
\x00k\x00s\x00a\x00 \x00p\x00e\x00n\x00g\
\x00a\x00t\x00u\x00r\x00a\x00n\x00 \x00d\
\x00i\x00 \x00b\x00a\x00w\x00a\x00h\x00 \
\x00m\x00e\x00n\x00u\x00 \x00E\x00d\x00i\
\x00t\x00 \x00-\x00>\x00 \x00P\x00r\x00e\
\x00f\x00e\x00r\x00e\x00n\x00s\x00i\x00 \
\x00-\x00>\x00 \x00U\x00m\x00u\x00m\x00 \
\x00-\x00>\x00 \x00B\x00a\x00n\x00t\x00u\
\x00a\x00n\x08\x00\x00\x00\x00\x06\x00\x00\x00tHe\
lp files locatio\
n could not be d\
etermined. Pleas\
e check settings\
 under menu Edit\
 -> Preferences \
-> General -> He\
lp\x07\x00\x00\x00\x04Help\x01\x03\x00\x00\x00\
\xc2\x00P\x00y\x00S\x00i\x00d\x00e\x00 \x00\
Q\x00t\x00W\x00e\x00b\x00E\x00n\x00g\x00\
i\x00n\x00e\x00W\x00i\x00d\x00g\x00e\x00\
t\x00s\x00 \x00m\x00o\x00d\x00u\x00l\x00\
e\x00 \x00i\x00s\x00 \x00n\x00o\x00t\x00\
 \x00a\x00v\x00a\x00i\x00l\x00a\x00b\x00\
l\x00e\x00.\x00 \x00H\x00e\x00l\x00p\x00\
 \x00r\x00e\x00n\x00d\x00e\x00r\x00i\x00\
n\x00g\x00 \x00i\x00s\x00 \x00d\x00o\x00\
n\x00e\x00 \x00w\x00i\x00t\x00h\x00 \x00\
t\x00h\x00e\x00 \x00s\x00y\x00s\x00t\x00\
e\x00m\x00 \x00b\x00r\x00o\x00w\x00s\x00\
e\x00r\x08\x00\x00\x00\x00\x06\x00\x00\x00aPyS\
ide QtWebEngineW\
idgets module is\
 not available. \
Help rendering i\
s done with the \
system browser\x07\x00\
\x00\x00\x04Help\x01\x03\x00\x00\x01\x8c\x00T\x00\
i\x00d\x00a\x00k\x00 \x00a\x00d\x00a\x00\
 \x00p\x00e\x00n\x00a\x00m\x00p\x00i\x00\
l\x00 \x00m\x00a\x00r\x00k\x00d\x00o\x00\
w\x00n\x00 \x00y\x00a\x00n\x00g\x00 \x00\
t\x00e\x00r\x00i\x00n\x00s\x00t\x00a\x00\
l\x00 \x00d\x00i\x00 \x00s\x00i\x00s\x00\
t\x00e\x00m\x00 \x00A\x00n\x00d\x00a\x00\
,\x00 \x00j\x00a\x00d\x00i\x00 \x00h\x00\
a\x00l\x00a\x00m\x00a\x00n\x00 \x00b\x00\
a\x00n\x00t\x00u\x00a\x00n\x00 \x00i\x00\
n\x00i\x00 \x00d\x00i\x00t\x00a\x00m\x00\
p\x00i\x00l\x00k\x00a\x00n\x00 \x00a\x00\
p\x00a\x00 \x00a\x00d\x00a\x00n\x00y\x00\
a\x00.\x00 \x00S\x00i\x00l\x00a\x00k\x00\
a\x00n\x00 \x00i\x00n\x00s\x00t\x00a\x00\
l\x00 \x00m\x00o\x00d\x00u\x00l\x00 \x00\
m\x00a\x00r\x00k\x00d\x00o\x00w\x00n\x00\
 \x00a\x00t\x00a\x00u\x00 \x00p\x00a\x00\
n\x00d\x00o\x00c\x00 \x00p\x00y\x00t\x00\
h\x00o\x00n\x00 \x00u\x00n\x00t\x00u\x00\
k\x00 \x00m\x00e\x00n\x00i\x00n\x00g\x00\
k\x00a\x00t\x00k\x00a\x00n\x00 \x00r\x00\
e\x00n\x00d\x00e\x00r\x00i\x00n\x00g\x00\
 \x00h\x00a\x00l\x00a\x00m\x00a\x00n\x00\
 \x00i\x00n\x00i\x00.\x08\x00\x00\x00\x00\x06\x00\
\x00\x00\xb8There is no m\
arkdown renderer\
 installed on yo\
ur system, so th\
is help page is \
rendered as is. \
Please install t\
he markdown or p\
andoc python mod\
ules to improve \
the rendering of\
 this page.\x07\x00\x00\x00\x04\
Help\x01\x03\x00\x00\x00\x08\x00U\x00m\x00u\
\x00m\x08\x00\x00\x00\x00\x06\x00\x00\x00\x07Gene\
ral\x07\x00\x00\x00\x07QObject\x01\
\
\x00\x00\x1c\xbe\
<\
\xb8d\x18\xca\xef\x9c\x95\xcd!\x1c\xbf`\xa1\xbd\xdd\xa7\
\x00\x00\x00\x02glB\x00\x00\x00\xe0\x00\x04\xec0\x00\
\x00\x03\x0d\x00\x04\xec0\x00\x00\x16|\x018!.\x00\
\x00\x09f\x03\x9b\x8b\xce\x00\x00\x10\x08\x04\x18&N\x00\
\x00\x0eQ\x04\x1e\xf1\x82\x00\x00\x034\x04Dm9\x00\
\x00\x02o\x04\x89?'\x00\x00\x03}\x04\xde1)\x00\
\x00\x04`\x05j\x8b*\x00\x00\x00\x00\x05\xa6\xc8\x95\x00\
\x00\x09=\x05\xf5D^\x00\x00\x10\xf3\x06\x19\xd5\x90\x00\
\x00\x15\x01\x06{\x06\x03\x00\x00\x04\xc4\x09\x1c\x10\x80\x00\
\x00\x16\xa3\x09\x82\xac\xae\x00\x00\x00\xbf\x09\xb7\x0c\xba\x00\
\x00\x00a\x09\xb7I5\x00\x00\x18\x18\x09\xe6\xba\xae\x00\
\x00\x11\xb4\x0a\x0cj\xae\x00\x00\x19H\x0auc\xd7\x00\
\x00\x0d\x15\x0b\x0ar\xc9\x00\x00\x025\x0b\xe1\xcb\x8e\x00\
\x00\x12\xf6\x0dQ}\xf2\x00\x00\x03\xf6\x0d\xc4\xc8<\x00\
\x00\x1b\x89\x0ek8\x9e\x00\x00\x04\xf2\x0e\xca\x08\x89\x00\
\x00\x02\xc7\x0f-\x13\xae\x00\x00\x01\xefi\x00\x00\x1b\xb6\
\x03\x00\x00\x000\x00 \x00 \x00 \x00 \x00 \x00\
 \x00C\x00u\x00s\x00t\x00o\x00m\x00 \x00\
s\x00t\x00y\x00l\x00e\x00s\x00h\x00e\x00\
e\x00t\x00:\x08\x00\x00\x00\x00\x06\x00\x00\x00\x18 \
     Custom styl\
esheet:\x07\x00\x00\x00\x04Form\
\x01\x03\x00\x00\x00.\x00 \x00 \x00 \x00 \x00T\
\x00r\x00a\x00n\x00s\x00l\x00a\x00t\x00i\
\x00o\x00n\x00 \x00s\x00u\x00f\x00f\x00i\
\x00x\x00:\x08\x00\x00\x00\x00\x06\x00\x00\x00\x17  \
  Translation su\
ffix:\x07\x00\x00\x00\x04Form\x01\x03\
\x00\x00\x00\xba\x00A\x00 \x00t\x00r\x00a\x00n\
\x00s\x00l\x00a\x00t\x00i\x00o\x00n\x00 \
\x00s\x00u\x00f\x00f\x00i\x00x\x00 \x00t\
\x00o\x00 \x00u\x00s\x00e\x00,\x00 \x00f\
\x00o\x00r\x00 \x00e\x00x\x00a\x00m\x00p\
\x00l\x00e\x00 \x00\x22\x00f\x00r\x00\x22\x00\x0a\
\x00t\x00o\x00 \x00g\x00e\x00t\x00 \x00F\
\x00r\x00e\x00n\x00c\x00h\x00 \x00t\x00r\
\x00a\x00n\x00s\x00l\x00a\x00t\x00i\x00o\
\x00n\x00 \x00o\x00f\x00 \x00t\x00h\x00e\
\x00 \x00d\x00o\x00c\x00u\x00m\x00e\x00n\
\x00t\x00a\x00t\x00i\x00o\x00n\x00.\x08\x00\
\x00\x00\x00\x06\x00\x00\x00]A transl\
ation suffix to \
use, for example\
 \x22fr\x22\x0ato get Fre\
nch translation \
of the documenta\
tion.\x07\x00\x00\x00\x04Form\x01\x03\
\x00\x00\x00\x1e\x00C\x00u\x00s\x00t\x00o\x00m\
\x00 \x00l\x00o\x00c\x00a\x00t\x00i\x00o\
\x00n\x08\x00\x00\x00\x00\x06\x00\x00\x00\x0fCust\
om location\x07\x00\x00\x00\x04\
Form\x01\x03\x00\x00\x00\x1a\x00V\x00i\x00s\
\x00u\x00a\x00l\x00i\x00z\x00a\x00c\x00i\
\x00\xf3\x00n\x08\x00\x00\x00\x00\x06\x00\x00\x00\x07Di\
splay\x07\x00\x00\x00\x04Form\x01\x03\
\x00\x00\x00*\x00F\x00r\x00e\x00e\x00C\x00A\
\x00D\x00 \x00W\x00i\x00k\x00i\x00 \x00(\
\x00o\x00n\x00l\x00i\x00n\x00e\x00)\x08\x00\
\x00\x00\x00\x06\x00\x00\x00\x15FreeCAD \
Wiki (online)\x07\x00\x00\
\x00\x04Form\x01\x03\x00\x00\x00\x1e\x00G\x00i\
\x00t\x00H\x00u\x00b\x00 \x00(\x00o\x00n\
\x00l\x00i\x00n\x00e\x00)\x08\x00\x00\x00\x00\x06\
\x00\x00\x00\x0fGitHub (onli\
ne)\x07\x00\x00\x00\x04Form\x01\x03\x00\x00\
\x00\x0a\x00A\x00x\x00u\x00d\x00a\x08\x00\x00\x00\
\x00\x06\x00\x00\x00\x04Help\x07\x00\x00\x00\x04F\
orm\x01\x03\x00\x00\x00 \x00I\x00n\x00 \x00\
a\x00 \x00F\x00r\x00e\x00e\x00C\x00A\x00\
D\x00 \x00t\x00a\x00b\x08\x00\x00\x00\x00\x06\x00\
\x00\x00\x10In a FreeCAD \
tab\x07\x00\x00\x00\x04Form\x01\x03\x00\x00\
\x00@\x00I\x00n\x00 \x00a\x00 \x00s\x00e\
\x00p\x00a\x00r\x00a\x00t\x00e\x00,\x00 \
\x00e\x00m\x00b\x00e\x00d\x00d\x00a\x00b\
\x00l\x00e\x00 \x00d\x00i\x00a\x00l\x00o\
\x00g\x08\x00\x00\x00\x00\x06\x00\x00\x00 In a\
 separate, embed\
dable dialog\x07\x00\x00\x00\
\x04Form\x01\x03\x00\x00\x006\x00I\x00n\x00\
 \x00y\x00o\x00u\x00r\x00 \x00d\x00e\x00\
f\x00a\x00u\x00l\x00t\x00 \x00w\x00e\x00\
b\x00 \x00b\x00r\x00o\x00w\x00s\x00e\x00\
r\x08\x00\x00\x00\x00\x06\x00\x00\x00\x1bIn yo\
ur default web b\
rowser\x07\x00\x00\x00\x04Form\x01\
\x03\x00\x00\x002\x00M\x00a\x00r\x00k\x00d\x00\
o\x00w\x00n\x00 \x00v\x00e\x00r\x00s\x00\
i\x00o\x00n\x00 \x00(\x00o\x00n\x00l\x00\
i\x00n\x00e\x00)\x08\x00\x00\x00\x00\x06\x00\x00\x00\
\x19Markdown versio\
n (online)\x07\x00\x00\x00\x04F\
orm\x01\x03\x00\x00\x00\x0e\x00O\x00p\x00c\x00\
i\x00\xf3\x00n\x00s\x08\x00\x00\x00\x00\x06\x00\x00\x00\
\x07Options\x07\x00\x00\x00\x04For\
m\x01\x03\x00\x00\x02\xcc\x00S\x00e\x00t\x00 \x00\
t\x00h\x00i\x00s\x00 \x00t\x00o\x00 \x00\
a\x00 \x00c\x00u\x00s\x00t\x00o\x00m\x00\
 \x00U\x00R\x00L\x00 \x00o\x00r\x00 \x00\
t\x00h\x00e\x00 \x00f\x00o\x00l\x00d\x00\
e\x00r\x00 \x00w\x00h\x00e\x00r\x00e\x00\
 \x00t\x00h\x00e\x00 \x00h\x00e\x00l\x00\
p\x00 \x00f\x00i\x00l\x00e\x00s\x00 \x00\
a\x00r\x00e\x00 \x00l\x00o\x00c\x00a\x00\
t\x00e\x00d\x00.\x00\x0a\x00Y\x00o\x00u\x00\
 \x00c\x00a\x00n\x00 \x00e\x00a\x00s\x00\
i\x00l\x00y\x00 \x00d\x00o\x00w\x00n\x00\
l\x00o\x00a\x00d\x00 \x00t\x00h\x00e\x00\
 \x00d\x00o\x00c\x00u\x00m\x00e\x00n\x00\
t\x00a\x00t\x00i\x00o\x00n\x00 \x00f\x00\
o\x00r\x00 \x00o\x00f\x00f\x00l\x00i\x00\
n\x00e\x00 \x00u\x00s\x00e\x00 \x00b\x00\
y\x00 \x00u\x00s\x00i\x00n\x00g\x00 \x00\
t\x00h\x00e\x00 \x00A\x00d\x00d\x00o\x00\
n\x00\x0a\x00M\x00a\x00n\x00a\x00g\x00e\x00\
r\x00 \x00a\x00n\x00d\x00 \x00i\x00n\x00\
s\x00t\x00a\x00l\x00l\x00i\x00n\x00g\x00\
 \x00t\x00h\x00e\x00 \x00\x22\x00o\x00f\x00\
f\x00l\x00i\x00n\x00e\x00-\x00d\x00o\x00\
c\x00u\x00m\x00e\x00n\x00t\x00a\x00t\x00\
i\x00o\x00n\x00\x22\x00 \x00a\x00d\x00d\x00\
o\x00n\x00.\x00 \x00I\x00f\x00 \x00t\x00\
h\x00i\x00s\x00\x0a\x00f\x00i\x00e\x00l\x00\
d\x00 \x00i\x00s\x00 \x00l\x00e\x00f\x00\
t\x00 \x00b\x00l\x00a\x00n\x00k\x00,\x00\
 \x00F\x00r\x00e\x00e\x00C\x00A\x00D\x00\
 \x00w\x00i\x00l\x00l\x00 \x00a\x00u\x00\
t\x00o\x00m\x00a\x00t\x00i\x00c\x00a\x00\
l\x00l\x00y\x00 \x00s\x00e\x00a\x00r\x00\
c\x00h\x00 \x00f\x00o\x00r\x00 \x00t\x00\
h\x00e\x00 \x00h\x00e\x00l\x00p\x00 \x00\
f\x00i\x00l\x00e\x00s\x00 \x00a\x00t\x00\
\x0a\x00t\x00h\x00e\x00 \x00d\x00e\x00f\x00\
a\x00u\x00l\x00t\x00 \x00l\x00o\x00c\x00\
a\x00t\x00i\x00o\x00n\x00 \x00(\x00$\x00\
U\x00S\x00E\x00R\x00A\x00P\x00P\x00D\x00\
A\x00T\x00A\x00D\x00I\x00R\x00/\x00M\x00\
o\x00d\x00/\x00o\x00f\x00f\x00l\x00i\x00\
n\x00e\x00-\x00d\x00o\x00c\x00u\x00m\x00\
e\x00n\x00t\x00a\x00t\x00i\x00o\x00n\x00\
)\x00.\x08\x00\x00\x00\x00\x06\x00\x00\x01fSet\
 this to a custo\
m URL or the fol\
der where the he\
lp files are loc\
ated.\x0aYou can ea\
sily download th\
e documentation \
for offline use \
by using the Add\
on\x0aManager and i\
nstalling the \x22o\
ffline-documenta\
tion\x22 addon. If \
this\x0afield is le\
ft blank, FreeCA\
D will automatic\
ally search for \
the help files a\
t\x0athe default lo\
cation ($USERAPP\
DATADIR/Mod/offl\
ine-documentatio\
n).\x07\x00\x00\x00\x04Form\x01\x03\x00\x00\
\x00\x0a\x00F\x00o\x00n\x00t\x00e\x08\x00\x00\x00\
\x00\x06\x00\x00\x00\x06Source\x07\x00\x00\x00\
\x04Form\x01\x03\x00\x00\x02d\x00T\x00h\x00\
e\x00 \x00d\x00o\x00c\x00u\x00m\x00e\x00\
n\x00t\x00a\x00t\x00i\x00o\x00n\x00 \x00\
p\x00a\x00g\x00e\x00s\x00 \x00w\x00i\x00\
l\x00l\x00 \x00b\x00e\x00 \x00f\x00e\x00\
t\x00c\x00h\x00e\x00d\x00 \x00f\x00r\x00\
o\x00m\x00 \x00a\x00n\x00 \x00a\x00u\x00\
t\x00o\x00m\x00a\x00t\x00i\x00c\x00 \x00\
M\x00a\x00r\x00k\x00d\x00o\x00w\x00n\x00\
 \x00c\x00o\x00n\x00v\x00e\x00r\x00s\x00\
i\x00o\x00n\x00\x0a\x00o\x00f\x00 \x00t\x00\
h\x00e\x00 \x00F\x00r\x00e\x00e\x00C\x00\
A\x00D\x00 \x00w\x00i\x00k\x00i\x00,\x00\
h\x00o\x00s\x00t\x00e\x00d\x00 \x00o\x00\
n\x00 \x00F\x00r\x00e\x00e\x00C\x00A\x00\
D\x00'\x00s\x00 \x00G\x00i\x00t\x00H\x00\
u\x00b\x00 \x00a\x00c\x00c\x00o\x00u\x00\
n\x00t\x00.\x00 \x00T\x00h\x00i\x00s\x00\
 \x00c\x00a\x00n\x00 \x00b\x00e\x00 \x00\
s\x00t\x00y\x00l\x00e\x00d\x00 \x00w\x00\
i\x00t\x00h\x00 \x00a\x00\x0a\x00c\x00u\x00\
s\x00t\x00o\x00m\x00 \x00s\x00t\x00y\x00\
l\x00e\x00s\x00h\x00e\x00e\x00t\x00 \x00\
b\x00e\x00l\x00o\x00w\x00 \x00a\x00n\x00\
d\x00 \x00c\x00a\x00n\x00 \x00l\x00o\x00\
o\x00k\x00 \x00n\x00i\x00c\x00e\x00r\x00\
 \x00t\x00h\x00a\x00n\x00 \x00t\x00h\x00\
e\x00 \x00w\x00i\x00k\x00i\x00 \x00o\x00\
p\x00t\x00i\x00o\x00n\x00.\x00 \x00T\x00\
h\x00e\x00 \x00'\x00M\x00a\x00r\x00k\x00\
d\x00o\x00w\x00n\x00'\x00 \x00o\x00r\x00\
\x0a\x00'\x00P\x00a\x00n\x00d\x00o\x00c\x00\
'\x00 \x00P\x00y\x00t\x00h\x00o\x00n\x00\
 \x00m\x00o\x00d\x00u\x00l\x00e\x00 \x00\
s\x00h\x00o\x00u\x00l\x00d\x00 \x00b\x00\
e\x00 \x00i\x00n\x00s\x00t\x00a\x00l\x00\
l\x00e\x00d\x00 \x00f\x00o\x00r\x00 \x00\
o\x00p\x00t\x00i\x00m\x00a\x00l\x00 \x00\
r\x00e\x00s\x00u\x00l\x00t\x00s\x00.\x08\
\x00\x00\x00\x00\x06\x00\x00\x012The doc\
umentation pages\
 will be fetched\
 from an automat\
ic Markdown conv\
ersion\x0aof the Fr\
eeCAD wiki,hoste\
d on FreeCAD's G\
itHub account. T\
his can be style\
d with a\x0acustom \
stylesheet below\
 and can look ni\
cer than the wik\
i option. The 'M\
arkdown' or\x0a'Pan\
doc' Python modu\
le should be ins\
talled for optim\
al results.\x07\x00\x00\x00\x04\
Form\x01\x03\x00\x00\x00\xc2\x00T\x00h\x00e\
\x00 \x00d\x00o\x00c\x00u\x00m\x00e\x00n\
\x00t\x00a\x00t\x00i\x00o\x00n\x00 \x00p\
\x00a\x00g\x00e\x00s\x00 \x00w\x00i\x00l\
\x00l\x00 \x00b\x00e\x00 \x00f\x00e\x00t\
\x00c\x00h\x00e\x00d\x00 \x00f\x00r\x00o\
\x00m\x00 \x00t\x00h\x00e\x00 \x00o\x00f\
\x00f\x00i\x00c\x00i\x00a\x00l\x00\x0a\x00F\
\x00r\x00e\x00e\x00C\x00A\x00D\x00w\x00i\
\x00k\x00i\x00 \x00a\x00t\x00 \x00h\x00t\
\x00t\x00p\x00s\x00:\x00/\x00/\x00w\x00i\
\x00k\x00i\x00.\x00f\x00r\x00e\x00e\x00c\
\x00a\x00d\x00.\x00o\x00r\x00g\x08\x00\x00\x00\
\x00\x06\x00\x00\x00aThe docume\
ntation pages wi\
ll be fetched fr\
om the official\x0a\
FreeCADwiki at h\
ttps://wiki.free\
cad.org\x07\x00\x00\x00\x04Form\
\x01\x03\x00\x00\x01\x14\x00T\x00h\x00e\x00 \x00d\
\x00o\x00c\x00u\x00m\x00e\x00n\x00t\x00a\
\x00t\x00i\x00o\x00n\x00 \x00w\x00i\x00l\
\x00l\x00 \x00o\x00p\x00e\x00n\x00 \x00i\
\x00n\x00 \x00a\x00 \x00d\x00o\x00c\x00k\
\x00a\x00b\x00l\x00e\x00 \x00d\x00i\x00a\
\x00l\x00o\x00g\x00 \x00i\x00n\x00s\x00i\
\x00d\x00e\x00 \x00t\x00h\x00e\x00 \x00F\
\x00r\x00e\x00e\x00C\x00A\x00D\x00 \x00w\
\x00i\x00n\x00d\x00o\x00w\x00,\x00\x0a\x00w\
\x00h\x00i\x00c\x00h\x00 \x00a\x00l\x00l\
\x00o\x00w\x00s\x00 \x00y\x00o\x00u\x00 \
\x00t\x00o\x00 \x00k\x00e\x00e\x00p\x00 \
\x00i\x00t\x00 \x00o\x00p\x00e\x00n\x00 \
\x00w\x00h\x00l\x00l\x00e\x00 \x00w\x00o\
\x00r\x00k\x00i\x00n\x00g\x00 \x00i\x00n\
\x00 \x00t\x00h\x00e\x00 \x003\x00D\x00 \
\x00v\x00i\x00e\x00w\x00.\x08\x00\x00\x00\x00\x06\
\x00\x00\x00\x8aThe document\
ation will open \
in a dockable di\
alog inside the \
FreeCAD window,\x0a\
which allows you\
 to keep it open\
 whlle working i\
n the 3D view.\x07\x00\
\x00\x00\x04Form\x01\x03\x00\x00\x00\x8c\x00T\x00\
h\x00e\x00 \x00d\x00o\x00c\x00u\x00m\x00\
e\x00n\x00t\x00a\x00t\x00i\x00o\x00n\x00\
 \x00w\x00i\x00l\x00l\x00 \x00o\x00p\x00\
e\x00n\x00 \x00i\x00n\x00 \x00a\x00 \x00\
n\x00e\x00w\x00 \x00t\x00a\x00b\x00 \x00\
i\x00n\x00s\x00i\x00d\x00e\x00 \x00t\x00\
h\x00e\x00 \x00F\x00r\x00e\x00e\x00C\x00\
A\x00D\x00 \x00i\x00n\x00t\x00e\x00r\x00\
f\x00a\x00c\x00e\x00.\x08\x00\x00\x00\x00\x06\x00\
\x00\x00FThe documenta\
tion will open i\
n a new tab insi\
de the FreeCAD i\
nterface.\x07\x00\x00\x00\x04Fo\
rm\x01\x03\x00\x00\x00p\x00T\x00h\x00e\x00 \
\x00d\x00o\x00c\x00u\x00m\x00e\x00n\x00t\
\x00a\x00t\x00i\x00o\x00n\x00 \x00w\x00i\
\x00l\x00l\x00 \x00o\x00p\x00e\x00n\x00 \
\x00i\x00n\x00 \x00y\x00o\x00u\x00r\x00 \
\x00d\x00e\x00f\x00a\x00u\x00l\x00t\x00 \
\x00w\x00e\x00b\x00 \x00b\x00r\x00o\x00w\
\x00s\x00e\x00r\x00.\x08\x00\x00\x00\x00\x06\x00\x00\
\x008The documentat\
ion will open in\
 your default we\
b browser.\x07\x00\x00\x00\x04F\
orm\x01\x03\x00\x00\x00\xc6\x00T\x00h\x00i\x00\
s\x00 \x00w\x00i\x00l\x00l\x00 \x00f\x00\
e\x00t\x00c\x00h\x00 \x00t\x00h\x00e\x00\
 \x00d\x00o\x00c\x00u\x00m\x00e\x00n\x00\
t\x00a\x00t\x00i\x00o\x00n\x00 \x00f\x00\
r\x00o\x00m\x00 \x00p\x00a\x00g\x00e\x00\
s\x00 \x00r\x00e\x00n\x00d\x00e\x00r\x00\
e\x00d\x00 \x00o\x00n\x00 \x00G\x00i\x00\
t\x00H\x00u\x00b\x00.\x00\x0a\x00T\x00h\x00\
i\x00s\x00 \x00i\x00s\x00 \x00c\x00u\x00\
r\x00r\x00e\x00n\x00t\x00l\x00y\x00 \x00\
n\x00o\x00t\x00 \x00a\x00v\x00a\x00i\x00\
l\x00a\x00b\x00l\x00e\x00.\x00.\x00.\x08\
\x00\x00\x00\x00\x06\x00\x00\x00cThis wi\
ll fetch the doc\
umentation from \
pages rendered o\
n GitHub.\x0aThis i\
s currently not \
available...\x07\x00\x00\x00\
\x04Form\x01\x03\x00\x00\x01L\x00Y\x00o\x00\
u\x00 \x00c\x00a\x00n\x00 \x00h\x00e\x00\
r\x00e\x00 \x00i\x00n\x00d\x00i\x00c\x00\
a\x00t\x00e\x00 \x00t\x00h\x00e\x00 \x00\
p\x00a\x00t\x00h\x00 \x00t\x00o\x00 \x00\
a\x00n\x00 \x00a\x00l\x00t\x00e\x00r\x00\
n\x00a\x00t\x00i\x00v\x00e\x00 \x00C\x00\
S\x00S\x00 \x00f\x00i\x00l\x00e\x00 \x00\
t\x00o\x00 \x00b\x00e\x00 \x00u\x00s\x00\
e\x00d\x00\x0a\x00t\x00o\x00 \x00s\x00t\x00\
y\x00l\x00e\x00 \x00t\x00h\x00e\x00 \x00\
M\x00a\x00r\x00k\x00d\x00o\x00w\x00n\x00\
 \x00p\x00a\x00g\x00e\x00s\x00.\x00 \x00\
T\x00h\x00i\x00s\x00 \x00w\x00i\x00l\x00\
l\x00 \x00o\x00n\x00l\x00y\x00 \x00w\x00\
o\x00r\x00k\x00 \x00i\x00f\x00 \x00y\x00\
o\x00u\x00 \x00h\x00a\x00v\x00e\x00 \x00\
s\x00e\x00l\x00e\x00c\x00t\x00e\x00d\x00\
 \x00t\x00h\x00e\x00\x0a\x00M\x00a\x00r\x00\
k\x00d\x00o\x00w\x00n\x00 \x00v\x00e\x00\
r\x00s\x00i\x00o\x00n\x00 \x00a\x00b\x00\
o\x00v\x00e\x00.\x08\x00\x00\x00\x00\x06\x00\x00\x00\
\xa6You can here in\
dicate the path \
to an alternativ\
e CSS file to be\
 used\x0ato style t\
he Markdown page\
s. This will onl\
y work if you ha\
ve selected the\x0a\
Markdown version\
 above.\x07\x00\x00\x00\x04Form\
\x01\x03\x00\x00\x00\xec\x00C\x00o\x00n\x00t\x00e\
\x00n\x00t\x00s\x00 \x00f\x00o\x00r\x00 \
\x00t\x00h\x00i\x00s\x00 \x00p\x00a\x00g\
\x00e\x00 \x00c\x00o\x00u\x00l\x00d\x00 \
\x00n\x00o\x00t\x00 \x00b\x00e\x00 \x00r\
\x00e\x00t\x00r\x00i\x00e\x00v\x00e\x00d\
\x00.\x00 \x00P\x00l\x00e\x00a\x00s\x00e\
\x00 \x00c\x00h\x00e\x00c\x00k\x00 \x00s\
\x00e\x00t\x00t\x00i\x00n\x00g\x00s\x00 \
\x00u\x00n\x00d\x00e\x00r\x00 \x00m\x00e\
\x00n\x00u\x00 \x00E\x00d\x00i\x00t\x00 \
\x00-\x00>\x00 \x00P\x00r\x00e\x00f\x00e\
\x00r\x00e\x00n\x00c\x00e\x00s\x00 \x00-\
\x00>\x00 \x00G\x00e\x00n\x00e\x00r\x00a\
\x00l\x00 \x00-\x00>\x00 \x00H\x00e\x00l\
\x00p\x08\x00\x00\x00\x00\x06\x00\x00\x00vCont\
ents for this pa\
ge could not be \
retrieved. Pleas\
e check settings\
 under menu Edit\
 -> Preferences \
-> General -> He\
lp\x07\x00\x00\x00\x04Help\x01\x03\x00\x00\x00\
\x0a\x00A\x00x\x00u\x00d\x00a\x08\x00\x00\x00\x00\
\x06\x00\x00\x00\x04Help\x07\x00\x00\x00\x04He\
lp\x01\x03\x00\x00\x00\xe8\x00H\x00e\x00l\x00p\
\x00 \x00f\x00i\x00l\x00e\x00s\x00 \x00l\
\x00o\x00c\x00a\x00t\x00i\x00o\x00n\x00 \
\x00c\x00o\x00u\x00l\x00d\x00 \x00n\x00o\
\x00t\x00 \x00b\x00e\x00 \x00d\x00e\x00t\
\x00e\x00r\x00m\x00i\x00n\x00e\x00d\x00.\
\x00 \x00P\x00l\x00e\x00a\x00s\x00e\x00 \
\x00c\x00h\x00e\x00c\x00k\x00 \x00s\x00e\
\x00t\x00t\x00i\x00n\x00g\x00s\x00 \x00u\
\x00n\x00d\x00e\x00r\x00 \x00m\x00e\x00n\
\x00u\x00 \x00E\x00d\x00i\x00t\x00 \x00-\
\x00>\x00 \x00P\x00r\x00e\x00f\x00e\x00r\
\x00e\x00n\x00c\x00e\x00s\x00 \x00-\x00>\
\x00 \x00G\x00e\x00n\x00e\x00r\x00a\x00l\
\x00 \x00-\x00>\x00 \x00H\x00e\x00l\x00p\
\x08\x00\x00\x00\x00\x06\x00\x00\x00tHelp f\
iles location co\
uld not be deter\
mined. Please ch\
eck settings und\
er menu Edit -> \
Preferences -> G\
eneral -> Help\x07\x00\
\x00\x00\x04Help\x01\x03\x00\x00\x00\xba\x00P\x00\
y\x00S\x00i\x00d\x00e\x00 \x00Q\x00t\x00\
W\x00e\x00b\x00E\x00n\x00g\x00i\x00n\x00\
e\x00W\x00i\x00d\x00g\x00e\x00t\x00s\x00\
 \x00m\x00o\x00d\x00u\x00l\x00e\x00 \x00\
i\x00s\x00 \x00n\x00o\x00t\x00 \x00a\x00\
v\x00a\x00i\x00l\x00a\x00b\x00l\x00e\x00\
.\x00 \x00H\x00e\x00l\x00p\x00 \x00r\x00\
e\x00n\x00d\x00e\x00r\x00i\x00n\x00g\x00\
 \x00i\x00s\x00 \x00d\x00o\x00n\x00e\x00\
 \x00w\x00i\x00t\x00h\x00 \x00t\x00h\x00\
e\x00 \x00W\x00e\x00b\x00 \x00m\x00o\x00\
d\x00u\x00l\x00e\x08\x00\x00\x00\x00\x06\x00\x00\x00\
]PySide QtWebEng\
ineWidgets modul\
e is not availab\
le. Help renderi\
ng is done with \
the Web module\x07\x00\
\x00\x00\x04Help\x01\x03\x00\x00\x01p\x00T\x00\
h\x00e\x00r\x00e\x00 \x00i\x00s\x00 \x00\
n\x00o\x00 \x00m\x00a\x00r\x00k\x00d\x00\
o\x00w\x00n\x00 \x00r\x00e\x00n\x00d\x00\
e\x00r\x00e\x00r\x00 \x00i\x00n\x00s\x00\
t\x00a\x00l\x00l\x00e\x00d\x00 \x00o\x00\
n\x00 \x00y\x00o\x00u\x00r\x00 \x00s\x00\
y\x00s\x00t\x00e\x00m\x00,\x00 \x00s\x00\
o\x00 \x00t\x00h\x00i\x00s\x00 \x00h\x00\
e\x00l\x00p\x00 \x00p\x00a\x00g\x00e\x00\
 \x00i\x00s\x00 \x00r\x00e\x00n\x00d\x00\
e\x00r\x00e\x00d\x00 \x00a\x00s\x00 \x00\
i\x00s\x00.\x00 \x00P\x00l\x00e\x00a\x00\
s\x00e\x00 \x00i\x00n\x00s\x00t\x00a\x00\
l\x00l\x00 \x00t\x00h\x00e\x00 \x00m\x00\
a\x00r\x00k\x00d\x00o\x00w\x00n\x00 \x00\
o\x00r\x00 \x00p\x00a\x00n\x00d\x00o\x00\
c\x00 \x00p\x00y\x00t\x00h\x00o\x00n\x00\
 \x00m\x00o\x00d\x00u\x00l\x00e\x00s\x00\
 \x00t\x00o\x00 \x00i\x00m\x00p\x00r\x00\
o\x00v\x00e\x00 \x00t\x00h\x00e\x00 \x00\
r\x00e\x00n\x00d\x00e\x00r\x00i\x00n\x00\
g\x00 \x00o\x00f\x00 \x00t\x00h\x00i\x00\
s\x00 \x00p\x00a\x00g\x00e\x00.\x08\x00\x00\
\x00\x00\x06\x00\x00\x00\xb8There is \
no markdown rend\
erer installed o\
n your system, s\
o this help page\
 is rendered as \
is. Please insta\
ll the markdown \
or pandoc python\
 modules to impr\
ove the renderin\
g of this page.\x07\
\x00\x00\x00\x04Help\x01\x03\x00\x00\x00\x0a\x00X\
\x00e\x00r\x00a\x00l\x08\x00\x00\x00\x00\x06\x00\x00\
\x00\x07General\x07\x00\x00\x00\x07QO\
bject\x01\x88\x00\x00\x00\x02\x01\x01\
\x00\x00$*\
<\
\xb8d\x18\xca\xef\x9c\x95\xcd!\x1c\xbf`\xa1\xbd\xdd\xa7\
\x00\x00\x00\x02plB\x00\x00\x00\xf0\x00\x04\xec0\x00\
\x00\x05\xba\x00\x04\xec0\x00\x00\x1dw\x00\x99N\xa8\x00\
\x00\x1b\xbe\x018!.\x00\x00\x14B\x01\x82\xc62\x00\
\x00\x1f\x0a\x02mV`\x00\x00\x1d\x9e\x04\x1e\xf1\x82\x00\
\x00\x05\xe1\x04Dm9\x00\x00\x05\x1c\x04T\x18N\x00\
\x00\x12\xad\x04\x89?'\x00\x00\x06@\x04\xde1)\x00\
\x00\x07Z\x05M7\xf2\x00\x00\x06\xdd\x05\xa6\xc8\x95\x00\
\x00\x12\x82\x06{\x06\x03\x00\x00\x09\xb5\x06\xa4]\x8e\x00\
\x00\x09\xdf\x07\x07\xe0\x0e\x00\x00\x19a\x07t\x8a\x94\x00\
\x00\x01\x8c\x09\x82\xac\xae\x00\x00\x00\x00\x09\xd5\xc9.\x00\
\x00\x02&\x0auc\xd7\x00\x00\x18\x1b\x0b\x0ar\xc9\x00\
\x00\x01\xee\x0c\xe2\x80\xae\x00\x00\x04\x02\x0d\xb7\x06\x10\x00\
\x00\x1c\x15\x0d\xc4\xc8<\x00\x00\x22\xdb\x0e*j\xae\x00\
\x00 ~\x0ek8\x9e\x00\x00\x0e\x15\x0e\x8d\xd4\x82\x00\
\x00\x1a\xe9\x0e\xca\x08\x89\x00\x00\x05t\x0f-\x13\xae\x00\
\x00\x010\x0fE\xeb\x1e\x00\x00\x07\xbci\x00\x00#\x0a\
\x03\x00\x00\x00\xba\x00S\x00u\x00f\x00i\x00k\x00\
s\x00 \x00t\x01B\x00u\x00m\x00a\x00c\x00\
z\x00e\x00n\x00i\x00a\x00 \x00d\x00o\x00\
 \x00u\x01|\x00y\x00c\x00i\x00a\x00,\x00\
 \x00n\x00a\x00 \x00p\x00r\x00z\x00y\x00\
k\x01B\x00a\x00d\x00 \x00\x22\x00p\x00l\x00\
\x22\x00,\x00 \x00a\x00b\x00y\x00 \x00u\x00\
z\x00y\x00s\x00k\x00a\x01\x07\x00 \x00p\x00\
o\x00l\x00s\x00k\x00i\x00e\x00 \x00t\x01\
B\x00u\x00m\x00a\x00c\x00z\x00e\x00n\x00\
i\x00e\x00 \x00d\x00o\x00k\x00u\x00m\x00\
e\x00n\x00t\x00a\x00c\x00j\x00i\x00.\x08\
\x00\x00\x00\x00\x06\x00\x00\x00]A trans\
lation suffix to\
 use, for exampl\
e \x22fr\x22\x0ato get Fr\
ench translation\
 of the document\
ation.\x07\x00\x00\x00\x04Form\x01\
\x03\x00\x00\x004\x00L\x00o\x00k\x00a\x00l\x00\
i\x00z\x00a\x00c\x00j\x00a\x00 \x00n\x00\
i\x00e\x00s\x00t\x00a\x00n\x00d\x00a\x00\
r\x00d\x00o\x00w\x00a\x08\x00\x00\x00\x00\x06\x00\
\x00\x00\x0fCustom locati\
on\x07\x00\x00\x00\x04Form\x01\x03\x00\x00\x00\
8\x00N\x00i\x00e\x00s\x00t\x00a\x00n\x00\
d\x00a\x00r\x00d\x00o\x00w\x00y\x00 \x00\
a\x00r\x00k\x00u\x00s\x00z\x00 \x00s\x00\
t\x00y\x00l\x00\xf3\x00w\x08\x00\x00\x00\x00\x06\x00\
\x00\x00\x11Custom styles\
heet\x07\x00\x00\x00\x04Form\x01\x03\x00\
\x00\x00\x18\x00W\x00y\x01[\x00w\x00i\x00e\x00\
t\x00l\x00a\x00n\x00i\x00e\x08\x00\x00\x00\x00\
\x06\x00\x00\x00\x07Display\x07\x00\x00\x00\
\x04Form\x01\x03\x00\x00\x01.\x00D\x00o\x00\
k\x00u\x00m\x00e\x00n\x00t\x00a\x00c\x00\
j\x00a\x00 \x00o\x00t\x00w\x00i\x00e\x00\
r\x00a\x00 \x00s\x00i\x01\x19\x00 \x00w\x00\
 \x00o\x00k\x00n\x00i\x00e\x00 \x00d\x00\
i\x00a\x00l\x00o\x00g\x00o\x00w\x00y\x00\
m\x00 \x00w\x00 \x00o\x00b\x00r\x01\x19\x00\
b\x00i\x00e\x00 \x00F\x00r\x00e\x00e\x00\
C\x00A\x00D\x00,\x00 \x00u\x00m\x00o\x01\
|\x00l\x00i\x00w\x00i\x00a\x00j\x01\x05\x00\
c\x00 \x00j\x00e\x00d\x00n\x00o\x00c\x00\
z\x00e\x00s\x00n\x01\x05\x00 \x00p\x00r\x00\
a\x00c\x01\x19\x00 \x00w\x00 \x00w\x00i\x00\
d\x00o\x00k\x00u\x00 \x003\x00D\x00.\x00\
 \x00W\x00y\x00m\x00a\x00g\x00a\x00 \x00\
k\x00o\x00m\x00p\x00o\x00n\x00e\x00n\x00\
t\x00u\x00 \x00P\x00y\x00S\x00i\x00d\x00\
e\x00 \x00Q\x00t\x00W\x00e\x00b\x00e\x00\
n\x00g\x00i\x00n\x00e\x00W\x00i\x00d\x00\
g\x00e\x00t\x00s\x00.\x08\x00\x00\x00\x00\x06\x00\
\x00\x00\x95Documentation\
 opens in a dock\
able dialog with\
in FreeCAD, allo\
wing simultaneou\
s work in the 3D\
 view.\x0aRequires \
the PySide QtWeb\
engineWidgets co\
mponent.\x07\x00\x00\x00\x04For\
m\x01\x03\x00\x00\x00\xa8\x00P\x00o\x00b\x00i\x00\
e\x00r\x00a\x00 \x00d\x00o\x00k\x00u\x00\
m\x00e\x00n\x00t\x00a\x00c\x00j\x01\x19\x00\
 \x00z\x00e\x00 \x00s\x00t\x00r\x00o\x00\
n\x00 \x00r\x00e\x00n\x00d\x00e\x00r\x00\
o\x00w\x00a\x00n\x00y\x00c\x00h\x00 \x00\
n\x00a\x00 \x00G\x00i\x00t\x00H\x00u\x00\
b\x00.\x00\x0a\x00T\x00o\x00 \x00n\x00i\x00\
e\x00 \x00j\x00e\x00s\x00t\x00 \x00o\x00\
b\x00e\x00c\x00n\x00i\x00e\x00 \x00d\x00\
o\x00s\x00t\x01\x19\x00p\x00n\x00e\x00.\x08\
\x00\x00\x00\x00\x06\x00\x00\x00YFetches\
 the documentati\
on from pages re\
ndered on GitHub\
.\x0aThis is curren\
tly not availabl\
e.\x07\x00\x00\x00\x04Form\x01\x03\x00\x00\x00\
*\x00F\x00r\x00e\x00e\x00C\x00A\x00D\x00\
 \x00W\x00i\x00k\x00i\x00 \x00(\x00o\x00\
n\x00l\x00i\x00n\x00e\x00)\x08\x00\x00\x00\x00\
\x06\x00\x00\x00\x15FreeCAD Wik\
i (online)\x07\x00\x00\x00\x04F\
orm\x01\x03\x00\x00\x00\x1e\x00G\x00i\x00t\x00\
H\x00u\x00b\x00 \x00(\x00o\x00n\x00l\x00\
i\x00n\x00e\x00)\x08\x00\x00\x00\x00\x06\x00\x00\x00\
\x0fGitHub (online)\
\x07\x00\x00\x00\x04Form\x01\x03\x00\x00\x00\x0a\x00\
P\x00o\x00m\x00o\x00c\x08\x00\x00\x00\x00\x06\x00\
\x00\x00\x04Help\x07\x00\x00\x00\x04Form\
\x01\x03\x00\x00\x006\x00W\x00 \x00z\x00a\x00k\
\x01B\x00a\x00d\x00c\x00e\x00 \x00p\x00r\
\x00o\x00g\x00r\x00a\x00m\x00u\x00 \x00F\
\x00r\x00e\x00e\x00C\x00A\x00D\x08\x00\x00\x00\
\x00\x06\x00\x00\x00\x10In a FreeC\
AD tab\x07\x00\x00\x00\x04Form\x01\
\x03\x00\x00\x00d\x00W\x00 \x00o\x00s\x00o\x00\
b\x00n\x00y\x00m\x00,\x00 \x00m\x00o\x01\
|\x00l\x00i\x00w\x00y\x00m\x00 \x00d\x00\
o\x00 \x00o\x00s\x00a\x00d\x00z\x00e\x00\
n\x00i\x00a\x00 \x00o\x00k\x00n\x00i\x00\
e\x00 \x00d\x00i\x00a\x00l\x00o\x00g\x00\
o\x00w\x00y\x00m\x00.\x08\x00\x00\x00\x00\x06\x00\
\x00\x00 In a separate\
, embeddable dia\
log\x07\x00\x00\x00\x04Form\x01\x03\x00\x00\
\x00J\x00W\x00 \x00d\x00o\x00m\x00y\x01[\
\x00l\x00n\x00e\x00j\x00 \x00p\x00r\x00z\
\x00e\x00g\x00l\x01\x05\x00d\x00a\x00r\x00c\
\x00e\x00 \x00i\x00n\x00t\x00e\x00r\x00n\
\x00e\x00t\x00o\x00w\x00e\x00j\x08\x00\x00\x00\
\x00\x06\x00\x00\x00\x1aIn the def\
ault web browser\
\x07\x00\x00\x00\x04Form\x01\x03\x00\x00\x000\x00\
W\x00e\x00r\x00s\x00j\x00a\x00 \x00M\x00\
a\x00r\x00k\x00d\x00o\x00w\x00n\x00 \x00\
(\x00o\x00n\x00l\x00i\x00n\x00e\x00)\x08\
\x00\x00\x00\x00\x06\x00\x00\x00\x19Markdow\
n version (onlin\
e)\x07\x00\x00\x00\x04Form\x01\x03\x00\x00\x01\
T\x00U\x00w\x00a\x00g\x00a\x00:\x00 \x00\
J\x00e\x01[\x00l\x00i\x00 \x00k\x00o\x00\
m\x00p\x00o\x00n\x00e\x00n\x00t\x00y\x00\
 \x00W\x00e\x00b\x00 \x00P\x00y\x00S\x00\
i\x00d\x00e\x00 \x00n\x00i\x00e\x00 \x00\
z\x00o\x00s\x00t\x00a\x00n\x01\x05\x00 \x00\
z\x00n\x00a\x00l\x00e\x00z\x00i\x00o\x00\
n\x00e\x00 \x00w\x00 \x00s\x00y\x00s\x00\
t\x00e\x00m\x00i\x00e\x00,\x00 \x00s\x00\
t\x00r\x00o\x00n\x00y\x00 \x00p\x00o\x00\
m\x00o\x00c\x00y\x00 \x00z\x00o\x00s\x00\
t\x00a\x00n\x01\x05\x00 \x00o\x00t\x00w\x00\
a\x00r\x00t\x00e\x00 \x00w\x00 \x00d\x00\
o\x00m\x00y\x01[\x00l\x00n\x00e\x00j\x00\
 \x00p\x00r\x00z\x00e\x00g\x00l\x01\x05\x00\
d\x00a\x00r\x00c\x00e\x00 \x00i\x00n\x00\
t\x00e\x00r\x00n\x00e\x00t\x00o\x00w\x00\
e\x00j\x00 \x00n\x00i\x00e\x00z\x00a\x00\
l\x00e\x01|\x00n\x00i\x00e\x00 \x00o\x00\
d\x00 \x00p\x00o\x00n\x00i\x01|\x00s\x00\
z\x00y\x00c\x00h\x00 \x00o\x00p\x00c\x00\
j\x00i\x00.\x08\x00\x00\x00\x00\x06\x00\x00\x00\x8cN\
ote: if PySide W\
eb components ar\
e not found on t\
he system, help \
pages will open \
in the default w\
eb browser regar\
dless of the opt\
ions below.\x07\x00\x00\x00\x04\
Form\x01\x03\x00\x00\x00\x0a\x00O\x00p\x00c\
\x00j\x00e\x08\x00\x00\x00\x00\x06\x00\x00\x00\x07Op\
tions\x07\x00\x00\x00\x04Form\x01\x03\
\x00\x00\x02\xc6\x00U\x00s\x00t\x00a\x00w\x00 \
\x00t\x00o\x00 \x00n\x00a\x00 \x00n\x00i\
\x00e\x00s\x00t\x00a\x00n\x00d\x00a\x00r\
\x00d\x00o\x00w\x00y\x00 \x00a\x00d\x00r\
\x00e\x00s\x00 \x00U\x00R\x00L\x00 \x00l\
\x00u\x00b\x00 \x00f\x00o\x00l\x00d\x00e\
\x00r\x00,\x00 \x00w\x00 \x00k\x00t\x00\xf3\
\x00r\x00y\x00m\x00 \x00z\x00n\x00a\x00j\
\x00d\x00u\x00j\x01\x05\x00 \x00s\x00i\x01\x19\
\x00 \x00p\x00l\x00i\x00k\x00i\x00 \x00p\
\x00o\x00m\x00o\x00c\x00y\x00.\x00 \x00\x0a\
\x00D\x00o\x00k\x00u\x00m\x00e\x00n\x00t\
\x00a\x00c\x00j\x01\x19\x00 \x00m\x00o\x01|\
\x00n\x00a\x00 \x00p\x00o\x00b\x00r\x00a\
\x01\x07\x00 \x00d\x00o\x00 \x00u\x01|\x00y\
\x00t\x00k\x00u\x00 \x00o\x00f\x00f\x00l\
\x00i\x00n\x00e\x00,\x00 \x00k\x00o\x00r\
\x00z\x00y\x00s\x00t\x00a\x00j\x01\x05\x00c\
\x00 \x00z\x00 \x00M\x00e\x00n\x00e\x00d\
\x01|\x00e\x00r\x00a\x00 \x00d\x00o\x00d\
\x00a\x00t\x00k\x00\xf3\x00w\x00 \x00\x0a\x00i\
\x00 \x00i\x00n\x00s\x00t\x00a\x00l\x00u\
\x00j\x01\x05\x00c\x00 \x00d\x00o\x00d\x00a\
\x00t\x00e\x00k\x00 \x00\x22\x00o\x00f\x00f\
\x00l\x00i\x00n\x00e\x00-\x00d\x00o\x00c\
\x00u\x00m\x00e\x00n\x00t\x00a\x00t\x00i\
\x00o\x00n\x00\x22\x00.\x00 \x00J\x00e\x01[\
\x00l\x00i\x00 \x00t\x00o\x00 \x00p\x00o\
\x00l\x00e\x00 \x00p\x00o\x00z\x00o\x00s\
\x00t\x00a\x00n\x00i\x00e\x00 \x00p\x00u\
\x00s\x00t\x00e\x00,\x00 \x00F\x00r\x00e\
\x00e\x00C\x00A\x00D\x00 \x00a\x00u\x00t\
\x00o\x00m\x00a\x00t\x00y\x00c\x00z\x00n\
\x00i\x00e\x00 \x00w\x00y\x00s\x00z\x00u\
\x00k\x00a\x00 \x00\x0a\x00p\x00l\x00i\x00k\
\x00i\x00 \x00p\x00o\x00m\x00o\x00c\x00y\
\x00 \x00w\x00 \x00d\x00o\x00m\x00y\x01[\
\x00l\x00n\x00e\x00j\x00 \x00l\x00o\x00k\
\x00a\x00l\x00i\x00z\x00a\x00c\x00j\x00i\
\x00 \x00(\x00$\x00U\x00S\x00E\x00R\x00A\
\x00P\x00P\x00D\x00A\x00T\x00A\x00D\x00I\
\x00R\x00/\x00M\x00o\x00d\x00/\x00o\x00f\
\x00f\x00l\x00i\x00n\x00e\x00-\x00d\x00o\
\x00c\x00u\x00m\x00e\x00n\x00t\x00a\x00t\
\x00i\x00o\x00n\x00)\x00.\x08\x00\x00\x00\x00\x06\
\x00\x00\x01WSet this to \
a custom URL or \
the folder where\
 the help files \
are located.\x0aDoc\
umentation can b\
e downloaded for\
 offline use via\
 the Addon Manag\
er and installin\
g the\x0a\x22offline-d\
ocumentation\x22 ad\
don. If this fie\
ld is left blank\
, FreeCAD will\x0aa\
utomatically sea\
rch for the help\
 files at the de\
fault location\x0a(\
$USERAPPDATADIR/\
Mod/offline-docu\
mentation).\x07\x00\x00\x00\x04\
Form\x01\x03\x00\x00\x02\xee\x00U\x00m\x00o\
\x01|\x00l\x00i\x00w\x00i\x00a\x00 \x00n\
\x00a\x00s\x00t\x00a\x00w\x00i\x00e\x00n\
\x00i\x00e\x00 \x00n\x00i\x00e\x00s\x00t\
\x00a\x00n\x00d\x00a\x00r\x00d\x00o\x00w\
\x00e\x00g\x00o\x00 \x00a\x00d\x00r\x00e\
\x00s\x00u\x00 \x00U\x00R\x00L\x00 \x00l\
\x00u\x00b\x00 \x00f\x00o\x00l\x00d\x00e\
\x00r\x00u\x00,\x00 \x00w\x00 \x00k\x00t\
\x00\xf3\x00r\x00y\x00m\x00 \x00z\x00n\x00a\
\x00j\x00d\x00u\x00j\x01\x05\x00 \x00s\x00i\
\x01\x19\x00 \x00p\x00l\x00i\x00k\x00i\x00 \
\x00p\x00o\x00m\x00o\x00c\x00y\x00.\x00 \
\x00\x0a\x00M\x00o\x01|\x00e\x00s\x00z\x00 \
\x01B\x00a\x00t\x00w\x00o\x00 \x00p\x00o\
\x00b\x00r\x00a\x01\x07\x00 \x00d\x00o\x00k\
\x00u\x00m\x00e\x00n\x00t\x00a\x00c\x00j\
\x01\x19\x00 \x00d\x00o\x00 \x00u\x01|\x00y\
\x00t\x00k\x00u\x00 \x00o\x00f\x00f\x00l\
\x00i\x00n\x00e\x00,\x00 \x00k\x00o\x00r\
\x00z\x00y\x00s\x00t\x00a\x00j\x01\x05\x00c\
\x00 \x00z\x00 \x00M\x00e\x00n\x00e\x00d\
\x01|\x00e\x00r\x00a\x00 \x00d\x00o\x00d\
\x00a\x00t\x00k\x00\xf3\x00w\x00 \x00\x0a\x00i\
\x00 \x00i\x00n\x00s\x00t\x00a\x00l\x00u\
\x00j\x01\x05\x00c\x00 \x00d\x00o\x00d\x00a\
\x00t\x00e\x00k\x00 \x00\x22\x00D\x00o\x00k\
\x00u\x00m\x00e\x00n\x00t\x00a\x00c\x00j\
\x00a\x00 \x00o\x00f\x00f\x00l\x00i\x00n\
\x00e\x00\x22\x00.\x00 \x00J\x00e\x01[\x00l\
\x00i\x00 \x00t\x00o\x00 \x00p\x00o\x00l\
\x00e\x00 \x00p\x00o\x00z\x00o\x00s\x00t\
\x00a\x00n\x00i\x00e\x00 \x00p\x00u\x00s\
\x00t\x00e\x00,\x00 \x00F\x00r\x00e\x00e\
\x00C\x00A\x00D\x00 \x00a\x00u\x00t\x00o\
\x00m\x00a\x00t\x00y\x00c\x00z\x00n\x00i\
\x00e\x00 \x00w\x00y\x00s\x00z\x00u\x00k\
\x00a\x00 \x00\x0a\x00p\x00l\x00i\x00k\x00i\
\x00 \x00p\x00o\x00m\x00o\x00c\x00y\x00 \
\x00w\x00 \x00d\x00o\x00m\x00y\x01[\x00l\
\x00n\x00e\x00j\x00 \x00l\x00o\x00k\x00a\
\x00l\x00i\x00z\x00a\x00c\x00j\x00i\x00 \
\x00(\x00$\x00U\x00S\x00E\x00R\x00A\x00P\
\x00P\x00D\x00A\x00T\x00A\x00D\x00I\x00R\
\x00/\x00M\x00o\x00d\x00/\x00o\x00f\x00f\
\x00l\x00i\x00n\x00e\x00-\x00d\x00o\x00c\
\x00u\x00m\x00e\x00n\x00t\x00a\x00t\x00i\
\x00o\x00n\x00)\x00.\x08\x00\x00\x00\x00\x06\x00\x00\
\x01fSet this to a \
custom URL or th\
e folder where t\
he help files ar\
e located.\x0aYou c\
an easily downlo\
ad the documenta\
tion for offline\
 use by using th\
e Addon\x0aManager \
and installing t\
he \x22offline-docu\
mentation\x22 addon\
. If this\x0afield \
is left blank, F\
reeCAD will auto\
matically search\
 for the help fi\
les at\x0athe defau\
lt location ($US\
ERAPPDATADIR/Mod\
/offline-documen\
tation).\x07\x00\x00\x00\x04For\
m\x01\x03\x00\x00\x00\x0c\x01y\x00r\x00\xf3\x00d\x01\
B\x00a\x08\x00\x00\x00\x00\x06\x00\x00\x00\x06Sou\
rce\x07\x00\x00\x00\x04Form\x01\x03\x00\x00\
\x01\x04\x00O\x00k\x00r\x00e\x01[\x00l\x00 \
\x01[\x00c\x00i\x00e\x01|\x00k\x01\x19\x00 \
\x00d\x00o\x00 \x00a\x00l\x00t\x00e\x00r\
\x00n\x00a\x00t\x00y\x00w\x00n\x00e\x00g\
\x00o\x00 \x00p\x00l\x00i\x00k\x00u\x00 \
\x00C\x00S\x00S\x00 \x00d\x00o\x00 \x00s\
\x00t\x00y\x00l\x00i\x00z\x00a\x00c\x00j\
\x00i\x00 \x00s\x00t\x00r\x00o\x00n\x00 \
\x00M\x00a\x00r\x00k\x00d\x00o\x00w\x00n\
\x00.\x00\x0a\x00D\x00z\x00i\x00a\x01B\x00a\
\x00 \x00t\x00o\x00 \x00t\x00y\x00l\x00k\
\x00o\x00 \x00w\x00t\x00e\x00d\x00y\x00,\
\x00 \x00g\x00d\x00y\x00 \x00M\x00a\x00r\
\x00k\x00d\x00o\x00w\x00n\x00 \x00j\x00e\
\x00s\x00t\x00 \x00w\x00y\x00b\x00r\x00a\
\x00n\x00y\x00 \x00p\x00o\x00w\x00y\x01|\
\x00e\x00j\x00.\x08\x00\x00\x00\x00\x06\x00\x00\x00x\
Specify the path\
 to an alternati\
ve CSS file for \
styling Markdown\
 pages.\x0aThis onl\
y applies if Mar\
kdown is selecte\
d above.\x07\x00\x00\x00\x04For\
m\x01\x03\x00\x00\x02\x8e\x00S\x00t\x00r\x00o\x00\
n\x00y\x00 \x00d\x00o\x00k\x00u\x00m\x00\
e\x00n\x00t\x00a\x00c\x00j\x00i\x00 \x00\
b\x01\x19\x00d\x01\x05\x00 \x00p\x00o\x00b\x00\
i\x00e\x00r\x00a\x00n\x00e\x00 \x00z\x00\
 \x00W\x00i\x00k\x00i\x00 \x00d\x00l\x00\
a\x00 \x00F\x00r\x00e\x00e\x00C\x00A\x00\
D\x00 \x00h\x00o\x00s\x00t\x00o\x00w\x00\
a\x00n\x00e\x00j\x00 \x00n\x00a\x00 \x00\
k\x00o\x00n\x00c\x00i\x00e\x00 \x00G\x00\
i\x00t\x00H\x00u\x00b\x00 \x00z\x00 \x00\
a\x00u\x00t\x00o\x00m\x00a\x00t\x00y\x00\
c\x00z\x00n\x01\x05\x00 \x00k\x00o\x00n\x00\
w\x00e\x00r\x00s\x00j\x01\x05\x00 \x00M\x00\
a\x00r\x00k\x00d\x00o\x00w\x00n\x00.\x00\
 \x00M\x00o\x01|\x00n\x00a\x00 \x00g\x00\
o\x00 \x00s\x00t\x00y\x00l\x00i\x00z\x00\
o\x00w\x00a\x01\x07\x00 \x00z\x00a\x00 \x00\
p\x00o\x00m\x00o\x00c\x01\x05\x00 \x00n\x00\
i\x00e\x00s\x00t\x00a\x00n\x00d\x00a\x00\
r\x00d\x00o\x00w\x00e\x00g\x00o\x00 \x00\
a\x00r\x00k\x00u\x00s\x00z\x00a\x00 \x00\
s\x00t\x00y\x00l\x00\xf3\x00w\x00 \x00p\x00\
o\x00n\x00i\x01|\x00e\x00j\x00 \x00i\x00\
 \x00m\x00o\x01|\x00e\x00 \x00w\x00y\x00\
g\x00l\x01\x05\x00d\x00a\x01\x07\x00 \x01B\x00\
a\x00d\x00n\x00i\x00e\x00j\x00 \x00n\x00\
i\x01|\x00 \x00o\x00p\x00c\x00j\x00a\x00\
 \x00w\x00i\x00k\x00i\x00.\x00 \x00\x22\x00\
M\x00a\x00r\x00k\x00d\x00o\x00w\x00n\x00\
\x22\x00 \x00l\x00u\x00b\x00\x22\x00P\x00a\x00\
n\x00d\x00o\x00c\x00\x22\x00 \x00m\x00o\x00\
d\x00u\x01B\x00u\x00 \x00P\x00y\x00t\x00\
h\x00o\x00n\x00 \x00p\x00o\x00w\x00i\x00\
n\x00n\x00y\x00 \x00b\x00y\x01\x07\x00 \x00\
z\x00a\x00i\x00n\x00s\x00t\x00a\x00l\x00\
o\x00w\x00a\x00n\x00e\x00 \x00w\x00 \x00\
c\x00e\x00l\x00u\x00 \x00u\x00z\x00y\x00\
s\x00k\x00a\x00n\x00i\x00a\x00 \x00o\x00\
p\x00t\x00y\x00m\x00a\x00l\x00n\x00y\x00\
c\x00h\x00 \x00w\x00y\x00n\x00i\x00k\x00\
\xf3\x00w\x00.\x08\x00\x00\x00\x00\x06\x00\x00\x012T\
he documentation\
 pages will be f\
etched from an a\
utomatic Markdow\
n conversion\x0aof \
the FreeCAD wiki\
,hosted on FreeC\
AD's GitHub acco\
unt. This can be\
 styled with a\x0ac\
ustom stylesheet\
 below and can l\
ook nicer than t\
he wiki option. \
The 'Markdown' o\
r\x0a'Pandoc' Pytho\
n module should \
be installed for\
 optimal results\
.\x07\x00\x00\x00\x04Form\x01\x03\x00\x00\x00\xcc\
\x00S\x00t\x00r\x00o\x00n\x00y\x00 \x00d\
\x00o\x00k\x00u\x00m\x00e\x00n\x00t\x00a\
\x00c\x00j\x00i\x00 \x00z\x00o\x00s\x00t\
\x00a\x00n\x01\x05\x00 \x00p\x00o\x00b\x00r\
\x00a\x00n\x00e\x00 \x00z\x00 \x00o\x00f\
\x00i\x00c\x00j\x00a\x00l\x00n\x00e\x00j\
\x00 \x00W\x00i\x00k\x00i\x00 \x00d\x00l\
\x00a\x00 \x00F\x00r\x00e\x00e\x00C\x00A\
\x00D\x00 \x00p\x00o\x00d\x00 \x00a\x00d\
\x00r\x00e\x00s\x00e\x00m\x00 \x00h\x00t\
\x00t\x00p\x00s\x00:\x00/\x00/\x00w\x00i\
\x00k\x00i\x00.\x00f\x00r\x00e\x00e\x00c\
\x00a\x00d\x00.\x00o\x00r\x00g\x08\x00\x00\x00\
\x00\x06\x00\x00\x00aThe docume\
ntation pages wi\
ll be fetched fr\
om the official\x0a\
FreeCADwiki at h\
ttps://wiki.free\
cad.org\x07\x00\x00\x00\x04Form\
\x01\x03\x00\x00\x00\xf2\x00D\x00o\x00k\x00u\x00m\
\x00e\x00n\x00t\x00a\x00c\x00j\x00a\x00 \
\x00z\x00o\x00s\x00t\x00a\x00n\x00i\x00e\
\x00 \x00o\x00t\x00w\x00a\x00r\x00t\x00a\
\x00 \x00w\x00 \x00n\x00o\x00w\x00e\x00j\
\x00 \x00k\x00a\x00r\x00c\x00i\x00e\x00 \
\x00w\x00e\x00w\x00n\x01\x05\x00t\x00r\x00z\
\x00 \x00i\x00n\x00t\x00e\x00r\x00f\x00e\
\x00j\x00s\x00u\x00 \x00F\x00r\x00e\x00e\
\x00C\x00A\x00D\x00.\x00 \x00W\x00y\x00m\
\x00a\x00g\x00a\x00 \x00t\x00o\x00 \x00k\
\x00o\x00m\x00p\x00o\x00n\x00e\x00n\x00t\
\x00u\x00 \x00P\x00y\x00S\x00i\x00d\x00e\
\x00 \x00Q\x00t\x00W\x00e\x00b\x00e\x00n\
\x00g\x00i\x00n\x00e\x00W\x00i\x00d\x00g\
\x00e\x00t\x00s\x00.\x08\x00\x00\x00\x00\x06\x00\x00\
\x00}The documentat\
ion will open in\
 a new tab insid\
e the FreeCAD in\
terface. This re\
quires the PySid\
e QtWebengineWid\
gets component.\x07\
\x00\x00\x00\x04Form\x01\x03\x00\x00\x00\x86\x00D\
\x00o\x00k\x00u\x00m\x00e\x00n\x00t\x00a\
\x00c\x00j\x00a\x00 \x00z\x00o\x00s\x00t\
\x00a\x00n\x00i\x00e\x00 \x00o\x00t\x00w\
\x00a\x00r\x00t\x00a\x00 \x00w\x00 \x00d\
\x00o\x00m\x00y\x01[\x00l\x00n\x00e\x00j\
\x00 \x00p\x00r\x00z\x00e\x00g\x00l\x01\x05\
\x00d\x00a\x00r\x00c\x00e\x00 \x00i\x00n\
\x00t\x00e\x00r\x00n\x00e\x00t\x00o\x00w\
\x00e\x00j\x08\x00\x00\x00\x00\x06\x00\x00\x006Th\
e documentation \
will open in the\
 default web bro\
wser\x07\x00\x00\x00\x04Form\x01\x03\x00\
\x00\x00,\x00P\x00r\x00z\x00y\x00r\x00o\x00\
s\x00t\x00e\x00k\x00 \x00t\x01B\x00u\x00\
m\x00a\x00c\x00z\x00e\x00n\x00i\x00a\x08\
\x00\x00\x00\x00\x06\x00\x00\x00\x12Transla\
tion suffix\x07\x00\x00\x00\x04\
Form\x01\x03\x00\x00\x00\xd0\x00N\x00i\x00e\
\x00 \x00m\x00o\x01|\x00n\x00a\x00 \x00p\
\x00o\x00b\x00r\x00a\x01\x07\x00 \x00z\x00a\
\x00w\x00a\x00r\x00t\x00o\x01[\x00c\x00i\
\x00 \x00t\x00e\x00j\x00 \x00s\x00t\x00r\
\x00o\x00n\x00y\x00.\x00 \x00\x0a\x00S\x00p\
\x00r\x00a\x00w\x00d\x01z\x00 \x00u\x00s\
\x00t\x00a\x00w\x00i\x00e\x00n\x00i\x00a\
\x00 \x00w\x00 \x00m\x00e\x00n\x00u\x00 \
\x00E\x00d\x00y\x00c\x00j\x00a\x00 !\x92\
\x00 \x00P\x00r\x00e\x00f\x00e\x00r\x00e\
\x00n\x00c\x00j\x00e\x00 !\x92\x00 \x00O\
\x00g\x00\xf3\x00l\x00n\x00e\x00 !\x92\x00 \
\x00P\x00o\x00m\x00o\x00c\x08\x00\x00\x00\x00\x06\
\x00\x00\x00yContents for\
 this page could\
 not be retrieve\
d. Please check \
settings under m\
enu Edit \xe2\x86\x92 Pre\
ferences \xe2\x86\x92 Gen\
eral \xe2\x86\x92 Help\x07\x00\x00\
\x00\x04Help\x01\x03\x00\x00\x00\x0a\x00P\x00o\
\x00m\x00o\x00c\x08\x00\x00\x00\x00\x06\x00\x00\x00\x04\
Help\x07\x00\x00\x00\x04Help\x01\x03\x00\
\x00\x00\xdc\x00N\x00i\x00e\x00 \x00m\x00o\x01\
|\x00n\x00a\x00 \x00o\x00k\x00r\x00e\x01\
[\x00l\x00i\x01\x07\x00 \x00l\x00o\x00k\x00\
a\x00l\x00i\x00z\x00a\x00c\x00j\x00i\x00\
 \x00p\x00l\x00i\x00k\x00\xf3\x00w\x00 \x00\
p\x00o\x00m\x00o\x00c\x00y\x00.\x00 \x00\
\x0a\x00S\x00p\x00r\x00a\x00w\x00d\x01z\x00\
 \x00u\x00s\x00t\x00a\x00w\x00i\x00e\x00\
n\x00i\x00a\x00 \x00w\x00 \x00m\x00e\x00\
n\x00u\x00 \x00E\x00d\x00y\x00c\x00j\x00\
a\x00 !\x92\x00 \x00P\x00r\x00e\x00f\x00\
e\x00r\x00e\x00n\x00c\x00j\x00e\x00 !\
\x92\x00 \x00O\x00g\x00\xf3\x00l\x00n\x00e\x00\
 !\x92\x00 \x00P\x00o\x00m\x00o\x00c\x08\
\x00\x00\x00\x00\x06\x00\x00\x00wHelp fi\
les location cou\
ld not be determ\
ined. Please che\
ck settings unde\
r menu Edit \xe2\x86\x92 \
Preferences \xe2\x86\x92 \
General \xe2\x86\x92 Help\
\x07\x00\x00\x00\x04Help\x01\x03\x00\x00\x00\xfa\x00\
M\x00o\x00d\x00u\x01B\x00 \x00P\x00y\x00\
S\x00i\x00d\x00e\x002\x00 \x00Q\x00t\x00\
W\x00e\x00b\x00E\x00n\x00g\x00i\x00n\x00\
e\x00W\x00i\x00d\x00g\x00e\x00t\x00s\x00\
 \x00n\x00i\x00e\x00 \x00j\x00e\x00s\x00\
t\x00 \x00d\x00o\x00s\x00t\x01\x19\x00p\x00\
n\x00y\x00.\x00 \x00\x0a\x00R\x00e\x00n\x00\
d\x00e\x00r\x00o\x00w\x00a\x00n\x00i\x00\
e\x00 \x00P\x00o\x00m\x00o\x00c\x00y\x00\
 \x00o\x00d\x00b\x00y\x00w\x00a\x00 \x00\
s\x00i\x01\x19\x00 \x00z\x00a\x00 \x00p\x00\
o\x00m\x00o\x00c\x01\x05\x00 \x00p\x00r\x00\
z\x00e\x00g\x00l\x01\x05\x00d\x00a\x00r\x00\
k\x00i\x00 \x00z\x00 \x00t\x00w\x00o\x00\
j\x00e\x00g\x00o\x00 \x00s\x00y\x00s\x00\
t\x00e\x00m\x00u\x00.\x08\x00\x00\x00\x00\x06\x00\
\x00\x00aPySide QtWebE\
ngineWidgets mod\
ule is not avail\
able. Help rende\
ring is done wit\
h the system bro\
wser\x07\x00\x00\x00\x04Help\x01\x03\x00\
\x00\x01\x8c\x00W\x00 \x00s\x00y\x00s\x00t\x00\
e\x00m\x00i\x00e\x00 \x00n\x00i\x00e\x00\
 \x00m\x00a\x00 \x00z\x00a\x00i\x00n\x00\
s\x00t\x00a\x00l\x00o\x00w\x00a\x00n\x00\
e\x00g\x00o\x00 \x00r\x00e\x00n\x00d\x00\
e\x00r\x00e\x00r\x00a\x00 \x00M\x00a\x00\
r\x00k\x00d\x00o\x00w\x00n\x00,\x00 \x00\
w\x00i\x01\x19\x00c\x00 \x00t\x00a\x00 \x00\
s\x00t\x00r\x00o\x00n\x00a\x00 \x00p\x00\
o\x00m\x00o\x00c\x00y\x00 \x00j\x00e\x00\
s\x00t\x00 \x00r\x00e\x00n\x00d\x00e\x00\
r\x00o\x00w\x00a\x00n\x00a\x00 \x00t\x00\
a\x00k\x00,\x00 \x00j\x00a\x00k\x00 \x00\
j\x00e\x00s\x00t\x00.\x00 \x00Z\x00a\x00\
i\x00n\x00s\x00t\x00a\x00l\x00u\x00j\x00\
 \x00m\x00o\x00d\x00u\x01B\x00y\x00 \x00\
M\x00a\x00r\x00k\x00d\x00o\x00w\x00n\x00\
 \x00l\x00u\x00b\x00 \x00P\x00a\x00n\x00\
d\x00o\x00c\x00 \x00P\x00y\x00t\x00h\x00\
o\x00n\x00,\x00 \x00a\x00b\x00y\x00 \x00\
p\x00o\x00p\x00r\x00a\x00w\x00i\x01\x07\x00\
 \x00j\x00a\x00k\x00o\x01[\x01\x07\x00 \x00\
r\x00e\x00n\x00d\x00e\x00r\x00o\x00w\x00\
a\x00n\x00i\x00a\x00 \x00t\x00e\x00j\x00\
 \x00s\x00t\x00r\x00o\x00n\x00y\x00.\x08\
\x00\x00\x00\x00\x06\x00\x00\x00\xb8There i\
s no Markdown re\
nderer installed\
 on your system,\
 so this help pa\
ge is rendered a\
s is. Please ins\
tall the Markdow\
n or Pandoc Pyth\
on modules to im\
prove the render\
ing of this page\
.\x07\x00\x00\x00\x04Help\x01\x03\x00\x00\x00\x0c\
\x00O\x00g\x00\xf3\x00l\x00n\x00e\x08\x00\x00\x00\
\x00\x06\x00\x00\x00\x07General\x07\x00\x00\
\x00\x07QObject\x01\x88\x00\x00\x00\x0a\x01\
\x01\xff\x14\x02\x04\xfd,\x0a\x13\
\x00\x00%\xec\
<\
\xb8d\x18\xca\xef\x9c\x95\xcd!\x1c\xbf`\xa1\xbd\xdd\xa7\
\x00\x00\x00\x02caB\x00\x00\x00\xf0\x00\x04\xec0\x00\
\x00\x06\x14\x00\x04\xec0\x00\x00\x1e\xaf\x00\x99N\xa8\x00\
\x00\x1c\xbc\x018!.\x00\x00\x14\xee\x01\x82\xc62\x00\
\x00 \x8a\x02mV`\x00\x00\x1e\xd6\x04\x1e\xf1\x82\x00\
\x00\x06;\x04Dm9\x00\x00\x05n\x04T\x18N\x00\
\x00\x13I\x04\x89?'\x00\x00\x06\x92\x04\xde1)\x00\
\x00\x07x\x05M7\xf2\x00\x00\x07\x0f\x05\xa6\xc8\x95\x00\
\x00\x13\x22\x06{\x06\x03\x00\x00\x09\xbf\x06\xa4]\x8e\x00\
\x00\x09\xed\x07\x07\xe0\x0e\x00\x00\x1aq\x07t\x8a\x94\x00\
\x00\x01\xae\x09\x82\xac\xae\x00\x00\x00\x00\x09\xd5\xc9.\x00\
\x00\x02H\x0auc\xd7\x00\x00\x195\x0b\x0ar\xc9\x00\
\x00\x02\x0e\x0c\xe2\x80\xae\x00\x00\x04H\x0d\xb7\x06\x10\x00\
\x00\x1d\x0b\x0d\xc4\xc8<\x00\x00$\xa3\x0e*j\xae\x00\
\x00\x22\x12\x0ek8\x9e\x00\x00\x0e{\x0e\x8d\xd4\x82\x00\
\x00\x1c\x13\x0e\xca\x08\x89\x00\x00\x05\xca\x0f-\x13\xae\x00\
\x00\x01X\x0fE\xeb\x1e\x00\x00\x07\xdei\x00\x00$\xd4\
\x03\x00\x00\x00\xe2\x00U\x00n\x00 \x00s\x00u\x00\
f\x00i\x00x\x00 \x00d\x00e\x00 \x00t\x00\
r\x00a\x00d\x00u\x00c\x00c\x00i\x00\xf3\x00\
 \x00p\x00e\x00r\x00 \x00a\x00 \x00u\x00\
t\x00i\x00l\x00i\x00t\x00z\x00a\x00r\x00\
,\x00 \x00p\x00e\x00r\x00 \x00e\x00x\x00\
e\x00m\x00p\x00l\x00e\x00 \x00\x22\x00f\x00\
r\x00\x22\x00\x0a\x00p\x00e\x00r\x00 \x00a\x00\
 \x00o\x00b\x00t\x00e\x00n\x00i\x00r\x00\
 \x00l\x00a\x00 \x00t\x00r\x00a\x00d\x00\
u\x00c\x00c\x00i\x00\xf3\x00 \x00e\x00n\x00\
 \x00f\x00r\x00a\x00n\x00c\x00\xe8\x00s\x00\
 \x00d\x00e\x00 \x00l\x00a\x00 \x00d\x00\
o\x00c\x00u\x00m\x00e\x00n\x00t\x00a\x00\
c\x00i\x00\xf3\x00.\x08\x00\x00\x00\x00\x06\x00\x00\x00\
]A translation s\
uffix to use, fo\
r example \x22fr\x22\x0at\
o get French tra\
nslation of the \
documentation.\x07\x00\
\x00\x00\x04Form\x01\x03\x00\x00\x00.\x00U\x00\
b\x00i\x00c\x00a\x00c\x00i\x00\xf3\x00 \x00\
p\x00e\x00r\x00s\x00o\x00n\x00a\x00l\x00\
i\x00t\x00z\x00a\x00d\x00a\x08\x00\x00\x00\x00\
\x06\x00\x00\x00\x0fCustom loca\
tion\x07\x00\x00\x00\x04Form\x01\x03\x00\
\x00\x006\x00F\x00u\x00l\x00l\x00 \x00d\x00\
'\x00e\x00s\x00t\x00i\x00l\x00s\x00 \x00\
p\x00e\x00r\x00s\x00o\x00n\x00a\x00l\x00\
i\x00t\x00z\x00a\x00t\x08\x00\x00\x00\x00\x06\x00\
\x00\x00\x11Custom styles\
heet\x07\x00\x00\x00\x04Form\x01\x03\x00\
\x00\x00\x1a\x00V\x00i\x00s\x00u\x00a\x00l\x00\
i\x00t\x00z\x00a\x00c\x00i\x00\xf3\x08\x00\x00\
\x00\x00\x06\x00\x00\x00\x07Display\x07\x00\
\x00\x00\x04Form\x01\x03\x00\x00\x01R\x00L\x00\
a\x00 \x00d\x00o\x00c\x00u\x00m\x00e\x00\
n\x00t\x00a\x00c\x00i\x00\xf3\x00 \x00s\x00\
'\x00o\x00b\x00r\x00e\x00 \x00e\x00n\x00\
 \x00u\x00n\x00 \x00d\x00i\x00\xe0\x00l\x00\
e\x00g\x00 \x00a\x00c\x00o\x00b\x00l\x00\
a\x00b\x00l\x00e\x00 \x00d\x00i\x00n\x00\
s\x00 \x00d\x00e\x00 \x00F\x00r\x00e\x00\
e\x00C\x00A\x00D\x00,\x00 \x00q\x00u\x00\
e\x00 \x00p\x00e\x00r\x00m\x00e\x00t\x00\
 \x00t\x00r\x00e\x00b\x00a\x00l\x00l\x00\
a\x00r\x00 \x00s\x00i\x00m\x00u\x00l\x00\
t\x00\xe0\x00n\x00i\x00a\x00m\x00e\x00n\x00\
t\x00 \x00d\x00i\x00n\x00s\x00 \x00l\x00\
a\x00 \x00v\x00i\x00s\x00t\x00a\x00 \x00\
3\x00D\x00.\x00\x0a\x00N\x00e\x00c\x00e\x00\
s\x00s\x00i\x00t\x00a\x00 \x00e\x00l\x00\
 \x00c\x00o\x00m\x00p\x00o\x00n\x00e\x00\
n\x00t\x00 \x00Q\x00t\x00W\x00e\x00b\x00\
e\x00n\x00g\x00i\x00n\x00e\x00W\x00i\x00\
d\x00g\x00e\x00t\x00s\x00 \x00d\x00e\x00\
 \x00P\x00y\x00S\x00i\x00d\x00e\x00.\x08\
\x00\x00\x00\x00\x06\x00\x00\x00\x95Documen\
tation opens in \
a dockable dialo\
g within FreeCAD\
, allowing simul\
taneous work in \
the 3D view.\x0aReq\
uires the PySide\
 QtWebengineWidg\
ets component.\x07\x00\
\x00\x00\x04Form\x01\x03\x00\x00\x00\xb4\x00O\x00\
b\x00t\x00\xe9\x00 \x00l\x00a\x00 \x00d\x00\
o\x00c\x00u\x00m\x00e\x00n\x00t\x00a\x00\
c\x00i\x00\xf3\x00 \x00d\x00e\x00 \x00l\x00\
e\x00s\x00 \x00p\x00\xe0\x00g\x00i\x00n\x00\
e\x00s\x00 \x00r\x00e\x00n\x00d\x00e\x00\
r\x00i\x00t\x00z\x00a\x00d\x00e\x00s\x00\
 \x00a\x00 \x00G\x00i\x00t\x00H\x00u\x00\
b\x00.\x00\x0a\x00A\x00c\x00t\x00u\x00a\x00\
l\x00m\x00e\x00n\x00t\x00 \x00n\x00o\x00\
 \x00e\x00s\x00t\x00\xe0\x00 \x00d\x00i\x00\
s\x00p\x00o\x00n\x00i\x00b\x00l\x00e\x00\
.\x08\x00\x00\x00\x00\x06\x00\x00\x00YFetch\
es the documenta\
tion from pages \
rendered on GitH\
ub.\x0aThis is curr\
ently not availa\
ble.\x07\x00\x00\x00\x04Form\x01\x03\x00\
\x00\x00.\x00W\x00i\x00k\x00i\x00 \x00F\x00\
r\x00e\x00e\x00C\x00A\x00D\x00 \x00(\x00\
e\x00n\x00 \x00l\x00\xed\x00n\x00i\x00a\x00\
)\x08\x00\x00\x00\x00\x06\x00\x00\x00\x15FreeC\
AD Wiki (online)\
\x07\x00\x00\x00\x04Form\x01\x03\x00\x00\x00\x22\x00\
G\x00i\x00t\x00H\x00u\x00b\x00 \x00(\x00\
e\x00n\x00 \x00l\x00\xed\x00n\x00i\x00a\x00\
)\x08\x00\x00\x00\x00\x06\x00\x00\x00\x0fGitHu\
b (online)\x07\x00\x00\x00\x04F\
orm\x01\x03\x00\x00\x00\x0a\x00A\x00j\x00u\x00\
d\x00a\x08\x00\x00\x00\x00\x06\x00\x00\x00\x04Hel\
p\x07\x00\x00\x00\x04Form\x01\x03\x00\x00\x00.\
\x00E\x00n\x00 \x00u\x00n\x00a\x00 \x00p\
\x00e\x00s\x00t\x00a\x00n\x00y\x00a\x00 \
\x00F\x00r\x00e\x00e\x00C\x00A\x00D\x08\x00\
\x00\x00\x00\x06\x00\x00\x00\x10In a Fre\
eCAD tab\x07\x00\x00\x00\x04For\
m\x01\x03\x00\x00\x00D\x00E\x00n\x00 \x00u\x00\
n\x00 \x00d\x00i\x00\xe0\x00l\x00e\x00g\x00\
 \x00s\x00e\x00p\x00a\x00r\x00a\x00t\x00\
 \x00i\x00 \x00i\x00n\x00c\x00r\x00u\x00\
s\x00t\x00a\x00b\x00l\x00e\x08\x00\x00\x00\x00\
\x06\x00\x00\x00 In a separa\
te, embeddable d\
ialog\x07\x00\x00\x00\x04Form\x01\x03\
\x00\x00\x006\x00E\x00n\x00 \x00e\x00l\x00 \
\x00n\x00a\x00v\x00e\x00g\x00a\x00d\x00o\
\x00r\x00 \x00p\x00e\x00r\x00 \x00d\x00e\
\x00f\x00e\x00c\x00t\x00e\x08\x00\x00\x00\x00\x06\
\x00\x00\x00\x1aIn the defau\
lt web browser\x07\x00\
\x00\x00\x04Form\x01\x03\x00\x00\x004\x00V\x00\
e\x00r\x00s\x00i\x00\xf3\x00 \x00M\x00a\x00\
r\x00k\x00d\x00o\x00w\x00n\x00 \x00(\x00\
e\x00n\x00 \x00l\x00\xed\x00n\x00i\x00a\x00\
)\x08\x00\x00\x00\x00\x06\x00\x00\x00\x19Markd\
own version (onl\
ine)\x07\x00\x00\x00\x04Form\x01\x03\x00\
\x00\x01<\x00N\x00o\x00t\x00a\x00:\x00 \x00\
s\x00i\x00 \x00e\x00l\x00 \x00s\x00i\x00\
s\x00t\x00e\x00m\x00a\x00 \x00n\x00o\x00\
 \x00t\x00r\x00o\x00b\x00a\x00 \x00e\x00\
l\x00s\x00 \x00c\x00o\x00m\x00p\x00o\x00\
n\x00e\x00n\x00t\x00s\x00 \x00w\x00e\x00\
b\x00 \x00P\x00y\x00S\x00i\x00d\x00e\x00\
,\x00 \x00l\x00e\x00s\x00 \x00p\x00\xe0\x00\
g\x00i\x00n\x00e\x00s\x00 \x00d\x00'\x00\
a\x00j\x00u\x00d\x00a\x00 \x00s\x00'\x00\
o\x00b\x00r\x00i\x00r\x00a\x00n\x00 \x00\
a\x00l\x00 \x00n\x00a\x00v\x00e\x00g\x00\
a\x00d\x00o\x00r\x00 \x00w\x00e\x00b\x00\
 \x00p\x00r\x00e\x00d\x00e\x00t\x00e\x00\
r\x00m\x00i\x00n\x00a\x00t\x00,\x00 \x00\
i\x00n\x00d\x00e\x00p\x00e\x00n\x00d\x00\
e\x00n\x00t\x00m\x00e\x00n\x00t\x00 \x00\
d\x00e\x00 \x00l\x00e\x00s\x00 \x00o\x00\
p\x00c\x00i\x00o\x00n\x00s\x00 \x00s\x00\
e\x00g\x00\xfc\x00e\x00n\x00t\x00s\x00.\x08\
\x00\x00\x00\x00\x06\x00\x00\x00\x8cNote: i\
f PySide Web com\
ponents are not \
found on the sys\
tem, help pages \
will open in the\
 default web bro\
wser regardless \
of the options b\
elow.\x07\x00\x00\x00\x04Form\x01\x03\
\x00\x00\x00\x0e\x00O\x00p\x00c\x00i\x00o\x00n\
\x00s\x08\x00\x00\x00\x00\x06\x00\x00\x00\x07Opti\
ons\x07\x00\x00\x00\x04Form\x01\x03\x00\x00\
\x03\x1e\x00E\x00s\x00t\x00a\x00b\x00l\x00i\
\x00u\x00-\x00h\x00o\x00 \x00a\x00 \x00u\
\x00n\x00 \x00U\x00R\x00L\x00 \x00p\x00e\
\x00r\x00s\x00o\x00n\x00a\x00l\x00i\x00t\
\x00z\x00a\x00t\x00 \x00o\x00 \x00a\x00 \
\x00u\x00n\x00 \x00d\x00i\x00r\x00e\x00c\
\x00t\x00o\x00r\x00i\x00 \x00o\x00n\x00 \
\x00e\x00s\x00 \x00t\x00r\x00o\x00b\x00e\
\x00n\x00 \x00e\x00l\x00s\x00 \x00f\x00i\
\x00t\x00x\x00e\x00r\x00s\x00 \x00d\x00'\
\x00a\x00j\x00u\x00d\x00a\x00.\x00\x0a\x00P\
\x00o\x00d\x00e\x00u\x00 \x00d\x00e\x00s\
\x00c\x00a\x00r\x00r\x00e\x00g\x00a\x00r\
\x00 \x00l\x00a\x00 \x00d\x00o\x00c\x00u\
\x00m\x00e\x00n\x00t\x00a\x00c\x00i\x00\xf3\
\x00 \x00p\x00e\x00r\x00 \x00u\x00t\x00i\
\x00l\x00i\x00t\x00z\x00a\x00r\x00-\x00l\
\x00a\x00 \x00f\x00o\x00r\x00a\x00 \x00d\
\x00e\x00 \x00l\x00\xed\x00n\x00i\x00a\x00 \
\x00m\x00i\x00t\x00j\x00a\x00n\x00\xe7\x00a\
\x00n\x00t\x00 \x00e\x00l\x00 \x00G\x00e\
\x00s\x00t\x00o\x00r\x00 \x00d\x00e\x00 \
\x00C\x00o\x00m\x00p\x00l\x00e\x00m\x00e\
\x00n\x00t\x00s\x00 \x00i\x00 \x00i\x00n\
\x00s\x00t\x00a\x00l\x00\xb7\x00l\x00a\x00r\
\x00 \x00e\x00l\x00 \x00c\x00o\x00m\x00p\
\x00l\x00e\x00m\x00e\x00n\x00t\x00 \x00\x22\
\x00d\x00o\x00c\x00u\x00m\x00e\x00n\x00t\
\x00a\x00c\x00i\x00\xf3\x00 \x00f\x00o\x00r\
\x00a\x00 \x00d\x00e\x00 \x00l\x00\xed\x00n\
\x00i\x00a\x00\x22\x00.\x00 \x00S\x00i\x00 \
\x00a\x00q\x00u\x00e\x00s\x00t\x00 \x00c\
\x00a\x00m\x00p\x00 \x00e\x00s\x00 \x00d\
\x00e\x00i\x00x\x00a\x00 \x00e\x00n\x00 \
\x00b\x00l\x00a\x00n\x00c\x00,\x00 \x00F\
\x00r\x00e\x00e\x00C\x00A\x00D\x00\x0a\x00b\
\x00u\x00s\x00c\x00a\x00r\x00\xe0\x00 \x00a\
\x00u\x00t\x00o\x00m\x00\xe0\x00t\x00i\x00c\
\x00a\x00m\x00e\x00n\x00t\x00 \x00e\x00l\
\x00s\x00 \x00f\x00i\x00t\x00x\x00e\x00r\
\x00s\x00 \x00d\x00'\x00a\x00j\x00u\x00d\
\x00a\x00 \x00a\x00\x0a\x00l\x00a\x00 \x00u\
\x00b\x00i\x00c\x00a\x00c\x00i\x00\xf3\x00 \
\x00p\x00e\x00r\x00 \x00d\x00e\x00f\x00e\
\x00c\x00t\x00e\x00 \x00(\x00$\x00U\x00S\
\x00E\x00R\x00A\x00P\x00P\x00D\x00A\x00T\
\x00A\x00D\x00I\x00R\x00/\x00M\x00o\x00d\
\x00/\x00o\x00f\x00f\x00l\x00i\x00n\x00e\
\x00-\x00d\x00o\x00c\x00u\x00m\x00e\x00n\
\x00t\x00a\x00t\x00i\x00o\x00n\x00)\x00.\
\x08\x00\x00\x00\x00\x06\x00\x00\x01WSet th\
is to a custom U\
RL or the folder\
 where the help \
files are locate\
d.\x0aDocumentation\
 can be download\
ed for offline u\
se via the Addon\
 Manager and ins\
talling the\x0a\x22off\
line-documentati\
on\x22 addon. If th\
is field is left\
 blank, FreeCAD \
will\x0aautomatical\
ly search for th\
e help files at \
the default loca\
tion\x0a($USERAPPDA\
TADIR/Mod/offlin\
e-documentation)\
.\x07\x00\x00\x00\x04Form\x01\x03\x00\x00\x03(\
\x00E\x00s\x00t\x00a\x00b\x00l\x00i\x00u\
\x00-\x00h\x00o\x00 \x00a\x00 \x00u\x00n\
\x00 \x00U\x00R\x00L\x00 \x00p\x00e\x00r\
\x00s\x00o\x00n\x00a\x00l\x00i\x00t\x00z\
\x00a\x00t\x00 \x00o\x00 \x00a\x00 \x00l\
\x00a\x00 \x00u\x00b\x00i\x00c\x00a\x00c\
\x00i\x00\xf3\x00 \x00o\x00n\x00 \x00e\x00s\
\x00 \x00t\x00r\x00o\x00b\x00e\x00n\x00 \
\x00e\x00l\x00s\x00 \x00f\x00i\x00t\x00x\
\x00e\x00r\x00s\x00 \x00d\x00'\x00a\x00j\
\x00u\x00d\x00a\x00.\x00\x0a\x00P\x00o\x00d\
\x00e\x00u\x00 \x00d\x00e\x00s\x00c\x00a\
\x00r\x00r\x00e\x00g\x00a\x00r\x00 \x00f\
\x00\xe0\x00c\x00i\x00l\x00m\x00e\x00n\x00t\
\x00 \x00l\x00a\x00 \x00d\x00o\x00c\x00u\
\x00m\x00e\x00n\x00t\x00a\x00c\x00i\x00\xf3\
\x00 \x00p\x00e\x00r\x00 \x00u\x00t\x00i\
\x00l\x00i\x00t\x00z\x00a\x00r\x00-\x00l\
\x00a\x00 \x00f\x00o\x00r\x00a\x00 \x00d\
\x00e\x00 \x00l\x00\xed\x00n\x00i\x00a\x00 \
\x00m\x00i\x00t\x00j\x00a\x00n\x00\xe7\x00a\
\x00n\x00t\x00 \x00e\x00l\x00 \x00c\x00o\
\x00m\x00p\x00l\x00e\x00m\x00e\x00n\x00t\
\x00\x0a\x00G\x00e\x00s\x00t\x00o\x00r\x00 \
\x00i\x00 \x00i\x00n\x00s\x00t\x00a\x00l\
\x00\xb7\x00l\x00a\x00r\x00 \x00e\x00l\x00 \
\x00c\x00o\x00m\x00p\x00l\x00e\x00m\x00e\
\x00n\x00t\x00 \x00\x22\x00d\x00o\x00c\x00u\
\x00m\x00e\x00n\x00t\x00a\x00c\x00i\x00\xf3\
\x00 \x00f\x00o\x00r\x00a\x00 \x00d\x00e\
\x00 \x00l\x00\xed\x00n\x00i\x00a\x00\x22\x00.\
\x00 \x00S\x00i\x00 \x00a\x00q\x00u\x00e\
\x00s\x00t\x00\x0a\x00c\x00a\x00m\x00p\x00 \
\x00e\x00s\x00 \x00d\x00e\x00i\x00x\x00a\
\x00 \x00e\x00n\x00 \x00b\x00l\x00a\x00n\
\x00c\x00,\x00 \x00F\x00r\x00e\x00e\x00C\
\x00A\x00D\x00 \x00b\x00u\x00s\x00c\x00a\
\x00r\x00\xe0\x00 \x00a\x00u\x00t\x00o\x00m\
\x00\xe0\x00t\x00i\x00c\x00a\x00m\x00e\x00n\
\x00t\x00 \x00e\x00l\x00s\x00 \x00f\x00i\
\x00t\x00x\x00e\x00r\x00s\x00 \x00d\x00'\
\x00a\x00j\x00u\x00d\x00a\x00 \x00a\x00\x0a\
\x00l\x00a\x00 \x00u\x00b\x00i\x00c\x00a\
\x00c\x00i\x00\xf3\x00 \x00p\x00e\x00r\x00 \
\x00d\x00e\x00f\x00e\x00c\x00t\x00e\x00 \
\x00(\x00$\x00U\x00S\x00E\x00R\x00A\x00P\
\x00P\x00D\x00A\x00T\x00A\x00D\x00I\x00R\
\x00/\x00M\x00o\x00d\x00/\x00o\x00f\x00f\
\x00l\x00i\x00n\x00e\x00-\x00d\x00o\x00c\
\x00u\x00m\x00e\x00n\x00t\x00a\x00t\x00i\
\x00o\x00n\x00)\x00.\x08\x00\x00\x00\x00\x06\x00\x00\
\x01fSet this to a \
custom URL or th\
e folder where t\
he help files ar\
e located.\x0aYou c\
an easily downlo\
ad the documenta\
tion for offline\
 use by using th\
e Addon\x0aManager \
and installing t\
he \x22offline-docu\
mentation\x22 addon\
. If this\x0afield \
is left blank, F\
reeCAD will auto\
matically search\
 for the help fi\
les at\x0athe defau\
lt location ($US\
ERAPPDATADIR/Mod\
/offline-documen\
tation).\x07\x00\x00\x00\x04For\
m\x01\x03\x00\x00\x00\x08\x00F\x00o\x00n\x00t\x08\
\x00\x00\x00\x00\x06\x00\x00\x00\x06Source\x07\
\x00\x00\x00\x04Form\x01\x03\x00\x00\x01\x14\x00E\
\x00s\x00p\x00e\x00c\x00i\x00f\x00i\x00c\
\x00a\x00 \x00e\x00l\x00 \x00c\x00a\x00m\
\x00\xed\x00 \x00d\x00'\x00u\x00n\x00 \x00f\
\x00i\x00t\x00x\x00e\x00r\x00 \x00C\x00S\
\x00S\x00 \x00a\x00l\x00t\x00e\x00r\x00n\
\x00a\x00t\x00i\x00u\x00 \x00p\x00e\x00r\
\x00 \x00a\x00 \x00e\x00s\x00t\x00i\x00l\
\x00i\x00t\x00z\x00a\x00r\x00 \x00l\x00e\
\x00s\x00 \x00p\x00\xe0\x00g\x00i\x00n\x00e\
\x00s\x00 \x00e\x00n\x00 \x00M\x00a\x00r\
\x00k\x00d\x00o\x00w\x00n\x00.\x00\x0a\x00N\
\x00o\x00m\x00\xe9\x00s\x00 \x00a\x00p\x00l\
\x00i\x00c\x00a\x00 \x00s\x00i\x00 \x00s\
\x00'\x00h\x00a\x00 \x00s\x00e\x00l\x00e\
\x00c\x00c\x00i\x00o\x00n\x00a\x00t\x00 \
\x00M\x00a\x00r\x00k\x00d\x00o\x00w\x00n\
\x00 \x00a\x00 \x00s\x00o\x00b\x00r\x00e\
\x00.\x08\x00\x00\x00\x00\x06\x00\x00\x00xSpec\
ify the path to \
an alternative C\
SS file for styl\
ing Markdown pag\
es.\x0aThis only ap\
plies if Markdow\
n is selected ab\
ove.\x07\x00\x00\x00\x04Form\x01\x03\x00\
\x00\x02\xfc\x00L\x00e\x00s\x00 \x00p\x00\xe0\x00\
g\x00i\x00n\x00e\x00s\x00 \x00d\x00e\x00\
 \x00d\x00o\x00c\x00u\x00m\x00e\x00n\x00\
t\x00a\x00c\x00i\x00\xf3\x00 \x00e\x00s\x00\
 \x00r\x00e\x00c\x00u\x00p\x00e\x00r\x00\
a\x00r\x00a\x00n\x00 \x00a\x00 \x00p\x00\
a\x00r\x00t\x00i\x00r\x00 \x00d\x00'\x00\
u\x00n\x00a\x00 \x00c\x00o\x00n\x00v\x00\
e\x00r\x00s\x00i\x00\xf3\x00 \x00a\x00u\x00\
t\x00o\x00m\x00\xe0\x00t\x00i\x00c\x00a\x00\
 \x00e\x00n\x00 \x00M\x00a\x00r\x00k\x00\
d\x00o\x00w\x00n\x00 \x00d\x00e\x00 \x00\
l\x00a\x00 \x00w\x00i\x00k\x00i\x00 \x00\
d\x00e\x00 \x00F\x00r\x00e\x00e\x00C\x00\
A\x00D\x00,\x00 \x00q\x00u\x00e\x00 \x00\
s\x00'\x00a\x00l\x00l\x00o\x00t\x00j\x00\
a\x00 \x00a\x00l\x00 \x00c\x00o\x00m\x00\
p\x00t\x00e\x00 \x00d\x00e\x00 \x00F\x00\
r\x00e\x00e\x00C\x00A\x00D\x00 \x00d\x00\
e\x00 \x00G\x00i\x00t\x00H\x00u\x00b\x00\
.\x00 \x00\xc9\x00s\x00 \x00p\x00o\x00s\x00\
s\x00i\x00b\x00l\x00e\x00 \x00m\x00o\x00\
d\x00i\x00f\x00i\x00c\x00a\x00r\x00 \x00\
l\x00a\x00 \x00s\x00e\x00v\x00a\x00 \x00\
a\x00p\x00a\x00r\x00e\x00n\x00\xe7\x00a\x00\
 \x00a\x00m\x00b\x00 \x00u\x00n\x00 \x00\
f\x00u\x00l\x00l\x00 \x00d\x00'\x00e\x00\
s\x00t\x00i\x00l\x00s\x00 \x00c\x00o\x00\
m\x00 \x00e\x00l\x00 \x00s\x00e\x00g\x00\
\xfc\x00e\x00n\x00t\x00,\x00 \x00i\x00 \x00\
p\x00o\x00t\x00 \x00s\x00e\x00r\x00 \x00\
m\x00\xe9\x00s\x00 \x00a\x00g\x00r\x00a\x00\
d\x00a\x00b\x00l\x00e\x00 \x00q\x00u\x00\
e\x00 \x00l\x00a\x00 \x00o\x00p\x00c\x00\
i\x00\xf3\x00 \x00d\x00e\x00 \x00l\x00a\x00\
 \x00w\x00i\x00k\x00i\x00.\x00 \x00P\x00\
e\x00r\x00 \x00a\x00 \x00o\x00b\x00t\x00\
e\x00n\x00i\x00r\x00 \x00u\x00n\x00s\x00\
 \x00r\x00e\x00s\x00u\x00l\x00t\x00a\x00\
t\x00s\x00 \x00\xf2\x00p\x00t\x00i\x00m\x00\
s\x00,\x00 \x00s\x00'\x00h\x00a\x00 \x00\
d\x00'\x00i\x00n\x00s\x00t\x00a\x00l\x00\
\xb7\x00l\x00a\x00r\x00 \x00e\x00l\x00s\x00\
 \x00m\x00\xf2\x00d\x00u\x00l\x00s\x00 \x00\
d\x00e\x00 \x00P\x00y\x00t\x00h\x00o\x00\
n\x00 \x00'\x00M\x00a\x00r\x00k\x00d\x00\
o\x00w\x00n\x00'\x00 \x00o\x00 \x00'\x00\
P\x00a\x00n\x00d\x00o\x00c\x00'\x00.\x08\
\x00\x00\x00\x00\x06\x00\x00\x012The doc\
umentation pages\
 will be fetched\
 from an automat\
ic Markdown conv\
ersion\x0aof the Fr\
eeCAD wiki,hoste\
d on FreeCAD's G\
itHub account. T\
his can be style\
d with a\x0acustom \
stylesheet below\
 and can look ni\
cer than the wik\
i option. The 'M\
arkdown' or\x0a'Pan\
doc' Python modu\
le should be ins\
talled for optim\
al results.\x07\x00\x00\x00\x04\
Form\x01\x03\x00\x00\x00\xc2\x00L\x00e\x00s\
\x00 \x00p\x00\xe0\x00g\x00i\x00n\x00e\x00s\
\x00 \x00d\x00e\x00 \x00d\x00o\x00c\x00u\
\x00m\x00e\x00n\x00t\x00a\x00c\x00i\x00\xf3\
\x00 \x00s\x00e\x00r\x00a\x00n\x00 \x00o\
\x00b\x00t\x00i\x00n\x00g\x00u\x00d\x00e\
\x00s\x00 \x00d\x00e\x00 \x00l\x00a\x00\x0a\
\x00F\x00r\x00e\x00e\x00C\x00A\x00D\x00w\
\x00i\x00k\x00i\x00 \x00o\x00f\x00i\x00c\
\x00i\x00a\x00l\x00 \x00a\x00 \x00h\x00t\
\x00t\x00p\x00s\x00:\x00/\x00/\x00w\x00i\
\x00k\x00i\x00.\x00f\x00r\x00e\x00e\x00c\
\x00a\x00d\x00.\x00o\x00r\x00g\x08\x00\x00\x00\
\x00\x06\x00\x00\x00aThe docume\
ntation pages wi\
ll be fetched fr\
om the official\x0a\
FreeCADwiki at h\
ttps://wiki.free\
cad.org\x07\x00\x00\x00\x04Form\
\x01\x03\x00\x00\x01\x0c\x00L\x00a\x00 \x00d\x00o\
\x00c\x00u\x00m\x00e\x00n\x00t\x00a\x00c\
\x00i\x00\xf3\x00 \x00s\x00'\x00o\x00b\x00r\
\x00i\x00r\x00\xe0\x00 \x00e\x00n\x00 \x00u\
\x00n\x00a\x00 \x00p\x00e\x00s\x00t\x00a\
\x00n\x00y\x00a\x00 \x00n\x00o\x00v\x00a\
\x00 \x00d\x00i\x00n\x00s\x00 \x00d\x00e\
\x00 \x00l\x00a\x00 \x00i\x00n\x00t\x00e\
\x00r\x00f\x00\xed\x00c\x00i\x00e\x00 \x00F\
\x00r\x00e\x00e\x00C\x00A\x00D\x00.\x00 \
\x00A\x00i\x00x\x00\xf2\x00 \x00r\x00e\x00q\
\x00u\x00e\x00r\x00e\x00i\x00x\x00 \x00e\
\x00l\x00 \x00c\x00o\x00m\x00p\x00o\x00n\
\x00e\x00n\x00t\x00 \x00Q\x00t\x00W\x00e\
\x00b\x00e\x00n\x00g\x00i\x00n\x00e\x00W\
\x00i\x00d\x00g\x00e\x00t\x00s\x00 \x00d\
\x00e\x00 \x00P\x00y\x00S\x00i\x00d\x00e\
\x00.\x08\x00\x00\x00\x00\x06\x00\x00\x00}The \
documentation wi\
ll open in a new\
 tab inside the \
FreeCAD interfac\
e. This requires\
 the PySide QtWe\
bengineWidgets c\
omponent.\x07\x00\x00\x00\x04Fo\
rm\x01\x03\x00\x00\x00Z\x00E\x00l\x00 \x00d\
\x00o\x00c\x00u\x00m\x00e\x00n\x00t\x00 \
\x00s\x00'\x00o\x00b\x00r\x00i\x00r\x00\xe0\
\x00 \x00a\x00l\x00 \x00n\x00a\x00v\x00e\
\x00g\x00a\x00d\x00o\x00r\x00 \x00p\x00e\
\x00r\x00 \x00d\x00e\x00f\x00e\x00c\x00t\
\x00e\x08\x00\x00\x00\x00\x06\x00\x00\x006The \
documentation wi\
ll open in the d\
efault web brows\
er\x07\x00\x00\x00\x04Form\x01\x03\x00\x00\x00\
$\x00S\x00u\x00f\x00i\x00x\x00 \x00d\x00\
e\x00 \x00t\x00r\x00a\x00d\x00u\x00c\x00\
c\x00i\x00\xf3\x08\x00\x00\x00\x00\x06\x00\x00\x00\x12T\
ranslation suffi\
x\x07\x00\x00\x00\x04Form\x01\x03\x00\x00\x01\x12\
\x00N\x00o\x00 \x00s\x00'\x00h\x00a\x00 \
\x00p\x00o\x00g\x00u\x00t\x00 \x00o\x00b\
\x00t\x00e\x00n\x00i\x00r\x00 \x00e\x00l\
\x00 \x00c\x00o\x00n\x00t\x00i\x00n\x00g\
\x00u\x00t\x00 \x00d\x00'\x00a\x00q\x00u\
\x00e\x00s\x00t\x00a\x00 \x00p\x00\xe0\x00g\
\x00i\x00n\x00a\x00.\x00 \x00S\x00i\x00 \
\x00u\x00s\x00 \x00p\x00l\x00a\x00u\x00,\
\x00 \x00c\x00o\x00m\x00p\x00r\x00o\x00v\
\x00i\x00 \x00l\x00e\x00s\x00 \x00p\x00r\
\x00e\x00f\x00e\x00r\x00\xe8\x00n\x00c\x00i\
\x00e\x00s\x00 \x00a\x00l\x00 \x00m\x00e\
\x00n\x00\xfa\x00 \x00E\x00d\x00i\x00t\x00a\
\x00 !\x92\x00 \x00P\x00r\x00e\x00f\x00e\
\x00r\x00\xe8\x00n\x00c\x00i\x00e\x00s\x00 \
!\x92\x00 \x00G\x00e\x00n\x00e\x00r\x00a\
\x00l\x00 !\x92\x00 \x00A\x00j\x00u\x00d\
\x00a\x08\x00\x00\x00\x00\x06\x00\x00\x00yCont\
ents for this pa\
ge could not be \
retrieved. Pleas\
e check settings\
 under menu Edit\
 \xe2\x86\x92 Preferences\
 \xe2\x86\x92 General \xe2\x86\x92\
 Help\x07\x00\x00\x00\x04Help\x01\x03\
\x00\x00\x00\x0a\x00A\x00j\x00u\x00d\x00a\x08\x00\
\x00\x00\x00\x06\x00\x00\x00\x04Help\x07\x00\x00\x00\
\x04Help\x01\x03\x00\x00\x01$\x00N\x00o\x00\
 \x00s\x00'\x00h\x00a\x00 \x00p\x00o\x00\
g\x00u\x00t\x00 \x00d\x00e\x00t\x00e\x00\
r\x00m\x00i\x00n\x00a\x00r\x00 \x00l\x00\
a\x00 \x00u\x00b\x00i\x00c\x00a\x00c\x00\
i\x00\xf3\x00 \x00d\x00e\x00l\x00s\x00 \x00\
f\x00i\x00t\x00x\x00e\x00r\x00s\x00 \x00\
d\x00'\x00a\x00j\x00u\x00d\x00a\x00.\x00\
 \x00S\x00i\x00 \x00u\x00s\x00 \x00p\x00\
l\x00a\x00u\x00,\x00 \x00c\x00o\x00m\x00\
p\x00r\x00o\x00v\x00i\x00 \x00l\x00e\x00\
s\x00 \x00p\x00r\x00e\x00f\x00e\x00r\x00\
\xe8\x00n\x00c\x00i\x00e\x00s\x00 \x00e\x00\
n\x00 \x00e\x00l\x00 \x00m\x00e\x00n\x00\
\xfa\x00 \x00E\x00d\x00i\x00t\x00a\x00r\x00\
-\x00 \x00P\x00r\x00e\x00f\x00e\x00r\x00\
\xe8\x00n\x00c\x00i\x00e\x00s\x00 \x00-\x00\
 \x00G\x00e\x00n\x00e\x00r\x00a\x00l\x00\
 \x00-\x00 \x00A\x00j\x00u\x00d\x00a\x08\
\x00\x00\x00\x00\x06\x00\x00\x00wHelp fi\
les location cou\
ld not be determ\
ined. Please che\
ck settings unde\
r menu Edit \xe2\x86\x92 \
Preferences \xe2\x86\x92 \
General \xe2\x86\x92 Help\
\x07\x00\x00\x00\x04Help\x01\x03\x00\x00\x01\x0e\x00\
E\x00l\x00 \x00m\x00\xf2\x00d\x00u\x00l\x00\
 \x00Q\x00t\x00W\x00e\x00b\x00E\x00n\x00\
g\x00i\x00n\x00e\x00W\x00i\x00d\x00g\x00\
e\x00t\x00s\x00 \x00d\x00e\x00 \x00P\x00\
y\x00S\x00i\x00d\x00e\x00 \x00n\x00o\x00\
 \x00e\x00s\x00t\x00\xe0\x00 \x00d\x00i\x00\
s\x00p\x00o\x00n\x00i\x00b\x00l\x00e\x00\
.\x00 \x00L\x00a\x00 \x00r\x00e\x00n\x00\
d\x00e\x00r\x00i\x00t\x00z\x00a\x00c\x00\
i\x00\xf3\x00 \x00d\x00e\x00 \x00l\x00'\x00\
a\x00j\x00u\x00d\x00a\x00 \x00s\x00'\x00\
e\x00f\x00e\x00c\x00t\x00u\x00a\x00 \x00\
m\x00i\x00t\x00j\x00a\x00n\x00\xe7\x00a\x00\
n\x00t\x00 \x00e\x00l\x00 \x00n\x00a\x00\
v\x00e\x00g\x00a\x00d\x00o\x00r\x00 \x00\
w\x00e\x00b\x00 \x00d\x00e\x00l\x00 \x00\
s\x00i\x00s\x00t\x00e\x00m\x00a\x08\x00\x00\
\x00\x00\x06\x00\x00\x00aPySide Qt\
WebEngineWidgets\
 module is not a\
vailable. Help r\
endering is done\
 with the system\
 browser\x07\x00\x00\x00\x04Hel\
p\x01\x03\x00\x00\x01\xc0\x00N\x00o\x00 \x00h\x00\
i\x00 \x00h\x00a\x00 \x00c\x00a\x00p\x00\
 \x00r\x00e\x00n\x00d\x00e\x00r\x00i\x00\
t\x00z\x00a\x00d\x00o\x00r\x00 \x00d\x00\
e\x00 \x00M\x00a\x00r\x00k\x00d\x00o\x00\
w\x00n\x00 \x00i\x00n\x00s\x00t\x00a\x00\
l\x00\xb7\x00l\x00a\x00t\x00 \x00a\x00l\x00\
 \x00v\x00o\x00s\x00t\x00r\x00e\x00 \x00\
s\x00i\x00s\x00t\x00e\x00m\x00a\x00,\x00\
 \x00d\x00e\x00 \x00m\x00a\x00n\x00e\x00\
r\x00a\x00 \x00q\x00u\x00e\x00 \x00a\x00\
q\x00u\x00e\x00s\x00t\x00a\x00 \x00p\x00\
\xe0\x00g\x00i\x00n\x00a\x00 \x00d\x00'\x00\
a\x00j\x00u\x00d\x00a\x00 \x00e\x00s\x00\
 \x00r\x00e\x00p\x00r\x00e\x00s\x00e\x00\
n\x00t\x00a\x00 \x00t\x00a\x00l\x00 \x00\
q\x00u\x00a\x00l\x00.\x00 \x00I\x00n\x00\
s\x00t\x00a\x00l\x00\xb7\x00l\x00e\x00u\x00\
 \x00e\x00l\x00s\x00 \x00m\x00\xf2\x00d\x00\
u\x00l\x00s\x00 \x00P\x00y\x00t\x00h\x00\
o\x00n\x00 \x00M\x00a\x00r\x00k\x00d\x00\
o\x00w\x00n\x00 \x00o\x00 \x00P\x00a\x00\
n\x00d\x00o\x00c\x00 \x00p\x00e\x00r\x00\
 \x00m\x00i\x00l\x00l\x00o\x00r\x00a\x00\
r\x00 \x00l\x00a\x00 \x00r\x00e\x00p\x00\
r\x00e\x00s\x00e\x00n\x00t\x00a\x00c\x00\
i\x00\xf3\x00 \x00d\x00'\x00a\x00q\x00u\x00\
e\x00s\x00t\x00a\x00 \x00p\x00\xe0\x00g\x00\
i\x00n\x00a\x00.\x08\x00\x00\x00\x00\x06\x00\x00\x00\
\xb8There is no Mar\
kdown renderer i\
nstalled on your\
 system, so this\
 help page is re\
ndered as is. Pl\
ease install the\
 Markdown or Pan\
doc Python modul\
es to improve th\
e rendering of t\
his page.\x07\x00\x00\x00\x04He\
lp\x01\x03\x00\x00\x00\x0e\x00G\x00e\x00n\x00e\
\x00r\x00a\x00l\x08\x00\x00\x00\x00\x06\x00\x00\x00\x07\
General\x07\x00\x00\x00\x07QObj\
ect\x01\x88\x00\x00\x00\x02\x01\x01\
\x00\x00&{\
<\
\xb8d\x18\xca\xef\x9c\x95\xcd!\x1c\xbf`\xa1\xbd\xdd\xa7\
\x00\x00\x00\x05es-ARB\x00\x00\x00\xf0\x00\x04\
\xec0\x00\x00\x06\x1a\x00\x04\xec0\x00\x00\x1f_\x00\x99\
N\xa8\x00\x00\x1df\x018!.\x00\x00\x15\xa2\x01\x82\
\xc62\x00\x00!J\x02mV`\x00\x00\x1f\x86\x04\x1e\
\xf1\x82\x00\x00\x06A\x04Dm9\x00\x00\x05n\x04T\
\x18N\x00\x00\x13\xf9\x04\x89?'\x00\x00\x06\x9c\x04\xde\
1)\x00\x00\x07\x92\x05M7\xf2\x00\x00\x07\x1b\x05\xa6\
\xc8\x95\x00\x00\x13\xce\x06{\x06\x03\x00\x00\x0a\x11\x06\xa4\
]\x8e\x00\x00\x0aA\x07\x07\xe0\x0e\x00\x00\x1a\xfd\x07t\
\x8a\x94\x00\x00\x01\xa8\x09\x82\xac\xae\x00\x00\x00\x00\x09\xd5\
\xc9.\x00\x00\x028\x0auc\xd7\x00\x00\x19\xb7\x0b\x0a\
r\xc9\x00\x00\x02\x0a\x0c\xe2\x80\xae\x00\x00\x044\x0d\xb7\
\x06\x10\x00\x00\x1d\xb9\x0d\xc4\xc8<\x00\x00%/\x0e*\
j\xae\x00\x00\x22\xb2\x0ek8\x9e\x00\x00\x0e\xf5\x0e\x8d\
\xd4\x82\x00\x00\x1c\x9d\x0e\xca\x08\x89\x00\x00\x05\xd0\x0f-\
\x13\xae\x00\x00\x01R\x0fE\xeb\x1e\x00\x00\x07\xfai\x00\
\x00%`\x03\x00\x00\x00\xdc\x00U\x00n\x00 \x00s\
\x00u\x00f\x00i\x00j\x00o\x00 \x00d\x00e\
\x00 \x00t\x00r\x00a\x00d\x00u\x00c\x00c\
\x00i\x00\xf3\x00n\x00 \x00p\x00a\x00r\x00a\
\x00 \x00u\x00s\x00a\x00r\x00,\x00 \x00p\
\x00o\x00r\x00 \x00e\x00j\x00e\x00m\x00p\
\x00l\x00o\x00 \x00\x22\x00e\x00s\x00\x22\x00\x0a\
\x00p\x00a\x00r\x00a\x00 \x00o\x00b\x00t\
\x00e\x00n\x00e\x00r\x00 \x00l\x00a\x00 \
\x00t\x00r\x00a\x00d\x00u\x00c\x00c\x00i\
\x00\xf3\x00n\x00 \x00a\x00l\x00 \x00e\x00s\
\x00p\x00a\x00\xf1\x00o\x00l\x00 \x00d\x00e\
\x00 \x00l\x00a\x00 \x00d\x00o\x00c\x00u\
\x00m\x00e\x00n\x00t\x00a\x00c\x00i\x00\xf3\
\x00n\x00.\x08\x00\x00\x00\x00\x06\x00\x00\x00]A \
translation suff\
ix to use, for e\
xample \x22fr\x22\x0ato g\
et French transl\
ation of the doc\
umentation.\x07\x00\x00\x00\x04\
Form\x01\x03\x00\x00\x00.\x00U\x00b\x00i\
\x00c\x00a\x00c\x00i\x00\xf3\x00n\x00 \x00p\
\x00e\x00r\x00s\x00o\x00n\x00a\x00l\x00i\
\x00z\x00a\x00d\x00a\x08\x00\x00\x00\x00\x06\x00\x00\
\x00\x0fCustom locatio\
n\x07\x00\x00\x00\x04Form\x01\x03\x00\x00\x008\
\x00H\x00o\x00j\x00a\x00 \x00d\x00e\x00 \
\x00e\x00s\x00t\x00i\x00l\x00o\x00 \x00p\
\x00e\x00r\x00s\x00o\x00n\x00a\x00l\x00i\
\x00z\x00a\x00d\x00a\x08\x00\x00\x00\x00\x06\x00\x00\
\x00\x11Custom stylesh\
eet\x07\x00\x00\x00\x04Form\x01\x03\x00\x00\
\x00\x0e\x00M\x00o\x00s\x00t\x00r\x00a\x00r\
\x08\x00\x00\x00\x00\x06\x00\x00\x00\x07Displa\
y\x07\x00\x00\x00\x04Form\x01\x03\x00\x00\x01N\
\x00L\x00a\x00 \x00d\x00o\x00c\x00u\x00m\
\x00e\x00n\x00t\x00a\x00c\x00i\x00\xf3\x00n\
\x00 \x00s\x00e\x00 \x00a\x00b\x00r\x00e\
\x00 \x00e\x00n\x00 \x00u\x00n\x00 \x00d\
\x00i\x00\xe1\x00l\x00o\x00g\x00o\x00 \x00a\
\x00c\x00o\x00p\x00l\x00a\x00b\x00l\x00e\
\x00 \x00d\x00e\x00n\x00t\x00r\x00o\x00 \
\x00d\x00e\x00 \x00F\x00r\x00e\x00e\x00C\
\x00A\x00D\x00,\x00 \x00p\x00e\x00r\x00m\
\x00i\x00t\x00i\x00e\x00n\x00d\x00o\x00 \
\x00e\x00l\x00 \x00t\x00r\x00a\x00b\x00a\
\x00j\x00o\x00 \x00s\x00i\x00m\x00u\x00l\
\x00t\x00\xe1\x00n\x00e\x00o\x00 \x00e\x00n\
\x00 \x00l\x00a\x00 \x00v\x00i\x00s\x00t\
\x00a\x00 \x003\x00D\x00.\x00\x0a\x00R\x00e\
\x00q\x00u\x00i\x00e\x00r\x00e\x00 \x00e\
\x00l\x00 \x00c\x00o\x00m\x00p\x00o\x00n\
\x00e\x00n\x00t\x00e\x00 \x00P\x00y\x00S\
\x00i\x00d\x00e\x00 \x00Q\x00t\x00W\x00e\
\x00b\x00e\x00n\x00g\x00i\x00n\x00e\x00W\
\x00i\x00d\x00g\x00e\x00t\x00s\x00.\x08\x00\
\x00\x00\x00\x06\x00\x00\x00\x95Document\
ation opens in a\
 dockable dialog\
 within FreeCAD,\
 allowing simult\
aneous work in t\
he 3D view.\x0aRequ\
ires the PySide \
QtWebengineWidge\
ts component.\x07\x00\x00\
\x00\x04Form\x01\x03\x00\x00\x00\xc8\x00O\x00b\
\x00t\x00i\x00e\x00n\x00e\x00 \x00l\x00a\
\x00 \x00d\x00o\x00c\x00u\x00m\x00e\x00n\
\x00t\x00a\x00c\x00i\x00\xf3\x00n\x00 \x00d\
\x00e\x00 \x00l\x00a\x00s\x00 \x00p\x00\xe1\
\x00g\x00i\x00n\x00a\x00s\x00 \x00r\x00e\
\x00n\x00d\x00e\x00r\x00i\x00z\x00a\x00d\
\x00a\x00s\x00 \x00e\x00n\x00 \x00G\x00i\
\x00t\x00H\x00u\x00b\x00.\x00\x0a\x00E\x00s\
\x00t\x00o\x00 \x00n\x00o\x00 \x00e\x00s\
\x00t\x00\xe1\x00 \x00d\x00i\x00s\x00p\x00o\
\x00n\x00i\x00b\x00l\x00e\x00 \x00a\x00c\
\x00t\x00u\x00a\x00l\x00m\x00e\x00n\x00t\
\x00e\x00.\x08\x00\x00\x00\x00\x06\x00\x00\x00YFe\
tches the docume\
ntation from pag\
es rendered on G\
itHub.\x0aThis is c\
urrently not ava\
ilable.\x07\x00\x00\x00\x04Form\
\x01\x03\x00\x00\x004\x00W\x00i\x00k\x00i\x00 \
\x00d\x00e\x00 \x00F\x00r\x00e\x00e\x00C\
\x00A\x00D\x00 \x00(\x00e\x00n\x00 \x00l\
\x00\xed\x00n\x00e\x00a\x00)\x08\x00\x00\x00\x00\x06\
\x00\x00\x00\x15FreeCAD Wiki\
 (online)\x07\x00\x00\x00\x04Fo\
rm\x01\x03\x00\x00\x00\x22\x00G\x00i\x00t\x00H\
\x00u\x00b\x00 \x00(\x00e\x00n\x00 \x00l\
\x00\xed\x00n\x00e\x00a\x00)\x08\x00\x00\x00\x00\x06\
\x00\x00\x00\x0fGitHub (onli\
ne)\x07\x00\x00\x00\x04Form\x01\x03\x00\x00\
\x00\x0a\x00A\x00y\x00u\x00d\x00a\x08\x00\x00\x00\
\x00\x06\x00\x00\x00\x04Help\x07\x00\x00\x00\x04F\
orm\x01\x03\x00\x00\x002\x00E\x00n\x00 \x00\
u\x00n\x00a\x00 \x00p\x00e\x00s\x00t\x00\
a\x00\xf1\x00a\x00 \x00d\x00e\x00 \x00F\x00\
r\x00e\x00e\x00C\x00A\x00D\x08\x00\x00\x00\x00\
\x06\x00\x00\x00\x10In a FreeCA\
D tab\x07\x00\x00\x00\x04Form\x01\x03\
\x00\x00\x00F\x00E\x00n\x00 \x00u\x00n\x00 \
\x00d\x00i\x00\xe1\x00l\x00o\x00g\x00o\x00 \
\x00s\x00e\x00p\x00a\x00r\x00a\x00d\x00o\
\x00,\x00 \x00i\x00n\x00c\x00r\x00u\x00s\
\x00t\x00a\x00b\x00l\x00e\x08\x00\x00\x00\x00\x06\
\x00\x00\x00 In a separat\
e, embeddable di\
alog\x07\x00\x00\x00\x04Form\x01\x03\x00\
\x00\x00D\x00E\x00n\x00 \x00t\x00u\x00 \x00\
n\x00a\x00v\x00e\x00g\x00a\x00d\x00o\x00\
r\x00 \x00w\x00e\x00b\x00 \x00p\x00r\x00\
e\x00d\x00e\x00t\x00e\x00r\x00m\x00i\x00\
n\x00a\x00d\x00o\x08\x00\x00\x00\x00\x06\x00\x00\x00\
\x1aIn the default \
web browser\x07\x00\x00\x00\x04\
Form\x01\x03\x00\x00\x006\x00V\x00e\x00r\
\x00s\x00i\x00\xf3\x00n\x00 \x00M\x00a\x00r\
\x00k\x00d\x00o\x00w\x00n\x00 \x00(\x00e\
\x00n\x00 \x00l\x00\xed\x00n\x00e\x00a\x00)\
\x08\x00\x00\x00\x00\x06\x00\x00\x00\x19Markdo\
wn version (onli\
ne)\x07\x00\x00\x00\x04Form\x01\x03\x00\x00\
\x01r\x00N\x00o\x00t\x00a\x00:\x00 \x00s\
\x00i\x00 \x00l\x00o\x00s\x00 \x00c\x00o\
\x00m\x00p\x00o\x00n\x00e\x00n\x00t\x00e\
\x00s\x00 \x00w\x00e\x00b\x00 \x00d\x00e\
\x00 \x00P\x00y\x00S\x00i\x00d\x00e\x00 \
\x00n\x00o\x00 \x00s\x00e\x00 \x00e\x00n\
\x00c\x00u\x00e\x00n\x00t\x00r\x00a\x00n\
\x00 \x00e\x00n\x00 \x00e\x00l\x00 \x00s\
\x00i\x00s\x00t\x00e\x00m\x00a\x00,\x00 \
\x00l\x00a\x00s\x00 \x00p\x00\xe1\x00g\x00i\
\x00n\x00a\x00s\x00 \x00d\x00e\x00 \x00a\
\x00y\x00u\x00d\x00a\x00 \x00s\x00e\x00 \
\x00a\x00b\x00r\x00i\x00r\x00\xe1\x00n\x00 \
\x00e\x00n\x00 \x00e\x00l\x00 \x00n\x00a\
\x00v\x00e\x00g\x00a\x00d\x00o\x00r\x00 \
\x00w\x00e\x00b\x00 \x00p\x00o\x00r\x00 \
\x00d\x00e\x00f\x00e\x00c\x00t\x00o\x00 \
\x00i\x00n\x00d\x00e\x00p\x00e\x00n\x00d\
\x00i\x00e\x00n\x00t\x00e\x00m\x00e\x00n\
\x00t\x00e\x00 \x00d\x00e\x00 \x00l\x00a\
\x00s\x00 \x00o\x00p\x00c\x00i\x00o\x00n\
\x00e\x00s\x00 \x00a\x00 \x00c\x00o\x00n\
\x00t\x00i\x00n\x00u\x00a\x00c\x00i\x00\xf3\
\x00n\x00.\x08\x00\x00\x00\x00\x06\x00\x00\x00\x8cNo\
te: if PySide We\
b components are\
 not found on th\
e system, help p\
ages will open i\
n the default we\
b browser regard\
less of the opti\
ons below.\x07\x00\x00\x00\x04F\
orm\x01\x03\x00\x00\x00\x10\x00O\x00p\x00c\x00\
i\x00o\x00n\x00e\x00s\x08\x00\x00\x00\x00\x06\x00\
\x00\x00\x07Options\x07\x00\x00\x00\x04F\
orm\x01\x03\x00\x00\x03D\x00A\x00p\x00l\x00\
i\x00c\x00a\x00r\x00 \x00e\x00s\x00t\x00\
o\x00 \x00a\x00 \x00u\x00n\x00a\x00 \x00\
U\x00R\x00L\x00 \x00p\x00e\x00r\x00s\x00\
o\x00n\x00a\x00l\x00i\x00z\x00a\x00d\x00\
a\x00 \x00o\x00 \x00e\x00n\x00 \x00l\x00\
a\x00 \x00c\x00a\x00r\x00p\x00e\x00t\x00\
a\x00 \x00d\x00o\x00n\x00d\x00e\x00 \x00\
s\x00e\x00 \x00e\x00n\x00c\x00u\x00e\x00\
n\x00t\x00r\x00a\x00n\x00 \x00l\x00o\x00\
s\x00 \x00a\x00r\x00c\x00h\x00i\x00v\x00\
o\x00s\x00 \x00d\x00e\x00 \x00a\x00y\x00\
u\x00d\x00a\x00.\x00\x0a\x00P\x00u\x00e\x00\
d\x00e\x00 \x00d\x00e\x00s\x00c\x00a\x00\
r\x00g\x00a\x00r\x00 \x00l\x00a\x00 \x00\
d\x00o\x00c\x00u\x00m\x00e\x00n\x00t\x00\
a\x00c\x00i\x00\xf3\x00n\x00 \x00p\x00a\x00\
r\x00a\x00 \x00e\x00l\x00 \x00u\x00s\x00\
o\x00 \x00s\x00i\x00n\x00 \x00c\x00o\x00\
n\x00e\x00x\x00i\x00\xf3\x00n\x00 \x00u\x00\
t\x00i\x00l\x00i\x00z\x00a\x00n\x00d\x00\
o\x00 \x00e\x00l\x00 \x00A\x00d\x00m\x00\
i\x00n\x00i\x00s\x00t\x00r\x00a\x00d\x00\
o\x00r\x00\x0a\x00d\x00e\x00 \x00c\x00o\x00\
m\x00p\x00l\x00e\x00m\x00e\x00n\x00t\x00\
o\x00s\x00 \x00e\x00 \x00i\x00n\x00s\x00\
t\x00a\x00l\x00a\x00n\x00d\x00o\x00 \x00\
e\x00l\x00 \x00c\x00o\x00m\x00p\x00l\x00\
e\x00m\x00e\x00n\x00t\x00o\x00 \x00\x22\x00\
d\x00o\x00c\x00u\x00m\x00e\x00n\x00t\x00\
a\x00c\x00i\x00\xf3\x00n\x00 \x00s\x00i\x00\
n\x00 \x00c\x00o\x00n\x00e\x00x\x00i\x00\
\xf3\x00n\x00\x22\x00.\x00 \x00S\x00i\x00 \x00\
e\x00s\x00t\x00e\x00\x0a\x00c\x00a\x00m\x00\
p\x00o\x00 \x00s\x00e\x00 \x00d\x00e\x00\
j\x00a\x00 \x00e\x00n\x00 \x00b\x00l\x00\
a\x00n\x00c\x00o\x00,\x00 \x00F\x00r\x00\
e\x00e\x00C\x00A\x00D\x00 \x00b\x00u\x00\
s\x00c\x00a\x00r\x00\xe1\x00 \x00a\x00u\x00\
t\x00o\x00m\x00\xe1\x00t\x00i\x00c\x00a\x00\
m\x00e\x00n\x00t\x00e\x00 \x00l\x00o\x00\
s\x00 \x00a\x00r\x00c\x00h\x00i\x00v\x00\
o\x00s\x00 \x00d\x00e\x00 \x00a\x00y\x00\
u\x00d\x00a\x00 \x00e\x00n\x00 \x00l\x00\
a\x00 \x00u\x00b\x00i\x00c\x00a\x00c\x00\
i\x00\xf3\x00n\x00\x0a\x00p\x00r\x00e\x00d\x00\
e\x00t\x00e\x00r\x00m\x00i\x00n\x00a\x00\
d\x00a\x00 \x00(\x00$\x00U\x00S\x00E\x00\
R\x00A\x00P\x00P\x00D\x00A\x00T\x00A\x00\
D\x00I\x00R\x00/\x00M\x00o\x00d\x00/\x00\
o\x00f\x00f\x00l\x00i\x00n\x00e\x00-\x00\
d\x00o\x00c\x00u\x00m\x00e\x00n\x00t\x00\
a\x00t\x00i\x00o\x00n\x00)\x00.\x08\x00\x00\
\x00\x00\x06\x00\x00\x01WSet this \
to a custom URL \
or the folder wh\
ere the help fil\
es are located.\x0a\
Documentation ca\
n be downloaded \
for offline use \
via the Addon Ma\
nager and instal\
ling the\x0a\x22offlin\
e-documentation\x22\
 addon. If this \
field is left bl\
ank, FreeCAD wil\
l\x0aautomatically \
search for the h\
elp files at the\
 default locatio\
n\x0a($USERAPPDATAD\
IR/Mod/offline-d\
ocumentation).\x07\x00\
\x00\x00\x04Form\x01\x03\x00\x00\x03Z\x00A\x00\
p\x00l\x00i\x00c\x00a\x00r\x00 \x00e\x00\
s\x00t\x00o\x00 \x00a\x00 \x00u\x00n\x00\
a\x00 \x00U\x00R\x00L\x00 \x00p\x00e\x00\
r\x00s\x00o\x00n\x00a\x00l\x00i\x00z\x00\
a\x00d\x00a\x00 \x00o\x00 \x00e\x00n\x00\
 \x00l\x00a\x00 \x00c\x00a\x00r\x00p\x00\
e\x00t\x00a\x00 \x00d\x00o\x00n\x00d\x00\
e\x00 \x00s\x00e\x00 \x00e\x00n\x00c\x00\
u\x00e\x00n\x00t\x00r\x00a\x00n\x00 \x00\
l\x00o\x00s\x00 \x00a\x00r\x00c\x00h\x00\
i\x00v\x00o\x00s\x00 \x00d\x00e\x00 \x00\
a\x00y\x00u\x00d\x00a\x00.\x00\x0a\x00P\x00\
u\x00e\x00d\x00e\x00 \x00d\x00e\x00s\x00\
c\x00a\x00r\x00g\x00a\x00r\x00 \x00f\x00\
\xe1\x00c\x00i\x00l\x00m\x00e\x00n\x00t\x00\
e\x00 \x00l\x00a\x00 \x00d\x00o\x00c\x00\
u\x00m\x00e\x00n\x00t\x00a\x00c\x00i\x00\
\xf3\x00n\x00 \x00p\x00a\x00r\x00a\x00 \x00\
e\x00l\x00 \x00u\x00s\x00o\x00 \x00s\x00\
i\x00n\x00 \x00c\x00o\x00n\x00e\x00x\x00\
i\x00\xf3\x00n\x00 \x00u\x00t\x00i\x00l\x00\
i\x00z\x00a\x00n\x00d\x00o\x00 \x00e\x00\
l\x00 \x00A\x00d\x00m\x00i\x00n\x00i\x00\
s\x00t\x00r\x00a\x00d\x00o\x00r\x00\x0a\x00\
d\x00e\x00 \x00c\x00o\x00m\x00p\x00l\x00\
e\x00m\x00e\x00n\x00t\x00o\x00s\x00 \x00\
e\x00 \x00i\x00n\x00s\x00t\x00a\x00l\x00\
a\x00n\x00d\x00o\x00 \x00e\x00l\x00 \x00\
c\x00o\x00m\x00p\x00l\x00e\x00m\x00e\x00\
n\x00t\x00o\x00 \x00\x22\x00d\x00o\x00c\x00\
u\x00m\x00e\x00n\x00t\x00a\x00c\x00i\x00\
\xf3\x00n\x00 \x00s\x00i\x00n\x00 \x00c\x00\
o\x00n\x00e\x00x\x00i\x00\xf3\x00n\x00\x22\x00\
.\x00 \x00S\x00i\x00 \x00e\x00s\x00t\x00\
e\x00\x0a\x00c\x00a\x00m\x00p\x00o\x00 \x00\
s\x00e\x00 \x00d\x00e\x00j\x00a\x00 \x00\
e\x00n\x00 \x00b\x00l\x00a\x00n\x00c\x00\
o\x00,\x00 \x00F\x00r\x00e\x00e\x00C\x00\
A\x00D\x00 \x00b\x00u\x00s\x00c\x00a\x00\
r\x00\xe1\x00 \x00a\x00u\x00t\x00o\x00m\x00\
\xe1\x00t\x00i\x00c\x00a\x00m\x00e\x00n\x00\
t\x00e\x00 \x00l\x00o\x00s\x00 \x00a\x00\
r\x00c\x00h\x00i\x00v\x00o\x00s\x00 \x00\
d\x00e\x00 \x00a\x00y\x00u\x00d\x00a\x00\
 \x00e\x00n\x00 \x00l\x00a\x00 \x00u\x00\
b\x00i\x00c\x00a\x00c\x00i\x00\xf3\x00n\x00\
\x0a\x00p\x00r\x00e\x00d\x00e\x00t\x00e\x00\
r\x00m\x00i\x00n\x00a\x00d\x00a\x00 \x00\
(\x00$\x00U\x00S\x00E\x00R\x00A\x00P\x00\
P\x00D\x00A\x00T\x00A\x00D\x00I\x00R\x00\
/\x00M\x00o\x00d\x00/\x00o\x00f\x00f\x00\
l\x00i\x00n\x00e\x00-\x00d\x00o\x00c\x00\
u\x00m\x00e\x00n\x00t\x00a\x00t\x00i\x00\
o\x00n\x00)\x00.\x08\x00\x00\x00\x00\x06\x00\x00\x01\
fSet this to a c\
ustom URL or the\
 folder where th\
e help files are\
 located.\x0aYou ca\
n easily downloa\
d the documentat\
ion for offline \
use by using the\
 Addon\x0aManager a\
nd installing th\
e \x22offline-docum\
entation\x22 addon.\
 If this\x0afield i\
s left blank, Fr\
eeCAD will autom\
atically search \
for the help fil\
es at\x0athe defaul\
t location ($USE\
RAPPDATADIR/Mod/\
offline-document\
ation).\x07\x00\x00\x00\x04Form\
\x01\x03\x00\x00\x00\x0c\x00F\x00u\x00e\x00n\x00t\
\x00e\x08\x00\x00\x00\x00\x06\x00\x00\x00\x06Sour\
ce\x07\x00\x00\x00\x04Form\x01\x03\x00\x00\x01\
\x18\x00E\x00s\x00p\x00e\x00c\x00i\x00f\x00\
i\x00c\x00a\x00r\x00 \x00l\x00a\x00 \x00\
r\x00u\x00t\x00a\x00 \x00a\x00 \x00u\x00\
n\x00 \x00a\x00r\x00c\x00h\x00i\x00v\x00\
o\x00 \x00C\x00S\x00S\x00 \x00a\x00l\x00\
t\x00e\x00r\x00n\x00a\x00t\x00i\x00v\x00\
o\x00 \x00p\x00a\x00r\x00a\x00 \x00d\x00\
i\x00s\x00e\x00\xf1\x00a\x00r\x00 \x00p\x00\
\xe1\x00g\x00i\x00n\x00a\x00s\x00 \x00d\x00\
e\x00 \x00M\x00a\x00r\x00k\x00d\x00o\x00\
w\x00n\x00.\x00\x0a\x00E\x00s\x00t\x00o\x00\
 \x00s\x00\xf3\x00l\x00o\x00 \x00s\x00e\x00\
 \x00a\x00p\x00l\x00i\x00c\x00a\x00 \x00\
s\x00i\x00 \x00M\x00a\x00r\x00k\x00d\x00\
o\x00w\x00n\x00 \x00e\x00s\x00t\x00\xe1\x00\
 \x00s\x00e\x00l\x00e\x00c\x00c\x00i\x00\
o\x00n\x00a\x00d\x00o\x00 \x00a\x00r\x00\
r\x00i\x00b\x00a\x00.\x08\x00\x00\x00\x00\x06\x00\
\x00\x00xSpecify the p\
ath to an altern\
ative CSS file f\
or styling Markd\
own pages.\x0aThis \
only applies if \
Markdown is sele\
cted above.\x07\x00\x00\x00\x04\
Form\x01\x03\x00\x00\x02\xca\x00L\x00a\x00s\
\x00 \x00p\x00\xe1\x00g\x00i\x00n\x00a\x00s\
\x00 \x00d\x00e\x00 \x00d\x00o\x00c\x00u\
\x00m\x00e\x00n\x00t\x00a\x00c\x00i\x00\xf3\
\x00n\x00 \x00s\x00e\x00 \x00o\x00b\x00t\
\x00e\x00n\x00d\x00r\x00\xe1\x00n\x00 \x00d\
\x00e\x00 \x00u\x00n\x00a\x00 \x00c\x00o\
\x00n\x00v\x00e\x00r\x00s\x00i\x00\xf3\x00n\
\x00 \x00a\x00u\x00t\x00o\x00m\x00\xe1\x00t\
\x00i\x00c\x00a\x00 \x00d\x00e\x00 \x00M\
\x00a\x00r\x00k\x00d\x00o\x00w\x00n\x00\x0a\
\x00d\x00e\x00 \x00l\x00a\x00 \x00w\x00i\
\x00k\x00i\x00 \x00d\x00e\x00 \x00F\x00r\
\x00e\x00e\x00C\x00A\x00D\x00,\x00 \x00a\
\x00l\x00o\x00j\x00a\x00d\x00a\x00 \x00e\
\x00n\x00 \x00l\x00a\x00 \x00c\x00u\x00e\
\x00n\x00t\x00a\x00 \x00d\x00e\x00 \x00F\
\x00r\x00e\x00e\x00C\x00A\x00D\x00'\x00s\
\x00 \x00e\x00n\x00 \x00G\x00i\x00t\x00H\
\x00u\x00b\x00.\x00 \x00E\x00s\x00t\x00o\
\x00 \x00s\x00e\x00 \x00p\x00u\x00e\x00d\
\x00e\x00 \x00d\x00i\x00s\x00e\x00\xf1\x00a\
\x00r\x00 \x00c\x00o\x00n\x00 \x00u\x00n\
\x00a\x00 \x00h\x00o\x00j\x00a\x00 \x00d\
\x00e\x00 \x00e\x00s\x00t\x00i\x00l\x00o\
\x00s\x00\x0a\x00p\x00e\x00r\x00s\x00o\x00n\
\x00a\x00l\x00i\x00z\x00a\x00d\x00a\x00 \
\x00y\x00 \x00p\x00u\x00e\x00d\x00e\x00 \
\x00p\x00a\x00r\x00e\x00c\x00e\x00r\x00 \
\x00m\x00\xe1\x00s\x00 \x00a\x00g\x00r\x00a\
\x00d\x00a\x00b\x00l\x00e\x00 \x00q\x00u\
\x00e\x00 \x00l\x00a\x00 \x00o\x00p\x00c\
\x00i\x00\xf3\x00n\x00 \x00d\x00e\x00 \x00w\
\x00i\x00k\x00i\x00.\x00 \x00E\x00l\x00 \
\x00m\x00\xf3\x00d\x00u\x00l\x00o\x00 \x00'\
\x00M\x00a\x00r\x00k\x00d\x00o\x00w\x00n\
\x00'\x00 \x00o\x00\x0a\x00'\x00P\x00a\x00n\
\x00d\x00o\x00c\x00'\x00 \x00P\x00y\x00t\
\x00h\x00o\x00n\x00 \x00d\x00e\x00b\x00e\
\x00r\x00\xed\x00a\x00 \x00s\x00e\x00r\x00 \
\x00i\x00n\x00s\x00t\x00a\x00l\x00a\x00d\
\x00o\x00 \x00p\x00a\x00r\x00a\x00 \x00o\
\x00b\x00t\x00e\x00n\x00e\x00r\x00 \x00r\
\x00e\x00s\x00u\x00l\x00t\x00a\x00d\x00o\
\x00s\x00 \x00\xf3\x00p\x00t\x00i\x00m\x00o\
\x00s\x00.\x08\x00\x00\x00\x00\x06\x00\x00\x012Th\
e documentation \
pages will be fe\
tched from an au\
tomatic Markdown\
 conversion\x0aof t\
he FreeCAD wiki,\
hosted on FreeCA\
D's GitHub accou\
nt. This can be \
styled with a\x0acu\
stom stylesheet \
below and can lo\
ok nicer than th\
e wiki option. T\
he 'Markdown' or\
\x0a'Pandoc' Python\
 module should b\
e installed for \
optimal results.\
\x07\x00\x00\x00\x04Form\x01\x03\x00\x00\x00\xcc\x00\
L\x00a\x00s\x00 \x00p\x00\xe1\x00g\x00i\x00\
n\x00a\x00s\x00 \x00d\x00e\x00 \x00d\x00\
o\x00c\x00u\x00m\x00e\x00n\x00t\x00a\x00\
c\x00i\x00\xf3\x00n\x00 \x00s\x00e\x00r\x00\
\xe1\x00n\x00 \x00o\x00b\x00t\x00e\x00n\x00\
i\x00d\x00a\x00s\x00 \x00d\x00e\x00 \x00\
l\x00a\x00 \x00w\x00i\x00k\x00i\x00 \x00\
o\x00f\x00i\x00c\x00i\x00a\x00l\x00 \x00\
d\x00e\x00 \x00F\x00r\x00e\x00e\x00C\x00\
A\x00D\x00 \x00e\x00n\x00 \x00h\x00t\x00\
t\x00p\x00s\x00:\x00/\x00/\x00w\x00i\x00\
k\x00i\x00.\x00f\x00r\x00e\x00e\x00c\x00\
a\x00d\x00.\x00o\x00r\x00g\x08\x00\x00\x00\x00\
\x06\x00\x00\x00aThe documen\
tation pages wil\
l be fetched fro\
m the official\x0aF\
reeCADwiki at ht\
tps://wiki.freec\
ad.org\x07\x00\x00\x00\x04Form\x01\
\x03\x00\x00\x01\x0a\x00L\x00a\x00 \x00d\x00o\x00\
c\x00u\x00m\x00e\x00n\x00t\x00a\x00c\x00\
i\x00\xf3\x00n\x00 \x00s\x00e\x00 \x00a\x00\
b\x00r\x00i\x00r\x00\xe1\x00 \x00e\x00n\x00\
 \x00u\x00n\x00a\x00 \x00n\x00u\x00e\x00\
v\x00a\x00 \x00p\x00e\x00s\x00t\x00a\x00\
\xf1\x00a\x00 \x00d\x00e\x00n\x00t\x00r\x00\
o\x00 \x00d\x00e\x00 \x00l\x00a\x00 \x00\
i\x00n\x00t\x00e\x00r\x00f\x00a\x00z\x00\
 \x00F\x00r\x00e\x00e\x00C\x00A\x00D\x00\
.\x00 \x00E\x00s\x00t\x00o\x00 \x00r\x00\
e\x00q\x00u\x00i\x00e\x00r\x00e\x00 \x00\
e\x00l\x00 \x00c\x00o\x00m\x00p\x00o\x00\
n\x00e\x00n\x00t\x00e\x00 \x00P\x00y\x00\
S\x00i\x00d\x00e\x00 \x00Q\x00t\x00W\x00\
e\x00b\x00e\x00n\x00g\x00i\x00n\x00e\x00\
W\x00i\x00d\x00g\x00e\x00t\x00s\x00.\x08\
\x00\x00\x00\x00\x06\x00\x00\x00}The doc\
umentation will \
open in a new ta\
b inside the Fre\
eCAD interface. \
This requires th\
e PySide QtWeben\
gineWidgets comp\
onent.\x07\x00\x00\x00\x04Form\x01\
\x03\x00\x00\x00z\x00L\x00a\x00 \x00d\x00o\x00\
c\x00u\x00m\x00e\x00n\x00t\x00a\x00c\x00\
i\x00\xf3\x00n\x00 \x00s\x00e\x00 \x00a\x00\
b\x00r\x00i\x00r\x00\xe1\x00 \x00e\x00n\x00\
 \x00e\x00l\x00 \x00n\x00a\x00v\x00e\x00\
g\x00a\x00d\x00o\x00r\x00 \x00w\x00e\x00\
b\x00 \x00p\x00r\x00e\x00d\x00e\x00t\x00\
e\x00r\x00m\x00i\x00n\x00a\x00d\x00o\x08\
\x00\x00\x00\x00\x06\x00\x00\x006The doc\
umentation will \
open in the defa\
ult web browser\x07\
\x00\x00\x00\x04Form\x01\x03\x00\x00\x00(\x00S\
\x00u\x00f\x00i\x00j\x00o\x00 \x00d\x00e\
\x00 \x00t\x00r\x00a\x00d\x00u\x00c\x00c\
\x00i\x00\xf3\x00n\x08\x00\x00\x00\x00\x06\x00\x00\x00\x12\
Translation suff\
ix\x07\x00\x00\x00\x04Form\x01\x03\x00\x00\x01\
\x14\x00N\x00o\x00 \x00s\x00e\x00 \x00p\x00\
u\x00d\x00o\x00 \x00r\x00e\x00c\x00u\x00\
p\x00e\x00r\x00a\x00r\x00 \x00e\x00l\x00\
 \x00c\x00o\x00n\x00t\x00e\x00n\x00i\x00\
d\x00o\x00 \x00d\x00e\x00 \x00e\x00s\x00\
t\x00a\x00 \x00p\x00\xe1\x00g\x00i\x00n\x00\
a\x00.\x00 \x00P\x00o\x00r\x00 \x00f\x00\
a\x00v\x00o\x00r\x00,\x00 \x00c\x00o\x00\
m\x00p\x00r\x00u\x00e\x00b\x00e\x00 \x00\
l\x00a\x00 \x00c\x00o\x00n\x00f\x00i\x00\
g\x00u\x00r\x00a\x00c\x00i\x00\xf3\x00n\x00\
 \x00e\x00n\x00 \x00e\x00l\x00 \x00m\x00\
e\x00n\x00\xfa\x00 \x00E\x00d\x00i\x00t\x00\
a\x00r\x00 !\x92\x00 \x00P\x00r\x00e\x00\
f\x00e\x00r\x00e\x00n\x00c\x00i\x00a\x00\
s\x00 !\x92\x00 \x00G\x00e\x00n\x00e\x00\
r\x00a\x00l\x00 !\x92\x00 \x00A\x00y\x00\
u\x00d\x00a\x08\x00\x00\x00\x00\x06\x00\x00\x00yC\
ontents for this\
 page could not \
be retrieved. Pl\
ease check setti\
ngs under menu E\
dit \xe2\x86\x92 Preferen\
ces \xe2\x86\x92 General \
\xe2\x86\x92 Help\x07\x00\x00\x00\x04Hel\
p\x01\x03\x00\x00\x00\x0a\x00A\x00y\x00u\x00d\x00\
a\x08\x00\x00\x00\x00\x06\x00\x00\x00\x04Help\x07\
\x00\x00\x00\x04Help\x01\x03\x00\x00\x014\x00N\
\x00o\x00 \x00s\x00e\x00 \x00h\x00a\x00 \
\x00p\x00o\x00d\x00i\x00d\x00o\x00 \x00d\
\x00e\x00t\x00e\x00r\x00m\x00i\x00n\x00a\
\x00r\x00 \x00l\x00a\x00 \x00u\x00b\x00i\
\x00c\x00a\x00c\x00i\x00\xf3\x00n\x00 \x00d\
\x00e\x00 \x00l\x00o\x00s\x00 \x00a\x00r\
\x00c\x00h\x00i\x00v\x00o\x00s\x00 \x00d\
\x00e\x00 \x00a\x00y\x00u\x00d\x00a\x00.\
\x00 \x00P\x00o\x00r\x00 \x00f\x00a\x00v\
\x00o\x00r\x00,\x00 \x00c\x00o\x00m\x00p\
\x00r\x00u\x00e\x00b\x00e\x00 \x00l\x00a\
\x00 \x00c\x00o\x00n\x00f\x00i\x00g\x00u\
\x00r\x00a\x00c\x00i\x00\xf3\x00n\x00 \x00e\
\x00n\x00 \x00e\x00l\x00 \x00m\x00e\x00n\
\x00\xfa\x00 \x00E\x00d\x00i\x00t\x00a\x00r\
\x00 !\x92\x00 \x00P\x00r\x00e\x00f\x00e\
\x00r\x00e\x00n\x00c\x00i\x00a\x00s\x00 \
!\x92\x00 \x00G\x00e\x00n\x00e\x00r\x00a\
\x00l\x00 !\x92\x00 \x00A\x00y\x00u\x00d\
\x00a\x08\x00\x00\x00\x00\x06\x00\x00\x00wHelp\
 files location \
could not be det\
ermined. Please \
check settings u\
nder menu Edit \xe2\
\x86\x92 Preferences \xe2\
\x86\x92 General \xe2\x86\x92 H\
elp\x07\x00\x00\x00\x04Help\x01\x03\x00\x00\
\x00\xee\x00E\x00l\x00 \x00m\x00\xf3\x00d\x00u\
\x00l\x00o\x00 \x00P\x00y\x00S\x00i\x00d\
\x00e\x00 \x00Q\x00t\x00W\x00e\x00b\x00E\
\x00n\x00g\x00i\x00n\x00e\x00W\x00i\x00d\
\x00g\x00e\x00t\x00s\x00 \x00n\x00o\x00 \
\x00e\x00s\x00t\x00\xe1\x00 \x00d\x00i\x00s\
\x00p\x00o\x00n\x00i\x00b\x00l\x00e\x00.\
\x00 \x00E\x00l\x00 \x00r\x00e\x00n\x00d\
\x00e\x00r\x00i\x00z\x00a\x00d\x00o\x00 \
\x00d\x00e\x00 \x00a\x00y\x00u\x00d\x00a\
\x00 \x00s\x00e\x00 \x00r\x00e\x00a\x00l\
\x00i\x00z\x00a\x00 \x00c\x00o\x00n\x00 \
\x00e\x00l\x00 \x00n\x00a\x00v\x00e\x00g\
\x00a\x00d\x00o\x00r\x00 \x00d\x00e\x00l\
\x00 \x00s\x00i\x00s\x00t\x00e\x00m\x00a\
\x08\x00\x00\x00\x00\x06\x00\x00\x00aPySide\
 QtWebEngineWidg\
ets module is no\
t available. Hel\
p rendering is d\
one with the sys\
tem browser\x07\x00\x00\x00\x04\
Help\x01\x03\x00\x00\x01\xac\x00N\x00o\x00 \
\x00h\x00a\x00y\x00 \x00n\x00i\x00n\x00g\
\x00\xfa\x00n\x00 \x00r\x00e\x00n\x00d\x00e\
\x00r\x00i\x00z\x00a\x00d\x00o\x00r\x00 \
\x00M\x00a\x00r\x00k\x00d\x00o\x00w\x00n\
\x00 \x00i\x00n\x00s\x00t\x00a\x00l\x00a\
\x00d\x00o\x00 \x00e\x00n\x00 \x00s\x00u\
\x00 \x00s\x00i\x00s\x00t\x00e\x00m\x00a\
\x00,\x00 \x00a\x00s\x00\xed\x00 \x00q\x00u\
\x00e\x00 \x00e\x00s\x00t\x00a\x00 \x00p\
\x00\xe1\x00g\x00i\x00n\x00a\x00 \x00d\x00e\
\x00 \x00a\x00y\x00u\x00d\x00a\x00 \x00s\
\x00e\x00 \x00m\x00u\x00e\x00s\x00t\x00r\
\x00a\x00 \x00c\x00o\x00m\x00o\x00 \x00t\
\x00a\x00l\x00.\x00 \x00P\x00o\x00r\x00 \
\x00f\x00a\x00v\x00o\x00r\x00,\x00 \x00i\
\x00n\x00s\x00t\x00a\x00l\x00e\x00 \x00l\
\x00o\x00s\x00 \x00m\x00\xf3\x00d\x00u\x00l\
\x00o\x00s\x00 \x00P\x00y\x00t\x00h\x00o\
\x00n\x00 \x00d\x00e\x00 \x00M\x00a\x00r\
\x00k\x00d\x00o\x00w\x00n\x00 \x00o\x00 \
\x00P\x00a\x00n\x00d\x00o\x00c\x00 \x00p\
\x00a\x00r\x00a\x00 \x00m\x00e\x00j\x00o\
\x00r\x00a\x00r\x00 \x00l\x00a\x00 \x00p\
\x00r\x00e\x00s\x00e\x00n\x00t\x00a\x00c\
\x00i\x00\xf3\x00n\x00 \x00d\x00e\x00 \x00e\
\x00s\x00t\x00a\x00 \x00p\x00\xe1\x00g\x00i\
\x00n\x00a\x00.\x08\x00\x00\x00\x00\x06\x00\x00\x00\xb8\
There is no Mark\
down renderer in\
stalled on your \
system, so this \
help page is ren\
dered as is. Ple\
ase install the \
Markdown or Pand\
oc Python module\
s to improve the\
 rendering of th\
is page.\x07\x00\x00\x00\x04Hel\
p\x01\x03\x00\x00\x00\x0e\x00G\x00e\x00n\x00e\x00\
r\x00a\x00l\x08\x00\x00\x00\x00\x06\x00\x00\x00\x07G\
eneral\x07\x00\x00\x00\x07QObje\
ct\x01\x88\x00\x00\x00\x02\x01\x01\
\x00\x00$\x1d\
<\
\xb8d\x18\xca\xef\x9c\x95\xcd!\x1c\xbf`\xa1\xbd\xdd\xa7\
\x00\x00\x00\x02huB\x00\x00\x00\xf0\x00\x04\xec0\x00\
\x00\x05\x84\x00\x04\xec0\x00\x00\x1do\x00\x99N\xa8\x00\
\x00\x1b\x8c\x018!.\x00\x00\x14 \x01\x82\xc62\x00\
\x00\x1f8\x02mV`\x00\x00\x1d\x94\x04\x1e\xf1\x82\x00\
\x00\x05\xa9\x04Dm9\x00\x00\x04\xe6\x04T\x18N\x00\
\x00\x12\x7f\x04\x89?'\x00\x00\x05\xf4\x04\xde1)\x00\
\x00\x06\xfa\x05M7\xf2\x00\x00\x06\x85\x05\xa6\xc8\x95\x00\
\x00\x12T\x06{\x06\x03\x00\x00\x09U\x06\xa4]\x8e\x00\
\x00\x09\x8b\x07\x07\xe0\x0e\x00\x00\x199\x07t\x8a\x94\x00\
\x00\x01B\x09\x82\xac\xae\x00\x00\x00\x00\x09\xd5\xc9.\x00\
\x00\x01\xc4\x0auc\xd7\x00\x00\x17\xef\x0b\x0ar\xc9\x00\
\x00\x01\x8c\x0c\xe2\x80\xae\x00\x00\x03\xd2\x0d\xb7\x06\x10\x00\
\x00\x1b\xd5\x0d\xc4\xc8<\x00\x00\x22\xd7\x0e*j\xae\x00\
\x00 ~\x0ek8\x9e\x00\x00\x0d\xd3\x0e\x8d\xd4\x82\x00\
\x00\x1a\xcd\x0e\xca\x08\x89\x00\x00\x05>\x0f-\x13\xae\x00\
\x00\x01\x04\x0fE\xeb\x1e\x00\x00\x07\x5ci\x00\x00#\x0c\
\x03\x00\x00\x00\x8e\x00E\x00g\x00y\x00 \x00f\x00\
o\x00r\x00d\x00\xed\x00t\x00\xe1\x00s\x00i\x00\
 \x00u\x00t\x00\xf3\x00t\x00a\x00g\x00,\x00\
 \x00p\x00\xe9\x00l\x00d\x00\xe1\x00u\x00l\x00\
 \x00\x22\x00f\x00r\x00\x22\x00 \x00a\x00 \x00\
d\x00o\x00k\x00u\x00m\x00e\x00n\x00t\x00\
\xe1\x00c\x00i\x00\xf3\x00 \x00f\x00r\x00a\x00\
n\x00c\x00i\x00a\x00 \x00f\x00o\x00r\x00\
d\x00\xed\x00t\x00\xe1\x00s\x00\xe1\x00h\x00o\x00\
z\x00.\x08\x00\x00\x00\x00\x06\x00\x00\x00]A t\
ranslation suffi\
x to use, for ex\
ample \x22fr\x22\x0ato ge\
t French transla\
tion of the docu\
mentation.\x07\x00\x00\x00\x04F\
orm\x01\x03\x00\x00\x00\x16\x00E\x00g\x00y\x00\
\xe9\x00n\x00i\x00 \x00h\x00e\x00l\x00y\x08\
\x00\x00\x00\x00\x06\x00\x00\x00\x0fCustom \
location\x07\x00\x00\x00\x04For\
m\x01\x03\x00\x00\x00 \x00E\x00g\x00y\x00\xe9\x00\
n\x00i\x00 \x00s\x00t\x00\xed\x00l\x00u\x00\
s\x00l\x00a\x00p\x08\x00\x00\x00\x00\x06\x00\x00\x00\
\x11Custom styleshe\
et\x07\x00\x00\x00\x04Form\x01\x03\x00\x00\x00\
\x18\x00M\x00e\x00g\x00j\x00e\x00l\x00e\x00\
n\x00\xed\x00t\x00\xe9\x00s\x08\x00\x00\x00\x00\x06\x00\
\x00\x00\x07Display\x07\x00\x00\x00\x04F\
orm\x01\x03\x00\x00\x01`\x00A\x00 \x00d\x00\
o\x00k\x00u\x00m\x00e\x00n\x00t\x00\xe1\x00\
c\x00i\x00\xf3\x00 \x00e\x00g\x00y\x00 \x00\
d\x00o\x00k\x00k\x00o\x00l\x00h\x00a\x00\
t\x00\xf3\x00 \x00p\x00\xe1\x00r\x00b\x00e\x00\
s\x00z\x00\xe9\x00d\x00a\x00b\x00l\x00a\x00\
k\x00b\x00a\x00n\x00 \x00n\x00y\x00\xed\x00\
l\x00i\x00k\x00 \x00m\x00e\x00g\x00 \x00\
a\x00 \x00F\x00r\x00e\x00e\x00C\x00A\x00\
D\x00-\x00b\x00e\x00n\x00,\x00 \x00l\x00\
e\x00h\x00e\x00t\x01Q\x00v\x00\xe9\x00 \x00\
t\x00\xe9\x00v\x00e\x00 \x00a\x00z\x00 \x00\
e\x00g\x00y\x00i\x00d\x00e\x00j\x01q\x00\
 \x00m\x00u\x00n\x00k\x00\xe1\x00t\x00 \x00\
a\x00 \x003\x00D\x00 \x00n\x00\xe9\x00z\x00\
e\x00t\x00b\x00e\x00n\x00.\x00 \x00A\x00\
 \x00P\x00y\x00S\x00i\x00d\x00e\x00 \x00\
Q\x00t\x00W\x00e\x00b\x00e\x00n\x00g\x00\
i\x00n\x00e\x00W\x00i\x00d\x00g\x00e\x00\
t\x00s\x00 \x00k\x00o\x00m\x00p\x00o\x00\
n\x00e\x00n\x00s\x00 \x00s\x00z\x00\xfc\x00\
k\x00s\x00\xe9\x00g\x00e\x00s\x00 \x00h\x00\
o\x00z\x00z\x00\xe1\x00.\x08\x00\x00\x00\x00\x06\x00\
\x00\x00\x95Documentation\
 opens in a dock\
able dialog with\
in FreeCAD, allo\
wing simultaneou\
s work in the 3D\
 view.\x0aRequires \
the PySide QtWeb\
engineWidgets co\
mponent.\x07\x00\x00\x00\x04For\
m\x01\x03\x00\x00\x00\xa2\x00S\x00z\x00e\x00r\x00\
e\x00z\x00z\x00e\x00 \x00b\x00e\x00 \x00\
a\x00 \x00G\x00i\x00t\x00H\x00u\x00b\x00\
o\x00n\x00 \x00l\x00e\x00k\x00\xe9\x00p\x00\
z\x00e\x00t\x00t\x00 \x00o\x00l\x00d\x00\
a\x00l\x00a\x00k\x00 \x00d\x00o\x00k\x00\
u\x00m\x00e\x00n\x00t\x00\xe1\x00c\x00i\x00\
\xf3\x00j\x00\xe1\x00t\x00.\x00 \x00\x0a\x00J\x00\
e\x00l\x00e\x00n\x00l\x00e\x00g\x00 \x00\
n\x00e\x00m\x00 \x00e\x00l\x00\xe9\x00r\x00\
h\x00e\x00t\x01Q\x00.\x08\x00\x00\x00\x00\x06\x00\
\x00\x00YFetches the d\
ocumentation fro\
m pages rendered\
 on GitHub.\x0aThis\
 is currently no\
t available.\x07\x00\x00\x00\
\x04Form\x01\x03\x00\x00\x00*\x00F\x00r\x00\
e\x00e\x00C\x00A\x00D\x00 \x00W\x00i\x00\
k\x00i\x00 \x00(\x00o\x00n\x00l\x00i\x00\
n\x00e\x00)\x08\x00\x00\x00\x00\x06\x00\x00\x00\x15F\
reeCAD Wiki (onl\
ine)\x07\x00\x00\x00\x04Form\x01\x03\x00\
\x00\x00\x1e\x00G\x00i\x00t\x00H\x00u\x00b\x00\
 \x00(\x00o\x00n\x00l\x00i\x00n\x00e\x00\
)\x08\x00\x00\x00\x00\x06\x00\x00\x00\x0fGitHu\
b (online)\x07\x00\x00\x00\x04F\
orm\x01\x03\x00\x00\x00\x08\x00S\x00\xfa\x00g\x00\
\xf3\x08\x00\x00\x00\x00\x06\x00\x00\x00\x04Help\x07\
\x00\x00\x00\x04Form\x01\x03\x00\x00\x00\x22\x00E\
\x00g\x00y\x00 \x00F\x00r\x00e\x00e\x00C\
\x00A\x00D\x00 \x00l\x00a\x00p\x00o\x00n\
\x08\x00\x00\x00\x00\x06\x00\x00\x00\x10In a F\
reeCAD tab\x07\x00\x00\x00\x04F\
orm\x01\x03\x00\x00\x00X\x00E\x00g\x00y\x00\
 \x00k\x00\xfc\x00l\x00\xf6\x00n\x00\xe1\x00l\x00\
l\x00\xf3\x00,\x00 \x00b\x00e\x00\xe1\x00g\x00\
y\x00a\x00z\x00h\x00a\x00t\x00\xf3\x00 \x00\
p\x00\xe1\x00r\x00b\x00e\x00s\x00z\x00\xe9\x00\
d\x00p\x00a\x00n\x00e\x00l\x00b\x00e\x00\
n\x08\x00\x00\x00\x00\x06\x00\x00\x00 In a \
separate, embedd\
able dialog\x07\x00\x00\x00\x04\
Form\x01\x03\x00\x00\x00B\x00A\x00z\x00 \
\x00a\x00l\x00a\x00p\x00\xe9\x00r\x00t\x00e\
\x00l\x00m\x00e\x00z\x00e\x00t\x00t\x00 \
\x00w\x00e\x00b\x00b\x00\xf6\x00n\x00g\x00\xe9\
\x00s\x00z\x01Q\x00b\x00e\x00n\x08\x00\x00\x00\
\x00\x06\x00\x00\x00\x1aIn the def\
ault web browser\
\x07\x00\x00\x00\x04Form\x01\x03\x00\x00\x000\x00\
M\x00a\x00r\x00k\x00d\x00o\x00w\x00n\x00\
 \x00v\x00e\x00r\x00z\x00i\x00\xf3\x00 \x00\
(\x00o\x00n\x00l\x00i\x00n\x00e\x00)\x08\
\x00\x00\x00\x00\x06\x00\x00\x00\x19Markdow\
n version (onlin\
e)\x07\x00\x00\x00\x04Form\x01\x03\x00\x00\x01\
T\x00M\x00e\x00g\x00j\x00e\x00g\x00y\x00\
z\x00\xe9\x00s\x00:\x00 \x00h\x00a\x00 \x00\
a\x00 \x00P\x00y\x00S\x00i\x00d\x00e\x00\
 \x00W\x00e\x00b\x00 \x00k\x00o\x00m\x00\
p\x00o\x00n\x00e\x00n\x00s\x00e\x00k\x00\
 \x00n\x00e\x00m\x00 \x00t\x00a\x00l\x00\
\xe1\x00l\x00h\x00a\x00t\x00\xf3\x00k\x00 \x00\
a\x00 \x00r\x00e\x00n\x00d\x00s\x00z\x00\
e\x00r\x00b\x00e\x00n\x00,\x00 \x00a\x00\
 \x00s\x00\xfa\x00g\x00\xf3\x00o\x00l\x00d\x00\
a\x00l\x00a\x00k\x00 \x00a\x00z\x00 \x00\
a\x00l\x00a\x00p\x00\xe9\x00r\x00t\x00e\x00\
l\x00m\x00e\x00z\x00e\x00t\x00t\x00 \x00\
b\x00\xf6\x00n\x00g\x00\xe9\x00s\x00z\x01Q\x00\
b\x00e\x00n\x00 \x00f\x00o\x00g\x00n\x00\
a\x00k\x00 \x00m\x00e\x00g\x00n\x00y\x00\
\xed\x00l\x00n\x00i\x00,\x00 \x00f\x00\xfc\x00\
g\x00g\x00e\x00t\x00l\x00e\x00n\x00\xfc\x00\
l\x00 \x00a\x00z\x00 \x00a\x00l\x00\xe1\x00\
b\x00b\x00i\x00 \x00b\x00e\x00\xe1\x00l\x00\
l\x00\xed\x00t\x00\xe1\x00s\x00o\x00k\x00t\x00\
\xf3\x00l\x00.\x08\x00\x00\x00\x00\x06\x00\x00\x00\x8cN\
ote: if PySide W\
eb components ar\
e not found on t\
he system, help \
pages will open \
in the default w\
eb browser regar\
dless of the opt\
ions below.\x07\x00\x00\x00\x04\
Form\x01\x03\x00\x00\x00\x16\x00B\x00e\x00\xe1\
\x00l\x00l\x00\xed\x00t\x00\xe1\x00s\x00o\x00k\
\x08\x00\x00\x00\x00\x06\x00\x00\x00\x07Option\
s\x07\x00\x00\x00\x04Form\x01\x03\x00\x00\x02\xd8\
\x00A\x00d\x00j\x00a\x00 \x00m\x00e\x00g\
\x00 \x00i\x00t\x00t\x00 \x00a\x00 \x00s\
\x00a\x00j\x00\xe1\x00t\x00 \x00U\x00R\x00L\
\x00-\x00c\x00\xed\x00m\x00\xe9\x00t\x00 \x00v\
\x00a\x00g\x00y\x00 \x00m\x00a\x00p\x00p\
\x00\xe1\x00j\x00\xe1\x00t\x00,\x00 \x00a\x00h\
\x00o\x00l\x00 \x00a\x00 \x00s\x00\xfa\x00g\
\x00\xf3\x00f\x00\xe1\x00j\x00l\x00o\x00k\x00 \
\x00t\x00a\x00l\x00\xe1\x00l\x00h\x00a\x00t\
\x00\xf3\x00k\x00.\x00 \x00\x0a\x00A\x00 \x00d\
\x00o\x00k\x00u\x00m\x00e\x00n\x00t\x00\xe1\
\x00c\x00i\x00\xf3\x00t\x00 \x00e\x00g\x00y\
\x00s\x00z\x00e\x00r\x01q\x00e\x00n\x00 \
\x00l\x00e\x00t\x00\xf6\x00l\x00t\x00h\x00e\
\x00t\x00i\x00 \x00o\x00f\x00f\x00l\x00i\
\x00n\x00e\x00 \x00h\x00a\x00s\x00z\x00n\
\x00\xe1\x00l\x00a\x00t\x00r\x00a\x00 \x00a\
\x00 \x00b\x01Q\x00v\x00\xed\x00t\x00m\x00\xe9\
\x00n\x00y\x00k\x00e\x00z\x00e\x00l\x01Q\
\x00 \x00s\x00e\x00g\x00\xed\x00t\x00s\x00\xe9\
\x00g\x00\xe9\x00v\x00e\x00l\x00 \x00a\x00z\
\x00 \x00\x22\x00o\x00f\x00f\x00l\x00i\x00n\
\x00e\x00-\x00d\x00o\x00c\x00u\x00m\x00e\
\x00n\x00t\x00a\x00t\x00i\x00o\x00n\x00\x22\
\x00 \x00b\x01Q\x00v\x00\xed\x00t\x00m\x00\xe9\
\x00n\x00y\x00 \x00t\x00e\x00l\x00e\x00p\
\x00\xed\x00t\x00\xe9\x00s\x00\xe9\x00v\x00e\x00l\
\x00.\x00 \x00H\x00a\x00 \x00e\x00z\x00 \
\x00a\x00 \x00m\x00e\x00z\x01Q\x00 \x00\xfc\
\x00r\x00e\x00s\x00e\x00n\x00 \x00m\x00a\
\x00r\x00a\x00d\x00,\x00 \x00a\x00 \x00F\
\x00r\x00e\x00e\x00C\x00A\x00D\x00 \x00a\
\x00u\x00t\x00o\x00m\x00a\x00t\x00i\x00k\
\x00u\x00s\x00a\x00n\x00 \x00m\x00e\x00g\
\x00k\x00e\x00r\x00e\x00s\x00i\x00 \x00a\
\x00 \x00s\x00\xfa\x00g\x00\xf3\x00f\x00\xe1\x00j\
\x00l\x00o\x00k\x00a\x00t\x00 \x00a\x00z\
\x00 \x00a\x00l\x00a\x00p\x00\xe9\x00r\x00t\
\x00e\x00l\x00m\x00e\x00z\x00e\x00t\x00t\
\x00 \x00h\x00e\x00l\x00y\x00e\x00n\x00 \
\x00(\x00$\x00U\x00S\x00E\x00R\x00A\x00P\
\x00P\x00D\x00A\x00T\x00A\x00D\x00I\x00R\
\x00/\x00M\x00o\x00d\x00/\x00o\x00f\x00f\
\x00l\x00i\x00n\x00e\x00-\x00d\x00o\x00c\
\x00u\x00m\x00e\x00n\x00t\x00a\x00t\x00i\
\x00o\x00n\x00)\x00.\x08\x00\x00\x00\x00\x06\x00\x00\
\x01WSet this to a \
custom URL or th\
e folder where t\
he help files ar\
e located.\x0aDocum\
entation can be \
downloaded for o\
ffline use via t\
he Addon Manager\
 and installing \
the\x0a\x22offline-doc\
umentation\x22 addo\
n. If this field\
 is left blank, \
FreeCAD will\x0aaut\
omatically searc\
h for the help f\
iles at the defa\
ult location\x0a($U\
SERAPPDATADIR/Mo\
d/offline-docume\
ntation).\x07\x00\x00\x00\x04Fo\
rm\x01\x03\x00\x00\x03\x02\x00\xc1\x00l\x00l\x00\xed\
\x00t\x00s\x00a\x00 \x00b\x00e\x00 \x00e\
\x00z\x00t\x00 \x00e\x00g\x00y\x00 \x00e\
\x00g\x00y\x00\xe9\x00n\x00i\x00 \x00U\x00R\
\x00L\x00-\x00c\x00\xed\x00m\x00r\x00e\x00 \
\x00v\x00a\x00g\x00y\x00 \x00a\x00r\x00r\
\x00a\x00 \x00a\x00 \x00m\x00a\x00p\x00p\
\x00\xe1\x00r\x00a\x00,\x00 \x00a\x00h\x00o\
\x00l\x00 \x00a\x00 \x00s\x00\xfa\x00g\x00\xf3\
\x00f\x00\xe1\x00j\x00l\x00o\x00k\x00 \x00t\
\x00a\x00l\x00\xe1\x00l\x00h\x00a\x00t\x00\xf3\
\x00k\x00.\x00\x0a\x00A\x00 \x00d\x00o\x00k\
\x00u\x00m\x00e\x00n\x00t\x00\xe1\x00c\x00i\
\x00\xf3\x00t\x00 \x00k\x00\xf6\x00n\x00n\x00y\
\x00e\x00n\x00 \x00l\x00e\x00t\x00\xf6\x00l\
\x00t\x00h\x00e\x00t\x00i\x00 \x00o\x00f\
\x00f\x00l\x00i\x00n\x00e\x00 \x00h\x00a\
\x00s\x00z\x00n\x00\xe1\x00l\x00a\x00t\x00r\
\x00a\x00 \x00a\x00 \x00K\x00i\x00e\x00g\
\x00\xe9\x00s\x00z\x00\xed\x00t\x01Q\x00 \x00k\
\x00e\x00z\x00e\x00l\x01Q\x00 \x00s\x00e\
\x00g\x00\xed\x00t\x00s\x00\xe9\x00g\x00\xe9\x00v\
\x00e\x00l\x00 \x00\xe9\x00s\x00 \x00a\x00 \
\x00\x22\x00o\x00f\x00f\x00l\x00i\x00n\x00e\
\x00 \x00d\x00o\x00k\x00u\x00m\x00e\x00n\
\x00t\x00\xe1\x00c\x00i\x00\xf3\x00\x22\x00 \x00b\
\x01Q\x00v\x00\xed\x00t\x00m\x00\xe9\x00n\x00y\
\x00 \x00t\x00e\x00l\x00e\x00p\x00\xed\x00t\
\x00\xe9\x00s\x00\xe9\x00v\x00e\x00l\x00.\x00 \
\x00H\x00a\x00 \x00e\x00z\x00t\x00\x0a\x00m\
\x00e\x00z\x01Q\x00t\x00 \x00\xfc\x00r\x00e\
\x00s\x00e\x00n\x00 \x00h\x00a\x00g\x00y\
\x00j\x00a\x00,\x00 \x00a\x00 \x00F\x00r\
\x00e\x00e\x00C\x00A\x00D\x00 \x00a\x00u\
\x00t\x00o\x00m\x00a\x00t\x00i\x00k\x00u\
\x00s\x00a\x00n\x00 \x00m\x00e\x00g\x00k\
\x00e\x00r\x00e\x00s\x00i\x00 \x00a\x00 \
\x00s\x00\xfa\x00g\x00\xf3\x00f\x00\xe1\x00j\x00l\
\x00o\x00k\x00a\x00t\x00 \x00a\x00 \x00k\
\x00\xf6\x00v\x00e\x00t\x00k\x00e\x00z\x01Q\
\x00 \x00c\x00\xed\x00m\x00e\x00n\x00\x0a\x00a\
\x00z\x00 \x00a\x00l\x00a\x00p\x00\xe9\x00r\
\x00t\x00e\x00l\x00m\x00e\x00z\x00e\x00t\
\x00t\x00 \x00h\x00e\x00l\x00y\x00e\x00n\
\x00 \x00(\x00$\x00U\x00S\x00E\x00R\x00A\
\x00P\x00P\x00D\x00A\x00T\x00A\x00D\x00I\
\x00R\x00/\x00M\x00o\x00d\x00/\x00D\x00o\
\x00c\x00u\x00m\x00e\x00n\x00t\x00a\x00t\
\x00i\x00o\x00n\x00)\x00.\x08\x00\x00\x00\x00\x06\
\x00\x00\x01fSet this to \
a custom URL or \
the folder where\
 the help files \
are located.\x0aYou\
 can easily down\
load the documen\
tation for offli\
ne use by using \
the Addon\x0aManage\
r and installing\
 the \x22offline-do\
cumentation\x22 add\
on. If this\x0afiel\
d is left blank,\
 FreeCAD will au\
tomatically sear\
ch for the help \
files at\x0athe def\
ault location ($\
USERAPPDATADIR/M\
od/offline-docum\
entation).\x07\x00\x00\x00\x04F\
orm\x01\x03\x00\x00\x00\x0c\x00F\x00o\x00r\x00\
r\x00\xe1\x00s\x08\x00\x00\x00\x00\x06\x00\x00\x00\x06S\
ource\x07\x00\x00\x00\x04Form\x01\x03\
\x00\x00\x01\x10\x00A\x00d\x00j\x00a\x00 \x00m\
\x00e\x00g\x00 \x00a\x00z\x00 \x00a\x00l\
\x00t\x00e\x00r\x00n\x00a\x00t\x00\xed\x00v\
\x00 \x00C\x00S\x00S\x00 \x00f\x00\xe1\x00j\
\x00l\x00 \x00e\x00l\x00\xe9\x00r\x00\xe9\x00s\
\x00i\x00 \x00\xfa\x00t\x00j\x00\xe1\x00t\x00 \
\x00a\x00 \x00M\x00a\x00r\x00k\x00d\x00o\
\x00w\x00n\x00 \x00o\x00l\x00d\x00a\x00l\
\x00a\x00k\x00 \x00s\x00t\x00\xed\x00l\x00u\
\x00s\x00\xe1\x00h\x00o\x00z\x00.\x00\x0a\x00 \
\x00E\x00z\x00 \x00c\x00s\x00a\x00k\x00 \
\x00a\x00k\x00k\x00o\x00r\x00 \x00m\x01q\
\x00k\x00\xf6\x00d\x00i\x00k\x00,\x00 \x00h\
\x00a\x00 \x00f\x00e\x00n\x00t\x00 \x00a\
\x00 \x00M\x00a\x00r\x00k\x00d\x00o\x00w\
\x00n\x00 \x00v\x00a\x00n\x00 \x00k\x00i\
\x00v\x00\xe1\x00l\x00a\x00s\x00z\x00t\x00v\
\x00a\x00.\x08\x00\x00\x00\x00\x06\x00\x00\x00xSp\
ecify the path t\
o an alternative\
 CSS file for st\
yling Markdown p\
ages.\x0aThis only \
applies if Markd\
own is selected \
above.\x07\x00\x00\x00\x04Form\x01\
\x03\x00\x00\x02\x84\x00A\x00 \x00d\x00o\x00k\x00\
u\x00m\x00e\x00n\x00t\x00\xe1\x00c\x00i\x00\
\xf3\x00s\x00 \x00o\x00l\x00d\x00a\x00l\x00\
a\x00k\x00a\x00t\x00 \x00e\x00g\x00y\x00\
 \x00a\x00u\x00t\x00o\x00m\x00a\x00t\x00\
i\x00k\x00u\x00s\x00 \x00M\x00a\x00r\x00\
k\x00d\x00o\x00w\x00n\x00 \x00k\x00o\x00\
n\x00v\x00e\x00r\x00t\x00\xe1\x00l\x00\xe1\x00\
s\x00b\x00\xf3\x00l\x00 \x00h\x00o\x00z\x00\
z\x00u\x00k\x00 \x00l\x00e\x00 \x00a\x00\
 \x00F\x00r\x00e\x00e\x00C\x00A\x00D\x00\
 \x00w\x00i\x00k\x00i\x00b\x01Q\x00l\x00\
,\x00 \x00a\x00m\x00e\x00l\x00y\x00 \x00\
a\x00 \x00F\x00r\x00e\x00e\x00C\x00A\x00\
D\x00'\x00G\x00i\x00t\x00H\x00u\x00b\x00\
 \x00f\x00i\x00\xf3\x00k\x00j\x00\xe1\x00n\x00\
 \x00t\x00\xe1\x00r\x00o\x00l\x00u\x00n\x00\
k\x00.\x00 \x00E\x00z\x00t\x00 \x00e\x00\
g\x00y\x00 \x00s\x00t\x00i\x00l\x00i\x00\
z\x00\xe1\x00l\x00t\x00\x0a\x00e\x00g\x00y\x00\
\xe9\x00n\x00i\x00 \x00s\x00t\x00\xed\x00l\x00\
u\x00s\x00t\x00\xe1\x00b\x00l\x00\xe1\x00v\x00\
a\x00l\x00 \x00a\x00l\x00a\x00k\x00\xed\x00\
t\x00h\x00a\x00t\x00\xf3\x00 \x00k\x00i\x00\
,\x00 \x00\xe9\x00s\x00 \x00s\x00z\x00e\x00\
b\x00b\x00e\x00n\x00 \x00n\x00\xe9\x00z\x00\
h\x00e\x00t\x00 \x00k\x00i\x00,\x00 \x00\
m\x00i\x00n\x00t\x00 \x00a\x00 \x00w\x00\
i\x00k\x00i\x00 \x00o\x00p\x00c\x00i\x00\
\xf3\x00.\x00 \x00A\x00 \x00'\x00M\x00a\x00\
r\x00k\x00d\x00o\x00w\x00n\x00'\x00 \x00\
v\x00a\x00g\x00y\x00\x0a\x00'\x00P\x00a\x00\
n\x00d\x00o\x00c\x00'\x00 \x00P\x00y\x00\
t\x00h\x00o\x00n\x00 \x00m\x00o\x00d\x00\
u\x00l\x00t\x00 \x00k\x00e\x00l\x00l\x00\
 \x00t\x00e\x00l\x00e\x00p\x00\xed\x00t\x00\
e\x00n\x00i\x00 \x00a\x00z\x00 \x00o\x00\
p\x00t\x00i\x00m\x00\xe1\x00l\x00i\x00s\x00\
 \x00e\x00r\x00e\x00d\x00m\x00\xe9\x00n\x00\
y\x00 \x00e\x00l\x00\xe9\x00r\x00\xe9\x00s\x00\
\xe9\x00h\x00e\x00z\x00.\x08\x00\x00\x00\x00\x06\x00\
\x00\x012The documenta\
tion pages will \
be fetched from \
an automatic Mar\
kdown conversion\
\x0aof the FreeCAD \
wiki,hosted on F\
reeCAD's GitHub \
account. This ca\
n be styled with\
 a\x0acustom styles\
heet below and c\
an look nicer th\
an the wiki opti\
on. The 'Markdow\
n' or\x0a'Pandoc' P\
ython module sho\
uld be installed\
 for optimal res\
ults.\x07\x00\x00\x00\x04Form\x01\x03\
\x00\x00\x00\xd0\x00A\x00 \x00d\x00o\x00k\x00u\
\x00m\x00e\x00n\x00t\x00\xe1\x00c\x00i\x00\xf3\
\x00s\x00 \x00o\x00l\x00d\x00a\x00l\x00a\
\x00k\x00a\x00t\x00 \x00a\x00 \x00h\x00i\
\x00v\x00a\x00t\x00a\x00l\x00o\x00s\x00 \
\x00F\x00r\x00e\x00e\x00C\x00A\x00D\x00 \
\x00w\x00i\x00k\x00i\x00b\x01Q\x00l\x00 \
\x00h\x00\xed\x00v\x00j\x00u\x00k\x00 \x00l\
\x00e\x00 \x00e\x00r\x00r\x01Q\x00l\x00 \
\x00a\x00 \x00c\x00\xed\x00m\x00r\x01Q\x00l\
\x00:\x00 \x00h\x00t\x00t\x00p\x00s\x00:\
\x00/\x00/\x00w\x00i\x00k\x00i\x00.\x00f\
\x00r\x00e\x00e\x00c\x00a\x00d\x00.\x00o\
\x00r\x00g\x08\x00\x00\x00\x00\x06\x00\x00\x00aTh\
e documentation \
pages will be fe\
tched from the o\
fficial\x0aFreeCADw\
iki at https://w\
iki.freecad.org\x07\
\x00\x00\x00\x04Form\x01\x03\x00\x00\x00\xfe\x00A\
\x00 \x00d\x00o\x00k\x00u\x00m\x00e\x00n\
\x00t\x00\xe1\x00c\x00i\x00\xf3\x00 \x00e\x00g\
\x00y\x00 \x00\xfa\x00j\x00 \x00l\x00a\x00p\
\x00o\x00n\x00 \x00f\x00o\x00g\x00 \x00m\
\x00e\x00g\x00n\x00y\x00\xed\x00l\x00n\x00i\
\x00 \x00a\x00 \x00F\x00r\x00e\x00e\x00C\
\x00A\x00D\x00 \x00f\x00e\x00l\x00\xfc\x00l\
\x00e\x00t\x00\xe9\x00n\x00 \x00b\x00e\x00l\
\x00\xfc\x00l\x00.\x00 \x00E\x00h\x00h\x00e\
\x00z\x00 \x00a\x00 \x00P\x00y\x00S\x00i\
\x00d\x00e\x00 \x00Q\x00t\x00W\x00e\x00b\
\x00e\x00n\x00g\x00i\x00n\x00e\x00W\x00i\
\x00d\x00g\x00e\x00t\x00s\x00 \x00k\x00o\
\x00m\x00p\x00o\x00n\x00e\x00n\x00s\x00r\
\x00e\x00 \x00v\x00a\x00n\x00 \x00s\x00z\
\x00\xfc\x00k\x00s\x00\xe9\x00g\x00.\x08\x00\x00\x00\
\x00\x06\x00\x00\x00}The docume\
ntation will ope\
n in a new tab i\
nside the FreeCA\
D interface. Thi\
s requires the P\
ySide QtWebengin\
eWidgets compone\
nt.\x07\x00\x00\x00\x04Form\x01\x03\x00\x00\
\x00p\x00A\x00 \x00d\x00o\x00k\x00u\x00m\
\x00e\x00n\x00t\x00\xe1\x00c\x00i\x00\xf3\x00 \
\x00a\x00z\x00 \x00a\x00l\x00a\x00p\x00\xe9\
\x00r\x00t\x00e\x00l\x00m\x00e\x00z\x00e\
\x00t\x00t\x00 \x00b\x00\xf6\x00n\x00g\x00\xe9\
\x00s\x00z\x01Q\x00b\x00e\x00n\x00 \x00n\
\x00y\x00\xed\x00l\x00i\x00k\x00 \x00m\x00e\
\x00g\x08\x00\x00\x00\x00\x06\x00\x00\x006The \
documentation wi\
ll open in the d\
efault web brows\
er\x07\x00\x00\x00\x04Form\x01\x03\x00\x00\x00\
\x1e\x00F\x00o\x00r\x00d\x00\xed\x00t\x00\xe1\x00\
s\x00 \x00u\x00t\x00\xf3\x00t\x00a\x00g\x08\
\x00\x00\x00\x00\x06\x00\x00\x00\x12Transla\
tion suffix\x07\x00\x00\x00\x04\
Form\x01\x03\x00\x00\x01\x08\x00A\x00z\x00 \
\x00o\x00l\x00d\x00a\x00l\x00 \x00t\x00a\
\x00r\x00t\x00a\x00l\x00m\x00a\x00 \x00n\
\x00e\x00m\x00 \x00v\x00o\x00l\x00t\x00 \
\x00e\x00l\x00\xe9\x00r\x00h\x00e\x00t\x01Q\
\x00.\x00 \x00K\x00\xe9\x00r\x00j\x00\xfc\x00k\
\x00,\x00 \x00e\x00l\x00l\x00e\x00n\x01Q\
\x00r\x00i\x00z\x00z\x00e\x00 \x00a\x00 \
\x00b\x00e\x00\xe1\x00l\x00l\x00\xed\x00t\x00\xe1\
\x00s\x00o\x00k\x00a\x00t\x00 \x00a\x00 \
\x00S\x00z\x00e\x00r\x00k\x00e\x00s\x00z\
\x00t\x00\xe9\x00s\x00 !\x92\x00 \x00T\x00e\
\x00s\x00t\x00r\x00e\x00s\x00z\x00a\x00b\
\x00\xe1\x00s\x00 !\x92\x00 \x00\xc1\x00l\x00t\
\x00a\x00l\x00\xe1\x00n\x00o\x00s\x00 !\x92\
\x00 \x00S\x00\xfa\x00g\x00\xf3\x00 \x00m\x00e\
\x00n\x00\xfc\x00p\x00o\x00n\x00t\x00b\x00a\
\x00n\x08\x00\x00\x00\x00\x06\x00\x00\x00yCont\
ents for this pa\
ge could not be \
retrieved. Pleas\
e check settings\
 under menu Edit\
 \xe2\x86\x92 Preferences\
 \xe2\x86\x92 General \xe2\x86\x92\
 Help\x07\x00\x00\x00\x04Help\x01\x03\
\x00\x00\x00\x08\x00S\x00\xfa\x00g\x00\xf3\x08\x00\x00\x00\
\x00\x06\x00\x00\x00\x04Help\x07\x00\x00\x00\x04H\
elp\x01\x03\x00\x00\x01\x14\x00A\x00 \x00s\x00\
\xfa\x00g\x00\xf3\x00f\x00\xe1\x00j\x00l\x00o\x00\
k\x00 \x00h\x00e\x00l\x00y\x00\xe9\x00t\x00\
 \x00n\x00e\x00m\x00 \x00s\x00i\x00k\x00\
e\x00r\x00\xfc\x00l\x00t\x00 \x00m\x00e\x00\
g\x00h\x00a\x00t\x00\xe1\x00r\x00o\x00z\x00\
n\x00i\x00.\x00 \x00K\x00\xe9\x00r\x00j\x00\
\xfc\x00k\x00,\x00 \x00e\x00l\x00l\x00e\x00\
n\x01Q\x00r\x00i\x00z\x00z\x00e\x00 \x00\
a\x00 \x00b\x00e\x00\xe1\x00l\x00l\x00\xed\x00\
t\x00\xe1\x00s\x00o\x00k\x00a\x00t\x00 \x00\
a\x00 \x00S\x00z\x00e\x00r\x00k\x00e\x00\
s\x00z\x00t\x00\xe9\x00s\x00 \x00-\x00 \x00\
T\x00e\x00s\x00t\x00r\x00e\x00s\x00z\x00\
a\x00b\x00\xe1\x00s\x00 \x00-\x00 \x00\xc1\x00\
l\x00t\x00a\x00l\x00\xe1\x00n\x00o\x00s\x00\
 \x00-\x00 \x00S\x00\xfa\x00g\x00\xf3\x00 \x00\
m\x00e\x00n\x00\xfc\x00b\x00e\x00n\x08\x00\x00\
\x00\x00\x06\x00\x00\x00wHelp file\
s location could\
 not be determin\
ed. Please check\
 settings under \
menu Edit \xe2\x86\x92 Pr\
eferences \xe2\x86\x92 Ge\
neral \xe2\x86\x92 Help\x07\x00\
\x00\x00\x04Help\x01\x03\x00\x00\x00\xcc\x00A\x00\
 \x00P\x00y\x00S\x00i\x00d\x00e\x00 \x00\
Q\x00t\x00W\x00e\x00b\x00E\x00n\x00g\x00\
i\x00n\x00e\x00W\x00i\x00d\x00g\x00e\x00\
t\x00s\x00 \x00m\x00o\x00d\x00u\x00l\x00\
 \x00n\x00e\x00m\x00 \x00e\x00l\x00\xe9\x00\
r\x00h\x00e\x00t\x01Q\x00.\x00 \x00A\x00\
 \x00s\x00\xfa\x00g\x00\xf3\x00 \x00m\x00e\x00\
g\x00j\x00e\x00l\x00e\x00n\x00\xed\x00t\x00\
\xe9\x00s\x00e\x00 \x00a\x00 \x00r\x00e\x00\
n\x00d\x00s\x00z\x00e\x00r\x00 \x00b\x00\
\xf6\x00n\x00g\x00\xe9\x00s\x00z\x01Q\x00j\x00\
\xe9\x00v\x00e\x00l\x00 \x00t\x00\xf6\x00r\x00\
t\x00\xe9\x00n\x00i\x00k\x08\x00\x00\x00\x00\x06\x00\
\x00\x00aPySide QtWebE\
ngineWidgets mod\
ule is not avail\
able. Help rende\
ring is done wit\
h the system bro\
wser\x07\x00\x00\x00\x04Help\x01\x03\x00\
\x00\x01\x88\x00N\x00i\x00n\x00c\x00s\x00 \x00\
t\x00e\x00l\x00e\x00p\x00\xed\x00t\x00v\x00\
e\x00 \x00M\x00a\x00r\x00k\x00d\x00o\x00\
w\x00n\x00 \x00r\x00e\x00n\x00d\x00e\x00\
r\x00e\x00l\x01Q\x00 \x00a\x00z\x00 \x00\
\xd6\x00n\x00 \x00r\x00e\x00n\x00d\x00s\x00\
z\x00e\x00r\x00\xe9\x00n\x00,\x00 \x00\xed\x00\
g\x00y\x00 \x00e\x00z\x00 \x00a\x00 \x00\
s\x00\xfa\x00g\x00\xf3\x00o\x00l\x00d\x00a\x00\
l\x00 \x00\xfa\x00g\x00y\x00 \x00j\x00e\x00\
l\x00e\x00n\x00i\x00k\x00 \x00m\x00e\x00\
g\x00,\x00 \x00a\x00h\x00o\x00g\x00y\x00\
 \x00v\x00a\x00n\x00.\x00 \x00K\x00\xe9\x00\
r\x00j\x00\xfc\x00k\x00,\x00 \x00t\x00e\x00\
l\x00e\x00p\x00\xed\x00t\x00s\x00e\x00 \x00\
a\x00 \x00M\x00a\x00r\x00k\x00d\x00o\x00\
w\x00n\x00 \x00v\x00a\x00g\x00y\x00 \x00\
P\x00a\x00n\x00d\x00o\x00c\x00 \x00P\x00\
y\x00t\x00h\x00o\x00n\x00 \x00m\x00o\x00\
d\x00u\x00l\x00o\x00k\x00a\x00t\x00,\x00\
 \x00h\x00o\x00g\x00y\x00 \x00j\x00a\x00\
v\x00\xed\x00t\x00s\x00a\x00 \x00a\x00z\x00\
 \x00o\x00l\x00d\x00a\x00l\x00 \x00m\x00\
e\x00g\x00j\x00e\x00l\x00e\x00n\x00\xed\x00\
t\x00\xe9\x00s\x00\xe9\x00t\x00.\x08\x00\x00\x00\x00\
\x06\x00\x00\x00\xb8There is no\
 Markdown render\
er installed on \
your system, so \
this help page i\
s rendered as is\
. Please install\
 the Markdown or\
 Pandoc Python m\
odules to improv\
e the rendering \
of this page.\x07\x00\x00\
\x00\x04Help\x01\x03\x00\x00\x00\x12\x00\xc1\x00l\
\x00t\x00a\x00l\x00\xe1\x00n\x00o\x00s\x08\x00\
\x00\x00\x00\x06\x00\x00\x00\x07General\x07\
\x00\x00\x00\x07QObject\x01\
\x00\x00\x1ak\
<\
\xb8d\x18\xca\xef\x9c\x95\xcd!\x1c\xbf`\xa1\xbd\xdd\xa7\
\x00\x00\x00\x02jaB\x00\x00\x00\xf0\x00\x04\xec0\x00\
\x00\x048\x00\x04\xec0\x00\x00\x15Q\x00\x99N\xa8\x00\
\x00\x14\x1a\x018!.\x00\x00\x0e\xb2\x01\x82\xc62\x00\
\x00\x16p\x02mV`\x00\x00\x15t\x04\x1e\xf1\x82\x00\
\x00\x04[\x04Dm9\x00\x00\x03\x9e\x04T\x18N\x00\
\x00\x0d\x87\x04\x89?'\x00\x00\x04\x9a\x04\xde1)\x00\
\x00\x05>\x05M7\xf2\x00\x00\x04\xef\x05\xa6\xc8\x95\x00\
\x00\x0db\x06{\x06\x03\x00\x00\x06\xd5\x06\xa4]\x8e\x00\
\x00\x06\xff\x07\x07\xe0\x0e\x00\x00\x12o\x07t\x8a\x94\x00\
\x00\x01\x02\x09\x82\xac\xae\x00\x00\x00\x00\x09\xd5\xc9.\x00\
\x00\x01h\x0auc\xd7\x00\x00\x11y\x0b\x0ar\xc9\x00\
\x00\x01D\x0c\xe2\x80\xae\x00\x00\x02\xc8\x0d\xb7\x06\x10\x00\
\x00\x14O\x0d\xc4\xc8<\x00\x00\x193\x0e*j\xae\x00\
\x00\x17p\x0ek8\x9e\x00\x00\x0a#\x0e\x8d\xd4\x82\x00\
\x00\x13\x97\x0e\xca\x08\x89\x00\x00\x03\xf4\x0f-\x13\xae\x00\
\x00\x00\xcc\x0fE\xeb\x1e\x00\x00\x05\x9ci\x00\x00\x19Z\
\x03\x00\x00\x00VO\x7fu(0Y0\x8b\x7f\xfb\x8a\
3c\xa5\x5c>\x8f\x9e0\x02O\x8b0H0p\x00\
 \x00\x22\x00f\x00r\x00\x22\x00 0h0Y0\
\x8b0h0\xd50\xe90\xf30\xb9\x8a\x9erH0\
n0\xc90\xad0\xe50\xe10\xf30\xc80\x92S\
\xd6_\x970W0~0Y0\x02\x08\x00\x00\x00\x00\
\x06\x00\x00\x00]A translati\
on suffix to use\
, for example \x22f\
r\x22\x0ato get French\
 translation of \
the documentatio\
n.\x07\x00\x00\x00\x04Form\x01\x03\x00\x00\x00\
\x0e0]0nN\xd60nO\xdd[XQH\x08\
\x00\x00\x00\x00\x06\x00\x00\x00\x0fCustom \
location\x07\x00\x00\x00\x04For\
m\x01\x03\x00\x00\x00\x180\xab0\xb90\xbf0\xe00\
\xfb0\xb90\xbf0\xa40\xeb0\xb70\xfc0\xc8\x08\
\x00\x00\x00\x00\x06\x00\x00\x00\x11Custom \
stylesheet\x07\x00\x00\x00\x04F\
orm\x01\x03\x00\x00\x00\x04\x88hy:\x08\x00\x00\
\x00\x00\x06\x00\x00\x00\x07Display\x07\x00\
\x00\x00\x04Form\x01\x03\x00\x00\x00\xb20\xc90\
\xad0\xe50\xe10\xf30\xc80o\x00F\x00r\x00\
e\x00e\x00C\x00A\x00DQ\x850n0\xc90\
\xc30\xad0\xf30\xb0S\xef\x80\xfd0j0\xc00\
\xa40\xa20\xed0\xb00g\x95\x8b0M0\x01\x00\
3\x00D0\xd30\xe50\xfc0g0nT\x0cf\
BO\x5cim0LS\xef\x80\xfd0g0Y0\
\x02\x00\x0a\x00P\x00y\x00S\x00i\x00d\x00e\x00\
 \x00Q\x00t\x00W\x00e\x00b\x00e\x00n\x00\
g\x00i\x00n\x00e\x00W\x00i\x00d\x00g\x00\
e\x00t\x00s0\xb30\xf30\xdd0\xfc0\xcd0\
\xf30\xc80L_\xc5\x89\x810g0Y0\x02\x08\
\x00\x00\x00\x00\x06\x00\x00\x00\x95Documen\
tation opens in \
a dockable dialo\
g within FreeCAD\
, allowing simul\
taneous work in \
the 3D view.\x0aReq\
uires the PySide\
 QtWebengineWidg\
ets component.\x07\x00\
\x00\x00\x04Form\x01\x03\x00\x00\x00d\x00G\x00\
i\x00t\x00H\x00u\x00b0g0\xec0\xf30\
\xc00\xea0\xf30\xb00U0\x8c0_0\xda0\
\xfc0\xb80K0\x890\xc90\xad0\xe50\xe10\
\xf30\xc80\x92S\xd6_\x970W0~0Y0\
\x02\x00\x0a0S0nj_\x80\xfd0os\xfeW\
(R)u(0g0M0~0[0\x930\
\x02\x08\x00\x00\x00\x00\x06\x00\x00\x00YFetch\
es the documenta\
tion from pages \
rendered on GitH\
ub.\x0aThis is curr\
ently not availa\
ble.\x07\x00\x00\x00\x04Form\x01\x03\x00\
\x00\x00(\x00F\x00r\x00e\x00e\x00C\x00A\x00\
D\x00 \x00W\x00i\x00k\x00i\x00 \x00(0\
\xaa0\xf30\xe90\xa40\xf3\x00)\x08\x00\x00\x00\x00\
\x06\x00\x00\x00\x15FreeCAD Wik\
i (online)\x07\x00\x00\x00\x04F\
orm\x01\x03\x00\x00\x00\x1c\x00G\x00i\x00t\x00\
H\x00u\x00b\x00 \x00(0\xaa0\xf30\xe90\
\xa40\xf3\x00)\x08\x00\x00\x00\x00\x06\x00\x00\x00\x0fG\
itHub (online)\x07\x00\
\x00\x00\x04Form\x01\x03\x00\x00\x00\x060\xd80\
\xeb0\xd7\x08\x00\x00\x00\x00\x06\x00\x00\x00\x04Hel\
p\x07\x00\x00\x00\x04Form\x01\x03\x00\x00\x00\x16\
\x00F\x00r\x00e\x00e\x00C\x00A\x00D\x00 \
0\xbf0\xd6Q\x85\x08\x00\x00\x00\x00\x06\x00\x00\x00\x10\
In a FreeCAD tab\
\x07\x00\x00\x00\x04Form\x01\x03\x00\x00\x00\x1cP\
\x0bR%0nW\xcb0\x81\x8f\xbc0\x7fS\xef\x80\
\xfd0\xc00\xa40\xa20\xed0\xb0\x08\x00\x00\x00\x00\
\x06\x00\x00\x00 In a separa\
te, embeddable d\
ialog\x07\x00\x00\x00\x04Form\x01\x03\
\x00\x00\x00\x1c0\xc70\xd50\xa90\xeb0\xc80n\
0\xa60\xa70\xd60\xd60\xe90\xa60\xb6Q\x85\
\x08\x00\x00\x00\x00\x06\x00\x00\x00\x1aIn the\
 default web bro\
wser\x07\x00\x00\x00\x04Form\x01\x03\x00\
\x00\x00,\x00M\x00a\x00r\x00k\x00d\x00o\x00\
w\x00n\x00 0\xd00\xfc0\xb80\xe70\xf3\x00\
 \x00(0\xaa0\xf30\xe90\xa40\xf3\x00)\x08\
\x00\x00\x00\x00\x06\x00\x00\x00\x19Markdow\
n version (onlin\
e)\x07\x00\x00\x00\x04Form\x01\x03\x00\x00\x00\
\x94l\xe8a\x0f\x00:\x00 0\xb70\xb90\xc60\
\xe00k\x00 \x00P\x00y\x00S\x00i\x00d\x00\
e\x00 \x00W\x00e\x00b\x00 0\xb30\xf30\
\xdd0\xfc0\xcd0\xf30\xc80L\x89\x8b0d0\
K0\x890j0DX4T\x080\x01N\xe5N\
\x0b0n\x8a-[\x9a0k\x95\xa2O\xc20j0\
O0\xd80\xeb0\xd70\xda0\xfc0\xb80o0\
\xc70\xd50\xa90\xeb0\xc80n0\xa60\xa70\
\xd60\xd60\xe90\xa60\xb60g\x95\x8b0M0\
~0Y0\x02\x08\x00\x00\x00\x00\x06\x00\x00\x00\x8cN\
ote: if PySide W\
eb components ar\
e not found on t\
he system, help \
pages will open \
in the default w\
eb browser regar\
dless of the opt\
ions below.\x07\x00\x00\x00\x04\
Form\x01\x03\x00\x00\x00\x0a0\xaa0\xd70\xb7\
0\xe70\xf3\x08\x00\x00\x00\x00\x06\x00\x00\x00\x07Op\
tions\x07\x00\x00\x00\x04Form\x01\x03\
\x00\x00\x01\xb40S0S0k0\xd80\xeb0\xd7\
0\xd50\xa10\xa40\xeb0L0B0\x8b0\xab\
0\xb90\xbf0\xe0\x00 \x00U\x00R\x00L\x00 \
0~0_0o0\xd50\xa90\xeb0\xc00\x92\
\x8a-[\x9a0W0f0O0`0U0D\
0\x02\x00\x0a0\xa20\xc90\xaa0\xf30\xde0\xcd\
0\xfc0\xb80\xe30\xfc0\x92O\x7fu(0W\
0f\x00 \x00\x22\x00o\x00f\x00f\x00l\x00i\
\x00n\x00e\x00-\x00d\x00o\x00c\x00u\x00m\
\x00e\x00n\x00t\x00a\x00t\x00i\x00o\x00n\
\x00\x22\x00 0\xa20\xc90\xaa0\xf30\x920\xa4\
0\xf30\xb90\xc80\xfc0\xeb0Y0\x8b0h\
0\xaa0\xd50\xe90\xa40\xf30gR)u(\
0Y0\x8b0_0\x810n0\xc90\xad0\xe5\
0\xe10\xf30\xc80\x920\xc00\xa60\xf30\xed\
0\xfc0\xc90g0M0~0Y0\x020S\
0nQeR\x9bk\x040Lzzv}0n\
X4T\x080k0o\x00 \x00F\x00r\x00e\
\x00e\x00C\x00A\x00D\x00 0o0\xc70\xd5\
0\xa90\xeb0\xc8OM\x7fn\xff\x08\x00$\x00U\
\x00S\x00E\x00R\x00A\x00P\x00P\x00D\x00A\
\x00T\x00A\x00D\x00I\x00R\x00/\x00M\x00o\
\x00d\x00/\x00o\x00f\x00f\x00l\x00i\x00n\
\x00e\x00-\x00d\x00o\x00c\x00u\x00m\x00e\
\x00n\x00t\x00a\x00t\x00i\x00o\x00n\xff\x09\
0k0B0\x8b0\xd80\xeb0\xd70\xd50\xa1\
0\xa40\xeb0\x92\x81\xeaR\xd50gi\x1c}\x22\
0W0~0Y0\x02\x08\x00\x00\x00\x00\x06\x00\x00\
\x01WSet this to a \
custom URL or th\
e folder where t\
he help files ar\
e located.\x0aDocum\
entation can be \
downloaded for o\
ffline use via t\
he Addon Manager\
 and installing \
the\x0a\x22offline-doc\
umentation\x22 addo\
n. If this field\
 is left blank, \
FreeCAD will\x0aaut\
omatically searc\
h for the help f\
iles at the defa\
ult location\x0a($U\
SERAPPDATADIR/Mo\
d/offline-docume\
ntation).\x07\x00\x00\x00\x04Fo\
rm\x01\x03\x00\x00\x01\xc00S0S0k0\xd8\
0\xeb0\xd70\xd50\xa10\xa40\xeb0L0B\
0\x8b0\xab0\xb90\xbf0\xe0\x00 \x00U\x00R\
\x00L\x00 0~0_0o0\xd50\xa90\xeb\
0\xc00\x92\x8a-[\x9a0W0f0O0`\
0U0D0\x02\x00\x0a0\xa20\xc90\xaa0\xf3\
0\xde0\xcd0\xfc0\xb80\xe30\xfc0\x92O\x7f\
u(0W0f\x00 \x00\x22\x00o\x00f\x00f\
\x00l\x00i\x00n\x00e\x00-\x00d\x00o\x00c\
\x00u\x00m\x00e\x00n\x00t\x00a\x00t\x00i\
\x00o\x00n\x00\x22\x00 0\xa20\xc90\xaa0\xf3\
0\x920\xa40\xf30\xb90\xc80\xfc0\xeb0Y\
0\x8b0h0\xaa0\xd50\xe90\xa40\xf30g\
R)u(0Y0\x8b0_0\x810n0\xc9\
0\xad0\xe50\xe10\xf30\xc80n0\xc00\xa6\
0\xf30\xed0\xfc0\xc90\x92|!SX0k\
\x88L0H0~0Y0\x020S0nQe\
R\x9bk\x040Lzzv}0nX4T\x08\
0k0o\x00 \x00F\x00r\x00e\x00e\x00C\
\x00A\x00D\x00 0o0\xc70\xd50\xa90\xeb\
0\xc8OM\x7fn\x00 \x00(\x00$\x00U\x00S\
\x00E\x00R\x00A\x00P\x00P\x00D\x00A\x00T\
\x00A\x00D\x00I\x00R\x00/\x00M\x00o\x00d\
\x00/\x00o\x00f\x00f\x00l\x00i\x00n\x00e\
\x00-\x00d\x00o\x00c\x00u\x00m\x00e\x00n\
\x00t\x00a\x00t\x00i\x00o\x00n\x00)\x00 \
0k0B0\x8b0\xd80\xeb0\xd70\xd50\xa1\
0\xa40\xeb0\x92\x81\xeaR\xd50gi\x1c}\x22\
0W0~0Y0\x02\x08\x00\x00\x00\x00\x06\x00\x00\
\x01fSet this to a \
custom URL or th\
e folder where t\
he help files ar\
e located.\x0aYou c\
an easily downlo\
ad the documenta\
tion for offline\
 use by using th\
e Addon\x0aManager \
and installing t\
he \x22offline-docu\
mentation\x22 addon\
. If this\x0afield \
is left blank, F\
reeCAD will auto\
matically search\
 for the help fi\
les at\x0athe defau\
lt location ($US\
ERAPPDATADIR/Mod\
/offline-documen\
tation).\x07\x00\x00\x00\x04For\
m\x01\x03\x00\x00\x00\x060\xbd0\xfc0\xb9\x08\x00\x00\
\x00\x00\x06\x00\x00\x00\x06Source\x07\x00\x00\
\x00\x04Form\x01\x03\x00\x00\x00\x9a\x00M\x00a\
\x00r\x00k\x00d\x00o\x00w\x00n0\xda0\xfc\
0\xb80\x920\xb90\xbf0\xa40\xea0\xf30\xb0\
0Y0\x8b0_0\x810nN\xe3f\xff\x00C\
\x00S\x00S0\xd50\xa10\xa40\xeb0n0\xd1\
0\xb90\x92c\x07[\x9a0W0~0Y0\x02\
\x00\x0a0S0\x8c0oN\x0a\x8a\x180g\x00M\
\x00a\x00r\x00k\x00d\x00o\x00w\x00n0L\
\x90xb\x9e0U0\x8c0f0D0\x8bX4\
T\x080k0n0\x7f\x90iu(0U0\x8c\
0~0Y0\x02\x08\x00\x00\x00\x00\x06\x00\x00\x00x\
Specify the path\
 to an alternati\
ve CSS file for \
styling Markdown\
 pages.\x0aThis onl\
y applies if Mar\
kdown is selecte\
d above.\x07\x00\x00\x00\x04For\
m\x01\x03\x00\x00\x01|0\xc90\xad0\xe50\xe10\
\xf30\xc80n0\xda0\xfc0\xb80o\x00 \x00\
F\x00r\x00e\x00e\x00C\x00A\x00D\x00 0\
n\x00 \x00G\x00i\x00t\x00H\x00u\x00b\x00\
 0\xa20\xab0\xa60\xf30\xc80g0\xdb0\
\xb90\xc80U0\x8c0f0D0\x8b\x00 \x00\
F\x00r\x00e\x00e\x00C\x00A\x00D\x00 0\
\xa60\xa30\xad0n\x00 \x00M\x00a\x00r\x00\
k\x00d\x00o\x00w\x00n\x00 \x81\xeaR\xd5Y\
\x09c\xdbrH0K0\x89S\xd6_\x970U0\
\x8c0~0Y0\x02N\xe5N\x0b0n0\xab0\
\xb90\xbf0\xe00\xb90\xbf0\xa40\xeb0\xb70\
\xfc0\xc80g0\xb90\xbf0\xa40\xeb\x8a-[\
\x9aS\xef\x80\xfd0g0\x010\xa60\xa30\xad0\
nX4T\x080\x880\x8a0\x82\x82o0DY\
\x16\x89\xb30k0g0M0~0Y0\x020\
S0n0\xaa0\xd70\xb70\xe70\xf3}Pg\
\x9c0\x92_\x970\x8b0k0o\x00 \x00M\x00\
a\x00r\x00k\x00d\x00o\x00w\x00n\x00 0\
~0_0o\x00 \x00P\x00a\x00n\x00d\x00\
o\x00c\x00 0n\x00 \x00P\x00y\x00t\x00\
h\x00o\x00n\x00 0\xe20\xb80\xe50\xfc0\
\xeb0\x920\xa40\xf30\xb90\xc80\xfc0\xeb0\
Y0\x8b_\xc5\x89\x810L0B0\x8a0~0\
Y0\x02\x08\x00\x00\x00\x00\x06\x00\x00\x012The\
 documentation p\
ages will be fet\
ched from an aut\
omatic Markdown \
conversion\x0aof th\
e FreeCAD wiki,h\
osted on FreeCAD\
's GitHub accoun\
t. This can be s\
tyled with a\x0acus\
tom stylesheet b\
elow and can loo\
k nicer than the\
 wiki option. Th\
e 'Markdown' or\x0a\
'Pandoc' Python \
module should be\
 installed for o\
ptimal results.\x07\
\x00\x00\x00\x04Form\x01\x03\x00\x00\x00|0\xc9\
0\xad0\xe50\xe10\xf30\xc80\xda0\xfc0\xb8\
0o\x00 \x00h\x00t\x00t\x00p\x00s\x00:\
\x00/\x00/\x00w\x00i\x00k\x00i\x00.\x00f\
\x00r\x00e\x00e\x00c\x00a\x00d\x00.\x00o\
\x00r\x00g\x00 0k0B0\x8bQl_\x0f\
\x00 \x00F\x00r\x00e\x00e\x00C\x00A\x00D\
\x00 0\xa60\xa30\xad0K0\x89S\xd6_\x97\
0U0\x8c0~0Y0\x02\x08\x00\x00\x00\x00\x06\
\x00\x00\x00aThe document\
ation pages will\
 be fetched from\
 the official\x0aFr\
eeCADwiki at htt\
ps://wiki.freeca\
d.org\x07\x00\x00\x00\x04Form\x01\x03\
\x00\x00\x00\x920\xc90\xad0\xe50\xe10\xf30\xc8\
0\x92\x00F\x00r\x00e\x00e\x00C\x00A\x00D\
0\xa40\xf30\xbf0\xfc0\xd50\xa70\xfc0\xb9\
Q\x850ne\xb00W0D0\xbf0\xd60g\
\x95\x8b0M0~0Y0\x02\x00P\x00y\x00S\
\x00i\x00d\x00e\x00 \x00Q\x00t\x00W\x00e\
\x00b\x00e\x00n\x00g\x00i\x00n\x00e\x00W\
\x00i\x00d\x00g\x00e\x00t\x00s0\xb30\xf3\
0\xdd0\xfc0\xcd0\xf30\xc80L_\xc5\x89\x81\
0g0Y0\x02\x08\x00\x00\x00\x00\x06\x00\x00\x00}\
The documentatio\
n will open in a\
 new tab inside \
the FreeCAD inte\
rface. This requ\
ires the PySide \
QtWebengineWidge\
ts component.\x07\x00\x00\
\x00\x04Form\x01\x03\x00\x00\x0040\xc90\xad\
0\xe50\xe10\xf30\xc80o0\xc70\xd50\xa9\
0\xeb0\xc80n0\xa60\xa70\xd60\xd60\xe9\
0\xa60\xb60g\x95\x8b0M0~0Y0\x02\
\x08\x00\x00\x00\x00\x06\x00\x00\x006The do\
cumentation will\
 open in the def\
ault web browser\
\x07\x00\x00\x00\x04Form\x01\x03\x00\x00\x00\x0a\x7f\
\xfb\x8a3c\xa5\x5c>\x8f\x9e\x08\x00\x00\x00\x00\x06\x00\
\x00\x00\x12Translation s\
uffix\x07\x00\x00\x00\x04Form\x01\x03\
\x00\x00\x00p0S0n0\xda0\xfc0\xb80n\
0\xb30\xf30\xc60\xf30\xc40\x92S\xd6_\x97\
0g0M0~0[0\x930g0W0_\
0\x020\xe10\xcb0\xe50\xfc0n}\xe8\x96\xc6\
!\x92\x8a-[\x9a!\x92Qh\x82,!\x920\xd8\
0\xeb0\xd7\x00 0k0B0\x8b\x8a-[\x9a\
0\x92x\xba\x8a\x8d0W0f0O0`0U\
0D0\x02\x08\x00\x00\x00\x00\x06\x00\x00\x00yCo\
ntents for this \
page could not b\
e retrieved. Ple\
ase check settin\
gs under menu Ed\
it \xe2\x86\x92 Preferenc\
es \xe2\x86\x92 General \xe2\
\x86\x92 Help\x07\x00\x00\x00\x04Help\
\x01\x03\x00\x00\x00\x060\xd80\xeb0\xd7\x08\x00\x00\x00\
\x00\x06\x00\x00\x00\x04Help\x07\x00\x00\x00\x04H\
elp\x01\x03\x00\x00\x00l0\xd80\xeb0\xd70\
\xd50\xa10\xa40\xeb0nX4b@0Lr\
y[\x9a0g0M0~0[0\x930g0\
W0_0\x020\xe10\xcb0\xe50\xfc0n}\
\xe8\x96\xc6!\x92\x8a-[\x9a!\x92Qh\x82,!\
\x920\xd80\xeb0\xd70k0B0\x8b\x8a-[\
\x9a0\x92x\xba\x8a\x8d0W0f0O0`0\
U0D0\x02\x08\x00\x00\x00\x00\x06\x00\x00\x00wH\
elp files locati\
on could not be \
determined. Plea\
se check setting\
s under menu Edi\
t \xe2\x86\x92 Preference\
s \xe2\x86\x92 General \xe2\x86\
\x92 Help\x07\x00\x00\x00\x04Help\x01\
\x03\x00\x00\x00\x86\x00P\x00y\x00S\x00i\x00d\x00\
e\x00 \x00Q\x00t\x00W\x00e\x00b\x00E\x00\
n\x00g\x00i\x00n\x00e\x00W\x00i\x00d\x00\
g\x00e\x00t\x00s0\xe20\xb80\xe50\xfc0\
\xeb0oR)u(0g0M0~0[0\
\x930\x020\xb70\xb90\xc60\xe00\xd60\xe90\
\xa60\xb60k0\x880\x8b\x88\xdcR\xa90\xec0\
\xf30\xc00\xea0\xf30\xb00L\x88L0j0\
\x8f0\x8c0~0W0_0\x02\x08\x00\x00\x00\x00\
\x06\x00\x00\x00aPySide QtWe\
bEngineWidgets m\
odule is not ava\
ilable. Help ren\
dering is done w\
ith the system b\
rowser\x07\x00\x00\x00\x04Help\x01\
\x03\x00\x00\x00\xf20\xb70\xb90\xc60\xe00k\x00\
M\x00a\x00r\x00k\x00d\x00o\x00w\x00n0\
\xec0\xf30\xc00\xe90\xfc0L0\xa40\xf30\
\xb90\xc80\xfc0\xeb0U0\x8c0f0D0\
j0D0_0\x810\x010S0n0\xd80\
\xeb0\xd70\xda0\xfc0\xb80o0]0n0\
~0~0\xec0\xf30\xc00\xea0\xf30\xb00\
U0\x8c0~0Y0\x020S0n0\xda0\
\xfc0\xb80n0\xec0\xf30\xc00\xea0\xf30\
\xb00\x92e9U\x840Y0\x8b0k0o0\
\x01\x00M\x00a\x00r\x00k\x00d\x00o\x00w\x00\
n0~0_0o\x00P\x00a\x00n\x00d\x00\
o\x00c\x00 \x00P\x00y\x00t\x00h\x00o\x00\
n0\xe20\xb80\xe50\xfc0\xeb0\x920\xa40\
\xf30\xb90\xc80\xfc0\xeb0W0f0O0\
`0U0D0\x02\x08\x00\x00\x00\x00\x06\x00\x00\x00\
\xb8There is no Mar\
kdown renderer i\
nstalled on your\
 system, so this\
 help page is re\
ndered as is. Pl\
ease install the\
 Markdown or Pan\
doc Python modul\
es to improve th\
e rendering of t\
his page.\x07\x00\x00\x00\x04He\
lp\x01\x03\x00\x00\x00\x04j\x19n\x96\x08\x00\x00\x00\
\x00\x06\x00\x00\x00\x07General\x07\x00\x00\
\x00\x07QObject\x01\
\x00\x00#2\
<\
\xb8d\x18\xca\xef\x9c\x95\xcd!\x1c\xbf`\xa1\xbd\xdd\xa7\
\x00\x00\x00\x02kaB\x00\x00\x00\xf0\x00\x04\xec0\x00\
\x00\x05\x94\x00\x04\xec0\x00\x00\x1c\xaf\x00\x99N\xa8\x00\
\x00\x1a\xea\x018!.\x00\x00\x14\x04\x01\x82\xc62\x00\
\x00\x1eP\x02mV`\x00\x00\x1c\xde\x04\x1e\xf1\x82\x00\
\x00\x05\xc3\x04Dm9\x00\x00\x04\xe0\x04T\x18N\x00\
\x00\x12k\x04\x89?'\x00\x00\x06\x12\x04\xde1)\x00\
\x00\x06\xda\x05M7\xf2\x00\x00\x06}\x05\xa6\xc8\x95\x00\
\x00\x12B\x06{\x06\x03\x00\x00\x09M\x06\xa4]\x8e\x00\
\x00\x09\x83\x07\x07\xe0\x0e\x00\x00\x18\xc7\x07t\x8a\x94\x00\
\x00\x01J\x09\x82\xac\xae\x00\x00\x00\x00\x09\xd5\xc9.\x00\
\x00\x01\xd2\x0auc\xd7\x00\x00\x17\x89\x0b\x0ar\xc9\x00\
\x00\x01\xa6\x0c\xe2\x80\xae\x00\x00\x03\xbe\x0d\xb7\x06\x10\x00\
\x00\x1b7\x0d\xc4\xc8<\x00\x00!\xeb\x0e*j\xae\x00\
\x00\x1f\x8c\x0ek8\x9e\x00\x00\x0d\xdb\x0e\x8d\xd4\x82\x00\
\x00\x1aC\x0e\xca\x08\x89\x00\x00\x05F\x0f-\x13\xae\x00\
\x00\x00\xfa\x0fE\xeb\x1e\x00\x00\x07Ji\x00\x00\x22\x1a\
\x03\x00\x00\x00\x84\x10\xd7\x10\xd0\x10\xe0\x10\xd2\x10\xdb\x10\
\xd0\x10\xdc\x10\xe1\x00 \x10\xe1\x10\xe3\x10\xe4\x10\xd8\x10\
\xe5\x10\xe1\x10\xd8\x00.\x00 \x10\xdb\x10\xd0\x10\xd2\x00\
 \x00\x22\x00f\x00r\x00\x22\x00 \x10\xd3\x10\xdd\x10\
\xd9\x10\xe3\x10\xdb\x10\xd4\x10\xdc\x10\xe2\x10\xd0\x10\xea\x10\
\xd8\x10\xd8\x10\xe1\x00 \x10\xe4\x10\xe0\x10\xd0\x10\xdc\x10\
\xd2\x10\xe3\x10\xda\x00 \x10\xd7\x10\xd0\x10\xe0\x10\xd2\x10\
\xdb\x10\xd0\x10\xdc\x10\xe1\x00 \x10\xdb\x10\xdd\x10\xd2\x10\
\xea\x10\xd4\x10\xdb\x10\xd7\x00.\x08\x00\x00\x00\x00\x06\x00\
\x00\x00]A translation\
 suffix to use, \
for example \x22fr\x22\
\x0ato get French t\
ranslation of th\
e documentation.\
\x07\x00\x00\x00\x04Form\x01\x03\x00\x00\x00(\x10\
\xdb\x10\xdd\x10\xe0\x10\xd2\x10\xd4\x10\xd1\x10\xe3\x10\xda\x10\
\xd8\x00 \x10\xdb\x10\xd3\x10\xd4\x10\xd1\x10\xd0\x10\xe0\x10\
\xd4\x10\xdd\x10\xd1\x10\xd0\x08\x00\x00\x00\x00\x06\x00\x00\x00\
\x0fCustom location\
\x07\x00\x00\x00\x04Form\x01\x03\x00\x00\x002\x10\
\xdb\x10\xdd\x10\xe0\x10\xd2\x10\xd4\x10\xd1\x10\xe3\x10\xda\x10\
\xd8\x00 \x10\xe1\x10\xe2\x10\xd8\x10\xda\x10\xd4\x10\xd1\x10\
\xd8\x10\xe1\x00 \x10\xea\x10\xee\x10\xe0\x10\xd8\x10\xda\x10\
\xd8\x08\x00\x00\x00\x00\x06\x00\x00\x00\x11Custo\
m stylesheet\x07\x00\x00\x00\
\x04Form\x01\x03\x00\x00\x00\x0c\x10\xd4\x10\xd9\x10\
\xe0\x10\xd0\x10\xdc\x10\xd8\x08\x00\x00\x00\x00\x06\x00\x00\x00\
\x07Display\x07\x00\x00\x00\x04For\
m\x01\x03\x00\x00\x01>\x10\xd3\x10\xdd\x10\xd9\x10\xe3\x10\
\xdb\x10\xd4\x10\xdc\x10\xe2\x10\xd0\x10\xea\x10\xd8\x10\xd0\x00\
 \x10\xd2\x10\xd0\x10\xd8\x10\xee\x10\xe1\x10\xdc\x10\xd4\x10\
\xd1\x10\xd0\x00 \x10\xdb\x10\xd8\x10\xdb\x10\xd0\x10\xd2\x10\
\xe0\x10\xd4\x10\xd1\x10\xd0\x10\xd3\x00 \x10\xd3\x10\xd8\x10\
\xd0\x10\xda\x10\xd2\x10\xe8\x10\xd8\x00 \x00F\x00r\x00\
e\x00e\x00C\x00A\x00D\x00-\x10\xd8\x10\xe1\x00\
 \x10\xe8\x10\xd8\x10\xd2\x10\xdc\x10\xd8\x10\xd7\x00 \x10\
\xd3\x10\xd0\x00 \x10\xd8\x10\xe1\x00 \x10\xe1\x10\xd0\x10\
\xe8\x10\xe3\x10\xd0\x10\xda\x10\xd4\x10\xd1\x10\xd0\x10\xe1\x00\
 \x10\xdb\x10\xdd\x10\xd2\x10\xea\x10\xd4\x10\xdb\x10\xd7\x00\
 \x10\xd4\x10\xe0\x10\xd7\x10\xd3\x10\xe0\x10\xdd\x10\xe3\x10\
\xda\x10\xd0\x10\xd3\x00 \x003\x00D\x00 \x10\xee\x10\
\xd4\x10\xd3\x10\xe8\x10\xd8\x00 \x10\xd8\x10\xdb\x10\xe8\x10\
\xd0\x10\xdd\x10\xd3\x00.\x00\x0a\x10\xe1\x10\xed\x10\xd8\x10\
\xe0\x10\xd3\x10\xd4\x10\xd1\x10\xd0\x00 \x10\xd9\x10\xdd\x10\
\xdb\x10\xde\x10\xdd\x10\xdc\x10\xd4\x10\xdc\x10\xe2\x10\xd8\x00\
 \x00P\x00y\x00S\x00i\x00d\x00e\x00 \x00\
Q\x00t\x00W\x00e\x00b\x00e\x00n\x00g\x00\
i\x00n\x00g\x00W\x00i\x00d\x00g\x00e\x00\
t\x00s\x00.\x08\x00\x00\x00\x00\x06\x00\x00\x00\x95D\
ocumentation ope\
ns in a dockable\
 dialog within F\
reeCAD, allowing\
 simultaneous wo\
rk in the 3D vie\
w.\x0aRequires the \
PySide QtWebengi\
neWidgets compon\
ent.\x07\x00\x00\x00\x04Form\x01\x03\x00\
\x00\x00\xb0\x10\xd2\x10\xd0\x10\xdb\x10\xdd\x10\xd8\x10\xd7\x10\
\xee\x10\xdd\x10\xd5\x10\xe1\x00 \x10\xd3\x10\xdd\x10\xd9\x10\
\xe3\x10\xdb\x10\xd4\x10\xdc\x10\xe2\x10\xd0\x10\xea\x10\xd8\x10\
\xd8\x10\xe1\x00 \x00G\x00i\x00t\x00H\x00u\x00\
b\x00-\x10\xd6\x10\xd4\x00 \x10\xd3\x10\xd0\x10\xe0\x10\
\xd4\x10\xdc\x10\xd3\x10\xd4\x10\xe0\x10\xd4\x10\xd1\x10\xe3\x10\
\xda\x00 \x10\xd2\x10\xd5\x10\xd4\x10\xe0\x10\xd3\x10\xd4\x10\
\xd1\x10\xe1\x00.\x00\x0a\x10\xd0\x10\xdb\x10\xdf\x10\xd0\x10\
\xdb\x10\xd0\x10\xd3\x00 \x10\xd4\x10\xe1\x00 \x10\xee\x10\
\xd4\x10\xda\x10\xdb\x10\xd8\x10\xe1\x10\xd0\x10\xec\x10\xd5\x10\
\xd3\x10\xdd\x10\xdb\x10\xd8\x00 \x10\xd0\x10\xe0\x10\xd0\x10\
\xd0\x00.\x08\x00\x00\x00\x00\x06\x00\x00\x00YFet\
ches the documen\
tation from page\
s rendered on Gi\
tHub.\x0aThis is cu\
rrently not avai\
lable.\x07\x00\x00\x00\x04Form\x01\
\x03\x00\x00\x008\x00F\x00r\x00e\x00e\x00C\x00\
A\x00D\x00-\x10\xd8\x10\xe1\x00 \x10\xd5\x10\xd8\x10\
\xd9\x10\xd8\x00 \x00(\x10\xd8\x10\xdc\x10\xe2\x10\xd4\x10\
\xe0\x10\xdc\x10\xd4\x10\xe2\x10\xe8\x10\xd8\x00)\x08\x00\x00\
\x00\x00\x06\x00\x00\x00\x15FreeCAD W\
iki (online)\x07\x00\x00\x00\
\x04Form\x01\x03\x00\x00\x00&\x00G\x00i\x00\
t\x00H\x00u\x00b\x00 \x00(\x10\xd8\x10\xdc\x10\
\xe2\x10\xd4\x10\xe0\x10\xdc\x10\xd4\x10\xe2\x10\xe8\x10\xd8\x00\
)\x08\x00\x00\x00\x00\x06\x00\x00\x00\x0fGitHu\
b (online)\x07\x00\x00\x00\x04F\
orm\x01\x03\x00\x00\x00\x12\x10\xd3\x10\xd0\x10\xee\x10\
\xdb\x10\xd0\x10\xe0\x10\xd4\x10\xd1\x10\xd0\x08\x00\x00\x00\x00\
\x06\x00\x00\x00\x04Help\x07\x00\x00\x00\x04Fo\
rm\x01\x03\x00\x00\x00&\x00F\x00r\x00e\x00e\
\x00C\x00A\x00D\x00-\x10\xd8\x10\xe1\x00 \x10\xe9\
\x10\xd0\x10\xdc\x10\xd0\x10\xe0\x10\xd7\x10\xe8\x10\xd8\x08\x00\
\x00\x00\x00\x06\x00\x00\x00\x10In a Fre\
eCAD tab\x07\x00\x00\x00\x04For\
m\x01\x03\x00\x00\x002\x10\xea\x10\xd0\x10\xda\x10\xd9\x10\
\xd4\x00,\x00 \x10\xe9\x10\xd0\x10\xe8\x10\xd4\x10\xdc\x10\
\xd4\x10\xd1\x10\xd0\x10\xd3\x00 \x10\xd3\x10\xd8\x10\xd0\x10\
\xda\x10\xdd\x10\xd2\x10\xe8\x10\xd8\x08\x00\x00\x00\x00\x06\x00\
\x00\x00 In a separate\
, embeddable dia\
log\x07\x00\x00\x00\x04Form\x01\x03\x00\x00\
\x00*\x10\xdc\x10\xd0\x10\xd2\x10\xe3\x10\xda\x10\xd8\x10\xe1\
\x10\xee\x10\xdb\x10\xd4\x10\xd5\x00 \x10\xd1\x10\xe0\x10\xd0\
\x10\xe3\x10\xd6\x10\xd4\x10\xe0\x10\xe8\x10\xd8\x08\x00\x00\x00\
\x00\x06\x00\x00\x00\x1aIn the def\
ault web browser\
\x07\x00\x00\x00\x04Form\x01\x03\x00\x00\x00>\x00\
M\x00a\x00r\x00k\x00d\x00o\x00w\x00n\x00\
-\x10\xd8\x10\xe1\x00 \x10\xd5\x10\xd4\x10\xe0\x10\xe1\x10\
\xd8\x10\xd0\x00 \x00(\x10\xd8\x10\xdc\x10\xe2\x10\xd4\x10\
\xe0\x10\xdc\x10\xd4\x10\xe2\x10\xe8\x10\xd8\x00)\x08\x00\x00\
\x00\x00\x06\x00\x00\x00\x19Markdown \
version (online)\
\x07\x00\x00\x00\x04Form\x01\x03\x00\x00\x01^\x10\
\xe8\x10\xd4\x10\xdc\x10\xd8\x10\xe8\x10\xd5\x10\xdc\x10\xd0\x00\
:\x00 \x10\xd7\x10\xe3\x00 \x00P\x00y\x00S\x00\
i\x00d\x00e\x00-\x10\xd8\x10\xe1\x00 \x10\xd5\x10\
\xd4\x10\xd1\x00-\x10\xd9\x10\xdd\x10\xdb\x10\xde\x10\xdd\x10\
\xdc\x10\xd4\x10\xdc\x10\xe2\x10\xd4\x10\xd1\x10\xd8\x00 \x10\
\xd7\x10\xe5\x10\xd5\x10\xd4\x10\xdc\x10\xe1\x00 \x10\xe1\x10\
\xd8\x10\xe1\x10\xe2\x10\xd4\x10\xdb\x10\xd0\x10\xe8\x10\xd8\x00\
 \x10\xd0\x10\xe6\x10\xdb\x10\xdd\x10\xe9\x10\xd4\x10\xdc\x10\
\xd8\x10\xda\x10\xd8\x00 \x10\xd0\x10\xe0\x00 \x10\xd8\x10\
\xe5\x10\xdc\x10\xd4\x10\xd1\x10\xd0\x00,\x00 \x10\xd3\x10\
\xd0\x10\xee\x10\xdb\x10\xd0\x10\xe0\x10\xd4\x10\xd1\x10\xd8\x10\
\xe1\x00 \x10\xd2\x10\xd5\x10\xd4\x10\xe0\x10\xd3\x10\xd4\x10\
\xd1\x10\xd8\x00,\x00 \x10\xe5\x10\xd5\x10\xd4\x10\xdb\x10\
\xdd\x10\xd7\x00 \x10\xdb\x10\xd8\x10\xd7\x10\xd8\x10\xd7\x10\
\xd4\x10\xd1\x10\xe3\x10\xda\x10\xd8\x00 \x10\xde\x10\xd0\x10\
\xe0\x10\xd0\x10\xdb\x10\xd4\x10\xe2\x10\xe0\x10\xd4\x10\xd1\x10\
\xd8\x10\xe1\x00 \x10\xdb\x10\xd8\x10\xe3\x10\xee\x10\xd4\x10\
\xd3\x10\xd0\x10\xd5\x10\xd0\x10\xd3\x00,\x00 \x10\xdc\x10\
\xd0\x10\xd2\x10\xe3\x10\xda\x10\xd8\x10\xe1\x10\xee\x10\xdb\x10\
\xd4\x10\xd5\x00 \x10\xd1\x10\xe0\x10\xd0\x10\xe3\x10\xd6\x10\
\xd4\x10\xe0\x10\xe8\x10\xd8\x00 \x10\xd2\x10\xd0\x10\xd8\x10\
\xee\x10\xe1\x10\xdc\x10\xd4\x10\xd1\x10\xd0\x00.\x08\x00\x00\
\x00\x00\x06\x00\x00\x00\x8cNote: if \
PySide Web compo\
nents are not fo\
und on the syste\
m, help pages wi\
ll open in the d\
efault web brows\
er regardless of\
 the options bel\
ow.\x07\x00\x00\x00\x04Form\x01\x03\x00\x00\
\x00\x16\x10\xde\x10\xd0\x10\xe0\x10\xd0\x10\xdb\x10\xd4\x10\xe2\
\x10\xe0\x10\xd4\x10\xd1\x10\xd8\x08\x00\x00\x00\x00\x06\x00\x00\
\x00\x07Options\x07\x00\x00\x00\x04Fo\
rm\x01\x03\x00\x00\x02\xe8\x10\xd3\x10\xd0\x10\xd0\x10\xe7\
\x10\xd4\x10\xdc\x10\xd4\x10\xd7\x00 \x10\xd4\x10\xe1\x00 \
\x10\xd7\x10\xe5\x10\xd5\x10\xd4\x10\xdc\x10\xe1\x00 \x00U\
\x00R\x00L\x00-\x10\xd6\x10\xd4\x00 \x10\xd0\x10\xdc\
\x00 \x10\xe1\x10\xd0\x10\xe5\x10\xd0\x10\xe6\x10\xd0\x10\xda\
\x10\xd3\x10\xd4\x10\xd6\x10\xd4\x00,\x00 \x10\xe1\x10\xd0\
\x10\xd3\x10\xd0\x10\xea\x00 \x10\xd3\x10\xd0\x10\xee\x10\xdb\
\x10\xd0\x10\xe0\x10\xd4\x10\xd1\x10\xd8\x10\xe1\x00 \x10\xe4\
\x10\xd0\x10\xd8\x10\xda\x10\xd4\x10\xd1\x10\xd8\x10\xd0\x00 \
\x10\xdb\x10\xdd\x10\xd7\x10\xd0\x10\xd5\x10\xe1\x10\xd4\x10\xd1\
\x10\xe3\x10\xda\x10\xd8\x00.\x00\x0a\x10\xd8\x10\xdc\x10\xe2\
\x10\xd4\x10\xe0\x10\xdc\x10\xd4\x10\xe2\x10\xd8\x10\xe1\x00 \
\x10\xd2\x10\xd0\x10\xe0\x10\xd4\x10\xe8\x10\xd4\x00 \x10\xd2\
\x10\xd0\x10\xdb\x10\xdd\x10\xe1\x10\xd0\x10\xe7\x10\xd4\x10\xdc\
\x10\xd4\x10\xd1\x10\xda\x10\xd0\x10\xd3\x00 \x10\xd3\x10\xd0\
\x10\xee\x10\xdb\x10\xd0\x10\xe0\x10\xd4\x10\xd1\x10\xd8\x10\xe1\
\x00 \x10\xe4\x10\xd0\x10\xd8\x10\xda\x10\xd4\x10\xd1\x10\xd8\
\x10\xe1\x00 \x10\xd2\x10\xd0\x10\xd3\x10\xdb\x10\xdd\x10\xec\
\x10\xd4\x10\xe0\x10\xd0\x00 \x10\xd0\x10\xd3\x10\xd5\x10\xd8\
\x10\xda\x10\xd0\x10\xd3\x00 \x10\xe8\x10\xd4\x10\xd2\x10\xd8\
\x10\xeb\x10\xda\x10\xd8\x10\xd0\x10\xd7\x00\x0a\x10\xd3\x10\xd0\
\x10\xdb\x10\xd0\x10\xe2\x10\xd4\x10\xd1\x10\xd4\x10\xd1\x10\xd8\
\x10\xe1\x00 \x10\xdb\x10\xdb\x10\xd0\x10\xe0\x10\xd7\x10\xd5\
\x10\xd4\x10\xda\x10\xd8\x10\xd3\x10\xd0\x10\xdc\x00,\x00 \
\x00\x22\x10\xd2\x10\xd0\x10\xd7\x10\xd8\x10\xe8\x10\xe3\x10\xda\
\x10\xd8\x00 \x10\xd3\x10\xdd\x10\xd9\x10\xe3\x10\xdb\x10\xd4\
\x10\xdc\x10\xe2\x10\xd0\x10\xea\x10\xd8\x10\xd8\x10\xe1\x00\x22\
\x00 \x10\xd3\x10\xd0\x10\xdb\x10\xd0\x10\xe2\x10\xd4\x10\xd1\
\x10\xd8\x10\xe1\x00 \x10\xd3\x10\xd0\x10\xe7\x10\xd4\x10\xdc\
\x10\xd4\x10\xd1\x10\xd8\x10\xd7\x00.\x00\x0a\x10\xd7\x10\xe3\
\x00 \x10\xd4\x10\xe1\x00 \x10\xd5\x10\xd4\x10\xda\x10\xd8\
\x00 \x10\xea\x10\xd0\x10\xe0\x10\xd8\x10\xd4\x10\xda\x10\xd8\
\x10\xd0\x00,\x00 \x00F\x00r\x00e\x00e\x00C\
\x00A\x00D\x00 \x10\xd0\x10\xd5\x10\xe2\x10\xdd\x10\xdb\
\x10\xd0\x10\xe2\x10\xe3\x10\xe0\x10\xd0\x10\xd3\x00 \x10\xdb\
\x10\xdd\x10\xeb\x10\xd4\x10\xd1\x10\xdc\x10\xd8\x10\xe1\x00 \
\x10\xd3\x10\xd0\x10\xee\x10\xdb\x10\xd0\x10\xe0\x10\xd4\x10\xd1\
\x10\xd8\x10\xe1\x00 \x10\xe4\x10\xd0\x10\xd8\x10\xda\x10\xd4\
\x10\xd1\x10\xe1\x00 \x10\xdc\x10\xd0\x10\xd2\x10\xe3\x10\xda\
\x10\xd8\x10\xe1\x10\xee\x10\xdb\x10\xd4\x10\xd5\x00\x0a\x10\xdb\
\x10\xd3\x10\xd4\x10\xd1\x10\xd0\x10\xe0\x10\xd4\x10\xdd\x10\xd1\
\x10\xd0\x10\xd6\x10\xd4\x00 \x00(\x00$\x00U\x00S\
\x00E\x00R\x00A\x00P\x00P\x00D\x00A\x00T\
\x00A\x00D\x00I\x00R\x00/\x00M\x00o\x00d\
\x00/\x00o\x00f\x00f\x00l\x00i\x00n\x00e\
\x00-\x00d\x00o\x00c\x00u\x00m\x00e\x00n\
\x00t\x00a\x00t\x00i\x00o\x00n\x00)\x00.\
\x08\x00\x00\x00\x00\x06\x00\x00\x01WSet th\
is to a custom U\
RL or the folder\
 where the help \
files are locate\
d.\x0aDocumentation\
 can be download\
ed for offline u\
se via the Addon\
 Manager and ins\
talling the\x0a\x22off\
line-documentati\
on\x22 addon. If th\
is field is left\
 blank, FreeCAD \
will\x0aautomatical\
ly search for th\
e help files at \
the default loca\
tion\x0a($USERAPPDA\
TADIR/Mod/offlin\
e-documentation)\
.\x07\x00\x00\x00\x04Form\x01\x03\x00\x00\x02\xe8\
\x10\xd3\x10\xd0\x10\xd0\x10\xe7\x10\xd4\x10\xdc\x10\xd4\x10\xd7\
\x00 \x10\xd4\x10\xe1\x00 \x10\xd7\x10\xe5\x10\xd5\x10\xd4\
\x10\xdc\x10\xe1\x00 \x00U\x00R\x00L\x00-\x10\xd6\
\x10\xd4\x00 \x10\xd0\x10\xdc\x00 \x10\xe1\x10\xd0\x10\xe5\
\x10\xd0\x10\xe6\x10\xd0\x10\xda\x10\xd3\x10\xd4\x10\xd6\x10\xd4\
\x00,\x00 \x10\xe1\x10\xd0\x10\xd3\x10\xd0\x10\xea\x00 \
\x10\xd3\x10\xd0\x10\xee\x10\xdb\x10\xd0\x10\xe0\x10\xd4\x10\xd1\
\x10\xd8\x10\xe1\x00 \x10\xe4\x10\xd0\x10\xd8\x10\xda\x10\xd4\
\x10\xd1\x10\xd8\x10\xd0\x00 \x10\xdb\x10\xdd\x10\xd7\x10\xd0\
\x10\xd5\x10\xe1\x10\xd4\x10\xd1\x10\xe3\x10\xda\x10\xd8\x00.\
\x00 \x10\xd8\x10\xdc\x10\xe2\x10\xd4\x10\xe0\x10\xdc\x10\xd4\
\x10\xe2\x10\xd8\x10\xe1\x00 \x10\xd2\x10\xd0\x10\xe0\x10\xd4\
\x10\xe8\x10\xd4\x00 \x10\xd2\x10\xd0\x10\xdb\x10\xdd\x10\xe1\
\x10\xd0\x10\xe7\x10\xd4\x10\xdc\x10\xd4\x10\xd1\x10\xda\x10\xd0\
\x10\xd3\x00 \x10\xd3\x10\xd0\x10\xee\x10\xdb\x10\xd0\x10\xe0\
\x10\xd4\x10\xd1\x10\xd8\x10\xe1\x00 \x10\xe4\x10\xd0\x10\xd8\
\x10\xda\x10\xd4\x10\xd1\x10\xd8\x10\xe1\x00 \x10\xd2\x10\xd0\
\x10\xd3\x10\xdb\x10\xdd\x10\xec\x10\xd4\x10\xe0\x10\xd0\x00 \
\x10\xd0\x10\xd3\x10\xd5\x10\xd8\x10\xda\x10\xd0\x10\xd3\x00 \
\x10\xe8\x10\xd4\x10\xd2\x10\xd8\x10\xeb\x10\xda\x10\xd8\x10\xd0\
\x10\xd7\x00 \x10\xd3\x10\xd0\x10\xdb\x10\xd0\x10\xe2\x10\xd4\
\x10\xd1\x10\xd4\x10\xd1\x10\xd8\x10\xe1\x00 \x10\xdb\x10\xdb\
\x10\xd0\x10\xe0\x10\xd7\x10\xd5\x10\xd4\x10\xda\x10\xd8\x10\xd3\
\x10\xd0\x10\xdc\x00,\x00 \x00\x22\x10\xd2\x10\xd0\x10\xd7\
\x10\xd8\x10\xe8\x10\xe3\x10\xda\x10\xd8\x00 \x10\xd3\x10\xdd\
\x10\xd9\x10\xe3\x10\xdb\x10\xd4\x10\xdc\x10\xe2\x10\xd0\x10\xea\
\x10\xd8\x10\xd8\x10\xe1\x00\x22\x00 \x10\xd3\x10\xd0\x10\xdb\
\x10\xd0\x10\xe2\x10\xd4\x10\xd1\x10\xd8\x10\xe1\x00 \x10\xd3\
\x10\xd0\x10\xe7\x10\xd4\x10\xdc\x10\xd4\x10\xd1\x10\xd8\x10\xd7\
\x00.\x00 \x10\xd7\x10\xe3\x00 \x10\xd4\x10\xe1\x00 \
\x10\xd5\x10\xd4\x10\xda\x10\xd8\x00 \x10\xea\x10\xd0\x10\xe0\
\x10\xd8\x10\xd4\x10\xda\x10\xd8\x10\xd0\x00,\x00 \x00F\
\x00r\x00e\x00e\x00C\x00A\x00D\x00 \x10\xd0\
\x10\xd5\x10\xe2\x10\xdd\x10\xdb\x10\xd0\x10\xe2\x10\xe3\x10\xe0\
\x10\xd0\x10\xd3\x00 \x10\xdb\x10\xdd\x10\xeb\x10\xd4\x10\xd1\
\x10\xdc\x10\xd8\x10\xe1\x00 \x10\xd3\x10\xd0\x10\xee\x10\xdb\
\x10\xd0\x10\xe0\x10\xd4\x10\xd1\x10\xd8\x10\xe1\x00 \x10\xe4\
\x10\xd0\x10\xd8\x10\xda\x10\xd4\x10\xd1\x10\xe1\x00 \x10\xdc\
\x10\xd0\x10\xd2\x10\xe3\x10\xda\x10\xd8\x10\xe1\x10\xee\x10\xdb\
\x10\xd4\x10\xd5\x00 \x10\xdb\x10\xd3\x10\xd4\x10\xd1\x10\xd0\
\x10\xe0\x10\xd4\x10\xdd\x10\xd1\x10\xd0\x10\xd6\x10\xd4\x00 \
\x00(\x00$\x00U\x00S\x00E\x00R\x00A\x00P\
\x00P\x00D\x00A\x00T\x00A\x00D\x00I\x00R\
\x00/\x00M\x00o\x00d\x00/\x00o\x00f\x00f\
\x00l\x00i\x00n\x00e\x00-\x00d\x00o\x00c\
\x00u\x00m\x00e\x00n\x00t\x00a\x00t\x00i\
\x00o\x00n\x00)\x00.\x08\x00\x00\x00\x00\x06\x00\x00\
\x01fSet this to a \
custom URL or th\
e folder where t\
he help files ar\
e located.\x0aYou c\
an easily downlo\
ad the documenta\
tion for offline\
 use by using th\
e Addon\x0aManager \
and installing t\
he \x22offline-docu\
mentation\x22 addon\
. If this\x0afield \
is left blank, F\
reeCAD will auto\
matically search\
 for the help fi\
les at\x0athe defau\
lt location ($US\
ERAPPDATADIR/Mod\
/offline-documen\
tation).\x07\x00\x00\x00\x04For\
m\x01\x03\x00\x00\x00\x0a\x10\xec\x10\xe7\x10\xd0\x10\xe0\x10\
\xdd\x08\x00\x00\x00\x00\x06\x00\x00\x00\x06Sourc\
e\x07\x00\x00\x00\x04Form\x01\x03\x00\x00\x01\x08\
\x10\xdb\x10\xd8\x10\xe3\x10\xd7\x10\xd8\x10\xd7\x10\xd4\x10\xd7\
\x00 \x10\xd1\x10\xd8\x10\xda\x10\xd8\x10\xd9\x10\xd8\x00 \
\x10\xd0\x10\xda\x10\xe2\x10\xd4\x10\xe0\x10\xdc\x10\xd0\x10\xe2\
\x10\xd8\x10\xe3\x10\xda\x00 \x00C\x00S\x00S\x00 \
\x10\xe4\x10\xd0\x10\xd8\x10\xda\x10\xd0\x10\xdb\x10\xd3\x10\xd4\
\x00 \x10\xdb\x10\xd0\x10\xe0\x10\xd9\x10\xd3\x10\xd0\x10\xe3\
\x10\xdc\x10\xd8\x10\xe1\x00 \x10\xd2\x10\xd5\x10\xd4\x10\xe0\
\x10\xd3\x10\xd4\x10\xd1\x10\xd8\x10\xe1\x00 \x10\xd3\x10\xd0\
\x10\xe1\x10\xe2\x10\xd8\x10\xda\x10\xd5\x10\xd8\x10\xe1\x10\xd7\
\x10\xd5\x10\xd8\x10\xe1\x00.\x00\x0a\x10\xd2\x10\xd0\x10\xdb\
\x10\xdd\x10\xd8\x10\xe7\x10\xd4\x10\xdc\x10\xd4\x10\xd1\x10\xd0\
\x00,\x00 \x10\xdb\x10\xee\x10\xdd\x10\xda\x10\xdd\x10\xd3\
\x00,\x00 \x10\xdb\x10\xd0\x10\xe8\x10\xd8\x10\xdc\x00,\
\x00 \x10\xd7\x10\xe3\x00 \x10\xdb\x10\xd0\x10\xe0\x10\xd9\
\x10\xd3\x10\xd0\x10\xe3\x10\xdc\x10\xe1\x00 \x10\xd6\x10\xd4\
\x10\xdb\x10\xdd\x10\xd7\x00 \x10\xe9\x10\xd0\x10\xe0\x10\xd7\
\x10\xd0\x10\xd5\x10\xd7\x00.\x08\x00\x00\x00\x00\x06\x00\x00\
\x00xSpecify the pa\
th to an alterna\
tive CSS file fo\
r styling Markdo\
wn pages.\x0aThis o\
nly applies if M\
arkdown is selec\
ted above.\x07\x00\x00\x00\x04F\
orm\x01\x03\x00\x00\x02:\x10\xd3\x10\xdd\x10\xd9\x10\
\xe3\x10\xdb\x10\xd4\x10\xdc\x10\xe2\x10\xd0\x10\xea\x10\xd8\x10\
\xd8\x10\xe1\x00 \x10\xd2\x10\xd5\x10\xd4\x10\xe0\x10\xd3\x10\
\xd4\x10\xd1\x10\xd8\x00 \x00F\x00r\x00e\x00e\x00\
C\x00A\x00D\x00-\x10\xd8\x10\xe1\x00 \x10\xd5\x10\
\xd8\x10\xd9\x10\xd8\x10\xe1\x00 \x10\xd0\x10\xd5\x10\xe2\x10\
\xdd\x10\xdb\x10\xd0\x10\xe2\x10\xe3\x10\xe0\x10\xd8\x00 \x00\
M\x00a\x00r\x00k\x00d\x00o\x00w\x00n\x00\
-\x10\xd8\x10\xe1\x00 \x10\xd2\x10\xd0\x10\xd3\x10\xd0\x10\
\xe7\x10\xd5\x10\xd0\x10\xdc\x10\xd8\x10\xd7\x00 \x10\xd8\x10\
\xe5\x10\xdc\x10\xd4\x10\xd1\x10\xd0\x00 \x10\xd2\x10\xd0\x10\
\xdb\x10\xdd\x10\xd7\x10\xee\x10\xdd\x10\xd5\x10\xd8\x10\xda\x10\
\xd8\x00,\x00 \x10\xe0\x10\xdd\x10\xdb\x10\xd4\x10\xda\x10\
\xd8\x10\xea\x00 \x00F\x00r\x00e\x00e\x00C\x00\
A\x00D\x00-\x10\xd8\x10\xe1\x00 \x00G\x00i\x00\
t\x00H\x00u\x00b\x00-\x10\xd8\x10\xe1\x00 \x10\
\xd2\x10\xd5\x10\xd4\x10\xe0\x10\xd3\x10\xd6\x10\xd4\x10\xd0\x00\
.\x00 \x10\xd0\x10\xdb\x00 \x10\xd2\x10\xd5\x10\xd4\x10\
\xe0\x10\xd3\x10\xd6\x10\xd4\x00,\x00 \x10\xe8\x10\xd4\x10\
\xd2\x10\xd8\x10\xeb\x10\xda\x10\xd8\x10\xd0\x10\xd7\x00,\x00\
 \x10\xd7\x10\xe5\x10\xd5\x10\xd4\x10\xdc\x10\xd8\x00 \x10\
\xe1\x10\xe2\x10\xd8\x10\xda\x10\xd4\x10\xd1\x10\xd8\x10\xe1\x00\
 \x10\xea\x10\xee\x10\xe0\x10\xd8\x10\xda\x10\xd8\x00 \x10\
\xd2\x10\xd0\x10\xd3\x10\xd0\x10\xd0\x10\xe2\x10\xd0\x10\xe0\x10\
\xdd\x10\xd7\x00 \x10\xd3\x10\xd0\x00 \x10\xd8\x10\xe1\x00\
 \x10\xe3\x10\xd9\x10\xd4\x10\xd7\x00 \x10\xd2\x10\xd0\x10\
\xdb\x10\xdd\x10\xe9\x10\xdc\x10\xd3\x10\xd4\x10\xd1\x10\xd0\x00\
.\x00 \x10\xdd\x10\xde\x10\xe2\x10\xd8\x10\xdb\x10\xd0\x10\
\xda\x10\xe3\x10\xe0\x10\xd8\x00 \x10\xe8\x10\xd4\x10\xd3\x10\
\xd4\x10\xd2\x10\xd4\x10\xd1\x10\xd8\x10\xe1\x10\xd7\x10\xd5\x10\
\xd8\x10\xe1\x00 \x10\xd3\x10\xd0\x10\xd0\x10\xe7\x10\xd4\x10\
\xdc\x10\xd4\x10\xd7\x00 \x00P\x00y\x00t\x00h\x00\
o\x00n\x00-\x10\xd8\x10\xe1\x00 \x00m\x00a\x00\
r\x00k\x00d\x00o\x00w\x00n\x00 \x10\xd0\x10\
\xdc\x00 \x00p\x00a\x00n\x00d\x00o\x00c\x00\
 \x10\xdb\x10\xdd\x10\xd3\x10\xe3\x10\xda\x10\xd4\x10\xd1\x10\
\xd8\x00.\x08\x00\x00\x00\x00\x06\x00\x00\x012The\
 documentation p\
ages will be fet\
ched from an aut\
omatic Markdown \
conversion\x0aof th\
e FreeCAD wiki,h\
osted on FreeCAD\
's GitHub accoun\
t. This can be s\
tyled with a\x0acus\
tom stylesheet b\
elow and can loo\
k nicer than the\
 wiki option. Th\
e 'Markdown' or\x0a\
'Pandoc' Python \
module should be\
 installed for o\
ptimal results.\x07\
\x00\x00\x00\x04Form\x01\x03\x00\x00\x00\xc4\x10\xd3\
\x10\xdd\x10\xd9\x10\xe3\x10\xdb\x10\xd4\x10\xdc\x10\xe2\x10\xd0\
\x10\xea\x10\xd8\x10\xd8\x10\xe1\x00 \x10\xd2\x10\xd5\x10\xd4\
\x10\xe0\x10\xd3\x10\xd4\x10\xd1\x10\xd8\x10\xe1\x00 \x10\xd2\
\x10\xd0\x10\xdb\x10\xdd\x10\xd7\x10\xee\x10\xdd\x10\xd5\x10\xd0\
\x00 \x10\xdd\x10\xe4\x10\xd8\x10\xea\x10\xd8\x10\xd0\x10\xda\
\x10\xe3\x10\xe0\x10\xd8\x00\x0a\x00F\x00r\x00e\x00e\
\x00C\x00A\x00D\x00-\x10\xd8\x10\xe1\x00 \x10\xd5\
\x10\xd8\x10\xd9\x10\xd8\x10\xd3\x10\xd0\x10\xdc\x00 \x00(\
\x00h\x00t\x00t\x00p\x00s\x00:\x00/\x00/\
\x00w\x00i\x00k\x00i\x00.\x00f\x00r\x00e\
\x00e\x00c\x00a\x00d\x00.\x00o\x00r\x00g\
\x00)\x00 \x10\xdb\x10\xdd\x10\xee\x10\xd3\x10\xd4\x10\xd1\
\x10\xd0\x08\x00\x00\x00\x00\x06\x00\x00\x00aThe \
documentation pa\
ges will be fetc\
hed from the off\
icial\x0aFreeCADwik\
i at https://wik\
i.freecad.org\x07\x00\x00\
\x00\x04Form\x01\x03\x00\x00\x00\xe6\x10\xd3\x10\xdd\
\x10\xd9\x10\xe3\x10\xdb\x10\xd4\x10\xdc\x10\xe2\x10\xd0\x10\xea\
\x10\xd8\x10\xd0\x00 \x00F\x00r\x00e\x00e\x00C\
\x00A\x00D\x00-\x10\xd8\x10\xe1\x00 \x10\xd8\x10\xdc\
\x10\xe2\x10\xd4\x10\xe0\x10\xe4\x10\xd4\x10\xd8\x10\xe1\x10\xd8\
\x10\xe1\x00 \x10\xd0\x10\xee\x10\xd0\x10\xda\x00 \x10\xe9\
\x10\xd0\x10\xdc\x10\xd0\x10\xe0\x10\xd7\x10\xe8\x10\xd8\x00 \
\x10\xd2\x10\xd0\x10\xd8\x10\xee\x10\xe1\x10\xdc\x10\xd4\x10\xd1\
\x10\xd0\x00.\x00 \x10\xd0\x10\xdb\x10\xd0\x10\xe1\x00 \
\x00P\x00y\x00S\x00i\x00d\x00e\x00-\x10\xd8\
\x10\xe1\x00 \x00Q\x00t\x00W\x00e\x00b\x00e\
\x00n\x00g\x00i\x00n\x00e\x00W\x00i\x00d\
\x00g\x00e\x00t\x00s\x00 \x10\xd9\x10\xdd\x10\xdb\
\x10\xde\x10\xdd\x10\xdc\x10\xd4\x10\xdc\x10\xe2\x10\xd8\x00 \
\x10\xe1\x10\xed\x10\xd8\x10\xe0\x10\xd3\x10\xd4\x10\xd1\x10\xd0\
\x00.\x08\x00\x00\x00\x00\x06\x00\x00\x00}The \
documentation wi\
ll open in a new\
 tab inside the \
FreeCAD interfac\
e. This requires\
 the PySide QtWe\
bengineWidgets c\
omponent.\x07\x00\x00\x00\x04Fo\
rm\x01\x03\x00\x00\x00X\x10\xd3\x10\xdd\x10\xd9\x10\xe3\
\x10\xdb\x10\xd4\x10\xdc\x10\xe2\x10\xd0\x10\xea\x10\xd8\x10\xd0\
\x00 \x10\xdc\x10\xd0\x10\xd2\x10\xe3\x10\xda\x10\xd8\x10\xe1\
\x10\xee\x10\xdb\x10\xd4\x10\xd5\x00 \x10\xd1\x10\xe0\x10\xd0\
\x10\xe3\x10\xd6\x10\xd4\x10\xe0\x10\xe8\x10\xd8\x00 \x10\xd2\
\x10\xd0\x10\xd8\x10\xee\x10\xe1\x10\xdc\x10\xd4\x10\xd1\x10\xd0\
\x08\x00\x00\x00\x00\x06\x00\x00\x006The do\
cumentation will\
 open in the def\
ault web browser\
\x07\x00\x00\x00\x04Form\x01\x03\x00\x00\x00\x22\x10\
\xd7\x10\xd0\x10\xe0\x10\xd2\x10\xdb\x10\xd0\x10\xdc\x10\xd8\x10\
\xe1\x00 \x10\xe1\x10\xe3\x10\xe4\x10\xd8\x10\xe5\x10\xe1\x10\
\xd8\x08\x00\x00\x00\x00\x06\x00\x00\x00\x12Trans\
lation suffix\x07\x00\x00\
\x00\x04Form\x01\x03\x00\x00\x00\xe6\x00C\x00o\
\x00n\x00t\x00e\x00n\x00t\x00s\x00 \x00f\
\x00o\x00r\x00 \x00t\x00h\x00i\x00s\x00 \
\x00p\x00a\x00g\x00e\x00 \x00c\x00o\x00u\
\x00l\x00d\x00 \x00n\x00o\x00t\x00 \x00b\
\x00e\x00 \x00r\x00e\x00t\x00r\x00i\x00e\
\x00v\x00e\x00d\x00.\x00 \x00P\x00l\x00e\
\x00a\x00s\x00e\x00 \x00c\x00h\x00e\x00c\
\x00k\x00 \x00s\x00e\x00t\x00t\x00i\x00n\
\x00g\x00s\x00 \x00u\x00n\x00d\x00e\x00r\
\x00 \x00m\x00e\x00n\x00u\x00 \x00E\x00d\
\x00i\x00t\x00 !\x92\x00 \x00P\x00r\x00e\
\x00f\x00e\x00r\x00e\x00n\x00c\x00e\x00s\
\x00 !\x92\x00 \x00G\x00e\x00n\x00e\x00r\
\x00a\x00l\x00 !\x92\x00 \x00H\x00e\x00l\
\x00p\x08\x00\x00\x00\x00\x06\x00\x00\x00yCont\
ents for this pa\
ge could not be \
retrieved. Pleas\
e check settings\
 under menu Edit\
 \xe2\x86\x92 Preferences\
 \xe2\x86\x92 General \xe2\x86\x92\
 Help\x07\x00\x00\x00\x04Help\x01\x03\
\x00\x00\x00\x12\x10\xd3\x10\xd0\x10\xee\x10\xdb\x10\xd0\x10\xe0\
\x10\xd4\x10\xd1\x10\xd0\x08\x00\x00\x00\x00\x06\x00\x00\x00\x04\
Help\x07\x00\x00\x00\x04Help\x01\x03\x00\
\x00\x00\xe2\x00H\x00e\x00l\x00p\x00 \x00f\x00\
i\x00l\x00e\x00s\x00 \x00l\x00o\x00c\x00\
a\x00t\x00i\x00o\x00n\x00 \x00c\x00o\x00\
u\x00l\x00d\x00 \x00n\x00o\x00t\x00 \x00\
b\x00e\x00 \x00d\x00e\x00t\x00e\x00r\x00\
m\x00i\x00n\x00e\x00d\x00.\x00 \x00P\x00\
l\x00e\x00a\x00s\x00e\x00 \x00c\x00h\x00\
e\x00c\x00k\x00 \x00s\x00e\x00t\x00t\x00\
i\x00n\x00g\x00s\x00 \x00u\x00n\x00d\x00\
e\x00r\x00 \x00m\x00e\x00n\x00u\x00 \x00\
E\x00d\x00i\x00t\x00 !\x92\x00 \x00P\x00\
r\x00e\x00f\x00e\x00r\x00e\x00n\x00c\x00\
e\x00s\x00 !\x92\x00 \x00G\x00e\x00n\x00\
e\x00r\x00a\x00l\x00 !\x92\x00 \x00H\x00\
e\x00l\x00p\x08\x00\x00\x00\x00\x06\x00\x00\x00wH\
elp files locati\
on could not be \
determined. Plea\
se check setting\
s under menu Edi\
t \xe2\x86\x92 Preference\
s \xe2\x86\x92 General \xe2\x86\
\x92 Help\x07\x00\x00\x00\x04Help\x01\
\x03\x00\x00\x00\xc2\x00P\x00y\x00S\x00i\x00d\x00\
e\x00 \x00Q\x00t\x00W\x00e\x00b\x00E\x00\
n\x00g\x00i\x00n\x00e\x00W\x00i\x00d\x00\
g\x00e\x00t\x00s\x00 \x10\xdb\x10\xdd\x10\xd3\x10\
\xe3\x10\xda\x10\xd8\x00 \x10\xee\x10\xd4\x10\xda\x10\xdb\x10\
\xd8\x10\xe1\x10\xd0\x10\xec\x10\xd5\x10\xd3\x10\xdd\x10\xdb\x10\
\xd8\x00 \x10\xd0\x10\xe0\x10\xd0\x10\xd0\x00.\x00 \x10\
\xd3\x10\xd0\x10\xee\x10\xdb\x10\xd0\x10\xe0\x10\xd4\x10\xd1\x10\
\xd8\x10\xe1\x00 \x10\xe0\x10\xd4\x10\xdc\x10\xd3\x10\xd4\x10\
\xe0\x10\xd8\x00 \x10\xe1\x10\xd8\x10\xe1\x10\xe2\x10\xd4\x10\
\xdb\x10\xe3\x10\xe0\x10\xd8\x00 \x10\xd1\x10\xe0\x10\xd0\x10\
\xe3\x10\xd6\x10\xd4\x10\xe0\x10\xd8\x10\xd7\x00 \x10\xee\x10\
\xd3\x10\xd4\x10\xd1\x10\xd0\x08\x00\x00\x00\x00\x06\x00\x00\x00\
aPySide QtWebEng\
ineWidgets modul\
e is not availab\
le. Help renderi\
ng is done with \
the system brows\
er\x07\x00\x00\x00\x04Help\x01\x03\x00\x00\x01\
\x8e\x10\xe1\x10\xd8\x10\xe1\x10\xe2\x10\xd4\x10\xdb\x10\xd0\x10\
\xe8\x10\xd8\x00 \x00M\x00a\x00r\x00k\x00d\x00\
o\x00w\x00n\x00-\x10\xd8\x10\xe1\x00 \x10\xe0\x10\
\xd4\x10\xdc\x10\xd3\x10\xd4\x10\xe0\x10\xd4\x10\xe0\x10\xd8\x00\
 \x10\xd3\x10\xd0\x10\xe7\x10\xd4\x10\xdc\x10\xd4\x10\xd1\x10\
\xe3\x10\xda\x10\xd8\x00 \x10\xd0\x10\xe0\x10\xd0\x10\xd0\x00\
,\x00 \x10\xd0\x10\xe1\x10\xd4\x00 \x10\xe0\x10\xdd\x10\
\xdb\x00,\x00 \x10\xd3\x10\xd0\x10\xee\x10\xdb\x10\xd0\x10\
\xe0\x10\xd4\x10\xd1\x10\xd8\x10\xe1\x00 \x10\xd2\x10\xd5\x10\
\xd4\x10\xe0\x10\xd3\x10\xd4\x10\xd1\x10\xd8\x00 \x10\xde\x10\
\xd8\x10\xe0\x10\xd5\x10\xd4\x10\xda\x10\xd0\x10\xd3\x10\xd8\x00\
 \x10\xe1\x10\xd0\x10\xee\x10\xd8\x10\xd7\x00 \x10\xd8\x10\
\xe5\x10\xdc\x10\xd4\x10\xd1\x10\xd0\x00 \x10\xdc\x10\xd0\x10\
\xe9\x10\xd5\x10\xd4\x10\xdc\x10\xd4\x10\xd1\x10\xd8\x00.\x00\
 \x10\xd0\x10\xdb\x00 \x10\xd2\x10\xd5\x10\xd4\x10\xe0\x10\
\xd3\x10\xd8\x10\xe1\x00 \x10\xe1\x10\xd0\x10\xd1\x10\xdd\x10\
\xda\x10\xdd\x10\xdd\x00 \x10\xe1\x10\xd0\x10\xee\x10\xd8\x10\
\xe1\x00 \x10\xd2\x10\xd0\x10\xe1\x10\xd0\x10\xe3\x10\xdb\x10\
\xef\x10\xdd\x10\xd1\x10\xd4\x10\xe1\x10\xd4\x10\xd1\x10\xda\x10\
\xd0\x10\xd3\x00 \x10\xd3\x10\xd0\x10\xd0\x10\xe7\x10\xd4\x10\
\xdc\x10\xd4\x10\xd7\x00 \x00P\x00y\x00t\x00h\x00\
o\x00n\x00-\x10\xd8\x10\xe1\x00 \x00m\x00a\x00\
r\x00k\x00d\x00o\x00w\x00n\x00 \x10\xd0\x10\
\xdc\x00 \x00p\x00a\x00n\x00d\x00o\x00c\x00\
 \x10\xdb\x10\xdd\x10\xd3\x10\xe3\x10\xda\x10\xd8\x00.\x08\
\x00\x00\x00\x00\x06\x00\x00\x00\xb8There i\
s no Markdown re\
nderer installed\
 on your system,\
 so this help pa\
ge is rendered a\
s is. Please ins\
tall the Markdow\
n or Pandoc Pyth\
on modules to im\
prove the render\
ing of this page\
.\x07\x00\x00\x00\x04Help\x01\x03\x00\x00\x00\x0c\
\x10\xd6\x10\xdd\x10\xd2\x10\xd0\x10\xd3\x10\xd8\x08\x00\x00\x00\
\x00\x06\x00\x00\x00\x07General\x07\x00\x00\
\x00\x07QObject\x01\x88\x00\x00\x00\x02\x01\
\x01\
\x00\x00\x17\x22\
<\
\xb8d\x18\xca\xef\x9c\x95\xcd!\x1c\xbf`\xa1\xbd\xdd\xa7\
\x00\x00\x00\x05zh-CNB\x00\x00\x00\xf0\x00\x04\
\xec0\x00\x00\x03\xb2\x00\x04\xec0\x00\x00\x12\xa3\x00\x99\
N\xa8\x00\x00\x11\x8c\x018!.\x00\x00\x0c\xd6\x01\x82\
\xc62\x00\x00\x13\xa8\x02mV`\x00\x00\x12\xc4\x04\x1e\
\xf1\x82\x00\x00\x03\xd3\x04Dm9\x00\x00\x03$\x04T\
\x18N\x00\x00\x0b\xcd\x04\x89?'\x00\x00\x04\x16\x04\xde\
1)\x00\x00\x04\xb4\x05M7\xf2\x00\x00\x04i\x05\xa6\
\xc8\x95\x00\x00\x0b\xaa\x06{\x06\x03\x00\x00\x06\x1d\x06\xa4\
]\x8e\x00\x00\x06A\x07\x07\xe0\x0e\x00\x00\x10\x11\x07t\
\x8a\x94\x00\x00\x00\xde\x09\x82\xac\xae\x00\x00\x00\x00\x09\xd5\
\xc9.\x00\x00\x018\x0auc\xd7\x00\x00\x0f/\x0b\x0a\
r\xc9\x00\x00\x01\x14\x0c\xe2\x80\xae\x00\x00\x02v\x0d\xb7\
\x06\x10\x00\x00\x11\xbf\x0d\xc4\xc8<\x00\x00\x15\xe7\x0e*\
j\xae\x00\x00\x14z\x0ek8\x9e\x00\x00\x08\xe3\x0e\x8d\
\xd4\x82\x00\x00\x11\x19\x0e\xca\x08\x89\x00\x00\x03t\x0f-\
\x13\xae\x00\x00\x00\xac\x0fE\xeb\x1e\x00\x00\x05\x06i\x00\
\x00\x16\x0e\x03\x00\x00\x006\x89\x81O\x7fu(v\x84\
\x7f\xfb\x8b\xd1T\x0e\x7f\x00\xff\x0cO\x8bY\x82\x00 \
\x00\x22\x00f\x00r\x00\x22\x00\x0a\x83\xb7S\xd6e\x87\
hcv\x84l\xd5\x8b\xed\x7f\xfb\x8b\xd10\x02\x08\x00\
\x00\x00\x00\x06\x00\x00\x00]A transl\
ation suffix to \
use, for example\
 \x22fr\x22\x0ato get Fre\
nch translation \
of the documenta\
tion.\x07\x00\x00\x00\x04Form\x01\x03\
\x00\x00\x00\x0a\x81\xea[\x9aNIOM\x7fn\x08\x00\
\x00\x00\x00\x06\x00\x00\x00\x0fCustom l\
ocation\x07\x00\x00\x00\x04Form\
\x01\x03\x00\x00\x00\x0c\x81\xea[\x9aNIh7_\x0f\
\x88h\x08\x00\x00\x00\x00\x06\x00\x00\x00\x11Cust\
om stylesheet\x07\x00\x00\
\x00\x04Form\x01\x03\x00\x00\x00\x04f>y:\
\x08\x00\x00\x00\x00\x06\x00\x00\x00\x07Displa\
y\x07\x00\x00\x00\x04Form\x01\x03\x00\x00\x00\x90\
e\x87hcW(\x00 \x00F\x00r\x00e\x00e\
\x00C\x00A\x00D\x00 N-v\x84S\xefP\x5c\
\x97`[\xf9\x8b\xddhFN-bS_\x00\xff\x0c\
QA\x8b\xb8W(\x00 \x003\x00D\x00 \x89\xc6\
V\xfeN-T\x0ce\xf6]\xe5O\x5c0\x02\x00\x0a\
\x97\x00\x89\x81\x00 \x00P\x00y\x00S\x00i\x00d\
\x00e\x00 \x00Q\x00t\x00W\x00e\x00b\x00e\
\x00n\x00g\x00i\x00n\x00e\x00W\x00i\x00d\
\x00g\x00e\x00t\x00s\x00 ~\xc4N\xf60\x02\
\x08\x00\x00\x00\x00\x06\x00\x00\x00\x95Docume\
ntation opens in\
 a dockable dial\
og within FreeCA\
D, allowing simu\
ltaneous work in\
 the 3D view.\x0aRe\
quires the PySid\
e QtWebengineWid\
gets component.\x07\
\x00\x00\x00\x04Form\x01\x03\x00\x00\x00<N\xce\
\x00 \x00G\x00i\x00t\x00H\x00u\x00b\x00 \
N\x0an2g\xd3v\x84\x98u\x97b\x83\xb7S\xd6\
e\x87hc0\x02\x00\x0akdR\x9f\x80\xfdv\xee\
RMN\x0dS\xefu(0\x02\x08\x00\x00\x00\x00\x06\
\x00\x00\x00YFetches the \
documentation fr\
om pages rendere\
d on GitHub.\x0aThi\
s is currently n\
ot available.\x07\x00\x00\
\x00\x04Form\x01\x03\x00\x00\x00\x22\x00F\x00r\
\x00e\x00e\x00C\x00A\x00D\x00 \x00W\x00i\
\x00k\x00i\x00 \x00(W(~\xbf\x00)\x08\x00\
\x00\x00\x00\x06\x00\x00\x00\x15FreeCAD \
Wiki (online)\x07\x00\x00\
\x00\x04Form\x01\x03\x00\x00\x00\x16\x00G\x00i\
\x00t\x00H\x00u\x00b\x00 \x00(W(~\xbf\
\x00)\x08\x00\x00\x00\x00\x06\x00\x00\x00\x0fGitH\
ub (online)\x07\x00\x00\x00\x04\
Form\x01\x03\x00\x00\x00\x04^.R\xa9\x08\x00\
\x00\x00\x00\x06\x00\x00\x00\x04Help\x07\x00\x00\x00\
\x04Form\x01\x03\x00\x00\x00\x1aW(\x00 \x00\
F\x00r\x00e\x00e\x00C\x00A\x00D\x00 h\
\x07{~\x98u\x08\x00\x00\x00\x00\x06\x00\x00\x00\x10I\
n a FreeCAD tab\x07\
\x00\x00\x00\x04Form\x01\x03\x00\x00\x00\x1aW(\
SUr\xecv\x840\x01S\xef]LQev\x84\
[\xf9\x8b\xddhFN-\x08\x00\x00\x00\x00\x06\x00\x00\
\x00 In a separate,\
 embeddable dial\
og\x07\x00\x00\x00\x04Form\x01\x03\x00\x00\x00\
\x18W(\x9e\xd8\x8b\xa4v\x84\x00 \x00W\x00e\x00\
b\x00 mO\x89\xc8Vh\x08\x00\x00\x00\x00\x06\x00\
\x00\x00\x1aIn the defaul\
t web browser\x07\x00\x00\
\x00\x04Form\x01\x03\x00\x00\x00 \x00M\x00a\
\x00r\x00k\x00d\x00o\x00w\x00n\x00 rH\
g,\x00 \x00(W(~\xbf\x00)\x08\x00\x00\x00\
\x00\x06\x00\x00\x00\x19Markdown v\
ersion (online)\x07\
\x00\x00\x00\x04Form\x01\x03\x00\x00\x00rl\xe8\
a\x0f\xff\x1aY\x82g\x9c|\xfb~\xdfN\x0ag*\
b~R0\x00 \x00P\x00y\x00S\x00i\x00d\
\x00e\x00 \x00W\x00e\x00b\x00 ~\xc4N\xf6\
\xff\x0cR\x19e\xe0\x8b\xbaN\xe5N\x0b\x90\x09\x98y\
Y\x82OU\xff\x0c^.R\xa9\x98u\x97b\x90\xfd\
\x5c\x06W(\x9e\xd8\x8b\xa4\x00 \x00W\x00e\x00b\
\x00 mO\x89\xc8VhN-bS_\x000\x02\
\x08\x00\x00\x00\x00\x06\x00\x00\x00\x8cNote: \
if PySide Web co\
mponents are not\
 found on the sy\
stem, help pages\
 will open in th\
e default web br\
owser regardless\
 of the options \
below.\x07\x00\x00\x00\x04Form\x01\
\x03\x00\x00\x00\x04\x90\x09\x98y\x08\x00\x00\x00\x00\x06\x00\
\x00\x00\x07Options\x07\x00\x00\x00\x04F\
orm\x01\x03\x00\x00\x012\x5c\x06kd\x8b\xbe\x7f\
nN:\x81\xea[\x9aNI\x00 \x00U\x00R\x00\
L\x00 b\x16^.R\xa9e\x87N\xf6b@W\
(v\x84e\x87N\xf6Y90\x02\x00\x0aS\xefN\
\xe5\x90\x1a\x8f\xc7\x96DR\xa0~\xc4N\xf6{\xa1t\
\x06VhN\x0b\x8f}e\x87hcN\xe5O\x9by\
\xbb~\xbfO\x7fu(\xff\x0c^v[\x89\x88\xc5 \
\x1c\x00o\x00f\x00f\x00l\x00i\x00n\x00e\x00\
-\x00d\x00o\x00c\x00u\x00m\x00e\x00n\x00\
t\x00a\x00t\x00i\x00o\x00n \x1d\x96DR\
\xa0~\xc4N\xf60\x02Y\x82g\x9ckd[Wk\
\xb5uYzz\xff\x0c\x00F\x00r\x00e\x00e\x00\
C\x00A\x00D\x00 \x5c\x06\x81\xeaR\xa8W(\x9e\
\xd8\x8b\xa4OM\x7fn\xff\x08\x00$\x00U\x00S\x00\
E\x00R\x00A\x00P\x00P\x00D\x00A\x00T\x00\
A\x00D\x00I\x00R\x00/\x00M\x00o\x00d\x00\
/\x00o\x00f\x00f\x00l\x00i\x00n\x00e\x00\
-\x00d\x00o\x00c\x00u\x00m\x00e\x00n\x00\
t\x00a\x00t\x00i\x00o\x00n\xff\x09d\x1c}\
\x22^.R\xa9e\x87N\xf60\x02\x08\x00\x00\x00\x00\
\x06\x00\x00\x01WSet this to\
 a custom URL or\
 the folder wher\
e the help files\
 are located.\x0aDo\
cumentation can \
be downloaded fo\
r offline use vi\
a the Addon Mana\
ger and installi\
ng the\x0a\x22offline-\
documentation\x22 a\
ddon. If this fi\
eld is left blan\
k, FreeCAD will\x0a\
automatically se\
arch for the hel\
p files at the d\
efault location\x0a\
($USERAPPDATADIR\
/Mod/offline-doc\
umentation).\x07\x00\x00\x00\
\x04Form\x01\x03\x00\x00\x01H\x5c\x06Qv\x8b\
\xbe\x7fnN:\x81\xea[\x9aNI\x00 \x00U\x00\
R\x00L\x00 b\x16^.R\xa9e\x87N\xf6b\
@W(e\x87N\xf6Y90\x02\x00\x0a`\xa8S\
\xefN\xe5O\x7fu(c\xd2N\xf6\x00\x0a{\xa1t\
\x06Vh^v[\x89\x88\xc5\x00 \x00\x22\x00o\x00\
f\x00f\x00l\x00i\x00n\x00e\x00-\x00d\x00\
o\x00c\x00u\x00m\x00e\x00n\x00t\x00a\x00\
t\x00i\x00o\x00n\x00\x22\x00 \x96DR\xa0~\
\xc4N\xf6\xff\x0cSsS\xef\x8f{g~N\x0b\x8f\
}e\x87hcO\x9by\xbb~\xbfO\x7fu(0\
\x02Y\x82g\x9ckd\x00\x0a[Wk\xb5uYz\
z\xff\x0c\x00F\x00r\x00e\x00e\x00C\x00A\x00\
D\x00 \x5c\x06\x81\xeaR\xa8d\x1c}\x22^.R\
\xa9e\x87N\xf6v\x84\x9e\xd8\x8b\xa4OM\x7fn\x00\
\x0a\x9e\xd8\x8b\xa4OM\x7fn\x00 \x00(\x00$\x00\
U\x00S\x00E\x00R\x00A\x00P\x00P\x00D\x00\
A\x00T\x00A\x00D\x00I\x00R\x00/\x00M\x00\
o\x00d\x00/\x00o\x00f\x00f\x00l\x00i\x00\
n\x00e\x00-\x00d\x00o\x00c\x00u\x00m\x00\
e\x00n\x00t\x00a\x00t\x00i\x00o\x00n\x00\
)0\x02\x08\x00\x00\x00\x00\x06\x00\x00\x01fSet\
 this to a custo\
m URL or the fol\
der where the he\
lp files are loc\
ated.\x0aYou can ea\
sily download th\
e documentation \
for offline use \
by using the Add\
on\x0aManager and i\
nstalling the \x22o\
ffline-documenta\
tion\x22 addon. If \
this\x0afield is le\
ft blank, FreeCA\
D will automatic\
ally search for \
the help files a\
t\x0athe default lo\
cation ($USERAPP\
DATADIR/Mod/offl\
ine-documentatio\
n).\x07\x00\x00\x00\x04Form\x01\x03\x00\x00\
\x00\x04gen\x90\x08\x00\x00\x00\x00\x06\x00\x00\x00\x06\
Source\x07\x00\x00\x00\x04Form\x01\
\x03\x00\x00\x00xc\x07[\x9au(N\x8e\x8b\xbe\x7f\
n\x00 \x00M\x00a\x00r\x00k\x00d\x00o\x00\
w\x00n\x00 \x98u\x97bh7_\x0fv\x84Y\
\x07u(\x00 \x00C\x00S\x00S\x00 e\x87N\
\xf6v\x84\x8d\xef_\x840\x02\x00\x0akd\x8b\xbe\x7f\
nN\xc5\x90\x02u(N\x8eN\x0ae\xb9\x90\x09b\
\xe9\x00 \x00M\x00a\x00r\x00k\x00d\x00o\x00\
w\x00n\x00 v\x84`\xc5Q\xb50\x02\x08\x00\x00\
\x00\x00\x06\x00\x00\x00xSpecify t\
he path to an al\
ternative CSS fi\
le for styling M\
arkdown pages.\x0aT\
his only applies\
 if Markdown is \
selected above.\x07\
\x00\x00\x00\x04Form\x01\x03\x00\x00\x01\x0ee\x87\
hc\x98u\x97b\x5c\x06N\xce\x00F\x00r\x00e\
\x00e\x00C\x00A\x00D\x00'\x00s\x00 \x00G\
\x00i\x00t\x00H\x00u\x00b\x00 \x8d&b7\
N\x0av\x84\x00F\x00r\x00e\x00e\x00C\x00A\
\x00D\x00 \x00w\x00i\x00k\x00i\x81\xeaR\xa8\
\x00M\x00a\x00r\x00k\x00d\x00o\x00w\x00n\
\x00 \x8flcb\x00\x0a\x83\xb7S\xd60\x02\x00 \
\x8f\xd9S\xefN\xe5u(N\x0b\x97bv\x84\x00\x0a\
\x81\xea[\x9aNIh7_\x0f\x88hh7_\x0f\
\x88h\xff\x0c^vN\x14w\x0b\x8dwgek\xd4\
\x00w\x00i\x00k\x00i\x00 \x90\x09\x98yf\xf4\
T\x08\x90\x020\x02\x00 \x00'\x00M\x00a\x00r\
\x00k\x00d\x00o\x00w\x00n\x00'\x00 b\x16\
\x00\x0a\x00'\x00P\x00a\x00n\x00d\x00o\x00c\
\x00'\x00 \x00P\x00y\x00t\x00h\x00o\x00n\
\x00 j!WW^\x94[\x89\x88\xc5N\xe5S\xd6\
_\x97g\x00Os~\xd3g\x9c0\x02\x08\x00\x00\x00\
\x00\x06\x00\x00\x012The docume\
ntation pages wi\
ll be fetched fr\
om an automatic \
Markdown convers\
ion\x0aof the FreeC\
AD wiki,hosted o\
n FreeCAD's GitH\
ub account. This\
 can be styled w\
ith a\x0acustom sty\
lesheet below an\
d can look nicer\
 than the wiki o\
ption. The 'Mark\
down' or\x0a'Pandoc\
' Python module \
should be instal\
led for optimal \
results.\x07\x00\x00\x00\x04For\
m\x01\x03\x00\x00\x00he\x87hc\x98u\x97b\x5c\
\x06N\xce[\x98e\xb9v\x84\x00\x0a\x00F\x00r\x00\
e\x00e\x00C\x00A\x00D\x00w\x00i\x00k\x00\
i\x00 W(\x00 \x00h\x00t\x00t\x00p\x00\
s\x00:\x00/\x00/\x00w\x00i\x00k\x00i\x00\
.\x00f\x00r\x00e\x00e\x00c\x00a\x00d\x00\
.\x00o\x00r\x00g\x00 \x83\xb7S\xd60\x02\x08\
\x00\x00\x00\x00\x06\x00\x00\x00aThe doc\
umentation pages\
 will be fetched\
 from the offici\
al\x0aFreeCADwiki a\
t https://wiki.f\
reecad.org\x07\x00\x00\x00\x04F\
orm\x01\x03\x00\x00\x00re\x87hc\x5c\x06W\
(\x00 \x00F\x00r\x00e\x00e\x00C\x00A\x00\
D\x00 uL\x97bv\x84e\xb0h\x07{~\x98\
uN-bS_\x000\x02\x8f\xd9\x97\x00\x89\x81\x00\
 \x00P\x00y\x00S\x00i\x00d\x00e\x00 \x00\
Q\x00t\x00W\x00e\x00b\x00e\x00n\x00g\x00\
i\x00n\x00e\x00W\x00i\x00d\x00g\x00e\x00\
t\x00s\x00 ~\xc4N\xf60\x02\x08\x00\x00\x00\x00\
\x06\x00\x00\x00}The documen\
tation will open\
 in a new tab in\
side the FreeCAD\
 interface. This\
 requires the Py\
Side QtWebengine\
Widgets componen\
t.\x07\x00\x00\x00\x04Form\x01\x03\x00\x00\x00\
$\x8b\xe5e\x87hc\x5c\x06W(\x9e\xd8\x8b\xa4\x00\
 \x00W\x00e\x00b\x00 mO\x89\xc8VhN\
-bS_\x00\x08\x00\x00\x00\x00\x06\x00\x00\x006T\
he documentation\
 will open in th\
e default web br\
owser\x07\x00\x00\x00\x04Form\x01\x03\
\x00\x00\x00\x08^sy\xfbT\x0e\x7f\x00\x08\x00\x00\x00\
\x00\x06\x00\x00\x00\x12Translatio\
n suffix\x07\x00\x00\x00\x04For\
m\x01\x03\x00\x00\x00Re\xe0l\xd5h\xc0}\x22k\
d\x98u\x97bv\x84Q\x85[\xb90\x02\x8b\xf7h\
\xc0g\xe5\x83\xdcSU \x1c\x7f\x16\x8f\x91\x00 !\
\x92\x00 \x99\x96\x90\x09\x98y\x00 !\x92\x00 ^\
8\x89\xc4\x00 !\x92\x00 ^.R\xa9 \x1dN\
\x0bv\x84\x8b\xbe\x7fn0\x02\x08\x00\x00\x00\x00\x06\x00\
\x00\x00yContents for \
this page could \
not be retrieved\
. Please check s\
ettings under me\
nu Edit \xe2\x86\x92 Pref\
erences \xe2\x86\x92 Gene\
ral \xe2\x86\x92 Help\x07\x00\x00\x00\
\x04Help\x01\x03\x00\x00\x00\x04^.R\xa9\x08\
\x00\x00\x00\x00\x06\x00\x00\x00\x04Help\x07\x00\x00\
\x00\x04Help\x01\x03\x00\x00\x00Te\xe0l\xd5\
xn[\x9a^.R\xa9e\x87N\xf6v\x84OM\
\x7fn0\x02\x8b\xf7h\xc0g\xe5\x83\xdcSU \x1c\
\x7f\x16\x8f\x91\x00 !\x92\x00 \x99\x96\x90\x09\x98y\
\x00 !\x92\x00 ^8\x89\xc4\x00 !\x92\x00 \
^.R\xa9 \x1dN\x0bv\x84\x8b\xbe\x7fn0\x02\
\x08\x00\x00\x00\x00\x06\x00\x00\x00wHelp f\
iles location co\
uld not be deter\
mined. Please ch\
eck settings und\
er menu Edit \xe2\x86\x92\
 Preferences \xe2\x86\x92\
 General \xe2\x86\x92 Hel\
p\x07\x00\x00\x00\x04Help\x01\x03\x00\x00\x00X\
\x00P\x00y\x00S\x00i\x00d\x00e\x00 \x00Q\
\x00t\x00W\x00e\x00b\x00E\x00n\x00g\x00i\
\x00n\x00e\x00W\x00i\x00d\x00g\x00e\x00t\
\x00s\x00 j!WWN\x0dS\xefu(0\x02\
^.R\xa9n2g\xd3u1|\xfb~\xdfmO\
\x89\xc8Vh[\x8cb\x10\x08\x00\x00\x00\x00\x06\x00\x00\
\x00aPySide QtWebEn\
gineWidgets modu\
le is not availa\
ble. Help render\
ing is done with\
 the system brow\
ser\x07\x00\x00\x00\x04Help\x01\x03\x00\x00\
\x00\x9c`\xa8v\x84|\xfb~\xdfg*[\x89\x88\xc5\
\x00 \x00M\x00a\x00r\x00k\x00d\x00o\x00w\
\x00n\x00 n2g\xd3Vh\xff\x0cV\xe0kd\
g,^.R\xa9\x98u\x97bc\x09S\x9fh7\
n2g\xd30\x02\x8b\xf7[\x89\x88\xc5\x00 \x00M\
\x00a\x00r\x00k\x00d\x00o\x00w\x00n\x00 \
b\x16\x00 \x00P\x00a\x00n\x00d\x00o\x00c\
\x00 \x00P\x00y\x00t\x00h\x00o\x00n\x00 \
j!WW\xff\x0cN\xe5e9U\x84g,\x98u\
\x97bv\x84n2g\xd3eHg\x9c0\x02\x08\x00\
\x00\x00\x00\x06\x00\x00\x00\xb8There is\
 no Markdown ren\
derer installed \
on your system, \
so this help pag\
e is rendered as\
 is. Please inst\
all the Markdown\
 or Pandoc Pytho\
n modules to imp\
rove the renderi\
ng of this page.\
\x07\x00\x00\x00\x04Help\x01\x03\x00\x00\x00\x04^\
8\x89\xc4\x08\x00\x00\x00\x00\x06\x00\x00\x00\x07Gen\
eral\x07\x00\x00\x00\x07QObject\
\x01\
\x00\x00\x22A\
<\
\xb8d\x18\xca\xef\x9c\x95\xcd!\x1c\xbf`\xa1\xbd\xdd\xa7\
\x00\x00\x00\x02koB\x00\x00\x00\xf0\x00\x04\xec0\x00\
\x00\x05\x5c\x00\x04\xec0\x00\x00\x1b\xf7\x00\x99N\xa8\x00\
\x00\x1a0\x018!.\x00\x00\x12\xfa\x01\x82\xc62\x00\
\x00\x1d\x8c\x02mV`\x00\x00\x1c\x1a\x04\x1e\xf1\x82\x00\
\x00\x05\x7f\x04Dm9\x00\x00\x04\xd6\x04T\x18N\x00\
\x00\x11y\x04\x89?'\x00\x00\x05\xc8\x04\xde1)\x00\
\x00\x06\xa8\x05M7\xf2\x00\x00\x06A\x05\xa6\xc8\x95\x00\
\x00\x11V\x06{\x06\x03\x00\x00\x08\xc9\x06\xa4]\x8e\x00\
\x00\x08\xed\x07\x07\xe0\x0e\x00\x00\x17\xe5\x07t\x8a\x94\x00\
\x00\x01j\x09\x82\xac\xae\x00\x00\x00\x00\x09\xd5\xc9.\x00\
\x00\x01\xda\x0auc\xd7\x00\x00\x16\xa9\x0b\x0ar\xc9\x00\
\x00\x01\xb6\x0c\xe2\x80\xae\x00\x00\x03\xb2\x0d\xb7\x06\x10\x00\
\x00\x1a\x7f\x0d\xc4\xc8<\x00\x00!\x09\x0e*j\xae\x00\
\x00\x1e\xc8\x0ek8\x9e\x00\x00\x0d\x0b\x0e\x8d\xd4\x82\x00\
\x00\x19u\x0e\xca\x08\x89\x00\x00\x05\x22\x0f-\x13\xae\x00\
\x00\x010\x0fE\xeb\x1e\x00\x00\x07\x0ci\x00\x00!0\
\x03\x00\x00\x00\xba\x00A\x00 \x00t\x00r\x00a\x00\
n\x00s\x00l\x00a\x00t\x00i\x00o\x00n\x00\
 \x00s\x00u\x00f\x00f\x00i\x00x\x00 \x00\
t\x00o\x00 \x00u\x00s\x00e\x00,\x00 \x00\
f\x00o\x00r\x00 \x00e\x00x\x00a\x00m\x00\
p\x00l\x00e\x00 \x00\x22\x00f\x00r\x00\x22\x00\
\x0a\x00t\x00o\x00 \x00g\x00e\x00t\x00 \x00\
F\x00r\x00e\x00n\x00c\x00h\x00 \x00t\x00\
r\x00a\x00n\x00s\x00l\x00a\x00t\x00i\x00\
o\x00n\x00 \x00o\x00f\x00 \x00t\x00h\x00\
e\x00 \x00d\x00o\x00c\x00u\x00m\x00e\x00\
n\x00t\x00a\x00t\x00i\x00o\x00n\x00.\x08\
\x00\x00\x00\x00\x06\x00\x00\x00]A trans\
lation suffix to\
 use, for exampl\
e \x22fr\x22\x0ato get Fr\
ench translation\
 of the document\
ation.\x07\x00\x00\x00\x04Form\x01\
\x03\x00\x00\x00\x12\xc0\xac\xc6\xa9\xc7\x90\x00 \xc9\xc0\xc8\
\x15\x00 \xc7\x04\xceX\x08\x00\x00\x00\x00\x06\x00\x00\x00\
\x0fCustom location\
\x07\x00\x00\x00\x04Form\x01\x03\x00\x00\x00\x22\x00\
C\x00u\x00s\x00t\x00o\x00m\x00 \x00s\x00\
t\x00y\x00l\x00e\x00s\x00h\x00e\x00e\x00\
t\x08\x00\x00\x00\x00\x06\x00\x00\x00\x11Custo\
m stylesheet\x07\x00\x00\x00\
\x04Form\x01\x03\x00\x00\x00\x04\xd6T\xbat\x08\
\x00\x00\x00\x00\x06\x00\x00\x00\x07Display\
\x07\x00\x00\x00\x04Form\x01\x03\x00\x00\x01*\x00\
D\x00o\x00c\x00u\x00m\x00e\x00n\x00t\x00\
a\x00t\x00i\x00o\x00n\x00 \x00o\x00p\x00\
e\x00n\x00s\x00 \x00i\x00n\x00 \x00a\x00\
 \x00d\x00o\x00c\x00k\x00a\x00b\x00l\x00\
e\x00 \x00d\x00i\x00a\x00l\x00o\x00g\x00\
 \x00w\x00i\x00t\x00h\x00i\x00n\x00 \x00\
F\x00r\x00e\x00e\x00C\x00A\x00D\x00,\x00\
 \x00a\x00l\x00l\x00o\x00w\x00i\x00n\x00\
g\x00 \x00s\x00i\x00m\x00u\x00l\x00t\x00\
a\x00n\x00e\x00o\x00u\x00s\x00 \x00w\x00\
o\x00r\x00k\x00 \x00i\x00n\x00 \x00t\x00\
h\x00e\x00 \x003\x00D\x00 \x00v\x00i\x00\
e\x00w\x00.\x00\x0a\x00R\x00e\x00q\x00u\x00\
i\x00r\x00e\x00s\x00 \x00t\x00h\x00e\x00\
 \x00P\x00y\x00S\x00i\x00d\x00e\x00 \x00\
Q\x00t\x00W\x00e\x00b\x00e\x00n\x00g\x00\
i\x00n\x00e\x00W\x00i\x00d\x00g\x00e\x00\
t\x00s\x00 \x00c\x00o\x00m\x00p\x00o\x00\
n\x00e\x00n\x00t\x00.\x08\x00\x00\x00\x00\x06\x00\
\x00\x00\x95Documentation\
 opens in a dock\
able dialog with\
in FreeCAD, allo\
wing simultaneou\
s work in the 3D\
 view.\x0aRequires \
the PySide QtWeb\
engineWidgets co\
mponent.\x07\x00\x00\x00\x04For\
m\x01\x03\x00\x00\x00\xb2\x00F\x00e\x00t\x00c\x00\
h\x00e\x00s\x00 \x00t\x00h\x00e\x00 \x00\
d\x00o\x00c\x00u\x00m\x00e\x00n\x00t\x00\
a\x00t\x00i\x00o\x00n\x00 \x00f\x00r\x00\
o\x00m\x00 \x00p\x00a\x00g\x00e\x00s\x00\
 \x00r\x00e\x00n\x00d\x00e\x00r\x00e\x00\
d\x00 \x00o\x00n\x00 \x00G\x00i\x00t\x00\
H\x00u\x00b\x00.\x00\x0a\x00T\x00h\x00i\x00\
s\x00 \x00i\x00s\x00 \x00c\x00u\x00r\x00\
r\x00e\x00n\x00t\x00l\x00y\x00 \x00n\x00\
o\x00t\x00 \x00a\x00v\x00a\x00i\x00l\x00\
a\x00b\x00l\x00e\x00.\x08\x00\x00\x00\x00\x06\x00\
\x00\x00YFetches the d\
ocumentation fro\
m pages rendered\
 on GitHub.\x0aThis\
 is currently no\
t available.\x07\x00\x00\x00\
\x04Form\x01\x03\x00\x00\x00\x1e\xd5\x04\xb9\xac\xce\
\x90\xb4\xdc\x00 \xc7\x04\xd0\xa4\xbb8\xc1\x1c\x00 \x00\
(\xc6(\xb7|\xc7x\x00)\x08\x00\x00\x00\x00\x06\x00\
\x00\x00\x15FreeCAD Wiki \
(online)\x07\x00\x00\x00\x04For\
m\x01\x03\x00\x00\x00\x12\xaeC\xd5\xc8\xbe\x0c\x00 \x00\
(\xc6(\xb7|\xc7x\x00)\x08\x00\x00\x00\x00\x06\x00\
\x00\x00\x0fGitHub (onlin\
e)\x07\x00\x00\x00\x04Form\x01\x03\x00\x00\x00\
\x06\xb3\xc4\xc6\xc0\xb9\xd0\x08\x00\x00\x00\x00\x06\x00\x00\x00\
\x04Help\x07\x00\x00\x00\x04Form\x01\x03\
\x00\x00\x00 \x00I\x00n\x00 \x00a\x00 \x00F\
\x00r\x00e\x00e\x00C\x00A\x00D\x00 \x00t\
\x00a\x00b\x08\x00\x00\x00\x00\x06\x00\x00\x00\x10In\
 a FreeCAD tab\x07\x00\
\x00\x00\x04Form\x01\x03\x00\x00\x00@\x00I\x00\
n\x00 \x00a\x00 \x00s\x00e\x00p\x00a\x00\
r\x00a\x00t\x00e\x00,\x00 \x00e\x00m\x00\
b\x00e\x00d\x00d\x00a\x00b\x00l\x00e\x00\
 \x00d\x00i\x00a\x00l\x00o\x00g\x08\x00\x00\
\x00\x00\x06\x00\x00\x00 In a sepa\
rate, embeddable\
 dialog\x07\x00\x00\x00\x04Form\
\x01\x03\x00\x00\x004\x00I\x00n\x00 \x00t\x00h\
\x00e\x00 \x00d\x00e\x00f\x00a\x00u\x00l\
\x00t\x00 \x00w\x00e\x00b\x00 \x00b\x00r\
\x00o\x00w\x00s\x00e\x00r\x08\x00\x00\x00\x00\x06\
\x00\x00\x00\x1aIn the defau\
lt web browser\x07\x00\
\x00\x00\x04Form\x01\x03\x00\x00\x002\x00M\x00\
a\x00r\x00k\x00d\x00o\x00w\x00n\x00 \x00\
v\x00e\x00r\x00s\x00i\x00o\x00n\x00 \x00\
(\x00o\x00n\x00l\x00i\x00n\x00e\x00)\x08\
\x00\x00\x00\x00\x06\x00\x00\x00\x19Markdow\
n version (onlin\
e)\x07\x00\x00\x00\x04Form\x01\x03\x00\x00\x01\
\x18\x00N\x00o\x00t\x00e\x00:\x00 \x00i\x00\
f\x00 \x00P\x00y\x00S\x00i\x00d\x00e\x00\
 \x00W\x00e\x00b\x00 \x00c\x00o\x00m\x00\
p\x00o\x00n\x00e\x00n\x00t\x00s\x00 \x00\
a\x00r\x00e\x00 \x00n\x00o\x00t\x00 \x00\
f\x00o\x00u\x00n\x00d\x00 \x00o\x00n\x00\
 \x00t\x00h\x00e\x00 \x00s\x00y\x00s\x00\
t\x00e\x00m\x00,\x00 \x00h\x00e\x00l\x00\
p\x00 \x00p\x00a\x00g\x00e\x00s\x00 \x00\
w\x00i\x00l\x00l\x00 \x00o\x00p\x00e\x00\
n\x00 \x00i\x00n\x00 \x00t\x00h\x00e\x00\
 \x00d\x00e\x00f\x00a\x00u\x00l\x00t\x00\
 \x00w\x00e\x00b\x00 \x00b\x00r\x00o\x00\
w\x00s\x00e\x00r\x00 \x00r\x00e\x00g\x00\
a\x00r\x00d\x00l\x00e\x00s\x00s\x00 \x00\
o\x00f\x00 \x00t\x00h\x00e\x00 \x00o\x00\
p\x00t\x00i\x00o\x00n\x00s\x00 \x00b\x00\
e\x00l\x00o\x00w\x00.\x08\x00\x00\x00\x00\x06\x00\
\x00\x00\x8cNote: if PySi\
de Web component\
s are not found \
on the system, h\
elp pages will o\
pen in the defau\
lt web browser r\
egardless of the\
 options below.\x07\
\x00\x00\x00\x04Form\x01\x03\x00\x00\x00\x04\xc65\
\xc1X\x08\x00\x00\x00\x00\x06\x00\x00\x00\x07Opti\
ons\x07\x00\x00\x00\x04Form\x01\x03\x00\x00\
\x02\xae\x00S\x00e\x00t\x00 \x00t\x00h\x00i\
\x00s\x00 \x00t\x00o\x00 \x00a\x00 \x00c\
\x00u\x00s\x00t\x00o\x00m\x00 \x00U\x00R\
\x00L\x00 \x00o\x00r\x00 \x00t\x00h\x00e\
\x00 \x00f\x00o\x00l\x00d\x00e\x00r\x00 \
\x00w\x00h\x00e\x00r\x00e\x00 \x00t\x00h\
\x00e\x00 \x00h\x00e\x00l\x00p\x00 \x00f\
\x00i\x00l\x00e\x00s\x00 \x00a\x00r\x00e\
\x00 \x00l\x00o\x00c\x00a\x00t\x00e\x00d\
\x00.\x00\x0a\x00D\x00o\x00c\x00u\x00m\x00e\
\x00n\x00t\x00a\x00t\x00i\x00o\x00n\x00 \
\x00c\x00a\x00n\x00 \x00b\x00e\x00 \x00d\
\x00o\x00w\x00n\x00l\x00o\x00a\x00d\x00e\
\x00d\x00 \x00f\x00o\x00r\x00 \x00o\x00f\
\x00f\x00l\x00i\x00n\x00e\x00 \x00u\x00s\
\x00e\x00 \x00v\x00i\x00a\x00 \x00t\x00h\
\x00e\x00 \x00A\x00d\x00d\x00o\x00n\x00 \
\x00M\x00a\x00n\x00a\x00g\x00e\x00r\x00 \
\x00a\x00n\x00d\x00 \x00i\x00n\x00s\x00t\
\x00a\x00l\x00l\x00i\x00n\x00g\x00 \x00t\
\x00h\x00e\x00\x0a\x00\x22\x00o\x00f\x00f\x00l\
\x00i\x00n\x00e\x00-\x00d\x00o\x00c\x00u\
\x00m\x00e\x00n\x00t\x00a\x00t\x00i\x00o\
\x00n\x00\x22\x00 \x00a\x00d\x00d\x00o\x00n\
\x00.\x00 \x00I\x00f\x00 \x00t\x00h\x00i\
\x00s\x00 \x00f\x00i\x00e\x00l\x00d\x00 \
\x00i\x00s\x00 \x00l\x00e\x00f\x00t\x00 \
\x00b\x00l\x00a\x00n\x00k\x00,\x00 \x00F\
\x00r\x00e\x00e\x00C\x00A\x00D\x00 \x00w\
\x00i\x00l\x00l\x00\x0a\x00a\x00u\x00t\x00o\
\x00m\x00a\x00t\x00i\x00c\x00a\x00l\x00l\
\x00y\x00 \x00s\x00e\x00a\x00r\x00c\x00h\
\x00 \x00f\x00o\x00r\x00 \x00t\x00h\x00e\
\x00 \x00h\x00e\x00l\x00p\x00 \x00f\x00i\
\x00l\x00e\x00s\x00 \x00a\x00t\x00 \x00t\
\x00h\x00e\x00 \x00d\x00e\x00f\x00a\x00u\
\x00l\x00t\x00 \x00l\x00o\x00c\x00a\x00t\
\x00i\x00o\x00n\x00\x0a\x00(\x00$\x00U\x00S\
\x00E\x00R\x00A\x00P\x00P\x00D\x00A\x00T\
\x00A\x00D\x00I\x00R\x00/\x00M\x00o\x00d\
\x00/\x00o\x00f\x00f\x00l\x00i\x00n\x00e\
\x00-\x00d\x00o\x00c\x00u\x00m\x00e\x00n\
\x00t\x00a\x00t\x00i\x00o\x00n\x00)\x00.\
\x08\x00\x00\x00\x00\x06\x00\x00\x01WSet th\
is to a custom U\
RL or the folder\
 where the help \
files are locate\
d.\x0aDocumentation\
 can be download\
ed for offline u\
se via the Addon\
 Manager and ins\
talling the\x0a\x22off\
line-documentati\
on\x22 addon. If th\
is field is left\
 blank, FreeCAD \
will\x0aautomatical\
ly search for th\
e help files at \
the default loca\
tion\x0a($USERAPPDA\
TADIR/Mod/offlin\
e-documentation)\
.\x07\x00\x00\x00\x04Form\x01\x03\x00\x00\x02\xcc\
\x00S\x00e\x00t\x00 \x00t\x00h\x00i\x00s\
\x00 \x00t\x00o\x00 \x00a\x00 \x00c\x00u\
\x00s\x00t\x00o\x00m\x00 \x00U\x00R\x00L\
\x00 \x00o\x00r\x00 \x00t\x00h\x00e\x00 \
\x00f\x00o\x00l\x00d\x00e\x00r\x00 \x00w\
\x00h\x00e\x00r\x00e\x00 \x00t\x00h\x00e\
\x00 \x00h\x00e\x00l\x00p\x00 \x00f\x00i\
\x00l\x00e\x00s\x00 \x00a\x00r\x00e\x00 \
\x00l\x00o\x00c\x00a\x00t\x00e\x00d\x00.\
\x00\x0a\x00Y\x00o\x00u\x00 \x00c\x00a\x00n\
\x00 \x00e\x00a\x00s\x00i\x00l\x00y\x00 \
\x00d\x00o\x00w\x00n\x00l\x00o\x00a\x00d\
\x00 \x00t\x00h\x00e\x00 \x00d\x00o\x00c\
\x00u\x00m\x00e\x00n\x00t\x00a\x00t\x00i\
\x00o\x00n\x00 \x00f\x00o\x00r\x00 \x00o\
\x00f\x00f\x00l\x00i\x00n\x00e\x00 \x00u\
\x00s\x00e\x00 \x00b\x00y\x00 \x00u\x00s\
\x00i\x00n\x00g\x00 \x00t\x00h\x00e\x00 \
\x00A\x00d\x00d\x00o\x00n\x00\x0a\x00M\x00a\
\x00n\x00a\x00g\x00e\x00r\x00 \x00a\x00n\
\x00d\x00 \x00i\x00n\x00s\x00t\x00a\x00l\
\x00l\x00i\x00n\x00g\x00 \x00t\x00h\x00e\
\x00 \x00\x22\x00o\x00f\x00f\x00l\x00i\x00n\
\x00e\x00-\x00d\x00o\x00c\x00u\x00m\x00e\
\x00n\x00t\x00a\x00t\x00i\x00o\x00n\x00\x22\
\x00 \x00a\x00d\x00d\x00o\x00n\x00.\x00 \
\x00I\x00f\x00 \x00t\x00h\x00i\x00s\x00\x0a\
\x00f\x00i\x00e\x00l\x00d\x00 \x00i\x00s\
\x00 \x00l\x00e\x00f\x00t\x00 \x00b\x00l\
\x00a\x00n\x00k\x00,\x00 \x00F\x00r\x00e\
\x00e\x00C\x00A\x00D\x00 \x00w\x00i\x00l\
\x00l\x00 \x00a\x00u\x00t\x00o\x00m\x00a\
\x00t\x00i\x00c\x00a\x00l\x00l\x00y\x00 \
\x00s\x00e\x00a\x00r\x00c\x00h\x00 \x00f\
\x00o\x00r\x00 \x00t\x00h\x00e\x00 \x00h\
\x00e\x00l\x00p\x00 \x00f\x00i\x00l\x00e\
\x00s\x00 \x00a\x00t\x00\x0a\x00t\x00h\x00e\
\x00 \x00d\x00e\x00f\x00a\x00u\x00l\x00t\
\x00 \x00l\x00o\x00c\x00a\x00t\x00i\x00o\
\x00n\x00 \x00(\x00$\x00U\x00S\x00E\x00R\
\x00A\x00P\x00P\x00D\x00A\x00T\x00A\x00D\
\x00I\x00R\x00/\x00M\x00o\x00d\x00/\x00o\
\x00f\x00f\x00l\x00i\x00n\x00e\x00-\x00d\
\x00o\x00c\x00u\x00m\x00e\x00n\x00t\x00a\
\x00t\x00i\x00o\x00n\x00)\x00.\x08\x00\x00\x00\
\x00\x06\x00\x00\x01fSet this t\
o a custom URL o\
r the folder whe\
re the help file\
s are located.\x0aY\
ou can easily do\
wnload the docum\
entation for off\
line use by usin\
g the Addon\x0aMana\
ger and installi\
ng the \x22offline-\
documentation\x22 a\
ddon. If this\x0afi\
eld is left blan\
k, FreeCAD will \
automatically se\
arch for the hel\
p files at\x0athe d\
efault location \
($USERAPPDATADIR\
/Mod/offline-doc\
umentation).\x07\x00\x00\x00\
\x04Form\x01\x03\x00\x00\x00\x04\xc1\x8c\xc2\xa4\x08\
\x00\x00\x00\x00\x06\x00\x00\x00\x06Source\x07\
\x00\x00\x00\x04Form\x01\x03\x00\x00\x00\xf0\x00S\
\x00p\x00e\x00c\x00i\x00f\x00y\x00 \x00t\
\x00h\x00e\x00 \x00p\x00a\x00t\x00h\x00 \
\x00t\x00o\x00 \x00a\x00n\x00 \x00a\x00l\
\x00t\x00e\x00r\x00n\x00a\x00t\x00i\x00v\
\x00e\x00 \x00C\x00S\x00S\x00 \x00f\x00i\
\x00l\x00e\x00 \x00f\x00o\x00r\x00 \x00s\
\x00t\x00y\x00l\x00i\x00n\x00g\x00 \x00M\
\x00a\x00r\x00k\x00d\x00o\x00w\x00n\x00 \
\x00p\x00a\x00g\x00e\x00s\x00.\x00\x0a\x00T\
\x00h\x00i\x00s\x00 \x00o\x00n\x00l\x00y\
\x00 \x00a\x00p\x00p\x00l\x00i\x00e\x00s\
\x00 \x00i\x00f\x00 \x00M\x00a\x00r\x00k\
\x00d\x00o\x00w\x00n\x00 \x00i\x00s\x00 \
\x00s\x00e\x00l\x00e\x00c\x00t\x00e\x00d\
\x00 \x00a\x00b\x00o\x00v\x00e\x00.\x08\x00\
\x00\x00\x00\x06\x00\x00\x00xSpecify \
the path to an a\
lternative CSS f\
ile for styling \
Markdown pages.\x0a\
This only applie\
s if Markdown is\
 selected above.\
\x07\x00\x00\x00\x04Form\x01\x03\x00\x00\x02d\x00\
T\x00h\x00e\x00 \x00d\x00o\x00c\x00u\x00\
m\x00e\x00n\x00t\x00a\x00t\x00i\x00o\x00\
n\x00 \x00p\x00a\x00g\x00e\x00s\x00 \x00\
w\x00i\x00l\x00l\x00 \x00b\x00e\x00 \x00\
f\x00e\x00t\x00c\x00h\x00e\x00d\x00 \x00\
f\x00r\x00o\x00m\x00 \x00a\x00n\x00 \x00\
a\x00u\x00t\x00o\x00m\x00a\x00t\x00i\x00\
c\x00 \x00M\x00a\x00r\x00k\x00d\x00o\x00\
w\x00n\x00 \x00c\x00o\x00n\x00v\x00e\x00\
r\x00s\x00i\x00o\x00n\x00\x0a\x00o\x00f\x00\
 \x00t\x00h\x00e\x00 \x00F\x00r\x00e\x00\
e\x00C\x00A\x00D\x00 \x00w\x00i\x00k\x00\
i\x00,\x00h\x00o\x00s\x00t\x00e\x00d\x00\
 \x00o\x00n\x00 \x00F\x00r\x00e\x00e\x00\
C\x00A\x00D\x00'\x00s\x00 \x00G\x00i\x00\
t\x00H\x00u\x00b\x00 \x00a\x00c\x00c\x00\
o\x00u\x00n\x00t\x00.\x00 \x00T\x00h\x00\
i\x00s\x00 \x00c\x00a\x00n\x00 \x00b\x00\
e\x00 \x00s\x00t\x00y\x00l\x00e\x00d\x00\
 \x00w\x00i\x00t\x00h\x00 \x00a\x00\x0a\x00\
c\x00u\x00s\x00t\x00o\x00m\x00 \x00s\x00\
t\x00y\x00l\x00e\x00s\x00h\x00e\x00e\x00\
t\x00 \x00b\x00e\x00l\x00o\x00w\x00 \x00\
a\x00n\x00d\x00 \x00c\x00a\x00n\x00 \x00\
l\x00o\x00o\x00k\x00 \x00n\x00i\x00c\x00\
e\x00r\x00 \x00t\x00h\x00a\x00n\x00 \x00\
t\x00h\x00e\x00 \x00w\x00i\x00k\x00i\x00\
 \x00o\x00p\x00t\x00i\x00o\x00n\x00.\x00\
 \x00T\x00h\x00e\x00 \x00'\x00M\x00a\x00\
r\x00k\x00d\x00o\x00w\x00n\x00'\x00 \x00\
o\x00r\x00\x0a\x00'\x00P\x00a\x00n\x00d\x00\
o\x00c\x00'\x00 \x00P\x00y\x00t\x00h\x00\
o\x00n\x00 \x00m\x00o\x00d\x00u\x00l\x00\
e\x00 \x00s\x00h\x00o\x00u\x00l\x00d\x00\
 \x00b\x00e\x00 \x00i\x00n\x00s\x00t\x00\
a\x00l\x00l\x00e\x00d\x00 \x00f\x00o\x00\
r\x00 \x00o\x00p\x00t\x00i\x00m\x00a\x00\
l\x00 \x00r\x00e\x00s\x00u\x00l\x00t\x00\
s\x00.\x08\x00\x00\x00\x00\x06\x00\x00\x012The\
 documentation p\
ages will be fet\
ched from an aut\
omatic Markdown \
conversion\x0aof th\
e FreeCAD wiki,h\
osted on FreeCAD\
's GitHub accoun\
t. This can be s\
tyled with a\x0acus\
tom stylesheet b\
elow and can loo\
k nicer than the\
 wiki option. Th\
e 'Markdown' or\x0a\
'Pandoc' Python \
module should be\
 installed for o\
ptimal results.\x07\
\x00\x00\x00\x04Form\x01\x03\x00\x00\x00\xc2\x00T\
\x00h\x00e\x00 \x00d\x00o\x00c\x00u\x00m\
\x00e\x00n\x00t\x00a\x00t\x00i\x00o\x00n\
\x00 \x00p\x00a\x00g\x00e\x00s\x00 \x00w\
\x00i\x00l\x00l\x00 \x00b\x00e\x00 \x00f\
\x00e\x00t\x00c\x00h\x00e\x00d\x00 \x00f\
\x00r\x00o\x00m\x00 \x00t\x00h\x00e\x00 \
\x00o\x00f\x00f\x00i\x00c\x00i\x00a\x00l\
\x00\x0a\x00F\x00r\x00e\x00e\x00C\x00A\x00D\
\x00w\x00i\x00k\x00i\x00 \x00a\x00t\x00 \
\x00h\x00t\x00t\x00p\x00s\x00:\x00/\x00/\
\x00w\x00i\x00k\x00i\x00.\x00f\x00r\x00e\
\x00e\x00c\x00a\x00d\x00.\x00o\x00r\x00g\
\x08\x00\x00\x00\x00\x06\x00\x00\x00aThe do\
cumentation page\
s will be fetche\
d from the offic\
ial\x0aFreeCADwiki \
at https://wiki.\
freecad.org\x07\x00\x00\x00\x04\
Form\x01\x03\x00\x00\x00\xfa\x00T\x00h\x00e\
\x00 \x00d\x00o\x00c\x00u\x00m\x00e\x00n\
\x00t\x00a\x00t\x00i\x00o\x00n\x00 \x00w\
\x00i\x00l\x00l\x00 \x00o\x00p\x00e\x00n\
\x00 \x00i\x00n\x00 \x00a\x00 \x00n\x00e\
\x00w\x00 \x00t\x00a\x00b\x00 \x00i\x00n\
\x00s\x00i\x00d\x00e\x00 \x00t\x00h\x00e\
\x00 \x00F\x00r\x00e\x00e\x00C\x00A\x00D\
\x00 \x00i\x00n\x00t\x00e\x00r\x00f\x00a\
\x00c\x00e\x00.\x00 \x00T\x00h\x00i\x00s\
\x00 \x00r\x00e\x00q\x00u\x00i\x00r\x00e\
\x00s\x00 \x00t\x00h\x00e\x00 \x00P\x00y\
\x00S\x00i\x00d\x00e\x00 \x00Q\x00t\x00W\
\x00e\x00b\x00e\x00n\x00g\x00i\x00n\x00e\
\x00W\x00i\x00d\x00g\x00e\x00t\x00s\x00 \
\x00c\x00o\x00m\x00p\x00o\x00n\x00e\x00n\
\x00t\x00.\x08\x00\x00\x00\x00\x06\x00\x00\x00}Th\
e documentation \
will open in a n\
ew tab inside th\
e FreeCAD interf\
ace. This requir\
es the PySide Qt\
WebengineWidgets\
 component.\x07\x00\x00\x00\x04\
Form\x01\x03\x00\x00\x00l\x00T\x00h\x00e\
\x00 \x00d\x00o\x00c\x00u\x00m\x00e\x00n\
\x00t\x00a\x00t\x00i\x00o\x00n\x00 \x00w\
\x00i\x00l\x00l\x00 \x00o\x00p\x00e\x00n\
\x00 \x00i\x00n\x00 \x00t\x00h\x00e\x00 \
\x00d\x00e\x00f\x00a\x00u\x00l\x00t\x00 \
\x00w\x00e\x00b\x00 \x00b\x00r\x00o\x00w\
\x00s\x00e\x00r\x08\x00\x00\x00\x00\x06\x00\x00\x006\
The documentatio\
n will open in t\
he default web b\
rowser\x07\x00\x00\x00\x04Form\x01\
\x03\x00\x00\x00$\x00T\x00r\x00a\x00n\x00s\x00\
l\x00a\x00t\x00i\x00o\x00n\x00 \x00s\x00\
u\x00f\x00f\x00i\x00x\x08\x00\x00\x00\x00\x06\x00\
\x00\x00\x12Translation s\
uffix\x07\x00\x00\x00\x04Form\x01\x03\
\x00\x00\x00\xe6\x00C\x00o\x00n\x00t\x00e\x00n\
\x00t\x00s\x00 \x00f\x00o\x00r\x00 \x00t\
\x00h\x00i\x00s\x00 \x00p\x00a\x00g\x00e\
\x00 \x00c\x00o\x00u\x00l\x00d\x00 \x00n\
\x00o\x00t\x00 \x00b\x00e\x00 \x00r\x00e\
\x00t\x00r\x00i\x00e\x00v\x00e\x00d\x00.\
\x00 \x00P\x00l\x00e\x00a\x00s\x00e\x00 \
\x00c\x00h\x00e\x00c\x00k\x00 \x00s\x00e\
\x00t\x00t\x00i\x00n\x00g\x00s\x00 \x00u\
\x00n\x00d\x00e\x00r\x00 \x00m\x00e\x00n\
\x00u\x00 \x00E\x00d\x00i\x00t\x00 !\x92\
\x00 \x00P\x00r\x00e\x00f\x00e\x00r\x00e\
\x00n\x00c\x00e\x00s\x00 !\x92\x00 \x00G\
\x00e\x00n\x00e\x00r\x00a\x00l\x00 !\x92\
\x00 \x00H\x00e\x00l\x00p\x08\x00\x00\x00\x00\x06\
\x00\x00\x00yContents for\
 this page could\
 not be retrieve\
d. Please check \
settings under m\
enu Edit \xe2\x86\x92 Pre\
ferences \xe2\x86\x92 Gen\
eral \xe2\x86\x92 Help\x07\x00\x00\
\x00\x04Help\x01\x03\x00\x00\x00\x06\xb3\xc4\xc6\xc0\
\xb9\xd0\x08\x00\x00\x00\x00\x06\x00\x00\x00\x04Help\
\x07\x00\x00\x00\x04Help\x01\x03\x00\x00\x00\xe2\x00\
H\x00e\x00l\x00p\x00 \x00f\x00i\x00l\x00\
e\x00s\x00 \x00l\x00o\x00c\x00a\x00t\x00\
i\x00o\x00n\x00 \x00c\x00o\x00u\x00l\x00\
d\x00 \x00n\x00o\x00t\x00 \x00b\x00e\x00\
 \x00d\x00e\x00t\x00e\x00r\x00m\x00i\x00\
n\x00e\x00d\x00.\x00 \x00P\x00l\x00e\x00\
a\x00s\x00e\x00 \x00c\x00h\x00e\x00c\x00\
k\x00 \x00s\x00e\x00t\x00t\x00i\x00n\x00\
g\x00s\x00 \x00u\x00n\x00d\x00e\x00r\x00\
 \x00m\x00e\x00n\x00u\x00 \x00E\x00d\x00\
i\x00t\x00 !\x92\x00 \x00P\x00r\x00e\x00\
f\x00e\x00r\x00e\x00n\x00c\x00e\x00s\x00\
 !\x92\x00 \x00G\x00e\x00n\x00e\x00r\x00\
a\x00l\x00 !\x92\x00 \x00H\x00e\x00l\x00\
p\x08\x00\x00\x00\x00\x06\x00\x00\x00wHelp \
files location c\
ould not be dete\
rmined. Please c\
heck settings un\
der menu Edit \xe2\x86\
\x92 Preferences \xe2\x86\
\x92 General \xe2\x86\x92 He\
lp\x07\x00\x00\x00\x04Help\x01\x03\x00\x00\x00\
\xc2\x00P\x00y\x00S\x00i\x00d\x00e\x00 \x00\
Q\x00t\x00W\x00e\x00b\x00E\x00n\x00g\x00\
i\x00n\x00e\x00W\x00i\x00d\x00g\x00e\x00\
t\x00s\x00 \x00m\x00o\x00d\x00u\x00l\x00\
e\x00 \x00i\x00s\x00 \x00n\x00o\x00t\x00\
 \x00a\x00v\x00a\x00i\x00l\x00a\x00b\x00\
l\x00e\x00.\x00 \x00H\x00e\x00l\x00p\x00\
 \x00r\x00e\x00n\x00d\x00e\x00r\x00i\x00\
n\x00g\x00 \x00i\x00s\x00 \x00d\x00o\x00\
n\x00e\x00 \x00w\x00i\x00t\x00h\x00 \x00\
t\x00h\x00e\x00 \x00s\x00y\x00s\x00t\x00\
e\x00m\x00 \x00b\x00r\x00o\x00w\x00s\x00\
e\x00r\x08\x00\x00\x00\x00\x06\x00\x00\x00aPyS\
ide QtWebEngineW\
idgets module is\
 not available. \
Help rendering i\
s done with the \
system browser\x07\x00\
\x00\x00\x04Help\x01\x03\x00\x00\x01p\x00T\x00\
h\x00e\x00r\x00e\x00 \x00i\x00s\x00 \x00\
n\x00o\x00 \x00M\x00a\x00r\x00k\x00d\x00\
o\x00w\x00n\x00 \x00r\x00e\x00n\x00d\x00\
e\x00r\x00e\x00r\x00 \x00i\x00n\x00s\x00\
t\x00a\x00l\x00l\x00e\x00d\x00 \x00o\x00\
n\x00 \x00y\x00o\x00u\x00r\x00 \x00s\x00\
y\x00s\x00t\x00e\x00m\x00,\x00 \x00s\x00\
o\x00 \x00t\x00h\x00i\x00s\x00 \x00h\x00\
e\x00l\x00p\x00 \x00p\x00a\x00g\x00e\x00\
 \x00i\x00s\x00 \x00r\x00e\x00n\x00d\x00\
e\x00r\x00e\x00d\x00 \x00a\x00s\x00 \x00\
i\x00s\x00.\x00 \x00P\x00l\x00e\x00a\x00\
s\x00e\x00 \x00i\x00n\x00s\x00t\x00a\x00\
l\x00l\x00 \x00t\x00h\x00e\x00 \x00M\x00\
a\x00r\x00k\x00d\x00o\x00w\x00n\x00 \x00\
o\x00r\x00 \x00P\x00a\x00n\x00d\x00o\x00\
c\x00 \x00P\x00y\x00t\x00h\x00o\x00n\x00\
 \x00m\x00o\x00d\x00u\x00l\x00e\x00s\x00\
 \x00t\x00o\x00 \x00i\x00m\x00p\x00r\x00\
o\x00v\x00e\x00 \x00t\x00h\x00e\x00 \x00\
r\x00e\x00n\x00d\x00e\x00r\x00i\x00n\x00\
g\x00 \x00o\x00f\x00 \x00t\x00h\x00i\x00\
s\x00 \x00p\x00a\x00g\x00e\x00.\x08\x00\x00\
\x00\x00\x06\x00\x00\x00\xb8There is \
no Markdown rend\
erer installed o\
n your system, s\
o this help page\
 is rendered as \
is. Please insta\
ll the Markdown \
or Pandoc Python\
 modules to impr\
ove the renderin\
g of this page.\x07\
\x00\x00\x00\x04Help\x01\x03\x00\x00\x00\x04\xc7|\
\xbc\x18\x08\x00\x00\x00\x00\x06\x00\x00\x00\x07Gene\
ral\x07\x00\x00\x00\x07QObject\x01\
\
\x00\x00'.\
<\
\xb8d\x18\xca\xef\x9c\x95\xcd!\x1c\xbf`\xa1\xbd\xdd\xa7\
\x00\x00\x00\x02elB\x00\x00\x00\xf0\x00\x04\xec0\x00\
\x00\x06\x96\x00\x04\xec0\x00\x00\x1f\xc9\x00\x99N\xa8\x00\
\x00\x1d\xd2\x018!.\x00\x00\x16\x02\x01\x82\xc62\x00\
\x00!\xa4\x02mV`\x00\x00\x1f\xf4\x04\x1e\xf1\x82\x00\
\x00\x06\xc1\x04Dm9\x00\x00\x05\xf8\x04T\x18N\x00\
\x00\x14_\x04\x89?'\x00\x00\x07\x16\x04\xde1)\x00\
\x00\x08&\x05M7\xf2\x00\x00\x07\x9b\x05\xa6\xc8\x95\x00\
\x00\x148\x06{\x06\x03\x00\x00\x0a\x89\x06\xa4]\x8e\x00\
\x00\x0a\xb9\x07\x07\xe0\x0e\x00\x00\x1bK\x07t\x8a\x94\x00\
\x00\x01\xb2\x09\x82\xac\xae\x00\x00\x00\x00\x09\xd5\xc9.\x00\
\x00\x02@\x0auc\xd7\x00\x00\x1a\x19\x0b\x0ar\xc9\x00\
\x00\x02\x0c\x0c\xe2\x80\xae\x00\x00\x04\x90\x0d\xb7\x06\x10\x00\
\x00\x1e!\x0d\xc4\xc8<\x00\x00%\xe5\x0e*j\xae\x00\
\x00#@\x0ek8\x9e\x00\x00\x0fo\x0e\x8d\xd4\x82\x00\
\x00\x1c\xfb\x0e\xca\x08\x89\x00\x00\x06P\x0f-\x13\xae\x00\
\x00\x01\x5c\x0fE\xeb\x1e\x00\x00\x08\x88i\x00\x00&\x16\
\x03\x00\x00\x00\xe6\x03\x88\x03\xbd\x03\xb1\x00 \x03\xb5\x03\
\xc0\x03\xaf\x03\xb8\x03\xb7\x03\xbc\x03\xb1\x00 \x03\xbc\x03\
\xb5\x03\xc4\x03\xac\x03\xc6\x03\xc1\x03\xb1\x03\xc3\x03\xb7\x03\
\xc2\x00 \x03\xb3\x03\xb9\x03\xb1\x00 \x03\xbd\x03\xb1\x00\
 \x03\xc7\x03\xc1\x03\xb7\x03\xc3\x03\xb9\x03\xbc\x03\xbf\x03\
\xc0\x03\xbf\x03\xb9\x03\xae\x03\xc3\x03\xb5\x03\xc4\x03\xb5\x00\
,\x00 \x03\xb3\x03\xb9\x03\xb1\x00 \x03\xc0\x03\xb1\x03\
\xc1\x03\xac\x03\xb4\x03\xb5\x03\xb9\x03\xb3\x03\xbc\x03\xb1\x00\
 \x00\x22\x00f\x00r\x00\x22\x00\x0a\x03\xb3\x03\xb9\x03\
\xb1\x00 \x03\xbd\x03\xb1\x00 \x03\xc0\x03\xac\x03\xc1\x03\
\xb5\x03\xc4\x03\xb5\x00 \x03\xb3\x03\xb1\x03\xbb\x03\xbb\x03\
\xb9\x03\xba\x03\xae\x00 \x03\xbc\x03\xb5\x03\xc4\x03\xac\x03\
\xc6\x03\xc1\x03\xb1\x03\xc3\x03\xb7\x00 \x03\xc4\x03\xb7\x03\
\xc2\x00 \x03\xc4\x03\xb5\x03\xba\x03\xbc\x03\xb7\x03\xc1\x03\
\xaf\x03\xc9\x03\xc3\x03\xb7\x03\xc2\x00.\x08\x00\x00\x00\x00\
\x06\x00\x00\x00]A translati\
on suffix to use\
, for example \x22f\
r\x22\x0ato get French\
 translation of \
the documentatio\
n.\x07\x00\x00\x00\x04Form\x01\x03\x00\x00\x00\
.\x03\xa0\x03\xc1\x03\xbf\x03\xc3\x03\xb1\x03\xc1\x03\xbc\x03\
\xbf\x03\xc3\x03\xbc\x03\xad\x03\xbd\x03\xb7\x00 \x03\xc4\x03\
\xbf\x03\xc0\x03\xbf\x03\xb8\x03\xb5\x03\xc3\x03\xaf\x03\xb1\x08\
\x00\x00\x00\x00\x06\x00\x00\x00\x0fCustom \
location\x07\x00\x00\x00\x04For\
m\x01\x03\x00\x00\x000\x03\xa0\x03\xc1\x03\xbf\x03\xc3\x03\
\xb1\x03\xc1\x03\xbc\x03\xbf\x03\xc3\x03\xbc\x03\xad\x03\xbd\x03\
\xbf\x00 \x03\xc6\x03\xcd\x03\xbb\x03\xbb\x03\xbf\x00 \x03\
\xc3\x03\xc4\x03\xc5\x03\xbb\x08\x00\x00\x00\x00\x06\x00\x00\x00\
\x11Custom styleshe\
et\x07\x00\x00\x00\x04Form\x01\x03\x00\x00\x00\
\x14\x03\x91\x03\xc0\x03\xb5\x03\xb9\x03\xba\x03\xcc\x03\xbd\x03\
\xb9\x03\xc3\x03\xb7\x08\x00\x00\x00\x00\x06\x00\x00\x00\x07D\
isplay\x07\x00\x00\x00\x04Form\x01\
\x03\x00\x00\x01\xa2\x03\x97\x00 \x03\xc4\x03\xb5\x03\xba\x03\
\xbc\x03\xb7\x03\xc1\x03\xaf\x03\xc9\x03\xc3\x03\xb7\x00 \x00\
(\x03\xbf\x03\xb4\x03\xb7\x03\xb3\x03\xaf\x03\xb5\x03\xc2\x00\
 \x03\xc7\x03\xc1\x03\xae\x03\xc3\x03\xb7\x03\xc2\x00)\x00\
 \x03\xb1\x03\xbd\x03\xbf\x03\xaf\x03\xb3\x03\xb5\x03\xb9\x00\
 \x03\xb1\x03\xc0\x03\xbf\x00 \x03\xc3\x03\xc5\x03\xbd\x03\
\xb4\x03\xb5\x03\xcc\x03\xbc\x03\xb5\x03\xbd\x03\xbf\x00 \x03\
\xc3\x03\xb5\x00 \x03\xad\x03\xbd\x03\xb1\x00 \x03\xc0\x03\
\xb1\x03\xc1\x03\xac\x03\xb8\x03\xc5\x03\xc1\x03\xbf\x00 \x03\
\xb4\x03\xb9\x03\xb1\x03\xbb\x03\xcc\x03\xb3\x03\xbf\x03\xc5\x00\
 \x03\xbc\x03\xad\x03\xc3\x03\xb1\x00 \x03\xc3\x03\xc4\x03\
\xbf\x00 \x00F\x00r\x00e\x00e\x00C\x00A\x00\
D\x00,\x00 \x00\x0a\x03\xb5\x03\xc0\x03\xb9\x03\xc4\x03\
\xc1\x03\xad\x03\xc0\x03\xbf\x03\xbd\x03\xc4\x03\xb1\x03\xc2\x00\
 \x03\xc4\x03\xb7\x03\xbd\x00 \x03\xc4\x03\xb1\x03\xc5\x03\
\xc4\x03\xcc\x03\xc7\x03\xc1\x03\xbf\x03\xbd\x03\xb7\x00 \x03\
\xb5\x03\xc1\x03\xb3\x03\xb1\x03\xc3\x03\xaf\x03\xb1\x00 \x03\
\xc3\x03\xc4\x03\xb7\x03\xbd\x00 \x03\xc4\x03\xc1\x03\xb9\x03\
\xc3\x03\xb4\x03\xb9\x03\xac\x03\xc3\x03\xc4\x03\xb1\x03\xc4\x03\
\xb7\x00 \x03\xc0\x03\xc1\x03\xbf\x03\xb2\x03\xbf\x03\xbb\x03\
\xae\x00.\x00\x0a\x03\x91\x03\xc0\x03\xb1\x03\xb9\x03\xc4\x03\
\xb5\x03\xaf\x03\xc4\x03\xb1\x03\xb9\x00 \x03\xc4\x03\xbf\x00\
 \x03\xc3\x03\xc4\x03\xbf\x03\xb9\x03\xc7\x03\xb5\x03\xaf\x03\
\xbf\x00 \x00P\x00y\x00S\x00i\x00d\x00e\x00\
 \x00Q\x00t\x00W\x00e\x00b\x00e\x00n\x00\
g\x00i\x00n\x00e\x00W\x00i\x00d\x00g\x00\
e\x00t\x00s\x00.\x08\x00\x00\x00\x00\x06\x00\x00\x00\
\x95Documentation o\
pens in a dockab\
le dialog within\
 FreeCAD, allowi\
ng simultaneous \
work in the 3D v\
iew.\x0aRequires th\
e PySide QtWeben\
gineWidgets comp\
onent.\x07\x00\x00\x00\x04Form\x01\
\x03\x00\x00\x00\xf6\x03\x9b\x03\xb1\x03\xbc\x03\xb2\x03\xac\x03\
\xbd\x03\xb5\x03\xb9\x00 \x03\xc4\x03\xb7\x03\xbd\x00 \x03\
\xc4\x03\xb5\x03\xba\x03\xbc\x03\xb7\x03\xc1\x03\xaf\x03\xc9\x03\
\xc3\x03\xb7\x00 \x00(\x03\xbf\x03\xb4\x03\xb7\x03\xb3\x03\
\xaf\x03\xb5\x03\xc2\x00 \x03\xc7\x03\xc1\x03\xae\x03\xc3\x03\
\xb7\x03\xc2\x00)\x00 \x03\xb1\x03\xc0\x03\xcc\x00 \x03\
\xc3\x03\xb5\x03\xbb\x03\xaf\x03\xb4\x03\xb5\x03\xc2\x00 \x03\
\xc0\x03\xbf\x03\xc5\x00 \x03\xad\x03\xc7\x03\xbf\x03\xc5\x03\
\xbd\x00 \x03\xb1\x03\xc0\x03\xbf\x03\xb4\x03\xbf\x03\xb8\x03\
\xb5\x03\xaf\x00 \x03\xc3\x03\xc4\x03\xbf\x00 \x00G\x00\
i\x00t\x00H\x00u\x00b\x00.\x00\x0a\x03\x91\x03\
\xc5\x03\xc4\x03\xcc\x00 \x03\xb4\x03\xb5\x03\xbd\x00 \x03\
\xb5\x03\xaf\x03\xbd\x03\xb1\x03\xb9\x00 \x03\xb4\x03\xb9\x03\
\xb1\x03\xb8\x03\xad\x03\xc3\x03\xb9\x03\xbc\x03\xbf\x00 \x03\
\xc0\x03\xc1\x03\xbf\x03\xc2\x00 \x03\xc4\x03\xbf\x00 \x03\
\xc0\x03\xb1\x03\xc1\x03\xcc\x03\xbd\x00.\x08\x00\x00\x00\x00\
\x06\x00\x00\x00YFetches the\
 documentation f\
rom pages render\
ed on GitHub.\x0aTh\
is is currently \
not available.\x07\x00\
\x00\x00\x04Form\x01\x03\x00\x00\x00*\x00W\x00\
i\x00k\x00i\x00 \x00F\x00r\x00e\x00e\x00\
C\x00A\x00D\x00 \x00(\x00o\x00n\x00l\x00\
i\x00n\x00e\x00)\x08\x00\x00\x00\x00\x06\x00\x00\x00\
\x15FreeCAD Wiki (o\
nline)\x07\x00\x00\x00\x04Form\x01\
\x03\x00\x00\x00\x1e\x00G\x00i\x00t\x00H\x00u\x00\
b\x00 \x00(\x00o\x00n\x00l\x00i\x00n\x00\
e\x00)\x08\x00\x00\x00\x00\x06\x00\x00\x00\x0fGit\
Hub (online)\x07\x00\x00\x00\
\x04Form\x01\x03\x00\x00\x00\x0e\x03\x92\x03\xbf\x03\
\xae\x03\xb8\x03\xb5\x03\xb9\x03\xb1\x08\x00\x00\x00\x00\x06\x00\
\x00\x00\x04Help\x07\x00\x00\x00\x04Form\
\x01\x03\x00\x00\x00,\x03\xa3\x03\xb5\x00 \x03\xbc\x03\xb9\
\x03\xb1\x00 \x03\xba\x03\xb1\x03\xc1\x03\xc4\x03\xad\x03\xbb\
\x03\xb1\x00 \x00F\x00r\x00e\x00e\x00C\x00A\
\x00D\x08\x00\x00\x00\x00\x06\x00\x00\x00\x10In a\
 FreeCAD tab\x07\x00\x00\x00\
\x04Form\x01\x03\x00\x00\x00L\x03\xa3\x03\xb5\x00\
 \x03\xad\x03\xbd\x03\xb1\x00 \x03\xbe\x03\xb5\x03\xc7\x03\
\xc9\x03\xc1\x03\xb9\x03\xc3\x03\xc4\x03\xcc\x00,\x00 \x03\
\xb5\x03\xbd\x03\xc3\x03\xc9\x03\xbc\x03\xb1\x03\xc4\x03\xce\x03\
\xc3\x03\xb9\x03\xbc\x03\xbf\x00 \x03\xb4\x03\xb9\x03\xac\x03\
\xbb\x03\xbf\x03\xb3\x03\xbf\x08\x00\x00\x00\x00\x06\x00\x00\x00\
 In a separate, \
embeddable dialo\
g\x07\x00\x00\x00\x04Form\x01\x03\x00\x00\x00X\
\x03\xa3\x03\xc4\x03\xbf\x00 \x03\xc0\x03\xc1\x03\xbf\x03\xb5\
\x03\xc0\x03\xb9\x03\xbb\x03\xb5\x03\xb3\x03\xbc\x03\xad\x03\xbd\
\x03\xbf\x00 \x03\xc0\x03\xc1\x03\xcc\x03\xb3\x03\xc1\x03\xb1\
\x03\xbc\x03\xbc\x03\xb1\x00 \x03\xc0\x03\xb5\x03\xc1\x03\xb9\
\x03\xae\x03\xb3\x03\xb7\x03\xc3\x03\xb7\x03\xc2\x00 \x03\xb9\
\x03\xc3\x03\xc4\x03\xbf\x03\xcd\x08\x00\x00\x00\x00\x06\x00\x00\
\x00\x1aIn the default\
 web browser\x07\x00\x00\x00\
\x04Form\x01\x03\x00\x00\x000\x03\x88\x03\xba\x03\
\xb4\x03\xbf\x03\xc3\x03\xb7\x00 \x00M\x00a\x00r\x00\
k\x00d\x00o\x00w\x00n\x00 \x00(\x00o\x00\
n\x00l\x00i\x00n\x00e\x00)\x08\x00\x00\x00\x00\
\x06\x00\x00\x00\x19Markdown ve\
rsion (online)\x07\x00\
\x00\x00\x04Form\x01\x03\x00\x00\x01\x5c\x03\xa3\x03\
\xb7\x03\xbc\x03\xb5\x03\xaf\x03\xc9\x03\xc3\x03\xb7\x00:\x00\
 \x03\x95\x03\xac\x03\xbd\x00 \x03\xb4\x03\xb5\x03\xbd\x00\
 \x03\xb2\x03\xc1\x03\xb5\x03\xb8\x03\xbf\x03\xcd\x03\xbd\x00\
 \x03\xc3\x03\xc4\x03\xbf\x03\xb9\x03\xc7\x03\xb5\x03\xaf\x03\
\xb1\x00 \x00P\x00y\x00S\x00i\x00d\x00e\x00\
 \x00W\x00e\x00b\x00 \x03\xc3\x03\xc4\x03\xbf\x00\
 \x03\xc3\x03\xcd\x03\xc3\x03\xc4\x03\xb7\x03\xbc\x03\xb1\x00\
,\x00 \x03\xbf\x03\xb9\x00 \x03\xc3\x03\xb5\x03\xbb\x03\
\xaf\x03\xb4\x03\xb5\x03\xc2\x00 \x03\xb2\x03\xbf\x03\xae\x03\
\xb8\x03\xb5\x03\xb9\x03\xb1\x03\xc2\x00 \x03\xb8\x03\xb1\x00\
 \x03\xb1\x03\xbd\x03\xbf\x03\xaf\x03\xbe\x03\xbf\x03\xc5\x03\
\xbd\x00 \x03\xc3\x03\xc4\x03\xbf\x00 \x03\xc0\x03\xc1\x03\
\xbf\x03\xb5\x03\xc0\x03\xb9\x03\xbb\x03\xb5\x03\xb3\x03\xbc\x03\
\xad\x03\xbd\x03\xbf\x00 \x03\xc0\x03\xc1\x03\xcc\x03\xb3\x03\
\xc1\x03\xb1\x03\xbc\x03\xbc\x03\xb1\x00 \x03\xc0\x03\xb5\x03\
\xc1\x03\xb9\x03\xae\x03\xb3\x03\xb7\x03\xc3\x03\xb7\x03\xc2\x00\
 \x00\x0a\x03\xb9\x03\xc3\x03\xc4\x03\xbf\x03\xcd\x00 \x03\
\xb1\x03\xbd\x03\xb5\x03\xbe\x03\xac\x03\xc1\x03\xc4\x03\xb7\x03\
\xc4\x03\xb1\x00 \x03\xb1\x03\xc0\x03\xcc\x00 \x03\xc4\x03\
\xb9\x03\xc2\x00 \x03\xc0\x03\xb1\x03\xc1\x03\xb1\x03\xba\x03\
\xac\x03\xc4\x03\xc9\x00 \x03\xb5\x03\xc0\x03\xb9\x03\xbb\x03\
\xbf\x03\xb3\x03\xad\x03\xc2\x00.\x08\x00\x00\x00\x00\x06\x00\
\x00\x00\x8cNote: if PySi\
de Web component\
s are not found \
on the system, h\
elp pages will o\
pen in the defau\
lt web browser r\
egardless of the\
 options below.\x07\
\x00\x00\x00\x04Form\x01\x03\x00\x00\x00\x10\x03\x95\
\x03\xc0\x03\xb9\x03\xbb\x03\xbf\x03\xb3\x03\xad\x03\xc2\x08\x00\
\x00\x00\x00\x06\x00\x00\x00\x07Options\x07\
\x00\x00\x00\x04Form\x01\x03\x00\x00\x03F\x03\x9f\
\x03\xc1\x03\xaf\x03\xc3\x03\xc4\x03\xb5\x00 \x03\xc4\x03\xbf\
\x00 \x03\xc3\x03\xb5\x00 \x03\xbc\x03\xb9\x03\xb1\x00 \
\x03\xc0\x03\xc1\x03\xbf\x03\xc3\x03\xb1\x03\xc1\x03\xbc\x03\xbf\
\x03\xc3\x03\xbc\x03\xad\x03\xbd\x03\xb7\x00 \x03\xb4\x03\xb9\
\x03\xb5\x03\xcd\x03\xb8\x03\xc5\x03\xbd\x03\xc3\x03\xb7\x00 \
\x00U\x00R\x00L\x00 \x03\xae\x00 \x03\xc3\x03\xc4\
\x03\xbf\x00 \x03\xc6\x03\xac\x03\xba\x03\xb5\x03\xbb\x03\xbf\
\x00 \x00\x0a\x03\xcc\x03\xc0\x03\xbf\x03\xc5\x00 \x03\xb2\
\x03\xc1\x03\xaf\x03\xc3\x03\xba\x03\xbf\x03\xbd\x03\xc4\x03\xb1\
\x03\xb9\x00 \x03\xc4\x03\xb1\x00 \x03\xb1\x03\xc1\x03\xc7\
\x03\xb5\x03\xaf\x03\xb1\x00 \x03\xb2\x03\xbf\x03\xae\x03\xb8\
\x03\xb5\x03\xb9\x03\xb1\x03\xc2\x00.\x00\x0a\x03\x9c\x03\xc0\
\x03\xbf\x03\xc1\x03\xb5\x03\xaf\x03\xc4\x03\xb5\x00 \x03\xbd\
\x03\xb1\x00 \x03\xba\x03\xac\x03\xbd\x03\xb5\x03\xc4\x03\xb5\
\x00 \x03\xbb\x03\xae\x03\xc8\x03\xb7\x00 \x03\xc4\x03\xb7\
\x03\xc2\x00 \x03\xc4\x03\xb5\x03\xba\x03\xbc\x03\xb7\x03\xc1\
\x03\xaf\x03\xc9\x03\xc3\x03\xb7\x03\xc2\x00 \x00(\x03\xbf\
\x03\xb4\x03\xb7\x03\xb3\x03\xaf\x03\xb5\x03\xc2\x00 \x03\xc7\
\x03\xc1\x03\xae\x03\xc3\x03\xb7\x03\xc2\x00)\x00 \x03\xb3\
\x03\xb9\x03\xb1\x00 \x03\xc7\x03\xc1\x03\xae\x03\xc3\x03\xb7\
\x00 \x03\xb5\x03\xba\x03\xc4\x03\xcc\x03\xc2\x00 \x03\xc3\
\x03\xcd\x03\xbd\x03\xb4\x03\xb5\x03\xc3\x03\xb7\x03\xc2\x00 \
\x00\x0a\x03\xbc\x03\xad\x03\xc3\x03\xc9\x00 \x03\xc4\x03\xbf\
\x03\xc5\x00 \x00A\x00d\x00d\x00o\x00n\x00 \
\x00M\x00a\x00n\x00a\x00g\x00e\x00r\x00 \
\x03\xba\x03\xb1\x03\xb9\x00 \x03\xb5\x03\xb3\x03\xba\x03\xb1\
\x03\xb8\x03\xb9\x03\xc3\x03\xc4\x03\xce\x03\xbd\x03\xc4\x03\xb1\
\x03\xc2\x00 \x03\xc4\x03\xbf\x00 \x03\xc0\x03\xc1\x03\xcc\
\x03\xc3\x03\xb8\x03\xb5\x03\xc4\x03\xbf\x00 \x00\x22\x03\x95\
\x03\xba\x03\xc4\x03\xcc\x03\xc2\x00 \x03\xa3\x03\xcd\x03\xbd\
\x03\xb4\x03\xb5\x03\xc3\x03\xb7\x03\xc2\x00-\x03\xa4\x03\xb5\
\x03\xba\x03\xbc\x03\xb7\x03\xc1\x03\xaf\x03\xc9\x03\xc3\x03\xb7\
\x03\xc2\x00\x22\x00.\x00\x0a\x00 \x03\x95\x03\xac\x03\xbd\
\x00 \x03\xb1\x03\xc5\x03\xc4\x03\xcc\x00 \x03\xc4\x03\xbf\
\x00 \x03\xc0\x03\xb5\x03\xb4\x03\xaf\x03\xbf\x00 \x03\xc0\
\x03\xb1\x03\xc1\x03\xb1\x03\xbc\x03\xb5\x03\xaf\x03\xbd\x03\xb5\
\x03\xb9\x00 \x03\xba\x03\xb5\x03\xbd\x03\xcc\x00,\x00 \
\x03\xc4\x03\xbf\x00 \x00F\x00r\x00e\x00e\x00C\
\x00A\x00D\x00 \x03\xb8\x03\xb1\x00 \x03\xb1\x03\xbd\
\x03\xb1\x03\xb6\x03\xb7\x03\xc4\x03\xae\x03\xc3\x03\xb5\x03\xb9\
\x00 \x03\xb1\x03\xc5\x03\xc4\x03\xcc\x03\xbc\x03\xb1\x03\xc4\
\x03\xb1\x00 \x03\xc4\x03\xb1\x00 \x03\xb1\x03\xc1\x03\xc7\
\x03\xb5\x03\xaf\x03\xb1\x00 \x03\xb2\x03\xbf\x03\xae\x03\xb8\
\x03\xb5\x03\xb9\x03\xb1\x03\xc2\x00 \x00\x0a\x03\xc3\x03\xc4\
\x03\xb7\x03\xbd\x00 \x03\xc0\x03\xc1\x03\xbf\x03\xb5\x03\xc0\
\x03\xb9\x03\xbb\x03\xb5\x03\xb3\x03\xbc\x03\xad\x03\xbd\x03\xb7\
\x00 \x03\xb8\x03\xad\x03\xc3\x03\xb7\x00 \x00(\x00$\
\x00U\x00S\x00E\x00R\x00A\x00P\x00P\x00D\
\x00A\x00T\x00A\x00D\x00I\x00R\x00/\x00M\
\x00o\x00d\x00/\x00o\x00f\x00f\x00l\x00i\
\x00n\x00e\x00-\x00d\x00o\x00c\x00u\x00m\
\x00e\x00n\x00t\x00a\x00t\x00i\x00o\x00n\
\x00)\x00.\x08\x00\x00\x00\x00\x06\x00\x00\x01WSe\
t this to a cust\
om URL or the fo\
lder where the h\
elp files are lo\
cated.\x0aDocumenta\
tion can be down\
loaded for offli\
ne use via the A\
ddon Manager and\
 installing the\x0a\
\x22offline-documen\
tation\x22 addon. I\
f this field is \
left blank, Free\
CAD will\x0aautomat\
ically search fo\
r the help files\
 at the default \
location\x0a($USERA\
PPDATADIR/Mod/of\
fline-documentat\
ion).\x07\x00\x00\x00\x04Form\x01\x03\
\x00\x00\x03J\x03\xa1\x03\xc5\x03\xb8\x03\xbc\x03\xaf\x03\xc3\
\x03\xc4\x03\xb5\x00 \x03\xc4\x03\xbf\x00 \x03\xc3\x03\xb5\
\x00 \x03\xbc\x03\xb9\x03\xb1\x00 \x03\xc0\x03\xc1\x03\xbf\
\x03\xc3\x03\xb1\x03\xc1\x03\xbc\x03\xbf\x03\xc3\x03\xbc\x03\xad\
\x03\xbd\x03\xb7\x00 \x03\xb4\x03\xb9\x03\xb5\x03\xcd\x03\xb8\
\x03\xc5\x03\xbd\x03\xc3\x03\xb7\x00 \x00U\x00R\x00L\
\x00 \x03\xae\x00 \x03\xc3\x03\xc4\x03\xbf\x03\xbd\x00 \
\x03\xc6\x03\xac\x03\xba\x03\xb5\x03\xbb\x03\xbf\x00 \x03\xcc\
\x03\xc0\x03\xbf\x03\xc5\x00 \x03\xb2\x03\xc1\x03\xaf\x03\xc3\
\x03\xba\x03\xbf\x03\xbd\x03\xc4\x03\xb1\x03\xb9\x00 \x03\xc4\
\x03\xb1\x00 \x03\xb1\x03\xc1\x03\xc7\x03\xb5\x03\xaf\x03\xb1\
\x00 \x03\xb2\x03\xbf\x03\xae\x03\xb8\x03\xb5\x03\xb9\x03\xb1\
\x03\xc2\x00.\x00\x0a\x03\x9c\x03\xc0\x03\xbf\x03\xc1\x03\xb5\
\x03\xaf\x03\xc4\x03\xb5\x00 \x03\xb5\x03\xcd\x03\xba\x03\xbf\
\x03\xbb\x03\xb1\x00 \x03\xbd\x03\xb1\x00 \x03\xc0\x03\xc1\
\x03\xb1\x03\xb3\x03\xbc\x03\xb1\x03\xc4\x03\xbf\x03\xc0\x03\xbf\
\x03\xb9\x03\xae\x03\xc3\x03\xb5\x03\xc4\x03\xb5\x00 \x03\xbb\
\x03\xae\x03\xc8\x03\xb7\x00 \x03\xc4\x03\xc9\x03\xbd\x00 \
\x03\xbf\x03\xb4\x03\xb7\x03\xb3\x03\xb5\x03\xb9\x03\xce\x03\xbd\
\x00 \x03\xb3\x03\xb9\x03\xb1\x00 \x03\xc7\x03\xc1\x03\xae\
\x03\xc3\x03\xb7\x00 \x03\xb5\x03\xba\x03\xc4\x03\xcc\x03\xc2\
\x00 \x03\xc3\x03\xcd\x03\xbd\x03\xb4\x03\xb5\x03\xc3\x03\xb7\
\x03\xc2\x00 \x03\xc7\x03\xc1\x03\xb7\x03\xc3\x03\xb9\x03\xbc\
\x03\xbf\x03\xc0\x03\xbf\x03\xb9\x03\xce\x03\xbd\x03\xc4\x03\xb1\
\x03\xc2\x00 \x03\xc4\x03\xbf\x00 \x00A\x00d\x00d\
\x00o\x00n\x00 \x00M\x00a\x00n\x00a\x00g\
\x00e\x00r\x00 \x00\x0a\x03\xba\x03\xb1\x03\xb9\x00 \
\x03\xb5\x03\xb3\x03\xba\x03\xb1\x03\xb8\x03\xb9\x03\xc3\x03\xc4\
\x03\xce\x03\xbd\x03\xc4\x03\xb1\x03\xc2\x00 \x03\xc4\x03\xb7\
\x03\xbd\x00 \x00\x22\x03\x9f\x03\xb4\x03\xb7\x03\xb3\x03\xb5\
\x03\xaf\x03\xb5\x03\xc2\x00 \x03\xb5\x03\xba\x03\xc4\x03\xcc\
\x03\xc2\x00 \x03\xc3\x03\xcd\x03\xbd\x03\xb4\x03\xb5\x03\xc3\
\x03\xb7\x03\xc2\x00\x22\x00 \x03\xc0\x03\xc1\x03\xcc\x03\xc3\
\x03\xb8\x03\xb5\x03\xc4\x03\xbf\x00.\x00\x0a\x03\x95\x03\xac\
\x03\xbd\x00 \x03\xb1\x03\xc5\x03\xc4\x03\xcc\x00 \x03\xc4\
\x03\xbf\x00 \x03\xc0\x03\xb5\x03\xb4\x03\xaf\x03\xbf\x00 \
\x03\xbc\x03\xb5\x03\xaf\x03\xbd\x03\xb5\x03\xb9\x00 \x03\xba\
\x03\xb5\x03\xbd\x03\xcc\x00,\x00 \x03\xc4\x03\xbf\x00 \
\x00F\x00r\x00e\x00e\x00C\x00A\x00D\x00 \
\x03\xb8\x03\xb1\x00 \x03\xb1\x03\xbd\x03\xb1\x03\xb6\x03\xb7\
\x03\xc4\x03\xae\x03\xc3\x03\xb5\x03\xb9\x00 \x03\xb1\x03\xc5\
\x03\xc4\x03\xcc\x03\xbc\x03\xb1\x03\xc4\x03\xb1\x00 \x03\xc4\
\x03\xb1\x00 \x03\xb1\x03\xc1\x03\xc7\x03\xb5\x03\xaf\x03\xb1\
\x00 \x03\xb2\x03\xbf\x03\xae\x03\xb8\x03\xb5\x03\xb9\x03\xb1\
\x03\xc2\x00 \x03\xc3\x03\xc4\x03\xb7\x03\xbd\x00 \x03\xc0\
\x03\xc1\x03\xbf\x03\xb5\x03\xc0\x03\xb9\x03\xbb\x03\xb5\x03\xb3\
\x03\xbc\x03\xad\x03\xbd\x03\xb7\x00 \x03\xb8\x03\xad\x03\xc3\
\x03\xb7\x00 \x00\x0a\x00(\x00$\x00U\x00S\x00E\
\x00R\x00A\x00P\x00P\x00D\x00A\x00T\x00A\
\x00D\x00I\x00R\x00/\x00M\x00o\x00d\x00/\
\x00o\x00f\x00f\x00l\x00i\x00n\x00e\x00-\
\x00d\x00o\x00c\x00u\x00m\x00e\x00n\x00t\
\x00a\x00t\x00i\x00o\x00n\x00)\x00.\x08\x00\
\x00\x00\x00\x06\x00\x00\x01fSet this\
 to a custom URL\
 or the folder w\
here the help fi\
les are located.\
\x0aYou can easily \
download the doc\
umentation for o\
ffline use by us\
ing the Addon\x0aMa\
nager and instal\
ling the \x22offlin\
e-documentation\x22\
 addon. If this\x0a\
field is left bl\
ank, FreeCAD wil\
l automatically \
search for the h\
elp files at\x0athe\
 default locatio\
n ($USERAPPDATAD\
IR/Mod/offline-d\
ocumentation).\x07\x00\
\x00\x00\x04Form\x01\x03\x00\x00\x00\x08\x03\xa0\x03\
\xb7\x03\xb3\x03\xae\x08\x00\x00\x00\x00\x06\x00\x00\x00\x06S\
ource\x07\x00\x00\x00\x04Form\x01\x03\
\x00\x00\x01\x12\x03\x9a\x03\xb1\x03\xb8\x03\xbf\x03\xc1\x03\xaf\
\x03\xc3\x03\xc4\x03\xb5\x00 \x03\xc4\x03\xb7\x00 \x03\xb4\
\x03\xb9\x03\xb1\x03\xb4\x03\xc1\x03\xbf\x03\xbc\x03\xae\x00 \
\x03\xc3\x03\xb5\x00 \x03\xad\x03\xbd\x03\xb1\x00 \x03\xb5\
\x03\xbd\x03\xb1\x03\xbb\x03\xbb\x03\xb1\x03\xba\x03\xc4\x03\xb9\
\x03\xba\x03\xcc\x00 \x03\xb1\x03\xc1\x03\xc7\x03\xb5\x03\xaf\
\x03\xbf\x00 \x00C\x00S\x00S\x00 \x03\xb3\x03\xb9\
\x03\xb1\x00 \x03\xc4\x03\xbf\x00 \x03\xc3\x03\xc4\x03\xc5\
\x03\xbb\x00 \x03\x95\x03\xc0\x03\xb9\x03\xc3\x03\xae\x03\xbc\
\x03\xb1\x03\xbd\x03\xc3\x03\xb7\x00 \x03\xc3\x03\xb5\x03\xbb\
\x03\xaf\x03\xb4\x03\xc9\x03\xbd\x00.\x00\x0a\x03\x91\x03\xc5\
\x03\xc4\x03\xcc\x00 \x03\xb9\x03\xc3\x03\xc7\x03\xcd\x03\xb5\
\x03\xb9\x00 \x03\xbc\x03\xcc\x03\xbd\x03\xbf\x00 \x03\xb5\
\x03\xac\x03\xbd\x00 \x03\xad\x03\xc7\x03\xb5\x03\xb9\x00 \
\x03\xb5\x03\xc0\x03\xb9\x03\xbb\x03\xb5\x03\xb3\x03\xb5\x03\xaf\
\x00 \x00M\x00a\x00r\x00k\x00d\x00o\x00w\
\x00n\x00 \x03\xc0\x03\xb1\x03\xc1\x03\xb1\x03\xc0\x03\xac\
\x03\xbd\x03\xc9\x00.\x08\x00\x00\x00\x00\x06\x00\x00\x00x\
Specify the path\
 to an alternati\
ve CSS file for \
styling Markdown\
 pages.\x0aThis onl\
y applies if Mar\
kdown is selecte\
d above.\x07\x00\x00\x00\x04For\
m\x01\x03\x00\x00\x02\xcc\x03\x9f\x03\xb9\x00 \x03\xc3\x03\
\xb5\x03\xbb\x03\xaf\x03\xb4\x03\xb5\x03\xc2\x00 \x03\xc4\x03\
\xb5\x03\xba\x03\xbc\x03\xb7\x03\xc1\x03\xaf\x03\xc9\x03\xc3\x03\
\xb7\x03\xc2\x00 \x03\xb8\x03\xb1\x00 \x03\xbb\x03\xb7\x03\
\xc6\x03\xb8\x03\xbf\x03\xcd\x03\xbd\x00 \x03\xb1\x03\xc0\x03\
\xcc\x00 \x03\xbc\x03\xb9\x03\xb1\x00 \x03\xb1\x03\xc5\x03\
\xc4\x03\xcc\x03\xbc\x03\xb1\x03\xc4\x03\xb7\x00 \x03\xbc\x03\
\xb5\x03\xc4\x03\xb1\x03\xc4\x03\xc1\x03\xbf\x03\xc0\x03\xae\x00\
 \x00M\x00a\x00r\x00k\x00d\x00o\x00w\x00\
n\x00 \x03\xc4\x03\xbf\x03\xc5\x00 \x00w\x00i\x00\
k\x00i\x00 \x00F\x00r\x00e\x00e\x00C\x00\
A\x00D\x00,\x00 \x03\xc0\x03\xbf\x03\xc5\x00 \x03\
\xc6\x03\xb9\x03\xbb\x03\xbf\x03\xbe\x03\xb5\x03\xbd\x03\xb5\x03\
\xaf\x03\xc4\x03\xb1\x03\xb9\x00 \x03\xc3\x03\xc4\x03\xbf\x03\
\xbd\x00 \x03\xbb\x03\xbf\x03\xb3\x03\xb1\x03\xc1\x03\xb9\x03\
\xb1\x03\xc3\x03\xbc\x03\xcc\x00 \x00G\x00i\x00t\x00\
H\x00u\x00b\x00 \x03\xc4\x03\xbf\x03\xc5\x00 \x00\
F\x00r\x00e\x00e\x00C\x00A\x00D\x00.\x00\
 \x03\x91\x03\xc5\x03\xc4\x03\xcc\x00 \x03\xbc\x03\xc0\x03\
\xbf\x03\xc1\x03\xb5\x03\xaf\x00 \x03\xbd\x03\xb1\x00 \x03\
\xb4\x03\xb9\x03\xb1\x03\xbc\x03\xbf\x03\xc1\x03\xc6\x03\xc9\x03\
\xb8\x03\xb5\x03\xaf\x00 \x03\xbc\x03\xb5\x00 \x03\xad\x03\
\xbd\x03\xb1\x00 \x03\xc0\x03\xc1\x03\xbf\x03\xc3\x03\xb1\x03\
\xc1\x03\xbc\x03\xbf\x03\xc3\x03\xbc\x03\xad\x03\xbd\x03\xbf\x00\
 \x03\xc6\x03\xcd\x03\xbb\x03\xbb\x03\xbf\x00 \x03\xc3\x03\
\xc4\x03\xc5\x03\xbb\x00 \x03\xc0\x03\xb1\x03\xc1\x03\xb1\x03\
\xba\x03\xac\x03\xc4\x03\xc9\x00 \x03\xba\x03\xb1\x03\xb9\x00\
 \x03\xbc\x03\xc0\x03\xbf\x03\xc1\x03\xb5\x03\xaf\x00 \x03\
\xbd\x03\xb1\x00 \x03\xc6\x03\xb1\x03\xaf\x03\xbd\x03\xb5\x03\
\xc4\x03\xb1\x03\xb9\x00 \x03\xc0\x03\xb9\x03\xbf\x00 \x03\
\xc9\x03\xc1\x03\xb1\x03\xaf\x03\xbf\x00 \x03\xb1\x03\xc0\x03\
\xcc\x00 \x03\xc4\x03\xb7\x03\xbd\x00 \x03\xb5\x03\xc0\x03\
\xb9\x03\xbb\x03\xbf\x03\xb3\x03\xae\x00 \x00w\x00i\x00\
k\x00i\x00.\x00 \x03\xa4\x03\xbf\x00 \x00'\x00\
M\x00a\x00r\x00k\x00d\x00o\x00w\x00n\x00\
'\x00 \x03\xae\x00\x0a\x00'\x00P\x00a\x00n\x00\
d\x00o\x00c\x00'\x00 \x03\x98\x03\xb1\x00 \x03\
\xc0\x03\xc1\x03\xad\x03\xc0\x03\xb5\x03\xb9\x00 \x03\xbd\x03\
\xb1\x00 \x03\xb5\x03\xb3\x03\xba\x03\xb1\x03\xc4\x03\xb1\x03\
\xc3\x03\xc4\x03\xb1\x03\xb8\x03\xb5\x03\xaf\x00 \x03\xb7\x00\
 \x03\xb5\x03\xbd\x03\xcc\x03\xc4\x03\xb7\x03\xc4\x03\xb1\x00\
 \x00P\x00y\x00t\x00h\x00o\x00n\x00 \x03\
\xb3\x03\xb9\x03\xb1\x00 \x03\xb2\x03\xad\x03\xbb\x03\xc4\x03\
\xb9\x03\xc3\x03\xc4\x03\xb1\x00 \x03\xb1\x03\xc0\x03\xbf\x03\
\xc4\x03\xb5\x03\xbb\x03\xad\x03\xc3\x03\xbc\x03\xb1\x03\xc4\x03\
\xb1\x00.\x08\x00\x00\x00\x00\x06\x00\x00\x012The\
 documentation p\
ages will be fet\
ched from an aut\
omatic Markdown \
conversion\x0aof th\
e FreeCAD wiki,h\
osted on FreeCAD\
's GitHub accoun\
t. This can be s\
tyled with a\x0acus\
tom stylesheet b\
elow and can loo\
k nicer than the\
 wiki option. Th\
e 'Markdown' or\x0a\
'Pandoc' Python \
module should be\
 installed for o\
ptimal results.\x07\
\x00\x00\x00\x04Form\x01\x03\x00\x00\x00\xb8\x03\x9f\
\x03\xb9\x00 \x03\xc3\x03\xb5\x03\xbb\x03\xaf\x03\xb4\x03\xb5\
\x03\xc2\x00 \x03\xc4\x03\xb5\x03\xba\x03\xbc\x03\xb7\x03\xc1\
\x03\xaf\x03\xc9\x03\xc3\x03\xb7\x03\xc2\x00 \x03\xb8\x03\xb1\
\x00 \x03\xb1\x03\xbd\x03\xb1\x03\xba\x03\xc4\x03\xb7\x03\xb8\
\x03\xbf\x03\xcd\x03\xbd\x00 \x03\xb1\x03\xc0\x03\xcc\x00 \
\x03\xc4\x03\xbf\x00 \x03\xb5\x03\xc0\x03\xaf\x03\xc3\x03\xb7\
\x03\xbc\x03\xbf\x00\x0a\x00F\x00r\x00e\x00e\x00C\
\x00A\x00D\x00w\x00i\x00k\x00i\x00 \x03\xc3\
\x03\xc4\x03\xbf\x00 \x00h\x00t\x00t\x00p\x00s\
\x00:\x00/\x00/\x00w\x00i\x00k\x00i\x00.\
\x00f\x00r\x00e\x00e\x00c\x00a\x00d\x00.\
\x00o\x00r\x00g\x08\x00\x00\x00\x00\x06\x00\x00\x00a\
The documentatio\
n pages will be \
fetched from the\
 official\x0aFreeCA\
Dwiki at https:/\
/wiki.freecad.or\
g\x07\x00\x00\x00\x04Form\x01\x03\x00\x00\x01\x1a\
\x03\x97\x00 \x03\xc4\x03\xb5\x03\xba\x03\xbc\x03\xb7\x03\xc1\
\x03\xaf\x03\xc9\x03\xc3\x03\xb7\x00 \x00(\x03\xbf\x03\xb4\
\x03\xb7\x03\xb3\x03\xaf\x03\xb5\x03\xc2\x00 \x03\xc7\x03\xc1\
\x03\xae\x03\xc3\x03\xb7\x03\xc2\x00)\x00 \x03\xb8\x03\xb1\
\x00 \x03\xb1\x03\xbd\x03\xbf\x03\xaf\x03\xbe\x03\xb5\x03\xb9\
\x00 \x03\xc3\x03\xb5\x00 \x03\xbc\x03\xb9\x03\xb1\x00 \
\x03\xbd\x03\xad\x03\xb1\x00 \x03\xba\x03\xb1\x03\xc1\x03\xc4\
\x03\xad\x03\xbb\x03\xb1\x00 \x03\xbc\x03\xad\x03\xc3\x03\xb1\
\x00 \x03\xc3\x03\xc4\x03\xb7\x00 \x03\xb4\x03\xb9\x03\xb5\
\x03\xc0\x03\xb1\x03\xc6\x03\xae\x00 \x03\xc4\x03\xbf\x03\xc5\
\x00 \x00F\x00r\x00e\x00e\x00C\x00A\x00D\
\x00.\x00 \x03\x91\x03\xc5\x03\xc4\x03\xcc\x00 \x03\xb1\
\x03\xc0\x03\xb1\x03\xb9\x03\xc4\x03\xb5\x03\xaf\x00 \x03\xc4\
\x03\xbf\x00 \x03\xc3\x03\xc4\x03\xbf\x03\xb9\x03\xc7\x03\xb5\
\x03\xaf\x03\xbf\x00 \x00P\x00y\x00S\x00i\x00d\
\x00e\x00 \x00Q\x00t\x00W\x00e\x00b\x00e\
\x00n\x00g\x00i\x00n\x00e\x00W\x00i\x00d\
\x00g\x00e\x00t\x00s\x00.\x08\x00\x00\x00\x00\x06\
\x00\x00\x00}The document\
ation will open \
in a new tab ins\
ide the FreeCAD \
interface. This \
requires the PyS\
ide QtWebengineW\
idgets component\
.\x07\x00\x00\x00\x04Form\x01\x03\x00\x00\x00\x88\
\x03\x97\x00 \x03\xc4\x03\xb5\x03\xba\x03\xbc\x03\xb7\x03\xc1\
\x03\xaf\x03\xc9\x03\xc3\x03\xb7\x00 \x03\xb8\x03\xb1\x00 \
\x03\xb1\x03\xbd\x03\xbf\x03\xaf\x03\xbe\x03\xb5\x03\xb9\x00 \
\x03\xc3\x03\xc4\x03\xbf\x00 \x03\xc0\x03\xc1\x03\xbf\x03\xb5\
\x03\xc0\x03\xb9\x03\xbb\x03\xb5\x03\xb3\x03\xbc\x03\xad\x03\xbd\
\x03\xbf\x00 \x03\xc0\x03\xc1\x03\xcc\x03\xb3\x03\xc1\x03\xb1\
\x03\xbc\x03\xbc\x03\xb1\x00 \x03\xc0\x03\xb5\x03\xc1\x03\xb9\
\x03\xae\x03\xb3\x03\xb7\x03\xc3\x03\xb7\x03\xc2\x00 \x03\xb9\
\x03\xc3\x03\xc4\x03\xbf\x03\xcd\x08\x00\x00\x00\x00\x06\x00\x00\
\x006The documentat\
ion will open in\
 the default web\
 browser\x07\x00\x00\x00\x04For\
m\x01\x03\x00\x00\x00$\x03\x95\x03\xc0\x03\xaf\x03\xb8\x03\
\xb7\x03\xbc\x03\xb1\x00 \x03\xbc\x03\xb5\x03\xc4\x03\xac\x03\
\xc6\x03\xc1\x03\xb1\x03\xc3\x03\xb7\x03\xc2\x08\x00\x00\x00\x00\
\x06\x00\x00\x00\x12Translation\
 suffix\x07\x00\x00\x00\x04Form\
\x01\x03\x00\x00\x01\x16\x03\x94\x03\xb5\x03\xbd\x00 \x03\xae\
\x03\xc4\x03\xb1\x03\xbd\x00 \x03\xb4\x03\xc5\x03\xbd\x03\xb1\
\x03\xc4\x03\xae\x00 \x03\xb7\x00 \x03\xb1\x03\xbd\x03\xac\
\x03\xba\x03\xc4\x03\xb7\x03\xc3\x03\xb7\x00 \x03\xc4\x03\xc9\
\x03\xbd\x00 \x03\xc0\x03\xb5\x03\xc1\x03\xb9\x03\xb5\x03\xc7\
\x03\xbf\x03\xbc\x03\xad\x03\xbd\x03\xc9\x03\xbd\x00 \x03\xb1\
\x03\xc5\x03\xc4\x03\xae\x03\xc2\x00 \x03\xc4\x03\xb7\x03\xc2\
\x00 \x03\xc3\x03\xb5\x03\xbb\x03\xaf\x03\xb4\x03\xb1\x03\xc2\
\x00.\x00 \x03\x95\x03\xbb\x03\xad\x03\xb3\x03\xbe\x03\xc4\
\x03\xb5\x00 \x03\xc4\x03\xb9\x03\xc2\x00 \x03\xc1\x03\xc5\
\x03\xb8\x03\xbc\x03\xaf\x03\xc3\x03\xb5\x03\xb9\x03\xc2\x00 \
\x03\xc3\x03\xc4\x03\xbf\x00 \x03\xbc\x03\xb5\x03\xbd\x03\xbf\
\x03\xcd\x00 \x03\x95\x03\xc0\x03\xb5\x03\xbe\x03\xb5\x03\xc1\
\x03\xb3\x03\xb1\x03\xc3\x03\xaf\x03\xb1\x00 !\x92\x00 \
\x03\xa0\x03\xc1\x03\xbf\x03\xc4\x03\xb9\x03\xbc\x03\xae\x03\xc3\
\x03\xb5\x03\xb9\x03\xc2\x00 !\x92\x00 \x03\x93\x03\xb5\
\x03\xbd\x03\xb9\x03\xba\x03\xac\x00 !\x92\x00 \x03\x92\
\x03\xbf\x03\xae\x03\xb8\x03\xb5\x03\xb9\x03\xb1\x08\x00\x00\x00\
\x00\x06\x00\x00\x00yContents f\
or this page cou\
ld not be retrie\
ved. Please chec\
k settings under\
 menu Edit \xe2\x86\x92 P\
references \xe2\x86\x92 G\
eneral \xe2\x86\x92 Help\x07\
\x00\x00\x00\x04Help\x01\x03\x00\x00\x00\x0e\x03\x92\
\x03\xbf\x03\xae\x03\xb8\x03\xb5\x03\xb9\x03\xb1\x08\x00\x00\x00\
\x00\x06\x00\x00\x00\x04Help\x07\x00\x00\x00\x04H\
elp\x01\x03\x00\x00\x01 \x03\x94\x03\xb5\x03\xbd\x00\
 \x03\xae\x03\xc4\x03\xb1\x03\xbd\x00 \x03\xb4\x03\xc5\x03\
\xbd\x03\xb1\x03\xc4\x03\xcc\x00 \x03\xbd\x03\xb1\x00 \x03\
\xc0\x03\xc1\x03\xbf\x03\xc3\x03\xb4\x03\xb9\x03\xbf\x03\xc1\x03\
\xb9\x03\xc3\x03\xc4\x03\xb5\x03\xaf\x00 \x03\xb7\x00 \x03\
\xc4\x03\xbf\x03\xc0\x03\xbf\x03\xb8\x03\xb5\x03\xc3\x03\xaf\x03\
\xb1\x00 \x03\xc4\x03\xc9\x03\xbd\x00 \x03\xb1\x03\xc1\x03\
\xc7\x03\xb5\x03\xaf\x03\xc9\x03\xbd\x00 \x03\xb2\x03\xbf\x03\
\xae\x03\xb8\x03\xb5\x03\xb9\x03\xb1\x03\xc2\x00.\x00 \x00\
\x0a\x03\x95\x03\xbb\x03\xad\x03\xb3\x03\xbe\x03\xc4\x03\xb5\x00\
 \x03\xc4\x03\xb9\x03\xc2\x00 \x03\xc1\x03\xc5\x03\xb8\x03\
\xbc\x03\xaf\x03\xc3\x03\xb5\x03\xb9\x03\xc2\x00 \x03\xc3\x03\
\xc4\x03\xbf\x00 \x03\xbc\x03\xb5\x03\xbd\x03\xbf\x03\xcd\x00\
 \x03\x95\x03\xc0\x03\xb5\x03\xbe\x03\xb5\x03\xc1\x03\xb3\x03\
\xb1\x03\xc3\x03\xaf\x03\xb1\x00 !\x92\x00 \x03\xa0\x03\
\xc1\x03\xbf\x03\xc4\x03\xb9\x03\xbc\x03\xae\x03\xc3\x03\xb5\x03\
\xb9\x03\xc2\x00 !\x92\x00 \x03\x93\x03\xb5\x03\xbd\x03\
\xb9\x03\xba\x03\xac\x00 !\x92\x00 \x03\x92\x03\xbf\x03\
\xae\x03\xb8\x03\xb5\x03\xb9\x03\xb1\x08\x00\x00\x00\x00\x06\x00\
\x00\x00wHelp files lo\
cation could not\
 be determined. \
Please check set\
tings under menu\
 Edit \xe2\x86\x92 Prefer\
ences \xe2\x86\x92 Genera\
l \xe2\x86\x92 Help\x07\x00\x00\x00\x04H\
elp\x01\x03\x00\x00\x01\x22\x03\x97\x00 \x03\xbb\x03\
\xb5\x03\xb9\x03\xc4\x03\xbf\x03\xc5\x03\xc1\x03\xb3\x03\xb9\x03\
\xba\x03\xae\x00 \x03\xbc\x03\xbf\x03\xbd\x03\xac\x03\xb4\x03\
\xb1\x00 \x00P\x00y\x00S\x00i\x00d\x00e\x00\
 \x00Q\x00t\x00W\x00e\x00b\x00E\x00n\x00\
g\x00i\x00n\x00e\x00W\x00i\x00d\x00g\x00\
e\x00t\x00s\x00 \x03\xb4\x03\xb5\x03\xbd\x00 \x03\
\xb5\x03\xaf\x03\xbd\x03\xb1\x03\xb9\x00 \x03\xb4\x03\xb9\x03\
\xb1\x03\xb8\x03\xad\x03\xc3\x03\xb9\x03\xbc\x03\xb7\x00.\x00\
 \x03\x97\x00 \x03\xb1\x03\xc0\x03\xcc\x03\xb4\x03\xbf\x03\
\xc3\x03\xb7\x00 \x03\xc4\x03\xb7\x03\xc2\x00 \x03\xb2\x03\
\xbf\x03\xae\x03\xb8\x03\xb5\x03\xb9\x03\xb1\x03\xc2\x00 \x03\
\xc0\x03\xc1\x03\xb1\x03\xb3\x03\xbc\x03\xb1\x03\xc4\x03\xbf\x03\
\xc0\x03\xbf\x03\xb9\x03\xb5\x03\xaf\x03\xc4\x03\xb1\x03\xb9\x00\
 \x03\xbc\x03\xb5\x00 \x03\xc4\x03\xbf\x00 \x03\xc0\x03\
\xc1\x03\xcc\x03\xb3\x03\xc1\x03\xb1\x03\xbc\x03\xbc\x03\xb1\x00\
 \x03\xc0\x03\xb5\x03\xc1\x03\xb9\x03\xae\x03\xb3\x03\xb7\x03\
\xc3\x03\xb7\x03\xc2\x00 \x03\xc3\x03\xc5\x03\xc3\x03\xc4\x03\
\xae\x03\xbc\x03\xb1\x03\xc4\x03\xbf\x03\xc2\x08\x00\x00\x00\x00\
\x06\x00\x00\x00aPySide QtWe\
bEngineWidgets m\
odule is not ava\
ilable. Help ren\
dering is done w\
ith the system b\
rowser\x07\x00\x00\x00\x04Help\x01\
\x03\x00\x00\x01\xd4\x03\x94\x03\xb5\x03\xbd\x00 \x03\xc5\x03\
\xc0\x03\xac\x03\xc1\x03\xc7\x03\xb5\x03\xb9\x00 \x03\xb5\x03\
\xb3\x03\xba\x03\xb1\x03\xc4\x03\xb5\x03\xc3\x03\xc4\x03\xb7\x03\
\xbc\x03\xad\x03\xbd\x03\xbf\x00 \x03\xc0\x03\xc1\x03\xcc\x03\
\xb3\x03\xc1\x03\xb1\x03\xbc\x03\xbc\x03\xb1\x00 \x03\xb1\x03\
\xc0\x03\xcc\x03\xb4\x03\xbf\x03\xc3\x03\xb7\x03\xc2\x00 \x00\
M\x00a\x00r\x00k\x00d\x00o\x00w\x00n\x00\
 \x03\xc3\x03\xc4\x03\xbf\x00 \x03\xc3\x03\xcd\x03\xc3\x03\
\xc4\x03\xb7\x03\xbc\x03\xac\x00 \x03\xc3\x03\xb1\x03\xc2\x00\
,\x00 \x03\xb5\x03\xc0\x03\xbf\x03\xbc\x03\xad\x03\xbd\x03\
\xc9\x03\xc2\x00 \x03\xb1\x03\xc5\x03\xc4\x03\xae\x00 \x03\
\xb7\x00 \x03\xc3\x03\xb5\x03\xbb\x03\xaf\x03\xb4\x03\xb1\x00\
 \x03\xb2\x03\xbf\x03\xae\x03\xb8\x03\xb5\x03\xb9\x03\xb1\x03\
\xc2\x00 \x03\xb1\x03\xc0\x03\xbf\x03\xb4\x03\xaf\x03\xb4\x03\
\xb5\x03\xc4\x03\xb1\x03\xb9\x00 \x03\xc9\x03\xc2\x00 \x03\
\xad\x03\xc7\x03\xb5\x03\xb9\x00.\x00 \x03\x95\x03\xb3\x03\
\xba\x03\xb1\x03\xc4\x03\xb1\x03\xc3\x03\xc4\x03\xae\x03\xc3\x03\
\xc4\x03\xb5\x00 \x03\xc4\x03\xb9\x03\xc2\x00 \x03\xbb\x03\
\xb5\x03\xb9\x03\xc4\x03\xbf\x03\xc5\x03\xc1\x03\xb3\x03\xb9\x03\
\xba\x03\xad\x03\xc2\x00 \x03\xbc\x03\xbf\x03\xbd\x03\xac\x03\
\xb4\x03\xb5\x03\xc2\x00 \x00M\x00a\x00r\x00k\x00\
d\x00o\x00w\x00n\x00 \x03\xae\x00 \x00P\x00\
a\x00n\x00d\x00o\x00c\x00 \x00P\x00y\x00\
t\x00h\x00o\x00n\x00 \x03\xb3\x03\xb9\x03\xb1\x00\
 \x03\xbd\x03\xb1\x00 \x03\xb2\x03\xb5\x03\xbb\x03\xc4\x03\
\xb9\x03\xce\x03\xc3\x03\xb5\x03\xc4\x03\xb5\x00 \x03\xc4\x03\
\xb7\x03\xbd\x00 \x03\xb1\x03\xc0\x03\xcc\x03\xb4\x03\xbf\x03\
\xc3\x03\xb7\x00 \x03\xb1\x03\xc5\x03\xc4\x03\xae\x03\xc2\x00\
 \x03\xc4\x03\xb7\x03\xc2\x00 \x03\xc3\x03\xb5\x03\xbb\x03\
\xaf\x03\xb4\x03\xb1\x03\xc2\x00.\x08\x00\x00\x00\x00\x06\x00\
\x00\x00\xb8There is no M\
arkdown renderer\
 installed on yo\
ur system, so th\
is help page is \
rendered as is. \
Please install t\
he Markdown or P\
andoc Python mod\
ules to improve \
the rendering of\
 this page.\x07\x00\x00\x00\x04\
Help\x01\x03\x00\x00\x00\x0e\x03\x93\x03\xb5\x03\xbd\
\x03\xb9\x03\xba\x03\xad\x03\xc2\x08\x00\x00\x00\x00\x06\x00\x00\
\x00\x07General\x07\x00\x00\x00\x07QO\
bject\x01\x88\x00\x00\x00\x02\x01\x01\
\x00\x00'\x05\
<\
\xb8d\x18\xca\xef\x9c\x95\xcd!\x1c\xbf`\xa1\xbd\xdd\xa7\
\x00\x00\x00\x05es-ESB\x00\x00\x00\xf0\x00\x04\
\xec0\x00\x00\x06,\x00\x04\xec0\x00\x00\x1f\xc5\x00\x99\
N\xa8\x00\x00\x1d\xcc\x018!.\x00\x00\x15\xc8\x01\x82\
\xc62\x00\x00!\xb0\x02mV`\x00\x00\x1f\xec\x04\x1e\
\xf1\x82\x00\x00\x06S\x04Dm9\x00\x00\x05\x80\x04T\
\x18N\x00\x00\x14\x1f\x04\x89?'\x00\x00\x06\xae\x04\xde\
1)\x00\x00\x07\xa4\x05M7\xf2\x00\x00\x07-\x05\xa6\
\xc8\x95\x00\x00\x13\xf4\x06{\x06\x03\x00\x00\x0a#\x06\xa4\
]\x8e\x00\x00\x0aS\x07\x07\xe0\x0e\x00\x00\x1bW\x07t\
\x8a\x94\x00\x00\x01\xa8\x09\x82\xac\xae\x00\x00\x00\x00\x09\xd5\
\xc9.\x00\x00\x02D\x0auc\xd7\x00\x00\x1a\x19\x0b\x0a\
r\xc9\x00\x00\x02\x0a\x0c\xe2\x80\xae\x00\x00\x04F\x0d\xb7\
\x06\x10\x00\x00\x1e\x1f\x0d\xc4\xc8<\x00\x00%\xb9\x0e*\
j\xae\x00\x00#<\x0ek8\x9e\x00\x00\x0f\x13\x0e\x8d\
\xd4\x82\x00\x00\x1d\x03\x0e\xca\x08\x89\x00\x00\x05\xe2\x0f-\
\x13\xae\x00\x00\x01R\x0fE\xeb\x1e\x00\x00\x08\x0ci\x00\
\x00%\xea\x03\x00\x00\x00\xdc\x00U\x00n\x00 \x00s\
\x00u\x00f\x00i\x00j\x00o\x00 \x00d\x00e\
\x00 \x00t\x00r\x00a\x00d\x00u\x00c\x00c\
\x00i\x00\xf3\x00n\x00 \x00p\x00a\x00r\x00a\
\x00 \x00u\x00s\x00a\x00r\x00,\x00 \x00p\
\x00o\x00r\x00 \x00e\x00j\x00e\x00m\x00p\
\x00l\x00o\x00 \x00\x22\x00f\x00r\x00\x22\x00\x0a\
\x00p\x00a\x00r\x00a\x00 \x00o\x00b\x00t\
\x00e\x00n\x00e\x00r\x00 \x00l\x00a\x00 \
\x00t\x00r\x00a\x00d\x00u\x00c\x00c\x00i\
\x00\xf3\x00n\x00 \x00a\x00l\x00 \x00f\x00r\
\x00a\x00n\x00c\x00\xe9\x00s\x00 \x00d\x00e\
\x00 \x00l\x00a\x00 \x00d\x00o\x00c\x00u\
\x00m\x00e\x00n\x00t\x00a\x00c\x00i\x00\xf3\
\x00n\x00.\x08\x00\x00\x00\x00\x06\x00\x00\x00]A \
translation suff\
ix to use, for e\
xample \x22fr\x22\x0ato g\
et French transl\
ation of the doc\
umentation.\x07\x00\x00\x00\x04\
Form\x01\x03\x00\x00\x00.\x00U\x00b\x00i\
\x00c\x00a\x00c\x00i\x00\xf3\x00n\x00 \x00p\
\x00e\x00r\x00s\x00o\x00n\x00a\x00l\x00i\
\x00z\x00a\x00d\x00a\x08\x00\x00\x00\x00\x06\x00\x00\
\x00\x0fCustom locatio\
n\x07\x00\x00\x00\x04Form\x01\x03\x00\x00\x008\
\x00H\x00o\x00j\x00a\x00 \x00d\x00e\x00 \
\x00e\x00s\x00t\x00i\x00l\x00o\x00 \x00p\
\x00e\x00r\x00s\x00o\x00n\x00a\x00l\x00i\
\x00z\x00a\x00d\x00a\x08\x00\x00\x00\x00\x06\x00\x00\
\x00\x11Custom stylesh\
eet\x07\x00\x00\x00\x04Form\x01\x03\x00\x00\
\x00\x1a\x00V\x00i\x00s\x00u\x00a\x00l\x00i\
\x00z\x00a\x00c\x00i\x00\xf3\x00n\x08\x00\x00\x00\
\x00\x06\x00\x00\x00\x07Display\x07\x00\x00\
\x00\x04Form\x01\x03\x00\x00\x01T\x00L\x00a\
\x00 \x00d\x00o\x00c\x00u\x00m\x00e\x00n\
\x00t\x00a\x00c\x00i\x00\xf3\x00n\x00 \x00s\
\x00e\x00 \x00a\x00b\x00r\x00e\x00 \x00e\
\x00n\x00 \x00u\x00n\x00 \x00d\x00i\x00\xe1\
\x00l\x00o\x00g\x00o\x00 \x00a\x00c\x00o\
\x00p\x00l\x00a\x00b\x00l\x00e\x00 \x00d\
\x00e\x00n\x00t\x00r\x00o\x00 \x00d\x00e\
\x00 \x00F\x00r\x00e\x00e\x00C\x00A\x00D\
\x00,\x00 \x00p\x00e\x00r\x00m\x00i\x00t\
\x00i\x00e\x00n\x00d\x00o\x00 \x00e\x00l\
\x00 \x00t\x00r\x00a\x00b\x00a\x00j\x00o\
\x00 \x00s\x00i\x00m\x00u\x00l\x00t\x00\xe1\
\x00n\x00e\x00o\x00 \x00e\x00n\x00 \x00l\
\x00a\x00 \x00v\x00i\x00s\x00t\x00a\x00 \
\x003\x00D\x00.\x00\x0a\x00R\x00e\x00q\x00u\
\x00i\x00e\x00r\x00e\x00 \x00e\x00l\x00 \
\x00c\x00o\x00m\x00p\x00o\x00n\x00e\x00n\
\x00t\x00e\x00 \x00Q\x00t\x00W\x00e\x00b\
\x00e\x00n\x00g\x00i\x00n\x00e\x00W\x00i\
\x00d\x00g\x00e\x00t\x00s\x00 \x00d\x00e\
\x00 \x00P\x00y\x00S\x00i\x00d\x00e\x00.\
\x08\x00\x00\x00\x00\x06\x00\x00\x00\x95Docume\
ntation opens in\
 a dockable dial\
og within FreeCA\
D, allowing simu\
ltaneous work in\
 the 3D view.\x0aRe\
quires the PySid\
e QtWebengineWid\
gets component.\x07\
\x00\x00\x00\x04Form\x01\x03\x00\x00\x00\xc8\x00O\
\x00b\x00t\x00i\x00e\x00n\x00e\x00 \x00l\
\x00a\x00 \x00d\x00o\x00c\x00u\x00m\x00e\
\x00n\x00t\x00a\x00c\x00i\x00\xf3\x00n\x00 \
\x00d\x00e\x00 \x00l\x00a\x00s\x00 \x00p\
\x00\xe1\x00g\x00i\x00n\x00a\x00s\x00 \x00r\
\x00e\x00n\x00d\x00e\x00r\x00i\x00z\x00a\
\x00d\x00a\x00s\x00 \x00e\x00n\x00 \x00G\
\x00i\x00t\x00H\x00u\x00b\x00.\x00\x0a\x00E\
\x00s\x00t\x00o\x00 \x00n\x00o\x00 \x00e\
\x00s\x00t\x00\xe1\x00 \x00d\x00i\x00s\x00p\
\x00o\x00n\x00i\x00b\x00l\x00e\x00 \x00a\
\x00c\x00t\x00u\x00a\x00l\x00m\x00e\x00n\
\x00t\x00e\x00.\x08\x00\x00\x00\x00\x06\x00\x00\x00Y\
Fetches the docu\
mentation from p\
ages rendered on\
 GitHub.\x0aThis is\
 currently not a\
vailable.\x07\x00\x00\x00\x04Fo\
rm\x01\x03\x00\x00\x004\x00W\x00i\x00k\x00i\
\x00 \x00d\x00e\x00 \x00F\x00r\x00e\x00e\
\x00C\x00A\x00D\x00 \x00(\x00e\x00n\x00 \
\x00l\x00\xed\x00n\x00e\x00a\x00)\x08\x00\x00\x00\
\x00\x06\x00\x00\x00\x15FreeCAD Wi\
ki (online)\x07\x00\x00\x00\x04\
Form\x01\x03\x00\x00\x00\x22\x00G\x00i\x00t\
\x00H\x00u\x00b\x00 \x00(\x00e\x00n\x00 \
\x00l\x00\xed\x00n\x00e\x00a\x00)\x08\x00\x00\x00\
\x00\x06\x00\x00\x00\x0fGitHub (on\
line)\x07\x00\x00\x00\x04Form\x01\x03\
\x00\x00\x00\x0a\x00A\x00y\x00u\x00d\x00a\x08\x00\
\x00\x00\x00\x06\x00\x00\x00\x04Help\x07\x00\x00\x00\
\x04Form\x01\x03\x00\x00\x002\x00E\x00n\x00\
 \x00u\x00n\x00a\x00 \x00p\x00e\x00s\x00\
t\x00a\x00\xf1\x00a\x00 \x00d\x00e\x00 \x00\
F\x00r\x00e\x00e\x00C\x00A\x00D\x08\x00\x00\
\x00\x00\x06\x00\x00\x00\x10In a Free\
CAD tab\x07\x00\x00\x00\x04Form\
\x01\x03\x00\x00\x00F\x00E\x00n\x00 \x00u\x00n\
\x00 \x00d\x00i\x00\xe1\x00l\x00o\x00g\x00o\
\x00 \x00s\x00e\x00p\x00a\x00r\x00a\x00d\
\x00o\x00,\x00 \x00i\x00n\x00c\x00r\x00u\
\x00s\x00t\x00a\x00b\x00l\x00e\x08\x00\x00\x00\
\x00\x06\x00\x00\x00 In a separ\
ate, embeddable \
dialog\x07\x00\x00\x00\x04Form\x01\
\x03\x00\x00\x00D\x00E\x00n\x00 \x00e\x00l\x00\
 \x00n\x00a\x00v\x00e\x00g\x00a\x00d\x00\
o\x00r\x00 \x00w\x00e\x00b\x00 \x00p\x00\
r\x00e\x00d\x00e\x00t\x00e\x00r\x00m\x00\
i\x00n\x00a\x00d\x00o\x08\x00\x00\x00\x00\x06\x00\
\x00\x00\x1aIn the defaul\
t web browser\x07\x00\x00\
\x00\x04Form\x01\x03\x00\x00\x006\x00V\x00e\
\x00r\x00s\x00i\x00\xf3\x00n\x00 \x00M\x00a\
\x00r\x00k\x00d\x00o\x00w\x00n\x00 \x00(\
\x00e\x00n\x00 \x00l\x00\xed\x00n\x00e\x00a\
\x00)\x08\x00\x00\x00\x00\x06\x00\x00\x00\x19Mark\
down version (on\
line)\x07\x00\x00\x00\x04Form\x01\x03\
\x00\x00\x01r\x00N\x00o\x00t\x00a\x00:\x00 \
\x00s\x00i\x00 \x00l\x00o\x00s\x00 \x00c\
\x00o\x00m\x00p\x00o\x00n\x00e\x00n\x00t\
\x00e\x00s\x00 \x00w\x00e\x00b\x00 \x00d\
\x00e\x00 \x00P\x00y\x00S\x00i\x00d\x00e\
\x00 \x00n\x00o\x00 \x00s\x00e\x00 \x00e\
\x00n\x00c\x00u\x00e\x00n\x00t\x00r\x00a\
\x00n\x00 \x00e\x00n\x00 \x00e\x00l\x00 \
\x00s\x00i\x00s\x00t\x00e\x00m\x00a\x00,\
\x00 \x00l\x00a\x00s\x00 \x00p\x00\xe1\x00g\
\x00i\x00n\x00a\x00s\x00 \x00d\x00e\x00 \
\x00a\x00y\x00u\x00d\x00a\x00 \x00s\x00e\
\x00 \x00a\x00b\x00r\x00i\x00r\x00\xe1\x00n\
\x00 \x00e\x00n\x00 \x00e\x00l\x00 \x00n\
\x00a\x00v\x00e\x00g\x00a\x00d\x00o\x00r\
\x00 \x00w\x00e\x00b\x00 \x00p\x00o\x00r\
\x00 \x00d\x00e\x00f\x00e\x00c\x00t\x00o\
\x00 \x00i\x00n\x00d\x00e\x00p\x00e\x00n\
\x00d\x00i\x00e\x00n\x00t\x00e\x00m\x00e\
\x00n\x00t\x00e\x00 \x00d\x00e\x00 \x00l\
\x00a\x00s\x00 \x00o\x00p\x00c\x00i\x00o\
\x00n\x00e\x00s\x00 \x00a\x00 \x00c\x00o\
\x00n\x00t\x00i\x00n\x00u\x00a\x00c\x00i\
\x00\xf3\x00n\x00.\x08\x00\x00\x00\x00\x06\x00\x00\x00\x8c\
Note: if PySide \
Web components a\
re not found on \
the system, help\
 pages will open\
 in the default \
web browser rega\
rdless of the op\
tions below.\x07\x00\x00\x00\
\x04Form\x01\x03\x00\x00\x00\x10\x00O\x00p\x00\
c\x00i\x00o\x00n\x00e\x00s\x08\x00\x00\x00\x00\
\x06\x00\x00\x00\x07Options\x07\x00\x00\x00\
\x04Form\x01\x03\x00\x00\x03P\x00E\x00s\x00\
t\x00a\x00b\x00l\x00e\x00z\x00c\x00a\x00\
 \x00e\x00s\x00t\x00a\x00 \x00r\x00u\x00\
t\x00a\x00 \x00e\x00n\x00 \x00u\x00n\x00\
a\x00 \x00U\x00R\x00L\x00 \x00p\x00e\x00\
r\x00s\x00o\x00n\x00a\x00l\x00i\x00z\x00\
a\x00d\x00a\x00 \x00o\x00 \x00e\x00n\x00\
 \x00l\x00a\x00 \x00c\x00a\x00r\x00p\x00\
e\x00t\x00a\x00 \x00d\x00o\x00n\x00d\x00\
e\x00 \x00s\x00e\x00 \x00e\x00n\x00c\x00\
u\x00e\x00n\x00t\x00r\x00a\x00n\x00 \x00\
l\x00o\x00s\x00 \x00a\x00r\x00c\x00h\x00\
i\x00v\x00o\x00s\x00 \x00d\x00e\x00 \x00\
a\x00y\x00u\x00d\x00a\x00.\x00\x0a\x00\x0a\x00\
L\x00a\x00 \x00d\x00o\x00c\x00u\x00m\x00\
e\x00n\x00t\x00a\x00c\x00i\x00\xf3\x00n\x00\
 \x00s\x00e\x00 \x00p\x00u\x00e\x00d\x00\
e\x00 \x00d\x00e\x00s\x00c\x00a\x00r\x00\
g\x00a\x00r\x00 \x00p\x00a\x00r\x00a\x00\
 \x00s\x00u\x00 \x00u\x00s\x00o\x00 \x00\
s\x00i\x00n\x00 \x00c\x00o\x00n\x00e\x00\
x\x00i\x00\xf3\x00n\x00 \x00a\x00 \x00t\x00\
r\x00a\x00v\x00\xe9\x00s\x00 \x00d\x00e\x00\
l\x00 \x00A\x00d\x00m\x00i\x00n\x00i\x00\
s\x00t\x00r\x00a\x00d\x00o\x00r\x00 \x00\
d\x00e\x00 \x00c\x00o\x00m\x00p\x00l\x00\
e\x00m\x00e\x00n\x00t\x00o\x00s\x00 \x00\
e\x00 \x00i\x00n\x00s\x00t\x00a\x00l\x00\
a\x00n\x00d\x00o\x00 \x00e\x00l\x00 \x00\
c\x00o\x00m\x00p\x00l\x00e\x00m\x00e\x00\
n\x00t\x00o\x00 \x00\x22\x00o\x00f\x00f\x00\
l\x00i\x00n\x00e\x00-\x00d\x00o\x00c\x00\
u\x00m\x00e\x00n\x00t\x00a\x00t\x00i\x00\
o\x00n\x00\x22\x00.\x00 \x00S\x00i\x00 \x00\
d\x00e\x00j\x00a\x00 \x00e\x00s\x00t\x00\
e\x00 \x00c\x00a\x00m\x00p\x00o\x00 \x00\
e\x00n\x00 \x00b\x00l\x00a\x00n\x00c\x00\
o\x00,\x00 \x00F\x00r\x00e\x00e\x00C\x00\
A\x00D\x00 \x00b\x00u\x00s\x00c\x00a\x00\
r\x00\xe1\x00 \x00a\x00u\x00t\x00o\x00m\x00\
\xe1\x00t\x00i\x00c\x00a\x00m\x00e\x00n\x00\
t\x00e\x00 \x00l\x00o\x00s\x00 \x00a\x00\
r\x00c\x00h\x00i\x00v\x00o\x00s\x00 \x00\
d\x00e\x00 \x00a\x00y\x00u\x00d\x00a\x00\
 \x00e\x00n\x00 \x00l\x00a\x00 \x00u\x00\
b\x00i\x00c\x00a\x00c\x00i\x00\xf3\x00n\x00\
 \x00p\x00r\x00e\x00d\x00e\x00t\x00e\x00\
r\x00m\x00i\x00n\x00a\x00d\x00a\x00:\x00\
 \x00\x0a\x00(\x00$\x00U\x00S\x00E\x00R\x00\
A\x00P\x00P\x00D\x00A\x00T\x00A\x00D\x00\
I\x00R\x00/\x00M\x00o\x00d\x00/\x00o\x00\
f\x00f\x00l\x00i\x00n\x00e\x00-\x00d\x00\
o\x00c\x00u\x00m\x00e\x00n\x00t\x00a\x00\
t\x00i\x00o\x00n\x00)\x00.\x08\x00\x00\x00\x00\
\x06\x00\x00\x01WSet this to\
 a custom URL or\
 the folder wher\
e the help files\
 are located.\x0aDo\
cumentation can \
be downloaded fo\
r offline use vi\
a the Addon Mana\
ger and installi\
ng the\x0a\x22offline-\
documentation\x22 a\
ddon. If this fi\
eld is left blan\
k, FreeCAD will\x0a\
automatically se\
arch for the hel\
p files at the d\
efault location\x0a\
($USERAPPDATADIR\
/Mod/offline-doc\
umentation).\x07\x00\x00\x00\
\x04Form\x01\x03\x00\x00\x03b\x00E\x00s\x00\
t\x00a\x00b\x00l\x00e\x00c\x00e\x00r\x00\
 \x00e\x00s\x00t\x00o\x00 \x00e\x00n\x00\
 \x00u\x00n\x00a\x00 \x00U\x00R\x00L\x00\
 \x00p\x00e\x00r\x00s\x00o\x00n\x00a\x00\
l\x00i\x00z\x00a\x00d\x00a\x00 \x00o\x00\
 \x00e\x00n\x00 \x00l\x00a\x00 \x00c\x00\
a\x00r\x00p\x00e\x00t\x00a\x00 \x00d\x00\
o\x00n\x00d\x00e\x00 \x00s\x00e\x00 \x00\
e\x00n\x00c\x00u\x00e\x00n\x00t\x00r\x00\
a\x00n\x00 \x00l\x00o\x00s\x00 \x00a\x00\
r\x00c\x00h\x00i\x00v\x00o\x00s\x00 \x00\
d\x00e\x00 \x00a\x00y\x00u\x00d\x00a\x00\
.\x00\x0a\x00P\x00u\x00e\x00d\x00e\x00 \x00\
d\x00e\x00s\x00c\x00a\x00r\x00g\x00a\x00\
r\x00 \x00f\x00\xe1\x00c\x00i\x00l\x00m\x00\
e\x00n\x00t\x00e\x00 \x00l\x00a\x00 \x00\
d\x00o\x00c\x00u\x00m\x00e\x00n\x00t\x00\
a\x00c\x00i\x00\xf3\x00n\x00 \x00p\x00a\x00\
r\x00a\x00 \x00e\x00l\x00 \x00u\x00s\x00\
o\x00 \x00s\x00i\x00n\x00 \x00c\x00o\x00\
n\x00e\x00x\x00i\x00\xf3\x00n\x00 \x00u\x00\
t\x00i\x00l\x00i\x00z\x00a\x00n\x00d\x00\
o\x00 \x00e\x00l\x00 \x00A\x00d\x00m\x00\
i\x00n\x00i\x00s\x00t\x00r\x00a\x00d\x00\
o\x00r\x00\x0a\x00d\x00e\x00 \x00c\x00o\x00\
m\x00p\x00l\x00e\x00m\x00e\x00n\x00t\x00\
o\x00s\x00 \x00e\x00 \x00i\x00n\x00s\x00\
t\x00a\x00l\x00a\x00n\x00d\x00o\x00 \x00\
e\x00l\x00 \x00c\x00o\x00m\x00p\x00l\x00\
e\x00m\x00e\x00n\x00t\x00o\x00 \x00\x22\x00\
d\x00o\x00c\x00u\x00m\x00e\x00n\x00t\x00\
a\x00c\x00i\x00\xf3\x00n\x00 \x00s\x00i\x00\
n\x00 \x00c\x00o\x00n\x00e\x00x\x00i\x00\
\xf3\x00n\x00\x22\x00.\x00 \x00S\x00i\x00 \x00\
e\x00s\x00t\x00e\x00\x0a\x00c\x00a\x00m\x00\
p\x00o\x00 \x00s\x00e\x00 \x00d\x00e\x00\
j\x00a\x00 \x00e\x00n\x00 \x00b\x00l\x00\
a\x00n\x00c\x00o\x00,\x00 \x00F\x00r\x00\
e\x00e\x00C\x00A\x00D\x00 \x00b\x00u\x00\
s\x00c\x00a\x00r\x00\xe1\x00 \x00a\x00u\x00\
t\x00o\x00m\x00\xe1\x00t\x00i\x00c\x00a\x00\
m\x00e\x00n\x00t\x00e\x00 \x00l\x00o\x00\
s\x00 \x00a\x00r\x00c\x00h\x00i\x00v\x00\
o\x00s\x00 \x00d\x00e\x00 \x00a\x00y\x00\
u\x00d\x00a\x00 \x00e\x00n\x00 \x00l\x00\
a\x00 \x00u\x00b\x00i\x00c\x00a\x00c\x00\
i\x00\xf3\x00n\x00\x0a\x00p\x00r\x00e\x00d\x00\
e\x00t\x00e\x00r\x00m\x00i\x00n\x00a\x00\
d\x00a\x00 \x00(\x00$\x00U\x00S\x00E\x00\
R\x00A\x00P\x00P\x00D\x00A\x00T\x00A\x00\
D\x00I\x00R\x00/\x00M\x00o\x00d\x00/\x00\
o\x00f\x00f\x00l\x00i\x00n\x00e\x00-\x00\
d\x00o\x00c\x00u\x00m\x00e\x00n\x00t\x00\
a\x00t\x00i\x00o\x00n\x00)\x00.\x08\x00\x00\
\x00\x00\x06\x00\x00\x01fSet this \
to a custom URL \
or the folder wh\
ere the help fil\
es are located.\x0a\
You can easily d\
ownload the docu\
mentation for of\
fline use by usi\
ng the Addon\x0aMan\
ager and install\
ing the \x22offline\
-documentation\x22 \
addon. If this\x0af\
ield is left bla\
nk, FreeCAD will\
 automatically s\
earch for the he\
lp files at\x0athe \
default location\
 ($USERAPPDATADI\
R/Mod/offline-do\
cumentation).\x07\x00\x00\
\x00\x04Form\x01\x03\x00\x00\x00\x0c\x00F\x00u\
\x00e\x00n\x00t\x00e\x08\x00\x00\x00\x00\x06\x00\x00\
\x00\x06Source\x07\x00\x00\x00\x04For\
m\x01\x03\x00\x00\x01\x18\x00E\x00s\x00p\x00e\x00\
c\x00i\x00f\x00i\x00c\x00a\x00r\x00 \x00\
l\x00a\x00 \x00r\x00u\x00t\x00a\x00 \x00\
a\x00 \x00u\x00n\x00 \x00a\x00r\x00c\x00\
h\x00i\x00v\x00o\x00 \x00C\x00S\x00S\x00\
 \x00a\x00l\x00t\x00e\x00r\x00n\x00a\x00\
t\x00i\x00v\x00o\x00 \x00p\x00a\x00r\x00\
a\x00 \x00d\x00i\x00s\x00e\x00\xf1\x00a\x00\
r\x00 \x00p\x00\xe1\x00g\x00i\x00n\x00a\x00\
s\x00 \x00d\x00e\x00 \x00M\x00a\x00r\x00\
k\x00d\x00o\x00w\x00n\x00.\x00\x0a\x00E\x00\
s\x00t\x00o\x00 \x00s\x00\xf3\x00l\x00o\x00\
 \x00s\x00e\x00 \x00a\x00p\x00l\x00i\x00\
c\x00a\x00 \x00s\x00i\x00 \x00M\x00a\x00\
r\x00k\x00d\x00o\x00w\x00n\x00 \x00e\x00\
s\x00t\x00\xe1\x00 \x00s\x00e\x00l\x00e\x00\
c\x00c\x00i\x00o\x00n\x00a\x00d\x00o\x00\
 \x00a\x00r\x00r\x00i\x00b\x00a\x00.\x08\
\x00\x00\x00\x00\x06\x00\x00\x00xSpecify\
 the path to an \
alternative CSS \
file for styling\
 Markdown pages.\
\x0aThis only appli\
es if Markdown i\
s selected above\
.\x07\x00\x00\x00\x04Form\x01\x03\x00\x00\x03\x06\
\x00L\x00a\x00s\x00 \x00p\x00\xe1\x00g\x00i\
\x00n\x00a\x00s\x00 \x00d\x00e\x00 \x00d\
\x00o\x00c\x00u\x00m\x00e\x00n\x00t\x00a\
\x00c\x00i\x00\xf3\x00n\x00 \x00s\x00e\x00 \
\x00r\x00e\x00c\x00u\x00p\x00e\x00r\x00a\
\x00r\x00\xe1\x00n\x00 \x00a\x00 \x00p\x00a\
\x00r\x00t\x00i\x00r\x00 \x00d\x00e\x00 \
\x00u\x00n\x00a\x00 \x00c\x00o\x00n\x00v\
\x00e\x00r\x00s\x00i\x00\xf3\x00n\x00 \x00a\
\x00u\x00t\x00o\x00m\x00\xe1\x00t\x00i\x00c\
\x00a\x00 \x00e\x00n\x00 \x00M\x00a\x00r\
\x00k\x00d\x00o\x00w\x00n\x00 \x00d\x00e\
\x00l\x00 \x00w\x00i\x00k\x00i\x00 \x00d\
\x00e\x00 \x00F\x00r\x00e\x00e\x00C\x00A\
\x00D\x00,\x00 \x00q\x00u\x00e\x00 \x00s\
\x00e\x00 \x00a\x00l\x00o\x00j\x00a\x00 \
\x00e\x00n\x00 \x00l\x00a\x00 \x00c\x00u\
\x00e\x00n\x00t\x00a\x00 \x00d\x00e\x00 \
\x00F\x00r\x00e\x00e\x00C\x00A\x00D\x00 \
\x00d\x00e\x00 \x00G\x00i\x00t\x00H\x00u\
\x00b\x00.\x00 \x00E\x00s\x00 \x00p\x00o\
\x00s\x00i\x00b\x00l\x00e\x00 \x00m\x00o\
\x00d\x00i\x00f\x00i\x00c\x00a\x00r\x00 \
\x00s\x00u\x00 \x00a\x00p\x00a\x00r\x00i\
\x00e\x00n\x00c\x00i\x00a\x00 \x00c\x00o\
\x00n\x00 \x00u\x00n\x00a\x00 \x00h\x00o\
\x00j\x00a\x00 \x00d\x00e\x00 \x00e\x00s\
\x00t\x00i\x00l\x00o\x00s\x00 \x00c\x00o\
\x00m\x00o\x00 \x00l\x00a\x00 \x00q\x00u\
\x00e\x00 \x00s\x00i\x00g\x00u\x00e\x00 \
\x00y\x00 \x00l\x00u\x00c\x00i\x00r\x00 \
\x00m\x00e\x00j\x00o\x00r\x00 \x00q\x00u\
\x00e\x00 \x00l\x00a\x00 \x00o\x00p\x00c\
\x00i\x00\xf3\x00n\x00 \x00p\x00r\x00e\x00d\
\x00e\x00t\x00e\x00r\x00m\x00i\x00n\x00a\
\x00d\x00a\x00 \x00d\x00e\x00l\x00 \x00w\
\x00i\x00k\x00i\x00.\x00 \x00P\x00a\x00r\
\x00a\x00 \x00o\x00b\x00t\x00e\x00n\x00e\
\x00r\x00 \x00r\x00e\x00s\x00u\x00l\x00t\
\x00a\x00d\x00o\x00s\x00 \x00\xf3\x00p\x00t\
\x00i\x00m\x00o\x00s\x00,\x00 \x00h\x00a\
\x00y\x00 \x00q\x00u\x00e\x00 \x00i\x00n\
\x00s\x00t\x00a\x00l\x00a\x00r\x00 \x00l\
\x00o\x00s\x00 \x00m\x00\xf3\x00d\x00u\x00l\
\x00o\x00s\x00 \x00d\x00e\x00 \x00P\x00y\
\x00t\x00h\x00o\x00n\x00 \x00\xab\x00M\x00a\
\x00r\x00k\x00d\x00o\x00w\x00n\x00\xbb\x00 \
\x00y\x00 \x00\xab\x00P\x00a\x00n\x00d\x00o\
\x00c\x00\xbb\x00.\x08\x00\x00\x00\x00\x06\x00\x00\x012\
The documentatio\
n pages will be \
fetched from an \
automatic Markdo\
wn conversion\x0aof\
 the FreeCAD wik\
i,hosted on Free\
CAD's GitHub acc\
ount. This can b\
e styled with a\x0a\
custom styleshee\
t below and can \
look nicer than \
the wiki option.\
 The 'Markdown' \
or\x0a'Pandoc' Pyth\
on module should\
 be installed fo\
r optimal result\
s.\x07\x00\x00\x00\x04Form\x01\x03\x00\x00\x00\
\xc4\x00L\x00a\x00s\x00 \x00p\x00\xe1\x00g\x00\
i\x00n\x00a\x00s\x00 \x00d\x00e\x00 \x00\
d\x00o\x00c\x00u\x00m\x00e\x00n\x00t\x00\
a\x00c\x00i\x00\xf3\x00n\x00 \x00s\x00e\x00\
r\x00\xe1\x00n\x00 \x00o\x00b\x00t\x00e\x00\
n\x00i\x00d\x00a\x00s\x00 \x00d\x00e\x00\
 \x00l\x00a\x00\x0a\x00F\x00r\x00e\x00e\x00\
C\x00A\x00D\x00w\x00i\x00k\x00i\x00 \x00\
o\x00f\x00i\x00c\x00i\x00a\x00l\x00 \x00\
e\x00n\x00 \x00h\x00t\x00t\x00p\x00s\x00\
:\x00/\x00/\x00w\x00i\x00k\x00i\x00.\x00\
f\x00r\x00e\x00e\x00c\x00a\x00d\x00.\x00\
o\x00r\x00g\x08\x00\x00\x00\x00\x06\x00\x00\x00aT\
he documentation\
 pages will be f\
etched from the \
official\x0aFreeCAD\
wiki at https://\
wiki.freecad.org\
\x07\x00\x00\x00\x04Form\x01\x03\x00\x00\x01\x16\x00\
L\x00a\x00 \x00d\x00o\x00c\x00u\x00m\x00\
e\x00n\x00t\x00a\x00c\x00i\x00\xf3\x00n\x00\
 \x00s\x00e\x00 \x00a\x00b\x00r\x00i\x00\
r\x00\xe1\x00 \x00e\x00n\x00 \x00u\x00n\x00\
a\x00 \x00n\x00u\x00e\x00v\x00a\x00 \x00\
p\x00e\x00s\x00t\x00a\x00\xf1\x00a\x00 \x00\
d\x00e\x00n\x00t\x00r\x00o\x00 \x00d\x00\
e\x00 \x00l\x00a\x00 \x00i\x00n\x00t\x00\
e\x00r\x00f\x00a\x00z\x00 \x00d\x00e\x00\
 \x00F\x00r\x00e\x00e\x00C\x00A\x00D\x00\
.\x00 \x00E\x00s\x00t\x00o\x00 \x00r\x00\
e\x00q\x00u\x00i\x00e\x00r\x00e\x00 \x00\
e\x00l\x00 \x00c\x00o\x00m\x00p\x00o\x00\
n\x00e\x00n\x00t\x00e\x00 \x00Q\x00t\x00\
W\x00e\x00b\x00e\x00n\x00g\x00i\x00n\x00\
e\x00W\x00i\x00d\x00g\x00e\x00t\x00s\x00\
 \x00d\x00e\x00 \x00P\x00y\x00S\x00i\x00\
d\x00e\x00.\x08\x00\x00\x00\x00\x06\x00\x00\x00}T\
he documentation\
 will open in a \
new tab inside t\
he FreeCAD inter\
face. This requi\
res the PySide Q\
tWebengineWidget\
s component.\x07\x00\x00\x00\
\x04Form\x01\x03\x00\x00\x00z\x00L\x00a\x00\
 \x00d\x00o\x00c\x00u\x00m\x00e\x00n\x00\
t\x00a\x00c\x00i\x00\xf3\x00n\x00 \x00s\x00\
e\x00 \x00a\x00b\x00r\x00i\x00r\x00\xe1\x00\
 \x00e\x00n\x00 \x00e\x00l\x00 \x00n\x00\
a\x00v\x00e\x00g\x00a\x00d\x00o\x00r\x00\
 \x00w\x00e\x00b\x00 \x00p\x00r\x00e\x00\
d\x00e\x00t\x00e\x00r\x00m\x00i\x00n\x00\
a\x00d\x00o\x08\x00\x00\x00\x00\x06\x00\x00\x006T\
he documentation\
 will open in th\
e default web br\
owser\x07\x00\x00\x00\x04Form\x01\x03\
\x00\x00\x00(\x00S\x00u\x00f\x00i\x00j\x00o\
\x00 \x00d\x00e\x00 \x00t\x00r\x00a\x00d\
\x00u\x00c\x00c\x00i\x00\xf3\x00n\x08\x00\x00\x00\
\x00\x06\x00\x00\x00\x12Translatio\
n suffix\x07\x00\x00\x00\x04For\
m\x01\x03\x00\x00\x01\x14\x00N\x00o\x00 \x00s\x00\
e\x00 \x00p\x00u\x00d\x00o\x00 \x00r\x00\
e\x00c\x00u\x00p\x00e\x00r\x00a\x00r\x00\
 \x00e\x00l\x00 \x00c\x00o\x00n\x00t\x00\
e\x00n\x00i\x00d\x00o\x00 \x00d\x00e\x00\
 \x00e\x00s\x00t\x00a\x00 \x00p\x00\xe1\x00\
g\x00i\x00n\x00a\x00.\x00 \x00P\x00o\x00\
r\x00 \x00f\x00a\x00v\x00o\x00r\x00,\x00\
 \x00c\x00o\x00m\x00p\x00r\x00u\x00e\x00\
b\x00e\x00 \x00l\x00a\x00 \x00c\x00o\x00\
n\x00f\x00i\x00g\x00u\x00r\x00a\x00c\x00\
i\x00\xf3\x00n\x00 \x00e\x00n\x00 \x00e\x00\
l\x00 \x00m\x00e\x00n\x00\xfa\x00 \x00E\x00\
d\x00i\x00t\x00a\x00r\x00 !\x92\x00 \x00\
P\x00r\x00e\x00f\x00e\x00r\x00e\x00n\x00\
c\x00i\x00a\x00s\x00 !\x92\x00 \x00G\x00\
e\x00n\x00e\x00r\x00a\x00l\x00 !\x92\x00\
 \x00A\x00y\x00u\x00d\x00a\x08\x00\x00\x00\x00\
\x06\x00\x00\x00yContents fo\
r this page coul\
d not be retriev\
ed. Please check\
 settings under \
menu Edit \xe2\x86\x92 Pr\
eferences \xe2\x86\x92 Ge\
neral \xe2\x86\x92 Help\x07\x00\
\x00\x00\x04Help\x01\x03\x00\x00\x00\x0a\x00A\x00\
y\x00u\x00d\x00a\x08\x00\x00\x00\x00\x06\x00\x00\x00\
\x04Help\x07\x00\x00\x00\x04Help\x01\x03\
\x00\x00\x014\x00N\x00o\x00 \x00s\x00e\x00 \
\x00h\x00a\x00 \x00p\x00o\x00d\x00i\x00d\
\x00o\x00 \x00d\x00e\x00t\x00e\x00r\x00m\
\x00i\x00n\x00a\x00r\x00 \x00l\x00a\x00 \
\x00u\x00b\x00i\x00c\x00a\x00c\x00i\x00\xf3\
\x00n\x00 \x00d\x00e\x00 \x00l\x00o\x00s\
\x00 \x00a\x00r\x00c\x00h\x00i\x00v\x00o\
\x00s\x00 \x00d\x00e\x00 \x00a\x00y\x00u\
\x00d\x00a\x00.\x00 \x00P\x00o\x00r\x00 \
\x00f\x00a\x00v\x00o\x00r\x00,\x00 \x00c\
\x00o\x00m\x00p\x00r\x00u\x00e\x00b\x00e\
\x00 \x00l\x00a\x00 \x00c\x00o\x00n\x00f\
\x00i\x00g\x00u\x00r\x00a\x00c\x00i\x00\xf3\
\x00n\x00 \x00e\x00n\x00 \x00e\x00l\x00 \
\x00m\x00e\x00n\x00\xfa\x00 \x00E\x00d\x00i\
\x00t\x00a\x00r\x00 !\x92\x00 \x00P\x00r\
\x00e\x00f\x00e\x00r\x00e\x00n\x00c\x00i\
\x00a\x00s\x00 !\x92\x00 \x00G\x00e\x00n\
\x00e\x00r\x00a\x00l\x00 !\x92\x00 \x00A\
\x00y\x00u\x00d\x00a\x08\x00\x00\x00\x00\x06\x00\x00\
\x00wHelp files loc\
ation could not \
be determined. P\
lease check sett\
ings under menu \
Edit \xe2\x86\x92 Prefere\
nces \xe2\x86\x92 General\
 \xe2\x86\x92 Help\x07\x00\x00\x00\x04He\
lp\x01\x03\x00\x00\x01\x12\x00E\x00l\x00 \x00m\
\x00\xf3\x00d\x00u\x00l\x00o\x00 \x00Q\x00t\
\x00W\x00e\x00b\x00E\x00n\x00g\x00i\x00n\
\x00e\x00W\x00i\x00d\x00g\x00e\x00t\x00s\
\x00 \x00d\x00e\x00 \x00P\x00y\x00S\x00i\
\x00d\x00e\x00 \x00n\x00o\x00 \x00e\x00s\
\x00t\x00\xe1\x00 \x00d\x00i\x00s\x00p\x00o\
\x00n\x00i\x00b\x00l\x00e\x00.\x00 \x00L\
\x00a\x00 \x00r\x00e\x00p\x00r\x00e\x00s\
\x00e\x00n\x00t\x00a\x00c\x00i\x00\xf3\x00n\
\x00 \x00d\x00e\x00 \x00l\x00a\x00 \x00a\
\x00y\x00u\x00d\x00a\x00 \x00s\x00e\x00 \
\x00e\x00f\x00e\x00c\x00t\x00\xfa\x00a\x00 \
\x00m\x00e\x00d\x00i\x00a\x00n\x00t\x00e\
\x00 \x00e\x00l\x00 \x00n\x00a\x00v\x00e\
\x00g\x00a\x00d\x00o\x00r\x00 \x00w\x00e\
\x00b\x00 \x00d\x00e\x00l\x00 \x00s\x00i\
\x00s\x00t\x00e\x00m\x00a\x08\x00\x00\x00\x00\x06\
\x00\x00\x00aPySide QtWeb\
EngineWidgets mo\
dule is not avai\
lable. Help rend\
ering is done wi\
th the system br\
owser\x07\x00\x00\x00\x04Help\x01\x03\
\x00\x00\x01\xac\x00N\x00o\x00 \x00h\x00a\x00y\
\x00 \x00n\x00i\x00n\x00g\x00\xfa\x00n\x00 \
\x00r\x00e\x00n\x00d\x00e\x00r\x00i\x00z\
\x00a\x00d\x00o\x00r\x00 \x00M\x00a\x00r\
\x00k\x00d\x00o\x00w\x00n\x00 \x00i\x00n\
\x00s\x00t\x00a\x00l\x00a\x00d\x00o\x00 \
\x00e\x00n\x00 \x00s\x00u\x00 \x00s\x00i\
\x00s\x00t\x00e\x00m\x00a\x00,\x00 \x00a\
\x00s\x00\xed\x00 \x00q\x00u\x00e\x00 \x00e\
\x00s\x00t\x00a\x00 \x00p\x00\xe1\x00g\x00i\
\x00n\x00a\x00 \x00d\x00e\x00 \x00a\x00y\
\x00u\x00d\x00a\x00 \x00s\x00e\x00 \x00m\
\x00u\x00e\x00s\x00t\x00r\x00a\x00 \x00c\
\x00o\x00m\x00o\x00 \x00t\x00a\x00l\x00.\
\x00 \x00P\x00o\x00r\x00 \x00f\x00a\x00v\
\x00o\x00r\x00,\x00 \x00i\x00n\x00s\x00t\
\x00a\x00l\x00e\x00 \x00l\x00o\x00s\x00 \
\x00m\x00\xf3\x00d\x00u\x00l\x00o\x00s\x00 \
\x00p\x00y\x00t\x00h\x00o\x00n\x00 \x00d\
\x00e\x00 \x00M\x00a\x00r\x00k\x00d\x00o\
\x00w\x00n\x00 \x00o\x00 \x00P\x00a\x00n\
\x00d\x00o\x00c\x00 \x00p\x00a\x00r\x00a\
\x00 \x00m\x00e\x00j\x00o\x00r\x00a\x00r\
\x00 \x00l\x00a\x00 \x00p\x00r\x00e\x00s\
\x00e\x00n\x00t\x00a\x00c\x00i\x00\xf3\x00n\
\x00 \x00d\x00e\x00 \x00e\x00s\x00t\x00a\
\x00 \x00p\x00\xe1\x00g\x00i\x00n\x00a\x00.\
\x08\x00\x00\x00\x00\x06\x00\x00\x00\xb8There \
is no Markdown r\
enderer installe\
d on your system\
, so this help p\
age is rendered \
as is. Please in\
stall the Markdo\
wn or Pandoc Pyt\
hon modules to i\
mprove the rende\
ring of this pag\
e.\x07\x00\x00\x00\x04Help\x01\x03\x00\x00\x00\
\x0e\x00G\x00e\x00n\x00e\x00r\x00a\x00l\x08\
\x00\x00\x00\x00\x06\x00\x00\x00\x07General\
\x07\x00\x00\x00\x07QObject\x01\x88\x00\x00\
\x00\x02\x01\x01\
\x00\x00\x22\xf2\
<\
\xb8d\x18\xca\xef\x9c\x95\xcd!\x1c\xbf`\xa1\xbd\xdd\xa7\
\x00\x00\x00\x02euB\x00\x00\x00\xf0\x00\x04\xec0\x00\
\x00\x05\xa6\x00\x04\xec0\x00\x00\x1c\x8b\x00\x99N\xa8\x00\
\x00\x1a\xc4\x018!.\x00\x00\x13\x8e\x01\x82\xc62\x00\
\x00\x1e*\x02mV`\x00\x00\x1c\xb8\x04\x1e\xf1\x82\x00\
\x00\x05\xd3\x04Dm9\x00\x00\x05\x06\x04T\x18N\x00\
\x00\x12\x0d\x04\x89?'\x00\x00\x06$\x04\xde1)\x00\
\x00\x07\x22\x05M7\xf2\x00\x00\x06\xbb\x05\xa6\xc8\x95\x00\
\x00\x11\xdc\x06{\x06\x03\x00\x00\x09E\x06\xa4]\x8e\x00\
\x00\x09s\x07\x07\xe0\x0e\x00\x00\x18y\x07t\x8a\x94\x00\
\x00\x01\x88\x09\x82\xac\xae\x00\x00\x00\x00\x09\xd5\xc9.\x00\
\x00\x02\x0a\x0auc\xd7\x00\x00\x17=\x0b\x0ar\xc9\x00\
\x00\x01\xd4\x0c\xe2\x80\xae\x00\x00\x03\xe2\x0d\xb7\x06\x10\x00\
\x00\x1b\x13\x0d\xc4\xc8<\x00\x00!\xa7\x0e*j\xae\x00\
\x00\x1ff\x0ek8\x9e\x00\x00\x0d\x91\x0e\x8d\xd4\x82\x00\
\x00\x1a\x09\x0e\xca\x08\x89\x00\x00\x05`\x0f-\x13\xae\x00\
\x00\x010\x0fE\xeb\x1e\x00\x00\x07\x88i\x00\x00!\xda\
\x03\x00\x00\x00\xba\x00A\x00 \x00t\x00r\x00a\x00\
n\x00s\x00l\x00a\x00t\x00i\x00o\x00n\x00\
 \x00s\x00u\x00f\x00f\x00i\x00x\x00 \x00\
t\x00o\x00 \x00u\x00s\x00e\x00,\x00 \x00\
f\x00o\x00r\x00 \x00e\x00x\x00a\x00m\x00\
p\x00l\x00e\x00 \x00\x22\x00f\x00r\x00\x22\x00\
\x0a\x00t\x00o\x00 \x00g\x00e\x00t\x00 \x00\
F\x00r\x00e\x00n\x00c\x00h\x00 \x00t\x00\
r\x00a\x00n\x00s\x00l\x00a\x00t\x00i\x00\
o\x00n\x00 \x00o\x00f\x00 \x00t\x00h\x00\
e\x00 \x00d\x00o\x00c\x00u\x00m\x00e\x00\
n\x00t\x00a\x00t\x00i\x00o\x00n\x00.\x08\
\x00\x00\x00\x00\x06\x00\x00\x00]A trans\
lation suffix to\
 use, for exampl\
e \x22fr\x22\x0ato get Fr\
ench translation\
 of the document\
ation.\x07\x00\x00\x00\x04Form\x01\
\x03\x00\x00\x000\x00K\x00o\x00k\x00a\x00l\x00\
e\x00k\x00u\x00 \x00p\x00e\x00r\x00t\x00\
s\x00o\x00n\x00a\x00l\x00i\x00z\x00a\x00\
t\x00u\x00a\x08\x00\x00\x00\x00\x06\x00\x00\x00\x0fC\
ustom location\x07\x00\
\x00\x00\x04Form\x01\x03\x00\x00\x00\x22\x00C\x00\
u\x00s\x00t\x00o\x00m\x00 \x00s\x00t\x00\
y\x00l\x00e\x00s\x00h\x00e\x00e\x00t\x08\
\x00\x00\x00\x00\x06\x00\x00\x00\x11Custom \
stylesheet\x07\x00\x00\x00\x04F\
orm\x01\x03\x00\x00\x00\x16\x00B\x00i\x00s\x00\
t\x00a\x00r\x00a\x00t\x00z\x00e\x00a\x08\
\x00\x00\x00\x00\x06\x00\x00\x00\x07Display\
\x07\x00\x00\x00\x04Form\x01\x03\x00\x00\x01*\x00\
D\x00o\x00c\x00u\x00m\x00e\x00n\x00t\x00\
a\x00t\x00i\x00o\x00n\x00 \x00o\x00p\x00\
e\x00n\x00s\x00 \x00i\x00n\x00 \x00a\x00\
 \x00d\x00o\x00c\x00k\x00a\x00b\x00l\x00\
e\x00 \x00d\x00i\x00a\x00l\x00o\x00g\x00\
 \x00w\x00i\x00t\x00h\x00i\x00n\x00 \x00\
F\x00r\x00e\x00e\x00C\x00A\x00D\x00,\x00\
 \x00a\x00l\x00l\x00o\x00w\x00i\x00n\x00\
g\x00 \x00s\x00i\x00m\x00u\x00l\x00t\x00\
a\x00n\x00e\x00o\x00u\x00s\x00 \x00w\x00\
o\x00r\x00k\x00 \x00i\x00n\x00 \x00t\x00\
h\x00e\x00 \x003\x00D\x00 \x00v\x00i\x00\
e\x00w\x00.\x00\x0a\x00R\x00e\x00q\x00u\x00\
i\x00r\x00e\x00s\x00 \x00t\x00h\x00e\x00\
 \x00P\x00y\x00S\x00i\x00d\x00e\x00 \x00\
Q\x00t\x00W\x00e\x00b\x00e\x00n\x00g\x00\
i\x00n\x00e\x00W\x00i\x00d\x00g\x00e\x00\
t\x00s\x00 \x00c\x00o\x00m\x00p\x00o\x00\
n\x00e\x00n\x00t\x00.\x08\x00\x00\x00\x00\x06\x00\
\x00\x00\x95Documentation\
 opens in a dock\
able dialog with\
in FreeCAD, allo\
wing simultaneou\
s work in the 3D\
 view.\x0aRequires \
the PySide QtWeb\
engineWidgets co\
mponent.\x07\x00\x00\x00\x04For\
m\x01\x03\x00\x00\x00\xb2\x00F\x00e\x00t\x00c\x00\
h\x00e\x00s\x00 \x00t\x00h\x00e\x00 \x00\
d\x00o\x00c\x00u\x00m\x00e\x00n\x00t\x00\
a\x00t\x00i\x00o\x00n\x00 \x00f\x00r\x00\
o\x00m\x00 \x00p\x00a\x00g\x00e\x00s\x00\
 \x00r\x00e\x00n\x00d\x00e\x00r\x00e\x00\
d\x00 \x00o\x00n\x00 \x00G\x00i\x00t\x00\
H\x00u\x00b\x00.\x00\x0a\x00T\x00h\x00i\x00\
s\x00 \x00i\x00s\x00 \x00c\x00u\x00r\x00\
r\x00e\x00n\x00t\x00l\x00y\x00 \x00n\x00\
o\x00t\x00 \x00a\x00v\x00a\x00i\x00l\x00\
a\x00b\x00l\x00e\x00.\x08\x00\x00\x00\x00\x06\x00\
\x00\x00YFetches the d\
ocumentation fro\
m pages rendered\
 on GitHub.\x0aThis\
 is currently no\
t available.\x07\x00\x00\x00\
\x04Form\x01\x03\x00\x00\x00,\x00F\x00r\x00\
e\x00e\x00C\x00A\x00D\x00 \x00w\x00i\x00\
k\x00i\x00a\x00 \x00(\x00l\x00i\x00n\x00\
e\x00a\x00n\x00)\x08\x00\x00\x00\x00\x06\x00\x00\x00\
\x15FreeCAD Wiki (o\
nline)\x07\x00\x00\x00\x04Form\x01\
\x03\x00\x00\x00\x1e\x00G\x00i\x00t\x00H\x00u\x00\
b\x00 \x00(\x00l\x00i\x00n\x00e\x00a\x00\
n\x00)\x08\x00\x00\x00\x00\x06\x00\x00\x00\x0fGit\
Hub (online)\x07\x00\x00\x00\
\x04Form\x01\x03\x00\x00\x00\x10\x00L\x00a\x00\
g\x00u\x00n\x00t\x00z\x00a\x08\x00\x00\x00\x00\
\x06\x00\x00\x00\x04Help\x07\x00\x00\x00\x04Fo\
rm\x01\x03\x00\x00\x00(\x00F\x00r\x00e\x00e\
\x00C\x00A\x00D\x00 \x00f\x00i\x00t\x00x\
\x00a\x00 \x00b\x00a\x00t\x00e\x00a\x00n\
\x08\x00\x00\x00\x00\x06\x00\x00\x00\x10In a F\
reeCAD tab\x07\x00\x00\x00\x04F\
orm\x01\x03\x00\x00\x00^\x00E\x00l\x00k\x00\
a\x00r\x00r\x00i\x00z\x00k\x00e\x00t\x00\
a\x00-\x00k\x00o\x00a\x00d\x00r\x00o\x00\
 \x00k\x00a\x00p\x00s\x00u\x00l\x00a\x00\
g\x00a\x00r\x00r\x00i\x00 \x00b\x00e\x00\
r\x00e\x00i\x00z\x00i\x00 \x00b\x00a\x00\
t\x00e\x00a\x00n\x08\x00\x00\x00\x00\x06\x00\x00\x00\
 In a separate, \
embeddable dialo\
g\x07\x00\x00\x00\x04Form\x01\x03\x00\x00\x004\
\x00I\x00n\x00 \x00t\x00h\x00e\x00 \x00d\
\x00e\x00f\x00a\x00u\x00l\x00t\x00 \x00w\
\x00e\x00b\x00 \x00b\x00r\x00o\x00w\x00s\
\x00e\x00r\x08\x00\x00\x00\x00\x06\x00\x00\x00\x1aIn\
 the default web\
 browser\x07\x00\x00\x00\x04For\
m\x01\x03\x00\x00\x004\x00M\x00a\x00r\x00k\x00\
d\x00o\x00w\x00n\x00 \x00b\x00e\x00r\x00\
t\x00s\x00i\x00o\x00a\x00 \x00(\x00l\x00\
i\x00n\x00e\x00a\x00n\x00)\x08\x00\x00\x00\x00\
\x06\x00\x00\x00\x19Markdown ve\
rsion (online)\x07\x00\
\x00\x00\x04Form\x01\x03\x00\x00\x01\x18\x00N\x00\
o\x00t\x00e\x00:\x00 \x00i\x00f\x00 \x00\
P\x00y\x00S\x00i\x00d\x00e\x00 \x00W\x00\
e\x00b\x00 \x00c\x00o\x00m\x00p\x00o\x00\
n\x00e\x00n\x00t\x00s\x00 \x00a\x00r\x00\
e\x00 \x00n\x00o\x00t\x00 \x00f\x00o\x00\
u\x00n\x00d\x00 \x00o\x00n\x00 \x00t\x00\
h\x00e\x00 \x00s\x00y\x00s\x00t\x00e\x00\
m\x00,\x00 \x00h\x00e\x00l\x00p\x00 \x00\
p\x00a\x00g\x00e\x00s\x00 \x00w\x00i\x00\
l\x00l\x00 \x00o\x00p\x00e\x00n\x00 \x00\
i\x00n\x00 \x00t\x00h\x00e\x00 \x00d\x00\
e\x00f\x00a\x00u\x00l\x00t\x00 \x00w\x00\
e\x00b\x00 \x00b\x00r\x00o\x00w\x00s\x00\
e\x00r\x00 \x00r\x00e\x00g\x00a\x00r\x00\
d\x00l\x00e\x00s\x00s\x00 \x00o\x00f\x00\
 \x00t\x00h\x00e\x00 \x00o\x00p\x00t\x00\
i\x00o\x00n\x00s\x00 \x00b\x00e\x00l\x00\
o\x00w\x00.\x08\x00\x00\x00\x00\x06\x00\x00\x00\x8cN\
ote: if PySide W\
eb components ar\
e not found on t\
he system, help \
pages will open \
in the default w\
eb browser regar\
dless of the opt\
ions below.\x07\x00\x00\x00\x04\
Form\x01\x03\x00\x00\x00\x0e\x00A\x00u\x00k\
\x00e\x00r\x00a\x00k\x08\x00\x00\x00\x00\x06\x00\x00\
\x00\x07Options\x07\x00\x00\x00\x04Fo\
rm\x01\x03\x00\x00\x02\xae\x00S\x00e\x00t\x00 \
\x00t\x00h\x00i\x00s\x00 \x00t\x00o\x00 \
\x00a\x00 \x00c\x00u\x00s\x00t\x00o\x00m\
\x00 \x00U\x00R\x00L\x00 \x00o\x00r\x00 \
\x00t\x00h\x00e\x00 \x00f\x00o\x00l\x00d\
\x00e\x00r\x00 \x00w\x00h\x00e\x00r\x00e\
\x00 \x00t\x00h\x00e\x00 \x00h\x00e\x00l\
\x00p\x00 \x00f\x00i\x00l\x00e\x00s\x00 \
\x00a\x00r\x00e\x00 \x00l\x00o\x00c\x00a\
\x00t\x00e\x00d\x00.\x00\x0a\x00D\x00o\x00c\
\x00u\x00m\x00e\x00n\x00t\x00a\x00t\x00i\
\x00o\x00n\x00 \x00c\x00a\x00n\x00 \x00b\
\x00e\x00 \x00d\x00o\x00w\x00n\x00l\x00o\
\x00a\x00d\x00e\x00d\x00 \x00f\x00o\x00r\
\x00 \x00o\x00f\x00f\x00l\x00i\x00n\x00e\
\x00 \x00u\x00s\x00e\x00 \x00v\x00i\x00a\
\x00 \x00t\x00h\x00e\x00 \x00A\x00d\x00d\
\x00o\x00n\x00 \x00M\x00a\x00n\x00a\x00g\
\x00e\x00r\x00 \x00a\x00n\x00d\x00 \x00i\
\x00n\x00s\x00t\x00a\x00l\x00l\x00i\x00n\
\x00g\x00 \x00t\x00h\x00e\x00\x0a\x00\x22\x00o\
\x00f\x00f\x00l\x00i\x00n\x00e\x00-\x00d\
\x00o\x00c\x00u\x00m\x00e\x00n\x00t\x00a\
\x00t\x00i\x00o\x00n\x00\x22\x00 \x00a\x00d\
\x00d\x00o\x00n\x00.\x00 \x00I\x00f\x00 \
\x00t\x00h\x00i\x00s\x00 \x00f\x00i\x00e\
\x00l\x00d\x00 \x00i\x00s\x00 \x00l\x00e\
\x00f\x00t\x00 \x00b\x00l\x00a\x00n\x00k\
\x00,\x00 \x00F\x00r\x00e\x00e\x00C\x00A\
\x00D\x00 \x00w\x00i\x00l\x00l\x00\x0a\x00a\
\x00u\x00t\x00o\x00m\x00a\x00t\x00i\x00c\
\x00a\x00l\x00l\x00y\x00 \x00s\x00e\x00a\
\x00r\x00c\x00h\x00 \x00f\x00o\x00r\x00 \
\x00t\x00h\x00e\x00 \x00h\x00e\x00l\x00p\
\x00 \x00f\x00i\x00l\x00e\x00s\x00 \x00a\
\x00t\x00 \x00t\x00h\x00e\x00 \x00d\x00e\
\x00f\x00a\x00u\x00l\x00t\x00 \x00l\x00o\
\x00c\x00a\x00t\x00i\x00o\x00n\x00\x0a\x00(\
\x00$\x00U\x00S\x00E\x00R\x00A\x00P\x00P\
\x00D\x00A\x00T\x00A\x00D\x00I\x00R\x00/\
\x00M\x00o\x00d\x00/\x00o\x00f\x00f\x00l\
\x00i\x00n\x00e\x00-\x00d\x00o\x00c\x00u\
\x00m\x00e\x00n\x00t\x00a\x00t\x00i\x00o\
\x00n\x00)\x00.\x08\x00\x00\x00\x00\x06\x00\x00\x01W\
Set this to a cu\
stom URL or the \
folder where the\
 help files are \
located.\x0aDocumen\
tation can be do\
wnloaded for off\
line use via the\
 Addon Manager a\
nd installing th\
e\x0a\x22offline-docum\
entation\x22 addon.\
 If this field i\
s left blank, Fr\
eeCAD will\x0aautom\
atically search \
for the help fil\
es at the defaul\
t location\x0a($USE\
RAPPDATADIR/Mod/\
offline-document\
ation).\x07\x00\x00\x00\x04Form\
\x01\x03\x00\x00\x02\xcc\x00S\x00e\x00t\x00 \x00t\
\x00h\x00i\x00s\x00 \x00t\x00o\x00 \x00a\
\x00 \x00c\x00u\x00s\x00t\x00o\x00m\x00 \
\x00U\x00R\x00L\x00 \x00o\x00r\x00 \x00t\
\x00h\x00e\x00 \x00f\x00o\x00l\x00d\x00e\
\x00r\x00 \x00w\x00h\x00e\x00r\x00e\x00 \
\x00t\x00h\x00e\x00 \x00h\x00e\x00l\x00p\
\x00 \x00f\x00i\x00l\x00e\x00s\x00 \x00a\
\x00r\x00e\x00 \x00l\x00o\x00c\x00a\x00t\
\x00e\x00d\x00.\x00\x0a\x00Y\x00o\x00u\x00 \
\x00c\x00a\x00n\x00 \x00e\x00a\x00s\x00i\
\x00l\x00y\x00 \x00d\x00o\x00w\x00n\x00l\
\x00o\x00a\x00d\x00 \x00t\x00h\x00e\x00 \
\x00d\x00o\x00c\x00u\x00m\x00e\x00n\x00t\
\x00a\x00t\x00i\x00o\x00n\x00 \x00f\x00o\
\x00r\x00 \x00o\x00f\x00f\x00l\x00i\x00n\
\x00e\x00 \x00u\x00s\x00e\x00 \x00b\x00y\
\x00 \x00u\x00s\x00i\x00n\x00g\x00 \x00t\
\x00h\x00e\x00 \x00A\x00d\x00d\x00o\x00n\
\x00\x0a\x00M\x00a\x00n\x00a\x00g\x00e\x00r\
\x00 \x00a\x00n\x00d\x00 \x00i\x00n\x00s\
\x00t\x00a\x00l\x00l\x00i\x00n\x00g\x00 \
\x00t\x00h\x00e\x00 \x00\x22\x00o\x00f\x00f\
\x00l\x00i\x00n\x00e\x00-\x00d\x00o\x00c\
\x00u\x00m\x00e\x00n\x00t\x00a\x00t\x00i\
\x00o\x00n\x00\x22\x00 \x00a\x00d\x00d\x00o\
\x00n\x00.\x00 \x00I\x00f\x00 \x00t\x00h\
\x00i\x00s\x00\x0a\x00f\x00i\x00e\x00l\x00d\
\x00 \x00i\x00s\x00 \x00l\x00e\x00f\x00t\
\x00 \x00b\x00l\x00a\x00n\x00k\x00,\x00 \
\x00F\x00r\x00e\x00e\x00C\x00A\x00D\x00 \
\x00w\x00i\x00l\x00l\x00 \x00a\x00u\x00t\
\x00o\x00m\x00a\x00t\x00i\x00c\x00a\x00l\
\x00l\x00y\x00 \x00s\x00e\x00a\x00r\x00c\
\x00h\x00 \x00f\x00o\x00r\x00 \x00t\x00h\
\x00e\x00 \x00h\x00e\x00l\x00p\x00 \x00f\
\x00i\x00l\x00e\x00s\x00 \x00a\x00t\x00\x0a\
\x00t\x00h\x00e\x00 \x00d\x00e\x00f\x00a\
\x00u\x00l\x00t\x00 \x00l\x00o\x00c\x00a\
\x00t\x00i\x00o\x00n\x00 \x00(\x00$\x00U\
\x00S\x00E\x00R\x00A\x00P\x00P\x00D\x00A\
\x00T\x00A\x00D\x00I\x00R\x00/\x00M\x00o\
\x00d\x00/\x00o\x00f\x00f\x00l\x00i\x00n\
\x00e\x00-\x00d\x00o\x00c\x00u\x00m\x00e\
\x00n\x00t\x00a\x00t\x00i\x00o\x00n\x00)\
\x00.\x08\x00\x00\x00\x00\x06\x00\x00\x01fSet \
this to a custom\
 URL or the fold\
er where the hel\
p files are loca\
ted.\x0aYou can eas\
ily download the\
 documentation f\
or offline use b\
y using the Addo\
n\x0aManager and in\
stalling the \x22of\
fline-documentat\
ion\x22 addon. If t\
his\x0afield is lef\
t blank, FreeCAD\
 will automatica\
lly search for t\
he help files at\
\x0athe default loc\
ation ($USERAPPD\
ATADIR/Mod/offli\
ne-documentation\
).\x07\x00\x00\x00\x04Form\x01\x03\x00\x00\x00\
\x12\x00I\x00t\x00u\x00r\x00b\x00u\x00r\x00\
u\x00a\x08\x00\x00\x00\x00\x06\x00\x00\x00\x06Sou\
rce\x07\x00\x00\x00\x04Form\x01\x03\x00\x00\
\x00\xf0\x00S\x00p\x00e\x00c\x00i\x00f\x00y\
\x00 \x00t\x00h\x00e\x00 \x00p\x00a\x00t\
\x00h\x00 \x00t\x00o\x00 \x00a\x00n\x00 \
\x00a\x00l\x00t\x00e\x00r\x00n\x00a\x00t\
\x00i\x00v\x00e\x00 \x00C\x00S\x00S\x00 \
\x00f\x00i\x00l\x00e\x00 \x00f\x00o\x00r\
\x00 \x00s\x00t\x00y\x00l\x00i\x00n\x00g\
\x00 \x00M\x00a\x00r\x00k\x00d\x00o\x00w\
\x00n\x00 \x00p\x00a\x00g\x00e\x00s\x00.\
\x00\x0a\x00T\x00h\x00i\x00s\x00 \x00o\x00n\
\x00l\x00y\x00 \x00a\x00p\x00p\x00l\x00i\
\x00e\x00s\x00 \x00i\x00f\x00 \x00M\x00a\
\x00r\x00k\x00d\x00o\x00w\x00n\x00 \x00i\
\x00s\x00 \x00s\x00e\x00l\x00e\x00c\x00t\
\x00e\x00d\x00 \x00a\x00b\x00o\x00v\x00e\
\x00.\x08\x00\x00\x00\x00\x06\x00\x00\x00xSpec\
ify the path to \
an alternative C\
SS file for styl\
ing Markdown pag\
es.\x0aThis only ap\
plies if Markdow\
n is selected ab\
ove.\x07\x00\x00\x00\x04Form\x01\x03\x00\
\x00\x02d\x00T\x00h\x00e\x00 \x00d\x00o\x00\
c\x00u\x00m\x00e\x00n\x00t\x00a\x00t\x00\
i\x00o\x00n\x00 \x00p\x00a\x00g\x00e\x00\
s\x00 \x00w\x00i\x00l\x00l\x00 \x00b\x00\
e\x00 \x00f\x00e\x00t\x00c\x00h\x00e\x00\
d\x00 \x00f\x00r\x00o\x00m\x00 \x00a\x00\
n\x00 \x00a\x00u\x00t\x00o\x00m\x00a\x00\
t\x00i\x00c\x00 \x00M\x00a\x00r\x00k\x00\
d\x00o\x00w\x00n\x00 \x00c\x00o\x00n\x00\
v\x00e\x00r\x00s\x00i\x00o\x00n\x00\x0a\x00\
o\x00f\x00 \x00t\x00h\x00e\x00 \x00F\x00\
r\x00e\x00e\x00C\x00A\x00D\x00 \x00w\x00\
i\x00k\x00i\x00,\x00h\x00o\x00s\x00t\x00\
e\x00d\x00 \x00o\x00n\x00 \x00F\x00r\x00\
e\x00e\x00C\x00A\x00D\x00'\x00s\x00 \x00\
G\x00i\x00t\x00H\x00u\x00b\x00 \x00a\x00\
c\x00c\x00o\x00u\x00n\x00t\x00.\x00 \x00\
T\x00h\x00i\x00s\x00 \x00c\x00a\x00n\x00\
 \x00b\x00e\x00 \x00s\x00t\x00y\x00l\x00\
e\x00d\x00 \x00w\x00i\x00t\x00h\x00 \x00\
a\x00\x0a\x00c\x00u\x00s\x00t\x00o\x00m\x00\
 \x00s\x00t\x00y\x00l\x00e\x00s\x00h\x00\
e\x00e\x00t\x00 \x00b\x00e\x00l\x00o\x00\
w\x00 \x00a\x00n\x00d\x00 \x00c\x00a\x00\
n\x00 \x00l\x00o\x00o\x00k\x00 \x00n\x00\
i\x00c\x00e\x00r\x00 \x00t\x00h\x00a\x00\
n\x00 \x00t\x00h\x00e\x00 \x00w\x00i\x00\
k\x00i\x00 \x00o\x00p\x00t\x00i\x00o\x00\
n\x00.\x00 \x00T\x00h\x00e\x00 \x00'\x00\
M\x00a\x00r\x00k\x00d\x00o\x00w\x00n\x00\
'\x00 \x00o\x00r\x00\x0a\x00'\x00P\x00a\x00\
n\x00d\x00o\x00c\x00'\x00 \x00P\x00y\x00\
t\x00h\x00o\x00n\x00 \x00m\x00o\x00d\x00\
u\x00l\x00e\x00 \x00s\x00h\x00o\x00u\x00\
l\x00d\x00 \x00b\x00e\x00 \x00i\x00n\x00\
s\x00t\x00a\x00l\x00l\x00e\x00d\x00 \x00\
f\x00o\x00r\x00 \x00o\x00p\x00t\x00i\x00\
m\x00a\x00l\x00 \x00r\x00e\x00s\x00u\x00\
l\x00t\x00s\x00.\x08\x00\x00\x00\x00\x06\x00\x00\x01\
2The documentati\
on pages will be\
 fetched from an\
 automatic Markd\
own conversion\x0ao\
f the FreeCAD wi\
ki,hosted on Fre\
eCAD's GitHub ac\
count. This can \
be styled with a\
\x0acustom styleshe\
et below and can\
 look nicer than\
 the wiki option\
. The 'Markdown'\
 or\x0a'Pandoc' Pyt\
hon module shoul\
d be installed f\
or optimal resul\
ts.\x07\x00\x00\x00\x04Form\x01\x03\x00\x00\
\x00\xc2\x00T\x00h\x00e\x00 \x00d\x00o\x00c\
\x00u\x00m\x00e\x00n\x00t\x00a\x00t\x00i\
\x00o\x00n\x00 \x00p\x00a\x00g\x00e\x00s\
\x00 \x00w\x00i\x00l\x00l\x00 \x00b\x00e\
\x00 \x00f\x00e\x00t\x00c\x00h\x00e\x00d\
\x00 \x00f\x00r\x00o\x00m\x00 \x00t\x00h\
\x00e\x00 \x00o\x00f\x00f\x00i\x00c\x00i\
\x00a\x00l\x00\x0a\x00F\x00r\x00e\x00e\x00C\
\x00A\x00D\x00w\x00i\x00k\x00i\x00 \x00a\
\x00t\x00 \x00h\x00t\x00t\x00p\x00s\x00:\
\x00/\x00/\x00w\x00i\x00k\x00i\x00.\x00f\
\x00r\x00e\x00e\x00c\x00a\x00d\x00.\x00o\
\x00r\x00g\x08\x00\x00\x00\x00\x06\x00\x00\x00aTh\
e documentation \
pages will be fe\
tched from the o\
fficial\x0aFreeCADw\
iki at https://w\
iki.freecad.org\x07\
\x00\x00\x00\x04Form\x01\x03\x00\x00\x00\xfa\x00T\
\x00h\x00e\x00 \x00d\x00o\x00c\x00u\x00m\
\x00e\x00n\x00t\x00a\x00t\x00i\x00o\x00n\
\x00 \x00w\x00i\x00l\x00l\x00 \x00o\x00p\
\x00e\x00n\x00 \x00i\x00n\x00 \x00a\x00 \
\x00n\x00e\x00w\x00 \x00t\x00a\x00b\x00 \
\x00i\x00n\x00s\x00i\x00d\x00e\x00 \x00t\
\x00h\x00e\x00 \x00F\x00r\x00e\x00e\x00C\
\x00A\x00D\x00 \x00i\x00n\x00t\x00e\x00r\
\x00f\x00a\x00c\x00e\x00.\x00 \x00T\x00h\
\x00i\x00s\x00 \x00r\x00e\x00q\x00u\x00i\
\x00r\x00e\x00s\x00 \x00t\x00h\x00e\x00 \
\x00P\x00y\x00S\x00i\x00d\x00e\x00 \x00Q\
\x00t\x00W\x00e\x00b\x00e\x00n\x00g\x00i\
\x00n\x00e\x00W\x00i\x00d\x00g\x00e\x00t\
\x00s\x00 \x00c\x00o\x00m\x00p\x00o\x00n\
\x00e\x00n\x00t\x00.\x08\x00\x00\x00\x00\x06\x00\x00\
\x00}The documentat\
ion will open in\
 a new tab insid\
e the FreeCAD in\
terface. This re\
quires the PySid\
e QtWebengineWid\
gets component.\x07\
\x00\x00\x00\x04Form\x01\x03\x00\x00\x00l\x00T\
\x00h\x00e\x00 \x00d\x00o\x00c\x00u\x00m\
\x00e\x00n\x00t\x00a\x00t\x00i\x00o\x00n\
\x00 \x00w\x00i\x00l\x00l\x00 \x00o\x00p\
\x00e\x00n\x00 \x00i\x00n\x00 \x00t\x00h\
\x00e\x00 \x00d\x00e\x00f\x00a\x00u\x00l\
\x00t\x00 \x00w\x00e\x00b\x00 \x00b\x00r\
\x00o\x00w\x00s\x00e\x00r\x08\x00\x00\x00\x00\x06\
\x00\x00\x006The document\
ation will open \
in the default w\
eb browser\x07\x00\x00\x00\x04F\
orm\x01\x03\x00\x00\x00$\x00T\x00r\x00a\x00\
n\x00s\x00l\x00a\x00t\x00i\x00o\x00n\x00\
 \x00s\x00u\x00f\x00f\x00i\x00x\x08\x00\x00\
\x00\x00\x06\x00\x00\x00\x12Translati\
on suffix\x07\x00\x00\x00\x04Fo\
rm\x01\x03\x00\x00\x00\xe6\x00C\x00o\x00n\x00t\
\x00e\x00n\x00t\x00s\x00 \x00f\x00o\x00r\
\x00 \x00t\x00h\x00i\x00s\x00 \x00p\x00a\
\x00g\x00e\x00 \x00c\x00o\x00u\x00l\x00d\
\x00 \x00n\x00o\x00t\x00 \x00b\x00e\x00 \
\x00r\x00e\x00t\x00r\x00i\x00e\x00v\x00e\
\x00d\x00.\x00 \x00P\x00l\x00e\x00a\x00s\
\x00e\x00 \x00c\x00h\x00e\x00c\x00k\x00 \
\x00s\x00e\x00t\x00t\x00i\x00n\x00g\x00s\
\x00 \x00u\x00n\x00d\x00e\x00r\x00 \x00m\
\x00e\x00n\x00u\x00 \x00E\x00d\x00i\x00t\
\x00 !\x92\x00 \x00P\x00r\x00e\x00f\x00e\
\x00r\x00e\x00n\x00c\x00e\x00s\x00 !\x92\
\x00 \x00G\x00e\x00n\x00e\x00r\x00a\x00l\
\x00 !\x92\x00 \x00H\x00e\x00l\x00p\x08\x00\
\x00\x00\x00\x06\x00\x00\x00yContents\
 for this page c\
ould not be retr\
ieved. Please ch\
eck settings und\
er menu Edit \xe2\x86\x92\
 Preferences \xe2\x86\x92\
 General \xe2\x86\x92 Hel\
p\x07\x00\x00\x00\x04Help\x01\x03\x00\x00\x00\x10\
\x00L\x00a\x00g\x00u\x00n\x00t\x00z\x00a\
\x08\x00\x00\x00\x00\x06\x00\x00\x00\x04Help\x07\x00\
\x00\x00\x04Help\x01\x03\x00\x00\x00\xe2\x00H\x00\
e\x00l\x00p\x00 \x00f\x00i\x00l\x00e\x00\
s\x00 \x00l\x00o\x00c\x00a\x00t\x00i\x00\
o\x00n\x00 \x00c\x00o\x00u\x00l\x00d\x00\
 \x00n\x00o\x00t\x00 \x00b\x00e\x00 \x00\
d\x00e\x00t\x00e\x00r\x00m\x00i\x00n\x00\
e\x00d\x00.\x00 \x00P\x00l\x00e\x00a\x00\
s\x00e\x00 \x00c\x00h\x00e\x00c\x00k\x00\
 \x00s\x00e\x00t\x00t\x00i\x00n\x00g\x00\
s\x00 \x00u\x00n\x00d\x00e\x00r\x00 \x00\
m\x00e\x00n\x00u\x00 \x00E\x00d\x00i\x00\
t\x00 !\x92\x00 \x00P\x00r\x00e\x00f\x00\
e\x00r\x00e\x00n\x00c\x00e\x00s\x00 !\
\x92\x00 \x00G\x00e\x00n\x00e\x00r\x00a\x00\
l\x00 !\x92\x00 \x00H\x00e\x00l\x00p\x08\
\x00\x00\x00\x00\x06\x00\x00\x00wHelp fi\
les location cou\
ld not be determ\
ined. Please che\
ck settings unde\
r menu Edit \xe2\x86\x92 \
Preferences \xe2\x86\x92 \
General \xe2\x86\x92 Help\
\x07\x00\x00\x00\x04Help\x01\x03\x00\x00\x00\xc2\x00\
P\x00y\x00S\x00i\x00d\x00e\x00 \x00Q\x00\
t\x00W\x00e\x00b\x00E\x00n\x00g\x00i\x00\
n\x00e\x00W\x00i\x00d\x00g\x00e\x00t\x00\
s\x00 \x00m\x00o\x00d\x00u\x00l\x00e\x00\
 \x00i\x00s\x00 \x00n\x00o\x00t\x00 \x00\
a\x00v\x00a\x00i\x00l\x00a\x00b\x00l\x00\
e\x00.\x00 \x00H\x00e\x00l\x00p\x00 \x00\
r\x00e\x00n\x00d\x00e\x00r\x00i\x00n\x00\
g\x00 \x00i\x00s\x00 \x00d\x00o\x00n\x00\
e\x00 \x00w\x00i\x00t\x00h\x00 \x00t\x00\
h\x00e\x00 \x00s\x00y\x00s\x00t\x00e\x00\
m\x00 \x00b\x00r\x00o\x00w\x00s\x00e\x00\
r\x08\x00\x00\x00\x00\x06\x00\x00\x00aPySid\
e QtWebEngineWid\
gets module is n\
ot available. He\
lp rendering is \
done with the sy\
stem browser\x07\x00\x00\x00\
\x04Help\x01\x03\x00\x00\x01p\x00T\x00h\x00\
e\x00r\x00e\x00 \x00i\x00s\x00 \x00n\x00\
o\x00 \x00M\x00a\x00r\x00k\x00d\x00o\x00\
w\x00n\x00 \x00r\x00e\x00n\x00d\x00e\x00\
r\x00e\x00r\x00 \x00i\x00n\x00s\x00t\x00\
a\x00l\x00l\x00e\x00d\x00 \x00o\x00n\x00\
 \x00y\x00o\x00u\x00r\x00 \x00s\x00y\x00\
s\x00t\x00e\x00m\x00,\x00 \x00s\x00o\x00\
 \x00t\x00h\x00i\x00s\x00 \x00h\x00e\x00\
l\x00p\x00 \x00p\x00a\x00g\x00e\x00 \x00\
i\x00s\x00 \x00r\x00e\x00n\x00d\x00e\x00\
r\x00e\x00d\x00 \x00a\x00s\x00 \x00i\x00\
s\x00.\x00 \x00P\x00l\x00e\x00a\x00s\x00\
e\x00 \x00i\x00n\x00s\x00t\x00a\x00l\x00\
l\x00 \x00t\x00h\x00e\x00 \x00M\x00a\x00\
r\x00k\x00d\x00o\x00w\x00n\x00 \x00o\x00\
r\x00 \x00P\x00a\x00n\x00d\x00o\x00c\x00\
 \x00P\x00y\x00t\x00h\x00o\x00n\x00 \x00\
m\x00o\x00d\x00u\x00l\x00e\x00s\x00 \x00\
t\x00o\x00 \x00i\x00m\x00p\x00r\x00o\x00\
v\x00e\x00 \x00t\x00h\x00e\x00 \x00r\x00\
e\x00n\x00d\x00e\x00r\x00i\x00n\x00g\x00\
 \x00o\x00f\x00 \x00t\x00h\x00i\x00s\x00\
 \x00p\x00a\x00g\x00e\x00.\x08\x00\x00\x00\x00\
\x06\x00\x00\x00\xb8There is no\
 Markdown render\
er installed on \
your system, so \
this help page i\
s rendered as is\
. Please install\
 the Markdown or\
 Pandoc Python m\
odules to improv\
e the rendering \
of this page.\x07\x00\x00\
\x00\x04Help\x01\x03\x00\x00\x00\x10\x00O\x00r\
\x00o\x00k\x00o\x00r\x00r\x00a\x08\x00\x00\x00\
\x00\x06\x00\x00\x00\x07General\x07\x00\x00\
\x00\x07QObject\x01\x88\x00\x00\x00\x02\x01\
\x01\
\x00\x00&N\
<\
\xb8d\x18\xca\xef\x9c\x95\xcd!\x1c\xbf`\xa1\xbd\xdd\xa7\
\x00\x00\x00\x02deB\x00\x00\x00\xf0\x00\x04\xec0\x00\
\x00\x06\x96\x00\x04\xec0\x00\x00\x1f5\x00\x99N\xa8\x00\
\x00\x1d0\x018!.\x00\x00\x158\x01\x82\xc62\x00\
\x00!\x1e\x02mV`\x00\x00\x1f\x5c\x04\x1e\xf1\x82\x00\
\x00\x06\xbd\x04Dm9\x00\x00\x05\xf8\x04T\x18N\x00\
\x00\x13\x95\x04\x89?'\x00\x00\x07\x14\x04\xde1)\x00\
\x00\x07\xf4\x05M7\xf2\x00\x00\x07\x9b\x05\xa6\xc8\x95\x00\
\x00\x13j\x06{\x06\x03\x00\x00\x0aI\x06\xa4]\x8e\x00\
\x00\x0ay\x07\x07\xe0\x0e\x00\x00\x1a\xbf\x07t\x8a\x94\x00\
\x00\x01\xe2\x09\x82\xac\xae\x00\x00\x00\x00\x09\xd5\xc9.\x00\
\x00\x02v\x0auc\xd7\x00\x00\x19u\x0b\x0ar\xc9\x00\
\x00\x02H\x0c\xe2\x80\xae\x00\x00\x04\xac\x0d\xb7\x06\x10\x00\
\x00\x1d\x81\x0d\xc4\xc8<\x00\x00%\x01\x0e*j\xae\x00\
\x00\x22x\x0ek8\x9e\x00\x00\x0e\xdf\x0e\x8d\xd4\x82\x00\
\x00\x1cu\x0e\xca\x08\x89\x00\x00\x06P\x0f-\x13\xae\x00\
\x00\x01\x80\x0fE\xeb\x1e\x00\x00\x08Xi\x00\x00%6\
\x03\x00\x00\x01\x0a\x00E\x00i\x00n\x00 \x00\xdc\x00\
b\x00e\x00r\x00s\x00e\x00t\x00z\x00u\x00\
n\x00g\x00s\x00k\x00e\x00n\x00n\x00z\x00\
e\x00i\x00c\x00h\x00e\x00n\x00,\x00 \x00\
d\x00a\x00s\x00 \x00v\x00e\x00r\x00w\x00\
e\x00n\x00d\x00e\x00t\x00 \x00w\x00i\x00\
r\x00d\x00,\x00 \x00w\x00i\x00e\x00 \x00\
b\x00e\x00i\x00s\x00p\x00i\x00e\x00l\x00\
s\x00w\x00e\x00i\x00s\x00e\x00 \x00\x22\x00\
d\x00e\x00\x22\x00,\x00\x0a\x00 \x00u\x00m\x00\
 \x00d\x00i\x00e\x00 \x00d\x00e\x00u\x00\
t\x00s\x00c\x00h\x00e\x00 \x00\xdc\x00b\x00\
e\x00r\x00s\x00e\x00t\x00z\x00u\x00n\x00\
g\x00 \x00d\x00e\x00r\x00 \x00D\x00o\x00\
k\x00u\x00m\x00e\x00n\x00t\x00a\x00t\x00\
i\x00o\x00n\x00 \x00z\x00u\x00 \x00e\x00\
r\x00h\x00a\x00l\x00t\x00e\x00n\x00.\x08\
\x00\x00\x00\x00\x06\x00\x00\x00]A trans\
lation suffix to\
 use, for exampl\
e \x22fr\x22\x0ato get Fr\
ench translation\
 of the document\
ation.\x07\x00\x00\x00\x04Form\x01\
\x03\x00\x00\x00:\x00B\x00e\x00n\x00u\x00t\x00\
z\x00e\x00r\x00d\x00e\x00f\x00i\x00n\x00\
i\x00e\x00r\x00t\x00e\x00r\x00 \x00A\x00\
b\x00l\x00a\x00g\x00e\x00o\x00r\x00t\x08\
\x00\x00\x00\x00\x06\x00\x00\x00\x0fCustom \
location\x07\x00\x00\x00\x04For\
m\x01\x03\x00\x00\x00<\x00B\x00e\x00n\x00u\x00\
t\x00z\x00e\x00r\x00d\x00e\x00f\x00i\x00\
n\x00i\x00e\x00r\x00t\x00e\x00 \x00S\x00\
t\x00i\x00l\x00v\x00o\x00r\x00l\x00a\x00\
g\x00e\x08\x00\x00\x00\x00\x06\x00\x00\x00\x11Cus\
tom stylesheet\x07\x00\
\x00\x00\x04Form\x01\x03\x00\x00\x00\x0e\x00A\x00\
n\x00z\x00e\x00i\x00g\x00e\x08\x00\x00\x00\x00\
\x06\x00\x00\x00\x07Display\x07\x00\x00\x00\
\x04Form\x01\x03\x00\x00\x01\x88\x00D\x00i\x00\
e\x00 \x00D\x00o\x00k\x00u\x00m\x00e\x00\
n\x00t\x00a\x00t\x00i\x00o\x00n\x00 \x00\
w\x00i\x00r\x00d\x00 \x00i\x00n\x00 \x00\
e\x00i\x00n\x00e\x00m\x00 \x00a\x00n\x00\
d\x00o\x00c\x00k\x00b\x00a\x00r\x00e\x00\
n\x00 \x00D\x00i\x00a\x00l\x00o\x00g\x00\
 \x00i\x00n\x00n\x00e\x00r\x00h\x00a\x00\
l\x00b\x00 \x00v\x00o\x00n\x00 \x00F\x00\
r\x00e\x00e\x00C\x00A\x00D\x00 \x00g\x00\
e\x00\xf6\x00f\x00f\x00n\x00e\x00t\x00,\x00\
 \x00w\x00o\x00d\x00u\x00r\x00c\x00h\x00\
 \x00g\x00l\x00e\x00i\x00c\x00h\x00z\x00\
e\x00i\x00t\x00i\x00g\x00 \x00i\x00n\x00\
 \x00d\x00e\x00r\x00 \x003\x00D\x00-\x00\
A\x00n\x00s\x00i\x00c\x00h\x00t\x00 \x00\
g\x00e\x00a\x00r\x00b\x00e\x00i\x00t\x00\
e\x00t\x00 \x00w\x00e\x00r\x00d\x00e\x00\
n\x00 \x00k\x00a\x00n\x00n\x00.\x00\x0a\x00\
B\x00e\x00n\x00\xf6\x00t\x00i\x00g\x00t\x00\
 \x00d\x00i\x00e\x00 \x00P\x00y\x00S\x00\
i\x00d\x00e\x00 \x00Q\x00t\x00W\x00e\x00\
b\x00e\x00n\x00g\x00i\x00n\x00e\x00W\x00\
i\x00d\x00g\x00e\x00t\x00s\x00-\x00K\x00\
o\x00m\x00p\x00o\x00n\x00e\x00n\x00t\x00\
e\x00.\x08\x00\x00\x00\x00\x06\x00\x00\x00\x95Doc\
umentation opens\
 in a dockable d\
ialog within Fre\
eCAD, allowing s\
imultaneous work\
 in the 3D view.\
\x0aRequires the Py\
Side QtWebengine\
Widgets componen\
t.\x07\x00\x00\x00\x04Form\x01\x03\x00\x00\x00\
\xda\x00H\x00o\x00l\x00t\x00 \x00d\x00i\x00\
e\x00 \x00D\x00o\x00k\x00u\x00m\x00e\x00\
n\x00t\x00a\x00t\x00i\x00o\x00n\x00 \x00\
v\x00o\x00n\x00 \x00S\x00e\x00i\x00t\x00\
e\x00n\x00,\x00 \x00d\x00i\x00e\x00 \x00\
a\x00u\x00f\x00 \x00G\x00i\x00t\x00H\x00\
u\x00b\x00 \x00g\x00e\x00r\x00e\x00n\x00\
d\x00e\x00r\x00t\x00 \x00w\x00e\x00r\x00\
d\x00e\x00n\x00.\x00 \x00D\x00i\x00e\x00\
s\x00e\x00 \x00O\x00p\x00t\x00i\x00o\x00\
n\x00 \x00i\x00s\x00t\x00 \x00d\x00e\x00\
r\x00z\x00e\x00i\x00t\x00 \x00n\x00i\x00\
c\x00h\x00t\x00 \x00v\x00e\x00r\x00f\x00\
\xfc\x00g\x00b\x00a\x00r\x00.\x08\x00\x00\x00\x00\
\x06\x00\x00\x00YFetches the\
 documentation f\
rom pages render\
ed on GitHub.\x0aTh\
is is currently \
not available.\x07\x00\
\x00\x00\x04Form\x01\x03\x00\x00\x00*\x00F\x00\
r\x00e\x00e\x00C\x00A\x00D\x00-\x00W\x00\
i\x00k\x00i\x00 \x00(\x00o\x00n\x00l\x00\
i\x00n\x00e\x00)\x08\x00\x00\x00\x00\x06\x00\x00\x00\
\x15FreeCAD Wiki (o\
nline)\x07\x00\x00\x00\x04Form\x01\
\x03\x00\x00\x00\x1e\x00G\x00i\x00t\x00H\x00u\x00\
b\x00 \x00(\x00o\x00n\x00l\x00i\x00n\x00\
e\x00)\x08\x00\x00\x00\x00\x06\x00\x00\x00\x0fGit\
Hub (online)\x07\x00\x00\x00\
\x04Form\x01\x03\x00\x00\x00\x0a\x00H\x00i\x00\
l\x00f\x00e\x08\x00\x00\x00\x00\x06\x00\x00\x00\x04H\
elp\x07\x00\x00\x00\x04Form\x01\x03\x00\x00\
\x00.\x00I\x00n\x00 \x00e\x00i\x00n\x00e\
\x00m\x00 \x00F\x00r\x00e\x00e\x00C\x00A\
\x00D\x00-\x00R\x00e\x00i\x00t\x00e\x00r\
\x08\x00\x00\x00\x00\x06\x00\x00\x00\x10In a F\
reeCAD tab\x07\x00\x00\x00\x04F\
orm\x01\x03\x00\x00\x00N\x00I\x00n\x00 \x00\
e\x00i\x00n\x00e\x00m\x00 \x00s\x00e\x00\
p\x00a\x00r\x00a\x00t\x00e\x00n\x00,\x00\
 \x00e\x00i\x00n\x00b\x00e\x00t\x00t\x00\
b\x00a\x00r\x00e\x00n\x00 \x00D\x00i\x00\
a\x00l\x00o\x00g\x08\x00\x00\x00\x00\x06\x00\x00\x00\
 In a separate, \
embeddable dialo\
g\x07\x00\x00\x00\x04Form\x01\x03\x00\x00\x00&\
\x00I\x00m\x00 \x00S\x00t\x00a\x00n\x00d\
\x00a\x00r\x00d\x00-\x00B\x00r\x00o\x00w\
\x00s\x00e\x00r\x08\x00\x00\x00\x00\x06\x00\x00\x00\x1a\
In the default w\
eb browser\x07\x00\x00\x00\x04F\
orm\x01\x03\x00\x00\x002\x00M\x00a\x00r\x00\
k\x00d\x00o\x00w\x00n\x00-\x00V\x00e\x00\
r\x00s\x00i\x00o\x00n\x00 \x00(\x00o\x00\
n\x00l\x00i\x00n\x00e\x00)\x08\x00\x00\x00\x00\
\x06\x00\x00\x00\x19Markdown ve\
rsion (online)\x07\x00\
\x00\x00\x04Form\x01\x03\x00\x00\x01L\x00H\x00\
i\x00n\x00w\x00e\x00i\x00s\x00:\x00 \x00\
W\x00e\x00n\x00n\x00 \x00P\x00y\x00S\x00\
i\x00d\x00e\x00-\x00W\x00e\x00b\x00-\x00\
K\x00o\x00m\x00p\x00o\x00n\x00e\x00n\x00\
t\x00e\x00n\x00 \x00n\x00i\x00c\x00h\x00\
t\x00 \x00a\x00u\x00f\x00 \x00d\x00e\x00\
m\x00 \x00S\x00y\x00s\x00t\x00e\x00m\x00\
 \x00g\x00e\x00f\x00u\x00n\x00d\x00e\x00\
n\x00 \x00w\x00e\x00r\x00d\x00e\x00n\x00\
,\x00 \x00w\x00e\x00r\x00d\x00e\x00n\x00\
 \x00H\x00i\x00l\x00f\x00e\x00-\x00S\x00\
e\x00i\x00t\x00e\x00n\x00 \x00i\x00m\x00\
 \x00S\x00t\x00a\x00n\x00d\x00a\x00r\x00\
d\x00-\x00W\x00e\x00b\x00b\x00r\x00o\x00\
w\x00s\x00e\x00r\x00 \x00g\x00e\x00\xf6\x00\
f\x00f\x00n\x00e\x00t\x00,\x00 \x00u\x00\
n\x00a\x00b\x00h\x00\xe4\x00n\x00g\x00i\x00\
g\x00 \x00v\x00o\x00n\x00 \x00d\x00e\x00\
n\x00 \x00f\x00o\x00l\x00g\x00e\x00n\x00\
d\x00e\x00n\x00 \x00O\x00p\x00t\x00i\x00\
o\x00n\x00e\x00n\x00.\x08\x00\x00\x00\x00\x06\x00\
\x00\x00\x8cNote: if PySi\
de Web component\
s are not found \
on the system, h\
elp pages will o\
pen in the defau\
lt web browser r\
egardless of the\
 options below.\x07\
\x00\x00\x00\x04Form\x01\x03\x00\x00\x00\x10\x00O\
\x00p\x00t\x00i\x00o\x00n\x00e\x00n\x08\x00\
\x00\x00\x00\x06\x00\x00\x00\x07Options\x07\
\x00\x00\x00\x04Form\x01\x03\x00\x00\x02\xf6\x00H\
\x00i\x00e\x00r\x00 \x00e\x00i\x00n\x00e\
\x00 \x00e\x00i\x00g\x00e\x00n\x00e\x00 \
\x00U\x00R\x00L\x00 \x00o\x00d\x00e\x00r\
\x00 \x00d\x00e\x00n\x00 \x00O\x00r\x00d\
\x00n\x00e\x00r\x00 \x00a\x00n\x00g\x00e\
\x00b\x00e\x00n\x00,\x00 \x00w\x00o\x00 \
\x00s\x00i\x00c\x00h\x00 \x00d\x00i\x00e\
\x00 \x00H\x00i\x00l\x00f\x00e\x00d\x00a\
\x00t\x00e\x00i\x00e\x00n\x00 \x00b\x00e\
\x00f\x00i\x00n\x00d\x00e\x00n\x00.\x00 \
\x00D\x00i\x00e\x00 \x00D\x00o\x00k\x00u\
\x00m\x00e\x00n\x00t\x00a\x00t\x00i\x00o\
\x00n\x00 \x00k\x00a\x00n\x00n\x00 \x00f\
\x00\xfc\x00r\x00 \x00d\x00i\x00e\x00 \x00O\
\x00f\x00f\x00l\x00i\x00n\x00e\x00-\x00V\
\x00e\x00r\x00w\x00e\x00n\x00d\x00u\x00n\
\x00g\x00 \x00m\x00i\x00t\x00 \x00d\x00e\
\x00m\x00 \x00A\x00d\x00d\x00o\x00n\x00-\
\x00M\x00a\x00n\x00a\x00g\x00e\x00r\x00 \
\x00h\x00e\x00r\x00u\x00n\x00t\x00e\x00r\
\x00g\x00e\x00l\x00a\x00d\x00e\x00n\x00 \
\x00u\x00n\x00d\x00 \x00d\x00a\x00s\x00 \
\x00\x22\x00O\x00f\x00f\x00l\x00i\x00n\x00e\
\x00-\x00D\x00o\x00c\x00u\x00m\x00e\x00n\
\x00t\x00a\x00t\x00i\x00o\x00n\x00\x22\x00-\
\x00A\x00d\x00d\x00o\x00n\x00 \x00i\x00n\
\x00s\x00t\x00a\x00l\x00l\x00i\x00e\x00r\
\x00t\x00 \x00w\x00e\x00r\x00d\x00e\x00n\
\x00.\x00 \x00B\x00l\x00e\x00i\x00b\x00t\
\x00 \x00d\x00i\x00e\x00s\x00e\x00s\x00 \
\x00F\x00e\x00l\x00d\x00 \x00l\x00e\x00e\
\x00r\x00,\x00 \x00w\x00i\x00r\x00d\x00 \
\x00F\x00r\x00e\x00e\x00C\x00A\x00D\x00 \
\x00d\x00i\x00e\x00 \x00H\x00i\x00l\x00f\
\x00e\x00d\x00a\x00t\x00e\x00i\x00e\x00n\
\x00 \x00a\x00u\x00t\x00o\x00m\x00a\x00t\
\x00i\x00s\x00c\x00h\x00 \x00a\x00n\x00 \
\x00d\x00e\x00m\x00 \x00v\x00o\x00r\x00e\
\x00i\x00n\x00g\x00e\x00s\x00t\x00e\x00l\
\x00l\x00t\x00e\x00n\x00 \x00A\x00b\x00l\
\x00a\x00g\x00e\x00o\x00r\x00t\x00 \x00s\
\x00u\x00c\x00h\x00e\x00n\x00 \x00(\x00$\
\x00U\x00S\x00E\x00R\x00A\x00P\x00P\x00D\
\x00A\x00T\x00A\x00D\x00I\x00R\x00/\x00M\
\x00o\x00d\x00/\x00o\x00f\x00f\x00l\x00i\
\x00n\x00e\x00-\x00d\x00o\x00c\x00u\x00m\
\x00e\x00n\x00t\x00a\x00t\x00i\x00o\x00n\
\x00)\x00.\x08\x00\x00\x00\x00\x06\x00\x00\x01WSe\
t this to a cust\
om URL or the fo\
lder where the h\
elp files are lo\
cated.\x0aDocumenta\
tion can be down\
loaded for offli\
ne use via the A\
ddon Manager and\
 installing the\x0a\
\x22offline-documen\
tation\x22 addon. I\
f this field is \
left blank, Free\
CAD will\x0aautomat\
ically search fo\
r the help files\
 at the default \
location\x0a($USERA\
PPDATADIR/Mod/of\
fline-documentat\
ion).\x07\x00\x00\x00\x04Form\x01\x03\
\x00\x00\x03\x0c\x00H\x00i\x00e\x00r\x00 \x00e\
\x00i\x00n\x00e\x00 \x00e\x00i\x00g\x00e\
\x00n\x00e\x00 \x00U\x00R\x00L\x00 \x00o\
\x00d\x00e\x00r\x00 \x00e\x00i\x00n\x00e\
\x00n\x00 \x00e\x00i\x00g\x00e\x00n\x00e\
\x00n\x00 \x00O\x00r\x00d\x00n\x00e\x00r\
\x00 \x00a\x00n\x00g\x00e\x00b\x00e\x00n\
\x00,\x00 \x00w\x00o\x00 \x00s\x00i\x00c\
\x00h\x00 \x00d\x00i\x00e\x00 \x00H\x00i\
\x00l\x00f\x00e\x00d\x00a\x00t\x00e\x00i\
\x00e\x00n\x00 \x00b\x00e\x00f\x00i\x00n\
\x00d\x00e\x00n\x00.\x00 \x00D\x00i\x00e\
\x00 \x00D\x00o\x00k\x00u\x00m\x00e\x00n\
\x00t\x00a\x00t\x00i\x00o\x00n\x00 \x00k\
\x00a\x00n\x00n\x00 \x00f\x00\xfc\x00r\x00 \
\x00d\x00i\x00e\x00 \x00O\x00f\x00f\x00l\
\x00i\x00n\x00e\x00-\x00V\x00e\x00r\x00w\
\x00e\x00n\x00d\x00u\x00n\x00g\x00 \x00e\
\x00i\x00n\x00f\x00a\x00c\x00h\x00 \x00m\
\x00i\x00t\x00 \x00d\x00e\x00m\x00 \x00A\
\x00d\x00d\x00o\x00n\x00-\x00M\x00a\x00n\
\x00a\x00g\x00e\x00r\x00 \x00h\x00e\x00r\
\x00u\x00n\x00t\x00e\x00r\x00g\x00e\x00l\
\x00a\x00d\x00e\x00n\x00 \x00u\x00n\x00d\
\x00 \x00d\x00a\x00s\x00 \x00\x22\x00O\x00f\
\x00f\x00l\x00i\x00n\x00e\x00-\x00D\x00o\
\x00c\x00u\x00m\x00e\x00n\x00t\x00a\x00t\
\x00i\x00o\x00n\x00\x22\x00-\x00A\x00d\x00d\
\x00o\x00n\x00 \x00i\x00n\x00s\x00t\x00a\
\x00l\x00l\x00i\x00e\x00r\x00t\x00 \x00w\
\x00e\x00r\x00d\x00e\x00n\x00.\x00 \x00I\
\x00s\x00t\x00 \x00d\x00i\x00e\x00s\x00e\
\x00s\x00 \x00F\x00e\x00l\x00d\x00 \x00l\
\x00e\x00e\x00r\x00,\x00 \x00w\x00i\x00r\
\x00d\x00 \x00F\x00r\x00e\x00e\x00C\x00A\
\x00D\x00 \x00d\x00i\x00e\x00 \x00H\x00i\
\x00l\x00f\x00e\x00d\x00a\x00t\x00e\x00i\
\x00e\x00n\x00 \x00a\x00u\x00t\x00o\x00m\
\x00a\x00t\x00i\x00s\x00c\x00h\x00 \x00a\
\x00m\x00 \x00v\x00o\x00r\x00e\x00i\x00n\
\x00g\x00e\x00s\x00t\x00e\x00l\x00l\x00t\
\x00e\x00n\x00 \x00A\x00b\x00l\x00a\x00g\
\x00e\x00o\x00r\x00t\x00 \x00s\x00u\x00c\
\x00h\x00e\x00n\x00 \x00(\x00$\x00U\x00S\
\x00E\x00R\x00A\x00P\x00P\x00D\x00A\x00T\
\x00A\x00D\x00I\x00R\x00/\x00M\x00o\x00d\
\x00/\x00o\x00f\x00f\x00l\x00i\x00n\x00e\
\x00-\x00d\x00o\x00c\x00u\x00m\x00e\x00n\
\x00t\x00a\x00t\x00i\x00o\x00n\x00)\x00.\
\x08\x00\x00\x00\x00\x06\x00\x00\x01fSet th\
is to a custom U\
RL or the folder\
 where the help \
files are locate\
d.\x0aYou can easil\
y download the d\
ocumentation for\
 offline use by \
using the Addon\x0a\
Manager and inst\
alling the \x22offl\
ine-documentatio\
n\x22 addon. If thi\
s\x0afield is left \
blank, FreeCAD w\
ill automaticall\
y search for the\
 help files at\x0at\
he default locat\
ion ($USERAPPDAT\
ADIR/Mod/offline\
-documentation).\
\x07\x00\x00\x00\x04Form\x01\x03\x00\x00\x00\x0c\x00\
Q\x00u\x00e\x00l\x00l\x00e\x08\x00\x00\x00\x00\
\x06\x00\x00\x00\x06Source\x07\x00\x00\x00\x04\
Form\x01\x03\x00\x00\x01\x12\x00A\x00n\x00g\
\x00a\x00b\x00e\x00 \x00e\x00i\x00n\x00e\
\x00s\x00 \x00P\x00f\x00a\x00d\x00s\x00 \
\x00z\x00u\x00 \x00e\x00i\x00n\x00e\x00r\
\x00 \x00a\x00l\x00t\x00e\x00r\x00n\x00a\
\x00t\x00i\x00v\x00e\x00n\x00 \x00C\x00S\
\x00S\x00-\x00D\x00a\x00t\x00e\x00i\x00 \
\x00f\x00\xfc\x00r\x00 \x00d\x00a\x00s\x00 \
\x00S\x00t\x00y\x00l\x00i\x00n\x00g\x00 \
\x00v\x00o\x00n\x00 \x00M\x00a\x00r\x00k\
\x00d\x00o\x00w\x00n\x00-\x00S\x00e\x00i\
\x00t\x00e\x00n\x00.\x00\x0a\x00D\x00i\x00e\
\x00s\x00 \x00g\x00i\x00l\x00t\x00 \x00n\
\x00u\x00r\x00,\x00 \x00w\x00e\x00n\x00n\
\x00 \x00M\x00a\x00r\x00k\x00d\x00o\x00w\
\x00n\x00 \x00o\x00b\x00e\x00n\x00 \x00a\
\x00u\x00s\x00g\x00e\x00w\x00\xe4\x00h\x00l\
\x00t\x00 \x00i\x00s\x00t\x00.\x08\x00\x00\x00\
\x00\x06\x00\x00\x00xSpecify th\
e path to an alt\
ernative CSS fil\
e for styling Ma\
rkdown pages.\x0aTh\
is only applies \
if Markdown is s\
elected above.\x07\x00\
\x00\x00\x04Form\x01\x03\x00\x00\x02\xf2\x00D\x00\
i\x00e\x00 \x00S\x00e\x00i\x00t\x00e\x00\
n\x00 \x00d\x00e\x00r\x00 \x00D\x00o\x00\
k\x00u\x00m\x00e\x00n\x00t\x00a\x00t\x00\
i\x00o\x00n\x00 \x00w\x00e\x00r\x00d\x00\
e\x00n\x00 \x00v\x00o\x00n\x00 \x00e\x00\
i\x00n\x00e\x00r\x00 \x00a\x00u\x00t\x00\
o\x00m\x00a\x00t\x00i\x00s\x00c\x00h\x00\
e\x00n\x00 \x00M\x00a\x00r\x00k\x00d\x00\
o\x00w\x00n\x00-\x00U\x00m\x00w\x00a\x00\
n\x00d\x00l\x00u\x00n\x00g\x00\x0a\x00d\x00\
e\x00s\x00 \x00F\x00r\x00e\x00e\x00C\x00\
A\x00D\x00-\x00W\x00i\x00k\x00i\x00s\x00\
 \x00g\x00e\x00h\x00o\x00l\x00t\x00,\x00\
 \x00d\x00i\x00e\x00 \x00a\x00u\x00f\x00\
 \x00F\x00r\x00e\x00e\x00C\x00A\x00D\x00\
s\x00 \x00G\x00i\x00t\x00H\x00u\x00b\x00\
-\x00A\x00c\x00c\x00o\x00u\x00n\x00t\x00\
 \x00b\x00e\x00r\x00e\x00i\x00t\x00g\x00\
e\x00s\x00t\x00e\x00l\x00l\x00t\x00 \x00\
w\x00i\x00r\x00d\x00.\x00 \x00D\x00i\x00\
e\x00s\x00e\x00 \x00k\x00a\x00n\x00n\x00\
 \x00m\x00i\x00t\x00 \x00e\x00i\x00n\x00\
e\x00r\x00\x0a\x00s\x00e\x00l\x00b\x00s\x00\
t\x00e\x00r\x00s\x00t\x00e\x00l\x00l\x00\
t\x00e\x00n\x00 \x00S\x00t\x00i\x00l\x00\
v\x00o\x00r\x00l\x00a\x00g\x00e\x00 \x00\
w\x00e\x00i\x00t\x00e\x00r\x00 \x00u\x00\
n\x00t\x00e\x00n\x00 \x00a\x00n\x00g\x00\
e\x00p\x00a\x00s\x00s\x00t\x00 \x00w\x00\
e\x00r\x00d\x00e\x00n\x00 \x00u\x00n\x00\
d\x00 \x00d\x00a\x00d\x00u\x00r\x00c\x00\
h\x00 \x00n\x00e\x00t\x00t\x00e\x00r\x00\
 \x00a\x00u\x00s\x00s\x00e\x00h\x00e\x00\
n\x00,\x00\x0a\x00a\x00l\x00s\x00 \x00d\x00\
i\x00e\x00 \x00W\x00i\x00k\x00i\x00-\x00\
V\x00e\x00r\x00s\x00i\x00o\x00n\x00.\x00\
 \x00F\x00\xfc\x00r\x00 \x00b\x00e\x00s\x00\
t\x00e\x00 \x00E\x00r\x00g\x00e\x00b\x00\
n\x00i\x00s\x00s\x00e\x00 \x00s\x00o\x00\
l\x00l\x00t\x00e\x00 \x00d\x00a\x00s\x00\
 \x00P\x00y\x00t\x00h\x00o\x00n\x00-\x00\
M\x00o\x00d\x00u\x00l\x00 \x00'\x00M\x00\
a\x00r\x00k\x00d\x00o\x00w\x00n\x00'\x00\
\x0a\x00o\x00d\x00e\x00r\x00 \x00'\x00P\x00\
a\x00n\x00d\x00o\x00c\x00'\x00 \x00i\x00\
n\x00s\x00t\x00a\x00l\x00l\x00i\x00e\x00\
r\x00t\x00 \x00s\x00e\x00i\x00n\x00.\x08\
\x00\x00\x00\x00\x06\x00\x00\x012The doc\
umentation pages\
 will be fetched\
 from an automat\
ic Markdown conv\
ersion\x0aof the Fr\
eeCAD wiki,hoste\
d on FreeCAD's G\
itHub account. T\
his can be style\
d with a\x0acustom \
stylesheet below\
 and can look ni\
cer than the wik\
i option. The 'M\
arkdown' or\x0a'Pan\
doc' Python modu\
le should be ins\
talled for optim\
al results.\x07\x00\x00\x00\x04\
Form\x01\x03\x00\x00\x00\xd0\x00D\x00i\x00e\
\x00 \x00S\x00e\x00i\x00t\x00e\x00n\x00 \
\x00d\x00e\x00r\x00 \x00D\x00o\x00k\x00u\
\x00m\x00e\x00n\x00t\x00a\x00t\x00i\x00o\
\x00n\x00 \x00w\x00e\x00r\x00d\x00e\x00n\
\x00 \x00a\x00u\x00s\x00 \x00d\x00e\x00m\
\x00 \x00o\x00f\x00f\x00i\x00z\x00i\x00e\
\x00l\x00l\x00e\x00n\x00\x0a\x00F\x00r\x00e\
\x00e\x00C\x00A\x00D\x00-\x00W\x00i\x00k\
\x00i\x00 \x00a\x00u\x00f\x00 \x00h\x00t\
\x00t\x00p\x00s\x00:\x00/\x00/\x00w\x00i\
\x00k\x00i\x00.\x00f\x00r\x00e\x00e\x00c\
\x00a\x00d\x00.\x00o\x00r\x00g\x00 \x00g\
\x00e\x00h\x00o\x00l\x00t\x08\x00\x00\x00\x00\x06\
\x00\x00\x00aThe document\
ation pages will\
 be fetched from\
 the official\x0aFr\
eeCADwiki at htt\
ps://wiki.freeca\
d.org\x07\x00\x00\x00\x04Form\x01\x03\
\x00\x00\x01 \x00D\x00i\x00e\x00 \x00D\x00o\
\x00k\x00u\x00m\x00e\x00n\x00t\x00a\x00t\
\x00i\x00o\x00n\x00 \x00w\x00i\x00r\x00d\
\x00 \x00i\x00n\x00 \x00e\x00i\x00n\x00e\
\x00m\x00 \x00n\x00e\x00u\x00e\x00n\x00 \
\x00R\x00e\x00i\x00t\x00e\x00r\x00 \x00i\
\x00n\x00n\x00e\x00r\x00h\x00a\x00l\x00b\
\x00 \x00d\x00e\x00r\x00 \x00F\x00r\x00e\
\x00e\x00C\x00A\x00D\x00-\x00O\x00b\x00e\
\x00r\x00f\x00l\x00\xe4\x00c\x00h\x00e\x00 \
\x00g\x00e\x00\xf6\x00f\x00f\x00n\x00e\x00t\
\x00.\x00 \x00D\x00i\x00e\x00s\x00 \x00e\
\x00r\x00f\x00o\x00r\x00d\x00e\x00r\x00t\
\x00 \x00d\x00i\x00e\x00 \x00P\x00y\x00S\
\x00i\x00d\x00e\x00-\x00K\x00o\x00m\x00p\
\x00o\x00n\x00e\x00n\x00t\x00e\x00 \x00Q\
\x00t\x00W\x00e\x00b\x00e\x00n\x00g\x00i\
\x00n\x00e\x00W\x00i\x00d\x00g\x00e\x00t\
\x00s\x00.\x08\x00\x00\x00\x00\x06\x00\x00\x00}Th\
e documentation \
will open in a n\
ew tab inside th\
e FreeCAD interf\
ace. This requir\
es the PySide Qt\
WebengineWidgets\
 component.\x07\x00\x00\x00\x04\
Form\x01\x03\x00\x00\x00l\x00D\x00i\x00e\
\x00 \x00D\x00o\x00k\x00u\x00m\x00e\x00n\
\x00t\x00a\x00t\x00i\x00o\x00n\x00 \x00w\
\x00i\x00r\x00d\x00 \x00i\x00m\x00 \x00S\
\x00t\x00a\x00n\x00d\x00a\x00r\x00d\x00-\
\x00W\x00e\x00b\x00b\x00r\x00o\x00w\x00s\
\x00e\x00r\x00 \x00g\x00e\x00\xf6\x00f\x00f\
\x00n\x00e\x00t\x08\x00\x00\x00\x00\x06\x00\x00\x006\
The documentatio\
n will open in t\
he default web b\
rowser\x07\x00\x00\x00\x04Form\x01\
\x03\x00\x00\x00&\x00\xdc\x00b\x00e\x00r\x00s\x00\
e\x00t\x00z\x00u\x00n\x00g\x00s\x00-\x00\
S\x00u\x00f\x00f\x00i\x00x\x08\x00\x00\x00\x00\
\x06\x00\x00\x00\x12Translation\
 suffix\x07\x00\x00\x00\x04Form\
\x01\x03\x00\x00\x01\x22\x00I\x00n\x00h\x00a\x00l\
\x00t\x00e\x00 \x00f\x00\xfc\x00r\x00 \x00d\
\x00i\x00e\x00s\x00e\x00 \x00S\x00e\x00i\
\x00t\x00e\x00 \x00k\x00o\x00n\x00n\x00t\
\x00e\x00n\x00 \x00n\x00i\x00c\x00h\x00t\
\x00 \x00a\x00b\x00g\x00e\x00r\x00u\x00f\
\x00e\x00n\x00 \x00w\x00e\x00r\x00d\x00e\
\x00n\x00.\x00 \x00B\x00i\x00t\x00t\x00e\
\x00 \x00d\x00i\x00e\x00 \x00E\x00i\x00n\
\x00s\x00t\x00e\x00l\x00l\x00u\x00n\x00g\
\x00e\x00n\x00 \x00i\x00m\x00 \x00M\x00e\
\x00n\x00\xfc\x00 \x00B\x00e\x00a\x00r\x00b\
\x00e\x00i\x00t\x00e\x00n\x00 !\x92\x00 \
\x00E\x00i\x00n\x00s\x00t\x00e\x00l\x00l\
\x00u\x00n\x00g\x00e\x00n\x00 !\x92\x00 \
\x00A\x00l\x00l\x00g\x00e\x00m\x00e\x00i\
\x00n\x00 !\x92\x00 \x00H\x00i\x00l\x00f\
\x00e\x00 \x00\xfc\x00b\x00e\x00r\x00p\x00r\
\x00\xfc\x00f\x00e\x00n\x08\x00\x00\x00\x00\x06\x00\x00\
\x00yContents for t\
his page could n\
ot be retrieved.\
 Please check se\
ttings under men\
u Edit \xe2\x86\x92 Prefe\
rences \xe2\x86\x92 Gener\
al \xe2\x86\x92 Help\x07\x00\x00\x00\x04\
Help\x01\x03\x00\x00\x00\x0a\x00H\x00i\x00l\
\x00f\x00e\x08\x00\x00\x00\x00\x06\x00\x00\x00\x04He\
lp\x07\x00\x00\x00\x04Help\x01\x03\x00\x00\x01\
2\x00D\x00e\x00r\x00 \x00S\x00p\x00e\x00\
i\x00c\x00h\x00e\x00r\x00o\x00r\x00t\x00\
 \x00d\x00e\x00r\x00 \x00H\x00i\x00l\x00\
f\x00e\x00d\x00a\x00t\x00e\x00i\x00e\x00\
n\x00 \x00k\x00o\x00n\x00n\x00t\x00e\x00\
 \x00n\x00i\x00c\x00h\x00t\x00 \x00e\x00\
r\x00m\x00i\x00t\x00t\x00e\x00l\x00t\x00\
 \x00w\x00e\x00r\x00d\x00e\x00n\x00.\x00\
 \x00B\x00i\x00t\x00t\x00e\x00 \x00d\x00\
i\x00e\x00 \x00E\x00i\x00n\x00s\x00t\x00\
e\x00l\x00l\x00u\x00n\x00g\x00e\x00n\x00\
 \x00i\x00m\x00 \x00M\x00e\x00n\x00\xfc\x00\
 \x00B\x00e\x00a\x00r\x00b\x00e\x00i\x00\
t\x00e\x00n\x00 !\x92\x00 \x00E\x00i\x00\
n\x00s\x00t\x00e\x00l\x00l\x00u\x00n\x00\
g\x00e\x00n\x00 !\x92\x00 \x00A\x00l\x00\
l\x00g\x00e\x00m\x00e\x00i\x00n\x00 !\
\x92\x00 \x00H\x00i\x00l\x00f\x00e\x00 \x00\
\xfc\x00b\x00e\x00r\x00p\x00r\x00\xfc\x00f\x00\
e\x00n\x08\x00\x00\x00\x00\x06\x00\x00\x00wHel\
p files location\
 could not be de\
termined. Please\
 check settings \
under menu Edit \
\xe2\x86\x92 Preferences \
\xe2\x86\x92 General \xe2\x86\x92 \
Help\x07\x00\x00\x00\x04Help\x01\x03\x00\
\x00\x00\xe0\x00D\x00a\x00s\x00 \x00P\x00y\x00\
S\x00i\x00d\x00e\x00-\x00M\x00o\x00d\x00\
u\x00l\x00 \x00Q\x00t\x00W\x00e\x00b\x00\
E\x00n\x00g\x00i\x00n\x00e\x00W\x00i\x00\
d\x00g\x00e\x00t\x00s\x00 \x00s\x00t\x00\
e\x00h\x00t\x00 \x00n\x00i\x00c\x00h\x00\
t\x00 \x00z\x00u\x00r\x00 \x00V\x00e\x00\
r\x00f\x00\xfc\x00g\x00u\x00n\x00g\x00.\x00\
 \x00D\x00i\x00e\x00 \x00H\x00i\x00l\x00\
f\x00e\x00 \x00w\x00i\x00r\x00d\x00 \x00\
\xfc\x00b\x00e\x00r\x00 \x00d\x00e\x00n\x00\
 \x00S\x00y\x00s\x00t\x00e\x00m\x00-\x00\
B\x00r\x00o\x00w\x00s\x00e\x00r\x00 \x00\
a\x00u\x00f\x00g\x00e\x00r\x00u\x00f\x00\
e\x00n\x08\x00\x00\x00\x00\x06\x00\x00\x00aPyS\
ide QtWebEngineW\
idgets module is\
 not available. \
Help rendering i\
s done with the \
system browser\x07\x00\
\x00\x00\x04Help\x01\x03\x00\x00\x01\xb8\x00E\x00\
s\x00 \x00i\x00s\x00t\x00 \x00k\x00e\x00\
i\x00n\x00 \x00M\x00a\x00r\x00k\x00d\x00\
o\x00w\x00n\x00-\x00R\x00e\x00n\x00d\x00\
e\x00r\x00e\x00r\x00 \x00a\x00u\x00f\x00\
 \x00d\x00e\x00m\x00 \x00S\x00y\x00s\x00\
t\x00e\x00m\x00 \x00i\x00n\x00s\x00t\x00\
a\x00l\x00l\x00i\x00e\x00r\x00t\x00,\x00\
 \x00d\x00a\x00h\x00e\x00r\x00 \x00w\x00\
i\x00r\x00d\x00 \x00d\x00i\x00e\x00s\x00\
e\x00 \x00H\x00i\x00l\x00f\x00e\x00s\x00\
e\x00i\x00t\x00e\x00 \x00s\x00o\x00 \x00\
d\x00a\x00r\x00g\x00e\x00s\x00t\x00e\x00\
l\x00l\x00t\x00,\x00 \x00w\x00i\x00e\x00\
 \x00s\x00i\x00e\x00 \x00i\x00s\x00t\x00\
.\x00 \x00B\x00i\x00t\x00t\x00e\x00 \x00\
d\x00i\x00e\x00 \x00P\x00y\x00t\x00h\x00\
o\x00n\x00-\x00M\x00o\x00d\x00u\x00l\x00\
e\x00 \x00M\x00a\x00r\x00k\x00d\x00o\x00\
w\x00n\x00 \x00o\x00d\x00e\x00r\x00 \x00\
P\x00a\x00n\x00d\x00o\x00c\x00 \x00i\x00\
n\x00s\x00t\x00a\x00l\x00l\x00i\x00e\x00\
r\x00e\x00n\x00,\x00 \x00u\x00m\x00 \x00\
d\x00i\x00e\x00 \x00D\x00a\x00r\x00s\x00\
t\x00e\x00l\x00l\x00u\x00n\x00g\x00 \x00\
d\x00i\x00e\x00s\x00e\x00r\x00 \x00S\x00\
e\x00i\x00t\x00e\x00 \x00z\x00u\x00 \x00\
v\x00e\x00r\x00b\x00e\x00s\x00s\x00e\x00\
r\x00n\x00.\x08\x00\x00\x00\x00\x06\x00\x00\x00\xb8T\
here is no Markd\
own renderer ins\
talled on your s\
ystem, so this h\
elp page is rend\
ered as is. Plea\
se install the M\
arkdown or Pando\
c Python modules\
 to improve the \
rendering of thi\
s page.\x07\x00\x00\x00\x04Help\
\x01\x03\x00\x00\x00\x12\x00A\x00l\x00l\x00g\x00e\
\x00m\x00e\x00i\x00n\x08\x00\x00\x00\x00\x06\x00\x00\
\x00\x07General\x07\x00\x00\x00\x07QO\
bject\x01\x88\x00\x00\x00\x02\x01\x01\
\x00\x00 \xc3\
<\
\xb8d\x18\xca\xef\x9c\x95\xcd!\x1c\xbf`\xa1\xbd\xdd\xa7\
\x00\x00\x00\x05pt-PTB\x00\x00\x00\xe8\x00\x04\
\xec0\x00\x00\x031\x00\x04\xec0\x00\x00\x1af\x018\
!.\x00\x00\x0b\xb6\x01\x82\xc62\x00\x00\x1c\x02\x01\xea\
\x04\x84\x00\x00\x10\xf3\x04\x1e\xf1\x82\x00\x00\x03X\x04D\
m9\x00\x00\x02\x8d\x04\x89?'\x00\x00\x03\xb1\x04\xde\
1)\x00\x00\x04\x94\x05j\x8b*\x00\x00\x00\x00\x05\xa6\
\xc8\x95\x00\x00\x0b\x8d\x05\xf5D^\x00\x00\x14\xd9\x06\x19\
\xd5\x90\x00\x00\x18\xeb\x06p~\x04\x00\x00\x13L\x06{\
\x06\x03\x00\x00\x06\xb8\x09\x1c\x10\x80\x00\x00\x1a\x8d\x09\x82\
\xac\xae\x00\x00\x00\xbf\x09\xb7\x0c\xba\x00\x00\x00a\x09\xe6\
\xba\xae\x00\x00\x15\xa8\x0auc\xd7\x00\x00\x0f\xb5\x0b\x0a\
r\xc9\x00\x00\x02U\x0b\xe1\xcb\x8e\x00\x00\x16\xe0\x0dQ\
}\xf2\x00\x00\x04*\x0d\xc4\xc8<\x00\x00\x1f\x7f\x0e*\
j\xae\x00\x00\x1d>\x0ek8\x9e\x00\x00\x06\xe4\x0e\xca\
\x08\x89\x00\x00\x02\xeb\x0f-\x13\xae\x00\x00\x01\xfb\x0f8\
s\xa7\x00\x00\x04\xf8i\x00\x00\x1f\xb0\x03\x00\x00\x000\
\x00 \x00 \x00 \x00 \x00 \x00 \x00C\x00u\
\x00s\x00t\x00o\x00m\x00 \x00s\x00t\x00y\
\x00l\x00e\x00s\x00h\x00e\x00e\x00t\x00:\
\x08\x00\x00\x00\x00\x06\x00\x00\x00\x18      \
Custom styleshee\
t:\x07\x00\x00\x00\x04Form\x01\x03\x00\x00\x00\
.\x00 \x00 \x00 \x00 \x00S\x00u\x00f\x00\
i\x00x\x00o\x00 \x00d\x00e\x00 \x00t\x00\
r\x00a\x00d\x00u\x00\xe7\x00\xe3\x00o\x00:\x08\
\x00\x00\x00\x00\x06\x00\x00\x00\x17    Tra\
nslation suffix:\
\x07\x00\x00\x00\x04Form\x01\x03\x00\x00\x00\xc6\x00\
U\x00m\x00 \x00s\x00u\x00f\x00i\x00x\x00\
o\x00 \x00d\x00e\x00 \x00t\x00r\x00a\x00\
d\x00u\x00\xe7\x00\xe3\x00o\x00 \x00p\x00a\x00\
r\x00a\x00 \x00u\x00s\x00a\x00r\x00,\x00\
 \x00p\x00o\x00r\x00 \x00e\x00x\x00e\x00\
m\x00p\x00l\x00o\x00,\x00 \x00\x22\x00f\x00\
r\x00.\x00\x22\x00\x0a\x00p\x00a\x00r\x00a\x00\
 \x00o\x00b\x00t\x00e\x00r\x00 \x00a\x00\
 \x00t\x00r\x00a\x00d\x00u\x00\xe7\x00\xe3\x00\
o\x00 \x00f\x00r\x00a\x00n\x00c\x00e\x00\
s\x00a\x00 \x00d\x00a\x00 \x00d\x00o\x00\
c\x00u\x00m\x00e\x00n\x00t\x00a\x00\xe7\x00\
\xe3\x00o\x00.\x08\x00\x00\x00\x00\x06\x00\x00\x00]A\
 translation suf\
fix to use, for \
example \x22fr\x22\x0ato \
get French trans\
lation of the do\
cumentation.\x07\x00\x00\x00\
\x04Form\x01\x03\x00\x00\x002\x00L\x00o\x00\
c\x00a\x00l\x00i\x00z\x00a\x00\xe7\x00\xe3\x00\
o\x00 \x00p\x00e\x00r\x00s\x00o\x00n\x00\
a\x00l\x00i\x00z\x00a\x00d\x00a\x08\x00\x00\
\x00\x00\x06\x00\x00\x00\x0fCustom lo\
cation\x07\x00\x00\x00\x04Form\x01\
\x03\x00\x00\x00\x18\x00V\x00i\x00s\x00u\x00a\x00\
l\x00i\x00z\x00a\x00\xe7\x00\xe3\x00o\x08\x00\x00\
\x00\x00\x06\x00\x00\x00\x07Display\x07\x00\
\x00\x00\x04Form\x01\x03\x00\x00\x000\x00W\x00\
i\x00k\x00i\x00 \x00d\x00o\x00 \x00F\x00\
r\x00e\x00e\x00C\x00A\x00D\x00 \x00(\x00\
o\x00n\x00l\x00i\x00n\x00e\x00)\x08\x00\x00\
\x00\x00\x06\x00\x00\x00\x15FreeCAD W\
iki (online)\x07\x00\x00\x00\
\x04Form\x01\x03\x00\x00\x00\x1e\x00G\x00i\x00\
t\x00H\x00u\x00b\x00 \x00(\x00o\x00n\x00\
l\x00i\x00n\x00e\x00)\x08\x00\x00\x00\x00\x06\x00\
\x00\x00\x0fGitHub (onlin\
e)\x07\x00\x00\x00\x04Form\x01\x03\x00\x00\x00\
\x0a\x00A\x00j\x00u\x00d\x00a\x08\x00\x00\x00\x00\
\x06\x00\x00\x00\x04Help\x07\x00\x00\x00\x04Fo\
rm\x01\x03\x00\x00\x000\x00N\x00u\x00m\x00 \
\x00s\x00e\x00p\x00a\x00r\x00a\x00d\x00o\
\x00r\x00 \x00d\x00o\x00 \x00F\x00r\x00e\
\x00e\x00C\x00A\x00D\x08\x00\x00\x00\x00\x06\x00\x00\
\x00\x10In a FreeCAD t\
ab\x07\x00\x00\x00\x04Form\x01\x03\x00\x00\x00\
@\x00I\x00n\x00 \x00a\x00 \x00s\x00e\x00\
p\x00a\x00r\x00a\x00t\x00e\x00,\x00 \x00\
e\x00m\x00b\x00e\x00d\x00d\x00a\x00b\x00\
l\x00e\x00 \x00d\x00i\x00a\x00l\x00o\x00\
g\x08\x00\x00\x00\x00\x06\x00\x00\x00 In a \
separate, embedd\
able dialog\x07\x00\x00\x00\x04\
Form\x01\x03\x00\x00\x006\x00I\x00n\x00 \
\x00y\x00o\x00u\x00r\x00 \x00d\x00e\x00f\
\x00a\x00u\x00l\x00t\x00 \x00w\x00e\x00b\
\x00 \x00b\x00r\x00o\x00w\x00s\x00e\x00r\
\x08\x00\x00\x00\x00\x06\x00\x00\x00\x1bIn you\
r default web br\
owser\x07\x00\x00\x00\x04Form\x01\x03\
\x00\x00\x002\x00M\x00a\x00r\x00k\x00d\x00o\
\x00w\x00n\x00 \x00v\x00e\x00r\x00s\x00i\
\x00o\x00n\x00 \x00(\x00o\x00n\x00l\x00i\
\x00n\x00e\x00)\x08\x00\x00\x00\x00\x06\x00\x00\x00\x19\
Markdown version\
 (online)\x07\x00\x00\x00\x04Fo\
rm\x01\x03\x00\x00\x01\x1a\x00N\x00o\x00t\x00e\
\x00:\x00 \x00i\x00f\x00 \x00P\x00y\x00S\
\x00i\x00d\x00e\x00 \x00W\x00e\x00b\x00 \
\x00c\x00o\x00m\x00p\x00o\x00n\x00e\x00n\
\x00t\x00s\x00 \x00a\x00r\x00e\x00 \x00n\
\x00o\x00t\x00 \x00f\x00o\x00u\x00n\x00d\
\x00 \x00o\x00n\x00 \x00y\x00o\x00u\x00r\
\x00 \x00s\x00y\x00s\x00t\x00e\x00m\x00,\
\x00 \x00h\x00e\x00l\x00p\x00 \x00p\x00a\
\x00g\x00e\x00s\x00 \x00w\x00i\x00l\x00l\
\x00 \x00o\x00p\x00e\x00n\x00 \x00i\x00n\
\x00 \x00y\x00o\x00u\x00r\x00 \x00d\x00e\
\x00f\x00a\x00u\x00l\x00t\x00 \x00w\x00e\
\x00b\x00 \x00b\x00r\x00o\x00w\x00s\x00e\
\x00r\x00 \x00r\x00e\x00g\x00a\x00r\x00d\
\x00l\x00e\x00s\x00s\x00 \x00o\x00f\x00 \
\x00t\x00h\x00e\x00 \x00o\x00p\x00t\x00i\
\x00o\x00n\x00s\x00 \x00b\x00e\x00l\x00o\
\x00w\x08\x00\x00\x00\x00\x06\x00\x00\x00\x8dNote\
: if PySide Web \
components are n\
ot found on your\
 system, help pa\
ges will open in\
 your default we\
b browser regard\
less of the opti\
ons below\x07\x00\x00\x00\x04Fo\
rm\x01\x03\x00\x00\x00\x0c\x00O\x00p\x00\xe7\x00\xf5\
\x00e\x00s\x08\x00\x00\x00\x00\x06\x00\x00\x00\x07Op\
tions\x07\x00\x00\x00\x04Form\x01\x03\
\x00\x00\x03*\x00D\x00e\x00f\x00i\x00n\x00a\
\x00 \x00i\x00s\x00t\x00o\x00 \x00c\x00o\
\x00m\x00o\x00 \x00u\x00m\x00a\x00 \x00U\
\x00R\x00L\x00 \x00p\x00e\x00r\x00s\x00o\
\x00n\x00a\x00l\x00i\x00z\x00a\x00d\x00a\
\x00 \x00o\x00u\x00 \x00a\x00 \x00p\x00a\
\x00s\x00t\x00a\x00 \x00o\x00n\x00d\x00e\
\x00 \x00s\x00e\x00 \x00l\x00o\x00c\x00a\
\x00l\x00i\x00z\x00a\x00m\x00 \x00o\x00s\
\x00 \x00f\x00i\x00c\x00h\x00e\x00i\x00r\
\x00o\x00s\x00 \x00d\x00e\x00 \x00a\x00j\
\x00u\x00d\x00a\x00.\x00\x0a\x00P\x00o\x00d\
\x00e\x00 \x00f\x00a\x00c\x00i\x00l\x00m\
\x00e\x00n\x00t\x00e\x00 \x00t\x00r\x00a\
\x00n\x00s\x00f\x00e\x00r\x00i\x00r\x00 \
\x00a\x00 \x00d\x00o\x00c\x00u\x00m\x00e\
\x00n\x00t\x00a\x00\xe7\x00\xe3\x00o\x00 \x00p\
\x00a\x00r\x00a\x00 \x00u\x00s\x00o\x00 \
\x00o\x00f\x00f\x00-\x00l\x00i\x00n\x00e\
\x00 \x00u\x00s\x00a\x00n\x00d\x00o\x00 \
\x00o\x00 \x00A\x00d\x00d\x00o\x00n\x00\x0a\
\x00M\x00a\x00n\x00a\x00g\x00e\x00r\x00 \
\x00e\x00 \x00i\x00n\x00s\x00t\x00a\x00l\
\x00a\x00n\x00d\x00o\x00 \x00a\x00 \x00d\
\x00o\x00c\x00u\x00m\x00e\x00n\x00t\x00a\
\x00\xe7\x00\xe3\x00o\x00 \x00\x22\x00o\x00f\x00f\
\x00l\x00i\x00n\x00e\x00-\x00d\x00o\x00c\
\x00u\x00m\x00e\x00n\x00t\x00a\x00t\x00i\
\x00o\x00n\x00\x22\x00 \x00a\x00d\x00d\x00o\
\x00n\x00.\x00 \x00S\x00e\x00 \x00e\x00s\
\x00t\x00e\x00 \x00c\x00a\x00m\x00p\x00o\
\x00\x0a\x00f\x00o\x00r\x00 \x00d\x00e\x00i\
\x00x\x00a\x00d\x00o\x00 \x00e\x00m\x00 \
\x00b\x00r\x00a\x00n\x00c\x00o\x00,\x00 \
\x00o\x00 \x00F\x00r\x00e\x00e\x00C\x00A\
\x00D\x00 \x00i\x00r\x00\xe1\x00 \x00a\x00u\
\x00t\x00o\x00m\x00a\x00t\x00i\x00c\x00a\
\x00m\x00e\x00n\x00t\x00e\x00 \x00p\x00r\
\x00o\x00c\x00u\x00r\x00a\x00r\x00 \x00o\
\x00s\x00 \x00f\x00i\x00c\x00h\x00e\x00i\
\x00r\x00o\x00s\x00 \x00d\x00e\x00 \x00a\
\x00j\x00u\x00d\x00a\x00 \x00n\x00a\x00 \
\x00l\x00o\x00c\x00a\x00l\x00i\x00z\x00a\
\x00\xe7\x00\xe3\x00o\x00 \x00p\x00r\x00e\x00d\
\x00e\x00f\x00i\x00n\x00i\x00d\x00a\x00 \
\x00(\x00 \x00d\x00o\x00c\x00u\x00m\x00e\
\x00n\x00t\x00a\x00\xe7\x00\xe3\x00o\x00 \x00d\
\x00e\x00$\x00U\x00S\x00E\x00R\x00A\x00P\
\x00P\x00D\x00A\x00T\x00A\x00D\x00I\x00R\
\x00/\x00M\x00o\x00d\x00/\x00o\x00f\x00f\
\x00l\x00i\x00n\x00e\x00-\x00)\x00.\x08\x00\
\x00\x00\x00\x06\x00\x00\x01fSet this\
 to a custom URL\
 or the folder w\
here the help fi\
les are located.\
\x0aYou can easily \
download the doc\
umentation for o\
ffline use by us\
ing the Addon\x0aMa\
nager and instal\
ling the \x22offlin\
e-documentation\x22\
 addon. If this\x0a\
field is left bl\
ank, FreeCAD wil\
l automatically \
search for the h\
elp files at\x0athe\
 default locatio\
n ($USERAPPDATAD\
IR/Mod/offline-d\
ocumentation).\x07\x00\
\x00\x00\x04Form\x01\x03\x00\x00\x00\x0a\x00F\x00\
o\x00n\x00t\x00e\x08\x00\x00\x00\x00\x06\x00\x00\x00\
\x06Source\x07\x00\x00\x00\x04Form\
\x01\x03\x00\x00\x02\xb4\x00A\x00s\x00 \x00p\x00\xe1\
\x00g\x00i\x00n\x00a\x00s\x00 \x00d\x00e\
\x00 \x00d\x00o\x00c\x00u\x00m\x00e\x00n\
\x00t\x00a\x00\xe7\x00\xe3\x00o\x00 \x00s\x00e\
\x00r\x00\xe3\x00o\x00 \x00o\x00b\x00t\x00i\
\x00d\x00a\x00s\x00 \x00a\x00 \x00p\x00a\
\x00r\x00t\x00i\x00r\x00 \x00d\x00e\x00 \
\x00u\x00m\x00a\x00 \x00c\x00o\x00n\x00v\
\x00e\x00r\x00s\x00\xe3\x00o\x00 \x00a\x00u\
\x00t\x00o\x00m\x00\xe1\x00t\x00i\x00c\x00a\
\x00 \x00M\x00a\x00r\x00k\x00d\x00o\x00w\
\x00n\x00\x0a\x00d\x00a\x00 \x00w\x00i\x00k\
\x00i\x00 \x00d\x00o\x00 \x00F\x00r\x00e\
\x00e\x00C\x00A\x00D\x00,\x00 \x00h\x00o\
\x00s\x00p\x00e\x00d\x00a\x00d\x00a\x00 \
\x00n\x00o\x00 \x00F\x00r\x00e\x00e\x00C\
\x00A\x00D\x00'\x00s\x00 \x00c\x00o\x00n\
\x00t\x00a\x00 \x00n\x00o\x00 \x00G\x00i\
\x00t\x00H\x00u\x00b\x00.\x00 \x00I\x00s\
\x00t\x00o\x00 \x00p\x00o\x00d\x00e\x00 \
\x00s\x00e\x00r\x00 \x00e\x00s\x00t\x00i\
\x00l\x00i\x00z\x00a\x00d\x00o\x00 \x00c\
\x00o\x00m\x00 \x00u\x00m\x00a\x00 \x00f\
\x00o\x00l\x00h\x00a\x00 \x00d\x00e\x00 \
\x00e\x00s\x00t\x00i\x00l\x00o\x00\x0a\x00p\
\x00e\x00r\x00s\x00o\x00n\x00a\x00l\x00i\
\x00z\x00a\x00d\x00a\x00 \x00a\x00b\x00a\
\x00i\x00x\x00o\x00 \x00e\x00 \x00p\x00o\
\x00d\x00e\x00 \x00p\x00a\x00r\x00e\x00c\
\x00e\x00r\x00 \x00m\x00a\x00i\x00s\x00 \
\x00a\x00g\x00r\x00a\x00d\x00\xe1\x00v\x00e\
\x00l\x00 \x00q\x00u\x00e\x00 \x00a\x00 \
\x00o\x00p\x00\xe7\x00\xe3\x00o\x00 \x00w\x00i\
\x00k\x00i\x00.\x00 \x00O\x00 \x00'\x00M\
\x00a\x00r\x00k\x00d\x00o\x00w\x00n\x00'\
\x00 \x00o\x00u\x00\x0a\x00'\x00P\x00a\x00n\
\x00d\x00o\x00c\x00'\x00 \x00m\x00\xf3\x00d\
\x00u\x00l\x00o\x00 \x00P\x00y\x00t\x00h\
\x00o\x00n\x00 \x00d\x00e\x00v\x00e\x00 \
\x00s\x00e\x00r\x00 \x00i\x00n\x00s\x00t\
\x00a\x00l\x00a\x00d\x00o\x00 \x00p\x00a\
\x00r\x00a\x00 \x00r\x00e\x00s\x00u\x00l\
\x00t\x00a\x00d\x00o\x00s\x00 \x00\xf3\x00t\
\x00i\x00m\x00o\x00s\x00.\x08\x00\x00\x00\x00\x06\
\x00\x00\x012The document\
ation pages will\
 be fetched from\
 an automatic Ma\
rkdown conversio\
n\x0aof the FreeCAD\
 wiki,hosted on \
FreeCAD's GitHub\
 account. This c\
an be styled wit\
h a\x0acustom style\
sheet below and \
can look nicer t\
han the wiki opt\
ion. The 'Markdo\
wn' or\x0a'Pandoc' \
Python module sh\
ould be installe\
d for optimal re\
sults.\x07\x00\x00\x00\x04Form\x01\
\x03\x00\x00\x00\xc4\x00A\x00s\x00 \x00p\x00\xe1\x00\
g\x00i\x00n\x00a\x00s\x00 \x00d\x00e\x00\
 \x00d\x00o\x00c\x00u\x00m\x00e\x00n\x00\
t\x00a\x00\xe7\x00\xe3\x00o\x00 \x00s\x00e\x00\
r\x00\xe3\x00o\x00 \x00o\x00b\x00t\x00i\x00\
d\x00a\x00s\x00 \x00d\x00a\x00 \x00p\x00\
\xe1\x00g\x00i\x00n\x00a\x00 \x00o\x00f\x00\
i\x00c\x00i\x00a\x00l\x00\x0a\x00F\x00r\x00\
e\x00e\x00C\x00A\x00D\x00w\x00i\x00k\x00\
i\x00 \x00e\x00m\x00 \x00h\x00t\x00t\x00\
p\x00s\x00:\x00/\x00/\x00w\x00i\x00k\x00\
i\x00.\x00f\x00r\x00e\x00e\x00c\x00a\x00\
d\x00.\x00o\x00r\x00g\x08\x00\x00\x00\x00\x06\x00\
\x00\x00aThe documenta\
tion pages will \
be fetched from \
the official\x0aFre\
eCADwiki at http\
s://wiki.freecad\
.org\x07\x00\x00\x00\x04Form\x01\x03\x00\
\x00\x01\x80\x00T\x00h\x00e\x00 \x00d\x00o\x00\
c\x00u\x00m\x00e\x00n\x00t\x00a\x00t\x00\
i\x00o\x00n\x00 \x00w\x00i\x00l\x00l\x00\
 \x00o\x00p\x00e\x00n\x00 \x00i\x00n\x00\
 \x00a\x00 \x00d\x00o\x00c\x00k\x00a\x00\
b\x00l\x00e\x00 \x00d\x00i\x00a\x00l\x00\
o\x00g\x00 \x00i\x00n\x00s\x00i\x00d\x00\
e\x00 \x00t\x00h\x00e\x00 \x00F\x00r\x00\
e\x00e\x00C\x00A\x00D\x00 \x00w\x00i\x00\
n\x00d\x00o\x00w\x00,\x00\x0a\x00w\x00h\x00\
i\x00c\x00h\x00 \x00a\x00l\x00l\x00o\x00\
w\x00s\x00 \x00y\x00o\x00u\x00 \x00t\x00\
o\x00 \x00k\x00e\x00e\x00p\x00 \x00i\x00\
t\x00 \x00o\x00p\x00e\x00n\x00 \x00w\x00\
h\x00i\x00l\x00e\x00 \x00w\x00o\x00r\x00\
k\x00i\x00n\x00g\x00 \x00i\x00n\x00 \x00\
t\x00h\x00e\x00 \x003\x00D\x00 \x00v\x00\
i\x00e\x00w\x00.\x00 \x00T\x00h\x00i\x00\
s\x00 \x00r\x00e\x00q\x00u\x00i\x00r\x00\
e\x00s\x00 \x00t\x00h\x00e\x00 \x00P\x00\
y\x00S\x00i\x00d\x00e\x00 \x00Q\x00t\x00\
W\x00e\x00b\x00e\x00n\x00g\x00i\x00n\x00\
e\x00W\x00i\x00d\x00g\x00e\x00t\x00s\x00\
 \x00c\x00o\x00m\x00p\x00o\x00n\x00e\x00\
n\x00t\x08\x00\x00\x00\x00\x06\x00\x00\x00\xc0The\
 documentation w\
ill open in a do\
ckable dialog in\
side the FreeCAD\
 window,\x0awhich a\
llows you to kee\
p it open while \
working in the 3\
D view. This req\
uires the PySide\
 QtWebengineWidg\
ets component\x07\x00\x00\
\x00\x04Form\x01\x03\x00\x00\x00\xf8\x00T\x00h\
\x00e\x00 \x00d\x00o\x00c\x00u\x00m\x00e\
\x00n\x00t\x00a\x00t\x00i\x00o\x00n\x00 \
\x00w\x00i\x00l\x00l\x00 \x00o\x00p\x00e\
\x00n\x00 \x00i\x00n\x00 \x00a\x00 \x00n\
\x00e\x00w\x00 \x00t\x00a\x00b\x00 \x00i\
\x00n\x00s\x00i\x00d\x00e\x00 \x00t\x00h\
\x00e\x00 \x00F\x00r\x00e\x00e\x00C\x00A\
\x00D\x00 \x00i\x00n\x00t\x00e\x00r\x00f\
\x00a\x00c\x00e\x00.\x00 \x00T\x00h\x00i\
\x00s\x00 \x00r\x00e\x00q\x00u\x00i\x00r\
\x00e\x00s\x00 \x00t\x00h\x00e\x00 \x00P\
\x00y\x00S\x00i\x00d\x00e\x00 \x00Q\x00t\
\x00W\x00e\x00b\x00e\x00n\x00g\x00i\x00n\
\x00e\x00W\x00i\x00d\x00g\x00e\x00t\x00s\
\x00 \x00c\x00o\x00m\x00p\x00o\x00n\x00e\
\x00n\x00t\x08\x00\x00\x00\x00\x06\x00\x00\x00|Th\
e documentation \
will open in a n\
ew tab inside th\
e FreeCAD interf\
ace. This requir\
es the PySide Qt\
WebengineWidgets\
 component\x07\x00\x00\x00\x04F\
orm\x01\x03\x00\x00\x00~\x00A\x00 \x00d\x00\
o\x00c\x00u\x00m\x00e\x00n\x00t\x00a\x00\
\xe7\x00\xe3\x00o\x00 \x00s\x00e\x00r\x00\xe1\x00\
 \x00a\x00b\x00e\x00r\x00t\x00a\x00 \x00\
n\x00o\x00 \x00s\x00e\x00u\x00 \x00n\x00\
a\x00v\x00e\x00g\x00a\x00d\x00o\x00r\x00\
 \x00p\x00r\x00e\x00d\x00e\x00f\x00i\x00\
n\x00i\x00d\x00o\x00 \x00d\x00a\x00 \x00\
w\x00e\x00b\x00.\x08\x00\x00\x00\x00\x06\x00\x00\x00\
8The documentati\
on will open in \
your default web\
 browser.\x07\x00\x00\x00\x04Fo\
rm\x01\x03\x00\x00\x00\xbc\x00I\x00r\x00\xe1\x00 \
\x00b\x00u\x00s\x00c\x00a\x00r\x00 \x00a\
\x00 \x00d\x00o\x00c\x00u\x00m\x00e\x00n\
\x00t\x00a\x00\xe7\x00\xe3\x00o\x00 \x00d\x00e\
\x00 \x00p\x00\xe1\x00g\x00i\x00n\x00a\x00s\
\x00 \x00r\x00e\x00n\x00d\x00e\x00r\x00i\
\x00z\x00a\x00d\x00a\x00s\x00 \x00n\x00o\
\x00 \x00G\x00i\x00t\x00H\x00u\x00b\x00.\
\x00\x0a\x00N\x00\xe3\x00o\x00 \x00e\x00s\x00t\
\x00\xe1\x00 \x00a\x00t\x00u\x00a\x00l\x00m\
\x00e\x00n\x00t\x00e\x00 \x00d\x00i\x00s\
\x00p\x00o\x00n\x00\xed\x00v\x00e\x00l\x00.\
\x00.\x00.\x08\x00\x00\x00\x00\x06\x00\x00\x00cTh\
is will fetch th\
e documentation \
from pages rende\
red on GitHub.\x0aT\
his is currently\
 not available..\
.\x07\x00\x00\x00\x04Form\x01\x03\x00\x00\x01L\
\x00Y\x00o\x00u\x00 \x00c\x00a\x00n\x00 \
\x00h\x00e\x00r\x00e\x00 \x00i\x00n\x00d\
\x00i\x00c\x00a\x00t\x00e\x00 \x00t\x00h\
\x00e\x00 \x00p\x00a\x00t\x00h\x00 \x00t\
\x00o\x00 \x00a\x00n\x00 \x00a\x00l\x00t\
\x00e\x00r\x00n\x00a\x00t\x00i\x00v\x00e\
\x00 \x00C\x00S\x00S\x00 \x00f\x00i\x00l\
\x00e\x00 \x00t\x00o\x00 \x00b\x00e\x00 \
\x00u\x00s\x00e\x00d\x00\x0a\x00t\x00o\x00 \
\x00s\x00t\x00y\x00l\x00e\x00 \x00t\x00h\
\x00e\x00 \x00M\x00a\x00r\x00k\x00d\x00o\
\x00w\x00n\x00 \x00p\x00a\x00g\x00e\x00s\
\x00.\x00 \x00T\x00h\x00i\x00s\x00 \x00w\
\x00i\x00l\x00l\x00 \x00o\x00n\x00l\x00y\
\x00 \x00w\x00o\x00r\x00k\x00 \x00i\x00f\
\x00 \x00y\x00o\x00u\x00 \x00h\x00a\x00v\
\x00e\x00 \x00s\x00e\x00l\x00e\x00c\x00t\
\x00e\x00d\x00 \x00t\x00h\x00e\x00\x0a\x00M\
\x00a\x00r\x00k\x00d\x00o\x00w\x00n\x00 \
\x00v\x00e\x00r\x00s\x00i\x00o\x00n\x00 \
\x00a\x00b\x00o\x00v\x00e\x00.\x08\x00\x00\x00\
\x00\x06\x00\x00\x00\xa6You can he\
re indicate the \
path to an alter\
native CSS file \
to be used\x0ato st\
yle the Markdown\
 pages. This wil\
l only work if y\
ou have selected\
 the\x0aMarkdown ve\
rsion above.\x07\x00\x00\x00\
\x04Form\x01\x03\x00\x00\x00\xec\x00C\x00o\x00\
n\x00t\x00e\x00n\x00t\x00s\x00 \x00f\x00\
o\x00r\x00 \x00t\x00h\x00i\x00s\x00 \x00\
p\x00a\x00g\x00e\x00 \x00c\x00o\x00u\x00\
l\x00d\x00 \x00n\x00o\x00t\x00 \x00b\x00\
e\x00 \x00r\x00e\x00t\x00r\x00i\x00e\x00\
v\x00e\x00d\x00.\x00 \x00P\x00l\x00e\x00\
a\x00s\x00e\x00 \x00c\x00h\x00e\x00c\x00\
k\x00 \x00s\x00e\x00t\x00t\x00i\x00n\x00\
g\x00s\x00 \x00u\x00n\x00d\x00e\x00r\x00\
 \x00m\x00e\x00n\x00u\x00 \x00E\x00d\x00\
i\x00t\x00 \x00-\x00>\x00 \x00P\x00r\x00\
e\x00f\x00e\x00r\x00e\x00n\x00c\x00e\x00\
s\x00 \x00-\x00>\x00 \x00G\x00e\x00n\x00\
e\x00r\x00a\x00l\x00 \x00-\x00>\x00 \x00\
H\x00e\x00l\x00p\x08\x00\x00\x00\x00\x06\x00\x00\x00\
vContents for th\
is page could no\
t be retrieved. \
Please check set\
tings under menu\
 Edit -> Prefere\
nces -> General \
-> Help\x07\x00\x00\x00\x04Help\
\x01\x03\x00\x00\x00\x0a\x00A\x00j\x00u\x00d\x00a\
\x08\x00\x00\x00\x00\x06\x00\x00\x00\x04Help\x07\x00\
\x00\x00\x04Help\x01\x03\x00\x00\x00\xe8\x00H\x00\
e\x00l\x00p\x00 \x00f\x00i\x00l\x00e\x00\
s\x00 \x00l\x00o\x00c\x00a\x00t\x00i\x00\
o\x00n\x00 \x00c\x00o\x00u\x00l\x00d\x00\
 \x00n\x00o\x00t\x00 \x00b\x00e\x00 \x00\
d\x00e\x00t\x00e\x00r\x00m\x00i\x00n\x00\
e\x00d\x00.\x00 \x00P\x00l\x00e\x00a\x00\
s\x00e\x00 \x00c\x00h\x00e\x00c\x00k\x00\
 \x00s\x00e\x00t\x00t\x00i\x00n\x00g\x00\
s\x00 \x00u\x00n\x00d\x00e\x00r\x00 \x00\
m\x00e\x00n\x00u\x00 \x00E\x00d\x00i\x00\
t\x00 \x00-\x00>\x00 \x00P\x00r\x00e\x00\
f\x00e\x00r\x00e\x00n\x00c\x00e\x00s\x00\
 \x00-\x00>\x00 \x00G\x00e\x00n\x00e\x00\
r\x00a\x00l\x00 \x00-\x00>\x00 \x00H\x00\
e\x00l\x00p\x08\x00\x00\x00\x00\x06\x00\x00\x00tH\
elp files locati\
on could not be \
determined. Plea\
se check setting\
s under menu Edi\
t -> Preferences\
 -> General -> H\
elp\x07\x00\x00\x00\x04Help\x01\x03\x00\x00\
\x00\xc2\x00P\x00y\x00S\x00i\x00d\x00e\x00 \
\x00Q\x00t\x00W\x00e\x00b\x00E\x00n\x00g\
\x00i\x00n\x00e\x00W\x00i\x00d\x00g\x00e\
\x00t\x00s\x00 \x00m\x00o\x00d\x00u\x00l\
\x00e\x00 \x00i\x00s\x00 \x00n\x00o\x00t\
\x00 \x00a\x00v\x00a\x00i\x00l\x00a\x00b\
\x00l\x00e\x00.\x00 \x00H\x00e\x00l\x00p\
\x00 \x00r\x00e\x00n\x00d\x00e\x00r\x00i\
\x00n\x00g\x00 \x00i\x00s\x00 \x00d\x00o\
\x00n\x00e\x00 \x00w\x00i\x00t\x00h\x00 \
\x00t\x00h\x00e\x00 \x00s\x00y\x00s\x00t\
\x00e\x00m\x00 \x00b\x00r\x00o\x00w\x00s\
\x00e\x00r\x08\x00\x00\x00\x00\x06\x00\x00\x00aPy\
Side QtWebEngine\
Widgets module i\
s not available.\
 Help rendering \
is done with the\
 system browser\x07\
\x00\x00\x00\x04Help\x01\x03\x00\x00\x01p\x00T\
\x00h\x00e\x00r\x00e\x00 \x00i\x00s\x00 \
\x00n\x00o\x00 \x00M\x00a\x00r\x00k\x00d\
\x00o\x00w\x00n\x00 \x00r\x00e\x00n\x00d\
\x00e\x00r\x00e\x00r\x00 \x00i\x00n\x00s\
\x00t\x00a\x00l\x00l\x00e\x00d\x00 \x00o\
\x00n\x00 \x00y\x00o\x00u\x00r\x00 \x00s\
\x00y\x00s\x00t\x00e\x00m\x00,\x00 \x00s\
\x00o\x00 \x00t\x00h\x00i\x00s\x00 \x00h\
\x00e\x00l\x00p\x00 \x00p\x00a\x00g\x00e\
\x00 \x00i\x00s\x00 \x00r\x00e\x00n\x00d\
\x00e\x00r\x00e\x00d\x00 \x00a\x00s\x00 \
\x00i\x00s\x00.\x00 \x00P\x00l\x00e\x00a\
\x00s\x00e\x00 \x00i\x00n\x00s\x00t\x00a\
\x00l\x00l\x00 \x00t\x00h\x00e\x00 \x00M\
\x00a\x00r\x00k\x00d\x00o\x00w\x00n\x00 \
\x00o\x00r\x00 \x00P\x00a\x00n\x00d\x00o\
\x00c\x00 \x00P\x00y\x00t\x00h\x00o\x00n\
\x00 \x00m\x00o\x00d\x00u\x00l\x00e\x00s\
\x00 \x00t\x00o\x00 \x00i\x00m\x00p\x00r\
\x00o\x00v\x00e\x00 \x00t\x00h\x00e\x00 \
\x00r\x00e\x00n\x00d\x00e\x00r\x00i\x00n\
\x00g\x00 \x00o\x00f\x00 \x00t\x00h\x00i\
\x00s\x00 \x00p\x00a\x00g\x00e\x00.\x08\x00\
\x00\x00\x00\x06\x00\x00\x00\xb8There is\
 no Markdown ren\
derer installed \
on your system, \
so this help pag\
e is rendered as\
 is. Please inst\
all the Markdown\
 or Pandoc Pytho\
n modules to imp\
rove the renderi\
ng of this page.\
\x07\x00\x00\x00\x04Help\x01\x03\x00\x00\x00\x0e\x00\
 \x00G\x00e\x00r\x00a\x00l\x00 \x08\x00\x00\
\x00\x00\x06\x00\x00\x00\x07General\x07\x00\
\x00\x00\x07QObject\x01\x88\x00\x00\x00\x02\
\x01\x01\
\x00\x00#Y\
<\
\xb8d\x18\xca\xef\x9c\x95\xcd!\x1c\xbf`\xa1\xbd\xdd\xa7\
\x00\x00\x00\x05sv-SEB\x00\x00\x00\xf0\x00\x04\
\xec0\x00\x00\x05\xca\x00\x04\xec0\x00\x00\x1c\xad\x00\x99\
N\xa8\x00\x00\x1a\xc8\x018!.\x00\x00\x13v\x01\x82\
\xc62\x00\x00\x1e\x5c\x02mV`\x00\x00\x1c\xd4\x04\x1e\
\xf1\x82\x00\x00\x05\xf1\x04Dm9\x00\x00\x05,\x04T\
\x18N\x00\x00\x11\xf7\x04\x89?'\x00\x00\x06<\x04\xde\
1)\x00\x00\x07 \x05M7\xf2\x00\x00\x06\xc3\x05\xa6\
\xc8\x95\x00\x00\x11\xce\x06{\x06\x03\x00\x00\x09'\x06\xa4\
]\x8e\x00\x00\x09[\x07\x07\xe0\x0e\x00\x00\x18\x81\x07t\
\x8a\x94\x00\x00\x01\x8e\x09\x82\xac\xae\x00\x00\x00\x00\x09\xd5\
\xc9.\x00\x00\x02\x02\x0auc\xd7\x00\x00\x17A\x0b\x0a\
r\xc9\x00\x00\x01\xda\x0c\xe2\x80\xae\x00\x00\x03\xf4\x0d\xb7\
\x06\x10\x00\x00\x1b\x19\x0d\xc4\xc8<\x00\x00\x22\x0d\x0e*\
j\xae\x00\x00\x1f\xa4\x0ek8\x9e\x00\x00\x0d\x87\x0e\x8d\
\xd4\x82\x00\x00\x1a\x0b\x0e\xca\x08\x89\x00\x00\x05\x84\x0f-\
\x13\xae\x00\x00\x01J\x0fE\xeb\x1e\x00\x00\x07\x84i\x00\
\x00\x22>\x03\x00\x00\x00\xd4\x00E\x00t\x00t\x00 \
\x00\xf6\x00v\x00e\x00r\x00s\x00\xe4\x00t\x00t\
\x00n\x00i\x00n\x00g\x00s\x00s\x00u\x00f\
\x00f\x00i\x00x\x00 \x00s\x00o\x00m\x00 \
\x00s\x00k\x00a\x00 \x00a\x00n\x00v\x00\xe4\
\x00n\x00d\x00a\x00s\x00,\x00 \x00t\x00.\
\x00e\x00x\x00.\x00 \x00\x22\x00s\x00v\x00\x22\
\x00\x0a\x00f\x00\xf6\x00r\x00 \x00a\x00t\x00t\
\x00 \x00f\x00\xe5\x00 \x00e\x00n\x00 \x00s\
\x00v\x00e\x00n\x00s\x00k\x00 \x00\xf6\x00v\
\x00e\x00r\x00s\x00\xe4\x00t\x00t\x00n\x00i\
\x00n\x00g\x00 \x00a\x00v\x00 \x00d\x00o\
\x00k\x00u\x00m\x00e\x00n\x00t\x00a\x00t\
\x00i\x00o\x00n\x00e\x00n\x00.\x08\x00\x00\x00\
\x00\x06\x00\x00\x00]A translat\
ion suffix to us\
e, for example \x22\
fr\x22\x0ato get Frenc\
h translation of\
 the documentati\
on.\x07\x00\x00\x00\x04Form\x01\x03\x00\x00\
\x00\x1c\x00A\x00n\x00p\x00a\x00s\x00s\x00a\
\x00d\x00 \x00p\x00l\x00a\x00t\x00s\x08\x00\
\x00\x00\x00\x06\x00\x00\x00\x0fCustom l\
ocation\x07\x00\x00\x00\x04Form\
\x01\x03\x00\x00\x00\x22\x00A\x00n\x00p\x00a\x00s\
\x00s\x00a\x00d\x00 \x00s\x00t\x00i\x00l\
\x00m\x00a\x00l\x00l\x08\x00\x00\x00\x00\x06\x00\x00\
\x00\x11Custom stylesh\
eet\x07\x00\x00\x00\x04Form\x01\x03\x00\x00\
\x00\x08\x00V\x00i\x00s\x00a\x08\x00\x00\x00\x00\x06\
\x00\x00\x00\x07Display\x07\x00\x00\x00\x04\
Form\x01\x03\x00\x00\x01D\x00D\x00o\x00k\
\x00u\x00m\x00e\x00n\x00t\x00a\x00t\x00i\
\x00o\x00n\x00e\x00n\x00 \x00\xf6\x00p\x00p\
\x00n\x00a\x00s\x00 \x00i\x00 \x00e\x00n\
\x00 \x00d\x00o\x00c\x00k\x00n\x00i\x00n\
\x00g\x00s\x00b\x00a\x00r\x00 \x00d\x00i\
\x00a\x00l\x00o\x00g\x00r\x00u\x00t\x00a\
\x00 \x00i\x00 \x00F\x00r\x00e\x00e\x00C\
\x00A\x00D\x00,\x00 \x00v\x00i\x00l\x00k\
\x00e\x00t\x00 \x00g\x00\xf6\x00r\x00 \x00d\
\x00e\x00t\x00 \x00m\x00\xf6\x00j\x00l\x00i\
\x00g\x00t\x00 \x00a\x00t\x00t\x00 \x00a\
\x00r\x00b\x00e\x00t\x00a\x00 \x00s\x00a\
\x00m\x00t\x00i\x00d\x00i\x00g\x00t\x00 \
\x00i\x00 \x003\x00D\x00-\x00v\x00y\x00n\
\x00.\x00\x0a\x00K\x00r\x00\xe4\x00v\x00e\x00r\
\x00 \x00k\x00o\x00m\x00p\x00o\x00n\x00e\
\x00n\x00t\x00e\x00n\x00 \x00P\x00y\x00S\
\x00i\x00d\x00e\x00 \x00Q\x00t\x00W\x00e\
\x00b\x00e\x00n\x00g\x00i\x00n\x00e\x00W\
\x00i\x00d\x00g\x00e\x00t\x00s\x00.\x08\x00\
\x00\x00\x00\x06\x00\x00\x00\x95Document\
ation opens in a\
 dockable dialog\
 within FreeCAD,\
 allowing simult\
aneous work in t\
he 3D view.\x0aRequ\
ires the PySide \
QtWebengineWidge\
ts component.\x07\x00\x00\
\x00\x04Form\x01\x03\x00\x00\x00\xc6\x00H\x00\xe4\
\x00m\x00t\x00a\x00r\x00 \x00d\x00o\x00k\
\x00u\x00m\x00e\x00n\x00t\x00a\x00t\x00i\
\x00o\x00n\x00e\x00n\x00 \x00f\x00r\x00\xe5\
\x00n\x00 \x00s\x00i\x00d\x00o\x00r\x00 \
\x00s\x00o\x00m\x00 \x00\xe5\x00t\x00e\x00r\
\x00g\x00e\x00s\x00 \x00p\x00\xe5\x00 \x00G\
\x00i\x00t\x00H\x00u\x00b\x00.\x00\x0a\x00D\
\x00e\x00t\x00t\x00a\x00 \x00\xe4\x00r\x00 \
\x00f\x00\xf6\x00r\x00 \x00n\x00\xe4\x00r\x00v\
\x00a\x00r\x00a\x00n\x00d\x00e\x00 \x00i\
\x00n\x00t\x00e\x00 \x00t\x00i\x00l\x00l\
\x00g\x00\xe4\x00n\x00g\x00l\x00i\x00g\x00t\
\x00.\x08\x00\x00\x00\x00\x06\x00\x00\x00YFetc\
hes the document\
ation from pages\
 rendered on Git\
Hub.\x0aThis is cur\
rently not avail\
able.\x07\x00\x00\x00\x04Form\x01\x03\
\x00\x00\x00*\x00F\x00r\x00e\x00e\x00C\x00A\
\x00D\x00 \x00W\x00i\x00k\x00i\x00 \x00(\
\x00o\x00n\x00l\x00i\x00n\x00e\x00)\x08\x00\
\x00\x00\x00\x06\x00\x00\x00\x15FreeCAD \
Wiki (online)\x07\x00\x00\
\x00\x04Form\x01\x03\x00\x00\x00\x1e\x00G\x00i\
\x00t\x00H\x00u\x00b\x00 \x00(\x00o\x00n\
\x00l\x00i\x00n\x00e\x00)\x08\x00\x00\x00\x00\x06\
\x00\x00\x00\x0fGitHub (onli\
ne)\x07\x00\x00\x00\x04Form\x01\x03\x00\x00\
\x00\x0a\x00H\x00j\x00\xe4\x00l\x00p\x08\x00\x00\x00\
\x00\x06\x00\x00\x00\x04Help\x07\x00\x00\x00\x04F\
orm\x01\x03\x00\x00\x00\x22\x00I\x00 \x00e\x00\
n\x00 \x00F\x00r\x00e\x00e\x00C\x00A\x00\
D\x00-\x00f\x00l\x00i\x00k\x08\x00\x00\x00\x00\
\x06\x00\x00\x00\x10In a FreeCA\
D tab\x07\x00\x00\x00\x04Form\x01\x03\
\x00\x00\x00N\x00I\x00 \x00e\x00n\x00 \x00s\
\x00e\x00p\x00a\x00r\x00a\x00t\x00,\x00 \
\x00i\x00n\x00b\x00\xe4\x00d\x00d\x00n\x00i\
\x00n\x00g\x00s\x00b\x00a\x00r\x00 \x00d\
\x00i\x00a\x00l\x00o\x00g\x00r\x00u\x00t\
\x00a\x08\x00\x00\x00\x00\x06\x00\x00\x00 In a\
 separate, embed\
dable dialog\x07\x00\x00\x00\
\x04Form\x01\x03\x00\x00\x00*\x00I\x00 \x00\
s\x00t\x00a\x00n\x00d\x00a\x00r\x00d\x00\
w\x00e\x00b\x00b\x00l\x00\xe4\x00s\x00a\x00\
r\x00e\x00n\x08\x00\x00\x00\x00\x06\x00\x00\x00\x1aI\
n the default we\
b browser\x07\x00\x00\x00\x04Fo\
rm\x01\x03\x00\x00\x002\x00M\x00a\x00r\x00k\
\x00d\x00o\x00w\x00n\x00-\x00v\x00e\x00r\
\x00s\x00i\x00o\x00n\x00 \x00(\x00o\x00n\
\x00l\x00i\x00n\x00e\x00)\x08\x00\x00\x00\x00\x06\
\x00\x00\x00\x19Markdown ver\
sion (online)\x07\x00\x00\
\x00\x04Form\x01\x03\x00\x00\x00\xfe\x00O\x00b\
\x00s\x00e\x00r\x00v\x00e\x00r\x00a\x00:\
\x00 \x00O\x00m\x00 \x00P\x00y\x00S\x00i\
\x00d\x00e\x00 \x00W\x00e\x00b\x00-\x00k\
\x00o\x00m\x00p\x00o\x00n\x00e\x00n\x00t\
\x00e\x00r\x00 \x00i\x00n\x00t\x00e\x00 \
\x00f\x00i\x00n\x00n\x00s\x00 \x00p\x00\xe5\
\x00 \x00s\x00y\x00s\x00t\x00e\x00m\x00e\
\x00t\x00 \x00\xf6\x00p\x00p\x00n\x00a\x00s\
\x00 \x00h\x00j\x00\xe4\x00l\x00p\x00s\x00i\
\x00d\x00o\x00r\x00 \x00i\x00 \x00s\x00t\
\x00a\x00n\x00d\x00a\x00r\x00d\x00w\x00e\
\x00b\x00b\x00l\x00\xe4\x00s\x00a\x00r\x00e\
\x00n\x00 \x00o\x00a\x00v\x00s\x00e\x00t\
\x00t\x00 \x00a\x00l\x00t\x00e\x00r\x00n\
\x00a\x00t\x00i\x00v\x00e\x00n\x00 \x00n\
\x00e\x00d\x00a\x00n\x00.\x08\x00\x00\x00\x00\x06\
\x00\x00\x00\x8cNote: if PyS\
ide Web componen\
ts are not found\
 on the system, \
help pages will \
open in the defa\
ult web browser \
regardless of th\
e options below.\
\x07\x00\x00\x00\x04Form\x01\x03\x00\x00\x00\x14\x00\
A\x00l\x00t\x00e\x00r\x00n\x00a\x00t\x00\
i\x00v\x08\x00\x00\x00\x00\x06\x00\x00\x00\x07Opt\
ions\x07\x00\x00\x00\x04Form\x01\x03\x00\
\x00\x02\xbc\x00S\x00t\x00\xe4\x00l\x00l\x00 \x00\
i\x00n\x00 \x00d\x00e\x00t\x00t\x00a\x00\
 \x00t\x00i\x00l\x00l\x00 \x00e\x00n\x00\
 \x00a\x00n\x00p\x00a\x00s\x00s\x00a\x00\
d\x00 \x00U\x00R\x00L\x00 \x00e\x00l\x00\
l\x00e\x00r\x00 \x00d\x00e\x00n\x00 \x00\
m\x00a\x00p\x00p\x00 \x00d\x00\xe4\x00r\x00\
 \x00h\x00j\x00\xe4\x00l\x00p\x00f\x00i\x00\
l\x00e\x00r\x00n\x00a\x00 \x00f\x00i\x00\
n\x00n\x00s\x00.\x00\x0a\x00D\x00o\x00k\x00\
u\x00m\x00e\x00n\x00t\x00a\x00t\x00i\x00\
o\x00n\x00 \x00k\x00a\x00n\x00 \x00l\x00\
a\x00d\x00d\x00a\x00s\x00 \x00n\x00e\x00\
r\x00 \x00f\x00\xf6\x00r\x00 \x00o\x00f\x00\
f\x00l\x00i\x00n\x00e\x00-\x00a\x00n\x00\
v\x00\xe4\x00n\x00d\x00n\x00i\x00n\x00g\x00\
 \x00v\x00i\x00a\x00 \x00T\x00i\x00l\x00\
l\x00\xe4\x00g\x00g\x00s\x00h\x00a\x00n\x00\
t\x00e\x00r\x00a\x00r\x00e\x00 \x00o\x00\
c\x00h\x00 \x00i\x00n\x00s\x00t\x00a\x00\
l\x00l\x00a\x00t\x00i\x00o\x00n\x00 \x00\
a\x00v\x00 \x00t\x00i\x00l\x00l\x00\xe4\x00\
g\x00g\x00e\x00t\x00\x0a\x00\x22\x00 \x00o\x00\
f\x00f\x00l\x00i\x00n\x00e\x00-\x00d\x00\
o\x00c\x00u\x00m\x00e\x00n\x00t\x00a\x00\
t\x00i\x00o\x00n\x00 \x00\x22\x00.\x00 \x00\
O\x00m\x00 \x00d\x00e\x00t\x00 \x00h\x00\
\xe4\x00r\x00 \x00f\x00\xe4\x00l\x00t\x00e\x00\
t\x00 \x00l\x00\xe4\x00m\x00n\x00a\x00s\x00\
 \x00t\x00o\x00m\x00t\x00 \x00k\x00o\x00\
m\x00m\x00e\x00r\x00 \x00F\x00r\x00e\x00\
e\x00C\x00A\x00D\x00\x0a\x00a\x00u\x00t\x00\
o\x00m\x00a\x00t\x00i\x00s\x00k\x00t\x00\
 \x00s\x00\xf6\x00k\x00a\x00 \x00e\x00f\x00\
t\x00e\x00r\x00 \x00h\x00j\x00\xe4\x00l\x00\
p\x00f\x00i\x00l\x00e\x00r\x00n\x00a\x00\
 \x00p\x00\xe5\x00 \x00s\x00t\x00a\x00n\x00\
d\x00a\x00r\x00d\x00p\x00l\x00a\x00t\x00\
s\x00e\x00n\x00\x0a\x00(\x00$\x00U\x00S\x00\
E\x00R\x00A\x00P\x00P\x00D\x00A\x00T\x00\
A\x00D\x00I\x00R\x00/\x00M\x00o\x00d\x00\
/\x00o\x00f\x00f\x00l\x00i\x00n\x00e\x00\
-\x00d\x00o\x00k\x00u\x00m\x00e\x00n\x00\
t\x00a\x00t\x00i\x00o\x00n\x00)\x00.\x08\
\x00\x00\x00\x00\x06\x00\x00\x01WSet thi\
s to a custom UR\
L or the folder \
where the help f\
iles are located\
.\x0aDocumentation \
can be downloade\
d for offline us\
e via the Addon \
Manager and inst\
alling the\x0a\x22offl\
ine-documentatio\
n\x22 addon. If thi\
s field is left \
blank, FreeCAD w\
ill\x0aautomaticall\
y search for the\
 help files at t\
he default locat\
ion\x0a($USERAPPDAT\
ADIR/Mod/offline\
-documentation).\
\x07\x00\x00\x00\x04Form\x01\x03\x00\x00\x02\xc8\x00\
A\x00n\x00g\x00e\x00 \x00e\x00n\x00 \x00\
a\x00n\x00p\x00a\x00s\x00s\x00a\x00d\x00\
 \x00U\x00R\x00L\x00 \x00e\x00l\x00l\x00\
e\x00r\x00 \x00d\x00e\x00n\x00 \x00m\x00\
a\x00p\x00p\x00 \x00d\x00\xe4\x00r\x00 \x00\
h\x00j\x00\xe4\x00l\x00p\x00f\x00i\x00l\x00\
e\x00r\x00n\x00a\x00 \x00f\x00i\x00n\x00\
n\x00s\x00.\x00\x0a\x00D\x00u\x00 \x00k\x00\
a\x00n\x00 \x00e\x00n\x00k\x00e\x00l\x00\
t\x00 \x00l\x00a\x00d\x00d\x00a\x00 \x00\
n\x00e\x00r\x00 \x00d\x00o\x00k\x00u\x00\
m\x00e\x00n\x00t\x00a\x00t\x00i\x00o\x00\
n\x00e\x00n\x00 \x00f\x00\xf6\x00r\x00 \x00\
o\x00f\x00f\x00l\x00i\x00n\x00e\x00-\x00\
a\x00n\x00v\x00\xe4\x00n\x00d\x00n\x00i\x00\
n\x00g\x00 \x00g\x00e\x00n\x00o\x00m\x00\
 \x00a\x00t\x00t\x00 \x00a\x00n\x00v\x00\
\xe4\x00n\x00d\x00a\x00 \x00T\x00i\x00l\x00\
l\x00\xe4\x00g\x00g\x00s\x00h\x00a\x00n\x00\
t\x00e\x00r\x00a\x00r\x00e\x00 \x00o\x00\
c\x00h\x00 \x00i\x00n\x00s\x00t\x00a\x00\
l\x00l\x00e\x00r\x00a\x00 \x00t\x00i\x00\
l\x00l\x00\xe4\x00g\x00g\x00e\x00t\x00 \x00\
\x22\x00o\x00f\x00f\x00l\x00i\x00n\x00e\x00\
-\x00d\x00o\x00c\x00u\x00m\x00e\x00n\x00\
t\x00a\x00t\x00i\x00o\x00n\x00\x22\x00.\x00\
 \x00O\x00m\x00 \x00d\x00e\x00t\x00t\x00\
a\x00\x0a\x00f\x00\xe4\x00l\x00t\x00e\x00t\x00\
 \x00l\x00\xe4\x00m\x00n\x00a\x00s\x00 \x00\
t\x00o\x00m\x00t\x00,\x00 \x00k\x00o\x00\
m\x00m\x00e\x00r\x00 \x00F\x00r\x00e\x00\
e\x00C\x00A\x00D\x00 \x00a\x00u\x00t\x00\
o\x00m\x00a\x00t\x00i\x00s\x00k\x00t\x00\
 \x00a\x00t\x00t\x00 \x00s\x00\xf6\x00k\x00\
a\x00 \x00e\x00f\x00t\x00e\x00r\x00 \x00\
h\x00j\x00\xe4\x00l\x00p\x00f\x00i\x00l\x00\
e\x00r\x00n\x00a\x00 \x00p\x00\xe5\x00\x0a\x00\
s\x00t\x00a\x00n\x00d\x00a\x00r\x00d\x00\
p\x00l\x00a\x00t\x00s\x00e\x00n\x00 \x00\
(\x00$\x00U\x00S\x00E\x00R\x00A\x00P\x00\
P\x00D\x00A\x00T\x00A\x00D\x00I\x00R\x00\
/\x00M\x00o\x00d\x00/\x00o\x00f\x00f\x00\
l\x00i\x00n\x00e\x00-\x00d\x00o\x00c\x00\
u\x00m\x00e\x00n\x00t\x00a\x00t\x00i\x00\
o\x00n\x00)\x00.\x08\x00\x00\x00\x00\x06\x00\x00\x01\
fSet this to a c\
ustom URL or the\
 folder where th\
e help files are\
 located.\x0aYou ca\
n easily downloa\
d the documentat\
ion for offline \
use by using the\
 Addon\x0aManager a\
nd installing th\
e \x22offline-docum\
entation\x22 addon.\
 If this\x0afield i\
s left blank, Fr\
eeCAD will autom\
atically search \
for the help fil\
es at\x0athe defaul\
t location ($USE\
RAPPDATADIR/Mod/\
offline-document\
ation).\x07\x00\x00\x00\x04Form\
\x01\x03\x00\x00\x00\x0a\x00K\x00\xe4\x00l\x00l\x00a\
\x08\x00\x00\x00\x00\x06\x00\x00\x00\x06Source\
\x07\x00\x00\x00\x04Form\x01\x03\x00\x00\x00\xee\x00\
A\x00n\x00g\x00e\x00 \x00s\x00\xf6\x00k\x00\
v\x00\xe4\x00g\x00e\x00n\x00 \x00t\x00i\x00\
l\x00l\x00 \x00e\x00n\x00 \x00a\x00l\x00\
t\x00e\x00r\x00n\x00a\x00t\x00i\x00v\x00\
 \x00C\x00S\x00S\x00-\x00f\x00i\x00l\x00\
 \x00f\x00\xf6\x00r\x00 \x00s\x00t\x00y\x00\
l\x00i\x00n\x00g\x00 \x00a\x00v\x00 \x00\
M\x00a\x00r\x00k\x00d\x00o\x00w\x00n\x00\
-\x00s\x00i\x00d\x00o\x00r\x00.\x00\x0a\x00\
D\x00e\x00t\x00t\x00a\x00 \x00g\x00\xe4\x00\
l\x00l\x00e\x00r\x00 \x00e\x00n\x00d\x00\
a\x00s\x00t\x00 \x00o\x00m\x00 \x00M\x00\
a\x00r\x00k\x00d\x00o\x00w\x00n\x00 \x00\
h\x00a\x00r\x00 \x00v\x00a\x00l\x00t\x00\
s\x00 \x00o\x00v\x00a\x00n\x00.\x08\x00\x00\
\x00\x00\x06\x00\x00\x00xSpecify t\
he path to an al\
ternative CSS fi\
le for styling M\
arkdown pages.\x0aT\
his only applies\
 if Markdown is \
selected above.\x07\
\x00\x00\x00\x04Form\x01\x03\x00\x00\x02\x80\x00D\
\x00o\x00k\x00u\x00m\x00e\x00n\x00t\x00a\
\x00t\x00i\x00o\x00n\x00s\x00s\x00i\x00d\
\x00o\x00r\x00n\x00a\x00 \x00k\x00o\x00m\
\x00m\x00e\x00r\x00 \x00a\x00t\x00t\x00 \
\x00h\x00\xe4\x00m\x00t\x00a\x00s\x00 \x00f\
\x00r\x00\xe5\x00n\x00 \x00e\x00n\x00 \x00a\
\x00u\x00t\x00o\x00m\x00a\x00t\x00i\x00s\
\x00k\x00 \x00M\x00a\x00r\x00k\x00d\x00o\
\x00w\x00n\x00-\x00k\x00o\x00n\x00v\x00e\
\x00r\x00t\x00e\x00r\x00i\x00n\x00g\x00\x0a\
\x00a\x00v\x00 \x00F\x00r\x00e\x00e\x00C\
\x00A\x00D\x00 \x00w\x00i\x00k\x00i\x00,\
\x00 \x00v\x00\xe4\x00r\x00d\x00 \x00p\x00\xe5\
\x00 \x00F\x00r\x00e\x00e\x00C\x00A\x00D\
\x00s\x00 \x00G\x00i\x00t\x00H\x00u\x00b\
\x00-\x00k\x00o\x00n\x00t\x00o\x00.\x00 \
\x00D\x00e\x00t\x00t\x00a\x00 \x00k\x00a\
\x00n\x00 \x00u\x00t\x00f\x00o\x00r\x00m\
\x00a\x00s\x00 \x00m\x00e\x00d\x00 \x00e\
\x00n\x00\x0a\x00a\x00n\x00p\x00a\x00s\x00s\
\x00a\x00d\x00 \x00s\x00t\x00i\x00l\x00m\
\x00a\x00l\x00l\x00 \x00n\x00e\x00d\x00a\
\x00n\x00 \x00o\x00c\x00h\x00 \x00k\x00a\
\x00n\x00 \x00s\x00e\x00 \x00t\x00r\x00e\
\x00v\x00l\x00i\x00g\x00a\x00r\x00e\x00 \
\x00u\x00t\x00 \x00\xe4\x00n\x00 \x00w\x00i\
\x00k\x00i\x00-\x00a\x00l\x00t\x00e\x00r\
\x00n\x00a\x00t\x00i\x00v\x00e\x00t\x00.\
\x00 \x00P\x00y\x00t\x00h\x00o\x00n\x00-\
\x00m\x00o\x00d\x00u\x00l\x00e\x00n\x00 \
\x00'\x00M\x00a\x00r\x00k\x00d\x00o\x00w\
\x00n\x00'\x00 \x00e\x00l\x00l\x00e\x00r\
\x00\x0a\x00'\x00P\x00a\x00n\x00d\x00o\x00c\
\x00'\x00 \x00P\x00y\x00t\x00h\x00o\x00n\
\x00-\x00m\x00o\x00d\x00u\x00l\x00e\x00n\
\x00 \x00b\x00\xf6\x00r\x00 \x00i\x00n\x00s\
\x00t\x00a\x00l\x00l\x00e\x00r\x00a\x00s\
\x00 \x00f\x00\xf6\x00r\x00 \x00o\x00p\x00t\
\x00i\x00m\x00a\x00l\x00a\x00 \x00r\x00e\
\x00s\x00u\x00l\x00t\x00a\x00t\x00.\x08\x00\
\x00\x00\x00\x06\x00\x00\x012The docu\
mentation pages \
will be fetched \
from an automati\
c Markdown conve\
rsion\x0aof the Fre\
eCAD wiki,hosted\
 on FreeCAD's Gi\
tHub account. Th\
is can be styled\
 with a\x0acustom s\
tylesheet below \
and can look nic\
er than the wiki\
 option. The 'Ma\
rkdown' or\x0a'Pand\
oc' Python modul\
e should be inst\
alled for optima\
l results.\x07\x00\x00\x00\x04F\
orm\x01\x03\x00\x00\x00\xc6\x00D\x00o\x00k\x00\
u\x00m\x00e\x00n\x00t\x00a\x00t\x00i\x00\
o\x00n\x00s\x00s\x00i\x00d\x00o\x00r\x00\
n\x00a\x00 \x00k\x00o\x00m\x00m\x00e\x00\
r\x00 \x00a\x00t\x00t\x00 \x00h\x00\xe4\x00\
m\x00t\x00a\x00s\x00 \x00f\x00r\x00\xe5\x00\
n\x00 \x00d\x00e\x00n\x00 \x00o\x00f\x00\
f\x00i\x00c\x00i\x00e\x00l\x00l\x00a\x00\
\x0a\x00F\x00r\x00e\x00e\x00C\x00A\x00D\x00\
w\x00i\x00k\x00i\x00 \x00p\x00\xe5\x00 \x00\
h\x00t\x00t\x00p\x00s\x00:\x00/\x00/\x00\
w\x00i\x00k\x00i\x00.\x00f\x00r\x00e\x00\
e\x00c\x00a\x00d\x00.\x00o\x00r\x00g\x08\
\x00\x00\x00\x00\x06\x00\x00\x00aThe doc\
umentation pages\
 will be fetched\
 from the offici\
al\x0aFreeCADwiki a\
t https://wiki.f\
reecad.org\x07\x00\x00\x00\x04F\
orm\x01\x03\x00\x00\x00\xf4\x00D\x00o\x00k\x00\
u\x00m\x00e\x00n\x00t\x00a\x00t\x00i\x00\
o\x00n\x00e\x00n\x00 \x00k\x00o\x00m\x00\
m\x00e\x00r\x00 \x00a\x00t\x00t\x00 \x00\
\xf6\x00p\x00p\x00n\x00a\x00s\x00 \x00i\x00\
 \x00e\x00n\x00 \x00n\x00y\x00 \x00f\x00\
l\x00i\x00k\x00 \x00i\x00 \x00F\x00r\x00\
e\x00e\x00C\x00A\x00D\x00-\x00g\x00r\x00\
\xe4\x00n\x00s\x00s\x00n\x00i\x00t\x00t\x00\
e\x00t\x00.\x00 \x00D\x00e\x00t\x00t\x00\
a\x00 \x00k\x00r\x00\xe4\x00v\x00e\x00r\x00\
 \x00P\x00y\x00S\x00i\x00d\x00e\x00 \x00\
Q\x00t\x00W\x00e\x00b\x00e\x00n\x00g\x00\
i\x00n\x00e\x00W\x00i\x00d\x00g\x00e\x00\
t\x00s\x00-\x00k\x00o\x00m\x00p\x00o\x00\
n\x00e\x00n\x00t\x00e\x00n\x00.\x08\x00\x00\
\x00\x00\x06\x00\x00\x00}The docum\
entation will op\
en in a new tab \
inside the FreeC\
AD interface. Th\
is requires the \
PySide QtWebengi\
neWidgets compon\
ent.\x07\x00\x00\x00\x04Form\x01\x03\x00\
\x00\x00n\x00D\x00o\x00k\x00u\x00m\x00e\x00\
n\x00t\x00a\x00t\x00i\x00o\x00n\x00e\x00\
n\x00 \x00k\x00o\x00m\x00m\x00e\x00r\x00\
 \x00a\x00t\x00t\x00 \x00\xf6\x00p\x00p\x00\
n\x00a\x00s\x00 \x00i\x00 \x00s\x00t\x00\
a\x00n\x00d\x00a\x00r\x00d\x00w\x00e\x00\
b\x00b\x00l\x00\xe4\x00s\x00a\x00r\x00e\x00\
n\x08\x00\x00\x00\x00\x06\x00\x00\x006The d\
ocumentation wil\
l open in the de\
fault web browse\
r\x07\x00\x00\x00\x04Form\x01\x03\x00\x00\x00&\
\x00\xd6\x00v\x00e\x00r\x00s\x00\xe4\x00t\x00t\
\x00n\x00i\x00n\x00g\x00s\x00s\x00u\x00f\
\x00f\x00i\x00x\x08\x00\x00\x00\x00\x06\x00\x00\x00\x12\
Translation suff\
ix\x07\x00\x00\x00\x04Form\x01\x03\x00\x00\x01\
\x02\x00I\x00n\x00n\x00e\x00h\x00\xe5\x00l\x00\
l\x00e\x00t\x00 \x00p\x00\xe5\x00 \x00d\x00\
e\x00n\x00 \x00h\x00\xe4\x00r\x00 \x00s\x00\
i\x00d\x00a\x00n\x00 \x00k\x00u\x00n\x00\
d\x00e\x00 \x00i\x00n\x00t\x00e\x00 \x00\
h\x00\xe4\x00m\x00t\x00a\x00s\x00.\x00 \x00\
K\x00o\x00n\x00t\x00r\x00o\x00l\x00l\x00\
e\x00r\x00a\x00 \x00i\x00n\x00s\x00t\x00\
\xe4\x00l\x00l\x00n\x00i\x00n\x00g\x00a\x00\
r\x00n\x00a\x00 \x00u\x00n\x00d\x00e\x00\
r\x00 \x00m\x00e\x00n\x00y\x00n\x00 \x00\
R\x00e\x00d\x00i\x00g\x00e\x00r\x00a\x00\
 !\x92\x00 \x00I\x00n\x00s\x00t\x00\xe4\x00\
l\x00l\x00n\x00i\x00n\x00g\x00a\x00r\x00\
 !\x92\x00 \x00A\x00l\x00l\x00m\x00\xe4\x00\
n\x00t\x00 !\x92\x00 \x00H\x00j\x00\xe4\x00\
l\x00p\x08\x00\x00\x00\x00\x06\x00\x00\x00yCon\
tents for this p\
age could not be\
 retrieved. Plea\
se check setting\
s under menu Edi\
t \xe2\x86\x92 Preference\
s \xe2\x86\x92 General \xe2\x86\
\x92 Help\x07\x00\x00\x00\x04Help\x01\
\x03\x00\x00\x00\x0a\x00H\x00j\x00\xe4\x00l\x00p\x08\
\x00\x00\x00\x00\x06\x00\x00\x00\x04Help\x07\x00\x00\
\x00\x04Help\x01\x03\x00\x00\x00\xf8\x00H\x00j\
\x00\xe4\x00l\x00p\x00f\x00i\x00l\x00e\x00r\
\x00n\x00a\x00s\x00 \x00p\x00l\x00a\x00t\
\x00s\x00 \x00k\x00u\x00n\x00d\x00e\x00 \
\x00i\x00n\x00t\x00e\x00 \x00b\x00e\x00s\
\x00t\x00\xe4\x00m\x00m\x00a\x00s\x00.\x00 \
\x00K\x00o\x00n\x00t\x00r\x00o\x00l\x00l\
\x00e\x00r\x00a\x00 \x00i\x00n\x00s\x00t\
\x00\xe4\x00l\x00l\x00n\x00i\x00n\x00g\x00a\
\x00r\x00n\x00a\x00 \x00u\x00n\x00d\x00e\
\x00r\x00 \x00m\x00e\x00n\x00y\x00n\x00 \
\x00R\x00e\x00d\x00i\x00g\x00e\x00r\x00a\
\x00 !\x92\x00 \x00I\x00n\x00s\x00t\x00\xe4\
\x00l\x00l\x00n\x00i\x00n\x00g\x00a\x00r\
\x00 !\x92\x00 \x00A\x00l\x00l\x00m\x00\xe4\
\x00n\x00t\x00 !\x92\x00 \x00H\x00j\x00\xe4\
\x00l\x00p\x08\x00\x00\x00\x00\x06\x00\x00\x00wHe\
lp files locatio\
n could not be d\
etermined. Pleas\
e check settings\
 under menu Edit\
 \xe2\x86\x92 Preferences\
 \xe2\x86\x92 General \xe2\x86\x92\
 Help\x07\x00\x00\x00\x04Help\x01\x03\
\x00\x00\x00\xce\x00P\x00y\x00S\x00i\x00d\x00e\
\x00 \x00Q\x00t\x00W\x00e\x00b\x00E\x00n\
\x00g\x00i\x00n\x00e\x00W\x00i\x00d\x00g\
\x00e\x00t\x00s\x00-\x00m\x00o\x00d\x00u\
\x00l\x00e\x00n\x00 \x00\xe4\x00r\x00 \x00i\
\x00n\x00t\x00e\x00 \x00t\x00i\x00l\x00l\
\x00g\x00\xe4\x00n\x00g\x00l\x00i\x00g\x00.\
\x00 \x00R\x00e\x00n\x00d\x00e\x00r\x00i\
\x00n\x00g\x00 \x00a\x00v\x00 \x00h\x00j\
\x00\xe4\x00l\x00p\x00 \x00g\x00\xf6\x00r\x00s\
\x00 \x00m\x00e\x00d\x00 \x00s\x00y\x00s\
\x00t\x00e\x00m\x00e\x00t\x00s\x00 \x00w\
\x00e\x00b\x00b\x00l\x00\xe4\x00s\x00a\x00r\
\x00e\x08\x00\x00\x00\x00\x06\x00\x00\x00aPySi\
de QtWebEngineWi\
dgets module is \
not available. H\
elp rendering is\
 done with the s\
ystem browser\x07\x00\x00\
\x00\x04Help\x01\x03\x00\x00\x01\x98\x00D\x00e\
\x00t\x00 \x00f\x00i\x00n\x00n\x00s\x00 \
\x00i\x00n\x00g\x00e\x00n\x00 \x00M\x00a\
\x00r\x00k\x00d\x00o\x00w\x00n\x00-\x00r\
\x00e\x00n\x00d\x00e\x00r\x00a\x00r\x00e\
\x00 \x00i\x00n\x00s\x00t\x00a\x00l\x00l\
\x00e\x00r\x00a\x00d\x00 \x00p\x00\xe5\x00 \
\x00d\x00i\x00t\x00t\x00 \x00s\x00y\x00s\
\x00t\x00e\x00m\x00,\x00 \x00s\x00\xe5\x00 \
\x00d\x00e\x00n\x00 \x00h\x00\xe4\x00r\x00 \
\x00h\x00j\x00\xe4\x00l\x00p\x00s\x00i\x00d\
\x00a\x00n\x00 \x00\xe5\x00t\x00e\x00r\x00g\
\x00e\x00s\x00 \x00s\x00o\x00m\x00 \x00d\
\x00e\x00n\x00 \x00\xe4\x00r\x00.\x00 \x00I\
\x00n\x00s\x00t\x00a\x00l\x00l\x00e\x00r\
\x00a\x00 \x00P\x00y\x00t\x00h\x00o\x00n\
\x00-\x00m\x00o\x00d\x00u\x00l\x00e\x00r\
\x00n\x00a\x00 \x00M\x00a\x00r\x00k\x00d\
\x00o\x00w\x00n\x00 \x00e\x00l\x00l\x00e\
\x00r\x00 \x00P\x00a\x00n\x00d\x00o\x00c\
\x00 \x00f\x00\xf6\x00r\x00 \x00a\x00t\x00t\
\x00 \x00f\x00\xf6\x00r\x00b\x00\xe4\x00t\x00t\
\x00r\x00a\x00 \x00\xe5\x00t\x00e\x00r\x00g\
\x00i\x00v\x00n\x00i\x00n\x00g\x00e\x00n\
\x00 \x00a\x00v\x00 \x00d\x00e\x00n\x00 \
\x00h\x00\xe4\x00r\x00 \x00s\x00i\x00d\x00a\
\x00n\x00.\x08\x00\x00\x00\x00\x06\x00\x00\x00\xb8Th\
ere is no Markdo\
wn renderer inst\
alled on your sy\
stem, so this he\
lp page is rende\
red as is. Pleas\
e install the Ma\
rkdown or Pandoc\
 Python modules \
to improve the r\
endering of this\
 page.\x07\x00\x00\x00\x04Help\x01\
\x03\x00\x00\x00\x0e\x00A\x00l\x00l\x00m\x00\xe4\x00\
n\x00t\x08\x00\x00\x00\x00\x06\x00\x00\x00\x07Gen\
eral\x07\x00\x00\x00\x07QObject\
\x01\x88\x00\x00\x00\x02\x01\x01\
\x00\x00#\x8e\
<\
\xb8d\x18\xca\xef\x9c\x95\xcd!\x1c\xbf`\xa1\xbd\xdd\xa7\
\x00\x00\x00\x02daB\x00\x00\x00\xf0\x00\x04\xec0\x00\
\x00\x05\xf8\x00\x04\xec0\x00\x00\x1c\xe1\x00\x99N\xa8\x00\
\x00\x1b\x00\x018!.\x00\x00\x13\xb2\x01\x82\xc62\x00\
\x00\x1e\x96\x02mV`\x00\x00\x1d\x08\x04\x1e\xf1\x82\x00\
\x00\x06\x1f\x04Dm9\x00\x00\x05Z\x04T\x18N\x00\
\x00\x12;\x04\x89?'\x00\x00\x06v\x04\xde1)\x00\
\x00\x07L\x05M7\xf2\x00\x00\x06\xeb\x05\xa6\xc8\x95\x00\
\x00\x12\x12\x06{\x06\x03\x00\x00\x09\x89\x06\xa4]\x8e\x00\
\x00\x09\xc3\x07\x07\xe0\x0e\x00\x00\x18\xb9\x07t\x8a\x94\x00\
\x00\x01\xaa\x09\x82\xac\xae\x00\x00\x00\x00\x09\xd5\xc9.\x00\
\x00\x020\x0auc\xd7\x00\x00\x17{\x0b\x0ar\xc9\x00\
\x00\x02\x02\x0c\xe2\x80\xae\x00\x00\x040\x0d\xb7\x06\x10\x00\
\x00\x1bS\x0d\xc4\xc8<\x00\x00\x22C\x0e*j\xae\x00\
\x00\x1f\xda\x0ek8\x9e\x00\x00\x0d\xe7\x0e\x8d\xd4\x82\x00\
\x00\x1aC\x0e\xca\x08\x89\x00\x00\x05\xb2\x0f-\x13\xae\x00\
\x00\x01P\x0fE\xeb\x1e\x00\x00\x07\xb0i\x00\x00\x22v\
\x03\x00\x00\x00\xda\x00D\x00e\x00t\x00 \x00o\x00\
v\x00e\x00r\x00s\x00\xe6\x00t\x00t\x00e\x00\
l\x00s\x00e\x00s\x00s\x00u\x00f\x00f\x00\
i\x00k\x00s\x00 \x00s\x00o\x00m\x00 \x00\
s\x00k\x00a\x00l\x00 \x00b\x00r\x00u\x00\
g\x00e\x00s\x00,\x00 \x00f\x00o\x00r\x00\
 \x00e\x00k\x00s\x00e\x00m\x00p\x00e\x00\
l\x00 \x00\x22\x00f\x00r\x00\x22\x00\x0a\x00f\x00\
o\x00r\x00 \x00a\x00t\x00 \x00f\x00\xe5\x00\
 \x00f\x00r\x00a\x00n\x00s\x00k\x00 \x00\
o\x00v\x00e\x00r\x00s\x00\xe6\x00t\x00t\x00\
e\x00l\x00s\x00e\x00 \x00a\x00f\x00 \x00\
d\x00o\x00k\x00u\x00m\x00e\x00n\x00t\x00\
a\x00t\x00i\x00o\x00n\x00e\x00n\x00.\x08\
\x00\x00\x00\x00\x06\x00\x00\x00]A trans\
lation suffix to\
 use, for exampl\
e \x22fr\x22\x0ato get Fr\
ench translation\
 of the document\
ation.\x07\x00\x00\x00\x04Form\x01\
\x03\x00\x00\x002\x00B\x00r\x00u\x00g\x00e\x00\
r\x00d\x00e\x00f\x00i\x00n\x00e\x00r\x00\
e\x00t\x00 \x00p\x00l\x00a\x00c\x00e\x00\
r\x00i\x00n\x00g\x08\x00\x00\x00\x00\x06\x00\x00\x00\
\x0fCustom location\
\x07\x00\x00\x00\x04Form\x01\x03\x00\x00\x00.\x00\
B\x00r\x00u\x00g\x00e\x00r\x00t\x00i\x00\
l\x00p\x00a\x00s\x00s\x00e\x00t\x00 \x00\
s\x00t\x00i\x00l\x00a\x00r\x00k\x08\x00\x00\
\x00\x00\x06\x00\x00\x00\x11Custom st\
ylesheet\x07\x00\x00\x00\x04For\
m\x01\x03\x00\x00\x00\x0e\x00V\x00i\x00s\x00n\x00\
i\x00n\x00g\x08\x00\x00\x00\x00\x06\x00\x00\x00\x07D\
isplay\x07\x00\x00\x00\x04Form\x01\
\x03\x00\x00\x01R\x00D\x00o\x00k\x00u\x00m\x00\
e\x00n\x00t\x00a\x00t\x00i\x00o\x00n\x00\
e\x00n\x00 \x00\xe5\x00b\x00n\x00e\x00s\x00\
 \x00i\x00 \x00e\x00n\x00 \x00d\x00i\x00\
a\x00l\x00o\x00g\x00b\x00o\x00k\x00s\x00\
 \x00i\x00 \x00F\x00r\x00e\x00e\x00C\x00\
A\x00D\x00,\x00 \x00s\x00o\x00m\x00 \x00\
t\x00i\x00l\x00l\x00a\x00d\x00e\x00r\x00\
 \x00a\x00t\x00 \x00d\x00e\x00r\x00 \x00\
s\x00a\x00m\x00t\x00i\x00d\x00i\x00g\x00\
t\x00 \x00k\x00a\x00n\x00 \x00a\x00r\x00\
b\x00e\x00j\x00d\x00e\x00s\x00 \x00i\x00\
 \x003\x00D\x00-\x00v\x00i\x00s\x00n\x00\
i\x00n\x00g\x00e\x00n\x00.\x00 \x00K\x00\
r\x00\xe6\x00v\x00e\x00r\x00 \x00i\x00n\x00\
s\x00t\x00a\x00l\x00l\x00a\x00t\x00i\x00\
o\x00n\x00 \x00a\x00f\x00 \x00P\x00y\x00\
S\x00i\x00d\x00e\x00 \x00Q\x00t\x00W\x00\
e\x00b\x00e\x00n\x00g\x00i\x00n\x00e\x00\
W\x00i\x00d\x00g\x00e\x00t\x00s\x00 \x00\
k\x00o\x00m\x00p\x00o\x00n\x00e\x00n\x00\
t\x00e\x00n\x00.\x08\x00\x00\x00\x00\x06\x00\x00\x00\
\x95Documentation o\
pens in a dockab\
le dialog within\
 FreeCAD, allowi\
ng simultaneous \
work in the 3D v\
iew.\x0aRequires th\
e PySide QtWeben\
gineWidgets comp\
onent.\x07\x00\x00\x00\x04Form\x01\
\x03\x00\x00\x00\xb8\x00H\x00e\x00n\x00t\x00e\x00\
r\x00 \x00d\x00o\x00k\x00u\x00m\x00e\x00\
n\x00t\x00a\x00t\x00i\x00o\x00n\x00e\x00\
n\x00 \x00f\x00r\x00a\x00 \x00s\x00i\x00\
d\x00e\x00r\x00 \x00d\x00e\x00r\x00 \x00\
g\x00e\x00n\x00g\x00i\x00v\x00e\x00s\x00\
 \x00p\x00\xe5\x00 \x00G\x00i\x00t\x00H\x00\
u\x00b\x00.\x00\x0a\x00D\x00e\x00t\x00t\x00\
e\x00 \x00e\x00r\x00 \x00a\x00k\x00t\x00\
u\x00e\x00l\x00t\x00 \x00i\x00k\x00k\x00\
e\x00 \x00t\x00i\x00l\x00g\x00\xe6\x00n\x00\
g\x00e\x00l\x00i\x00g\x00t\x00.\x08\x00\x00\
\x00\x00\x06\x00\x00\x00YFetches t\
he documentation\
 from pages rend\
ered on GitHub.\x0a\
This is currentl\
y not available.\
\x07\x00\x00\x00\x04Form\x01\x03\x00\x00\x00*\x00\
F\x00r\x00e\x00e\x00C\x00A\x00D\x00 \x00\
W\x00i\x00k\x00i\x00 \x00(\x00o\x00n\x00\
l\x00i\x00n\x00e\x00)\x08\x00\x00\x00\x00\x06\x00\
\x00\x00\x15FreeCAD Wiki \
(online)\x07\x00\x00\x00\x04For\
m\x01\x03\x00\x00\x00\x1e\x00G\x00i\x00t\x00h\x00\
u\x00b\x00 \x00(\x00o\x00n\x00l\x00i\x00\
n\x00e\x00)\x08\x00\x00\x00\x00\x06\x00\x00\x00\x0fG\
itHub (online)\x07\x00\
\x00\x00\x04Form\x01\x03\x00\x00\x00\x0a\x00H\x00\
j\x00\xe6\x00l\x00p\x08\x00\x00\x00\x00\x06\x00\x00\x00\
\x04Help\x07\x00\x00\x00\x04Form\x01\x03\
\x00\x00\x00.\x00I\x00 \x00e\x00t\x00 \x00f\
\x00a\x00n\x00e\x00b\x00l\x00a\x00d\x00 \
\x00i\x00 \x00F\x00r\x00e\x00e\x00C\x00A\
\x00D\x08\x00\x00\x00\x00\x06\x00\x00\x00\x10In a\
 FreeCAD tab\x07\x00\x00\x00\
\x04Form\x01\x03\x00\x00\x00<\x00I\x00 \x00\
e\x00n\x00 \x00s\x00e\x00p\x00a\x00r\x00\
a\x00t\x00,\x00 \x00i\x00n\x00d\x00l\x00\
e\x00j\x00r\x00e\x00t\x00 \x00d\x00i\x00\
a\x00l\x00o\x00g\x08\x00\x00\x00\x00\x06\x00\x00\x00\
 In a separate, \
embeddable dialo\
g\x07\x00\x00\x00\x04Form\x01\x03\x00\x00\x00.\
\x00I\x00 \x00s\x00t\x00a\x00n\x00d\x00a\
\x00r\x00d\x00 \x00w\x00e\x00b\x00b\x00r\
\x00o\x00w\x00s\x00e\x00r\x00e\x00n\x08\x00\
\x00\x00\x00\x06\x00\x00\x00\x1aIn the d\
efault web brows\
er\x07\x00\x00\x00\x04Form\x01\x03\x00\x00\x00\
2\x00M\x00a\x00r\x00k\x00d\x00o\x00w\x00\
n\x00 \x00v\x00e\x00r\x00s\x00i\x00o\x00\
n\x00 \x00(\x00o\x00n\x00l\x00i\x00n\x00\
e\x00)\x08\x00\x00\x00\x00\x06\x00\x00\x00\x19Mar\
kdown version (o\
nline)\x07\x00\x00\x00\x04Form\x01\
\x03\x00\x00\x014\x00B\x00e\x00m\x00\xe6\x00r\x00\
k\x00:\x00 \x00H\x00v\x00i\x00s\x00 \x00\
d\x00e\x00r\x00 \x00i\x00k\x00k\x00e\x00\
 \x00e\x00r\x00 \x00i\x00n\x00s\x00t\x00\
a\x00l\x00l\x00e\x00r\x00e\x00t\x00 \x00\
P\x00y\x00S\x00i\x00d\x00e\x00 \x00W\x00\
e\x00b\x00-\x00k\x00o\x00m\x00p\x00o\x00\
n\x00e\x00n\x00t\x00e\x00r\x00 \x00p\x00\
\xe5\x00 \x00s\x00y\x00s\x00t\x00e\x00m\x00\
e\x00t\x00,\x00 \x00v\x00i\x00l\x00 \x00\
h\x00j\x00\xe6\x00l\x00p\x00e\x00s\x00i\x00\
d\x00e\x00r\x00 \x00b\x00l\x00i\x00v\x00\
e\x00 \x00\xe5\x00b\x00n\x00e\x00t\x00 \x00\
i\x00 \x00s\x00t\x00a\x00n\x00d\x00a\x00\
r\x00d\x00-\x00w\x00e\x00b\x00b\x00r\x00\
o\x00w\x00s\x00e\x00r\x00e\x00n\x00 \x00\
u\x00a\x00n\x00s\x00e\x00t\x00 \x00m\x00\
u\x00l\x00i\x00g\x00h\x00e\x00d\x00e\x00\
r\x00n\x00e\x00 \x00n\x00e\x00d\x00e\x00\
n\x00f\x00o\x00r\x00.\x08\x00\x00\x00\x00\x06\x00\
\x00\x00\x8cNote: if PySi\
de Web component\
s are not found \
on the system, h\
elp pages will o\
pen in the defau\
lt web browser r\
egardless of the\
 options below.\x07\
\x00\x00\x00\x04Form\x01\x03\x00\x00\x00\x1a\x00I\
\x00n\x00d\x00s\x00t\x00i\x00l\x00l\x00i\
\x00n\x00g\x00e\x00r\x08\x00\x00\x00\x00\x06\x00\x00\
\x00\x07Options\x07\x00\x00\x00\x04Fo\
rm\x01\x03\x00\x00\x02\xb4\x00S\x00\xe6\x00t\x00 \
\x00d\x00e\x00t\x00t\x00e\x00 \x00t\x00i\
\x00l\x00 \x00e\x00n\x00 \x00b\x00r\x00u\
\x00g\x00e\x00r\x00d\x00e\x00f\x00i\x00n\
\x00e\x00r\x00e\x00t\x00 \x00U\x00R\x00L\
\x00 \x00e\x00l\x00l\x00e\x00r\x00 \x00t\
\x00i\x00l\x00 \x00e\x00n\x00 \x00m\x00a\
\x00p\x00p\x00e\x00 \x00h\x00v\x00o\x00r\
\x00 \x00h\x00j\x00\xe6\x00l\x00p\x00e\x00f\
\x00i\x00l\x00e\x00r\x00n\x00e\x00 \x00f\
\x00i\x00n\x00d\x00e\x00s\x00.\x00\x0a\x00D\
\x00o\x00k\x00u\x00m\x00e\x00n\x00t\x00a\
\x00t\x00i\x00o\x00n\x00e\x00n\x00 \x00k\
\x00a\x00n\x00 \x00d\x00o\x00w\x00n\x00l\
\x00o\x00a\x00d\x00e\x00s\x00 \x00t\x00i\
\x00l\x00 \x00o\x00f\x00f\x00l\x00i\x00n\
\x00e\x00 \x00b\x00r\x00u\x00g\x00 \x00v\
\x00e\x00d\x00 \x00a\x00t\x00 \x00b\x00r\
\x00u\x00g\x00e\x00 \x00A\x00d\x00d\x00o\
\x00n\x00 \x00M\x00a\x00n\x00a\x00g\x00e\
\x00r\x00 \x00\x0a\x00t\x00i\x00l\x00 \x00a\
\x00t\x00 \x00i\x00n\x00s\x00t\x00a\x00l\
\x00l\x00e\x00r\x00e\x00 \x00\x22\x00o\x00f\
\x00f\x00l\x00i\x00n\x00e\x00 \x00d\x00o\
\x00k\x00u\x00m\x00e\x00n\x00t\x00a\x00t\
\x00i\x00o\x00n\x00\x22\x00 \x00t\x00i\x00l\
\x00f\x00\xf8\x00j\x00e\x00l\x00s\x00e\x00n\
\x00.\x00 \x00\x0a\x00H\x00v\x00i\x00s\x00 \
\x00d\x00e\x00t\x00t\x00e\x00 \x00f\x00e\
\x00l\x00t\x00 \x00e\x00r\x00 \x00t\x00o\
\x00m\x00t\x00,\x00 \x00v\x00i\x00l\x00 \
\x00F\x00r\x00e\x00e\x00C\x00A\x00D\x00 \
\x00a\x00u\x00t\x00o\x00m\x00a\x00t\x00i\
\x00s\x00k\x00 \x00s\x00\xf8\x00g\x00e\x00 \
\x00e\x00f\x00t\x00e\x00r\x00 \x00h\x00j\
\x00\xe6\x00l\x00p\x00e\x00f\x00i\x00l\x00e\
\x00r\x00n\x00e\x00 \x00p\x00\xe5\x00\x0a\x00s\
\x00t\x00a\x00n\x00d\x00a\x00r\x00d\x00p\
\x00l\x00a\x00c\x00r\x00i\x00n\x00g\x00e\
\x00n\x00 \x00(\x00$\x00U\x00S\x00E\x00R\
\x00A\x00P\x00P\x00D\x00A\x00T\x00A\x00D\
\x00I\x00R\x00/\x00M\x00o\x00d\x00/\x00D\
\x00o\x00c\x00u\x00m\x00e\x00n\x00t\x00a\
\x00t\x00i\x00o\x00n\x00)\x00.\x08\x00\x00\x00\
\x00\x06\x00\x00\x01WSet this t\
o a custom URL o\
r the folder whe\
re the help file\
s are located.\x0aD\
ocumentation can\
 be downloaded f\
or offline use v\
ia the Addon Man\
ager and install\
ing the\x0a\x22offline\
-documentation\x22 \
addon. If this f\
ield is left bla\
nk, FreeCAD will\
\x0aautomatically s\
earch for the he\
lp files at the \
default location\
\x0a($USERAPPDATADI\
R/Mod/offline-do\
cumentation).\x07\x00\x00\
\x00\x04Form\x01\x03\x00\x00\x02\xac\x00S\x00\xe6\
\x00t\x00 \x00d\x00e\x00t\x00t\x00e\x00 \
\x00t\x00i\x00l\x00 \x00e\x00n\x00 \x00b\
\x00r\x00u\x00g\x00e\x00r\x00d\x00e\x00f\
\x00i\x00n\x00e\x00r\x00e\x00t\x00 \x00U\
\x00R\x00L\x00 \x00l\x00l\x00e\x00r\x00 \
\x00e\x00n\x00 \x00m\x00a\x00p\x00p\x00e\
\x00 \x00h\x00v\x00o\x00r\x00 \x00h\x00j\
\x00\xe6\x00l\x00p\x00e\x00f\x00i\x00l\x00e\
\x00r\x00n\x00e\x00 \x00f\x00i\x00n\x00d\
\x00e\x00s\x00.\x00\x0a\x00D\x00u\x00 \x00k\
\x00a\x00n\x00 \x00n\x00e\x00m\x00t\x00 \
\x00d\x00o\x00w\x00n\x00l\x00o\x00a\x00d\
\x00e\x00 \x00d\x00o\x00k\x00u\x00m\x00e\
\x00n\x00t\x00a\x00t\x00i\x00o\x00n\x00e\
\x00n\x00 \x00t\x00i\x00l\x00 \x00o\x00f\
\x00f\x00l\x00i\x00n\x00e\x00 \x00b\x00r\
\x00u\x00g\x00 \x00v\x00e\x00d\x00 \x00h\
\x00j\x00\xe6\x00l\x00p\x00 \x00a\x00f\x00 \
\x00A\x00d\x00d\x00o\x00n\x00\x0a\x00M\x00a\
\x00n\x00a\x00g\x00e\x00r\x00 \x00o\x00g\
\x00 \x00i\x00n\x00s\x00t\x00a\x00l\x00l\
\x00e\x00r\x00e\x00 \x00\x22\x00o\x00f\x00f\
\x00l\x00i\x00n\x00e\x00 \x00d\x00o\x00k\
\x00u\x00m\x00e\x00n\x00t\x00a\x00t\x00i\
\x00o\x00n\x00\x22\x00 \x00t\x00i\x00l\x00f\
\x00\xf8\x00j\x00e\x00l\x00s\x00e\x00n\x00.\
\x00 \x00H\x00v\x00i\x00s\x00 \x00d\x00e\
\x00t\x00t\x00e\x00\x0a\x00f\x00e\x00l\x00t\
\x00 \x00e\x00r\x00 \x00t\x00o\x00m\x00t\
\x00,\x00 \x00v\x00i\x00l\x00 \x00F\x00r\
\x00e\x00e\x00C\x00A\x00D\x00 \x00a\x00u\
\x00t\x00o\x00m\x00a\x00t\x00i\x00s\x00k\
\x00 \x00s\x00\xf8\x00g\x00e\x00 \x00e\x00f\
\x00t\x00e\x00r\x00 \x00h\x00j\x00\xe6\x00l\
\x00p\x00e\x00f\x00i\x00l\x00e\x00r\x00n\
\x00e\x00 \x00p\x00\xe5\x00\x0a\x00s\x00t\x00a\
\x00n\x00d\x00a\x00r\x00d\x00p\x00l\x00a\
\x00c\x00r\x00i\x00n\x00g\x00e\x00n\x00 \
\x00(\x00$\x00U\x00S\x00E\x00R\x00A\x00P\
\x00P\x00D\x00A\x00T\x00A\x00D\x00I\x00R\
\x00/\x00M\x00o\x00d\x00/\x00D\x00o\x00c\
\x00u\x00m\x00e\x00n\x00t\x00a\x00t\x00i\
\x00o\x00n\x00)\x00.\x08\x00\x00\x00\x00\x06\x00\x00\
\x01fSet this to a \
custom URL or th\
e folder where t\
he help files ar\
e located.\x0aYou c\
an easily downlo\
ad the documenta\
tion for offline\
 use by using th\
e Addon\x0aManager \
and installing t\
he \x22offline-docu\
mentation\x22 addon\
. If this\x0afield \
is left blank, F\
reeCAD will auto\
matically search\
 for the help fi\
les at\x0athe defau\
lt location ($US\
ERAPPDATADIR/Mod\
/offline-documen\
tation).\x07\x00\x00\x00\x04For\
m\x01\x03\x00\x00\x00\x0a\x00K\x00i\x00l\x00d\x00\
e\x08\x00\x00\x00\x00\x06\x00\x00\x00\x06Sourc\
e\x07\x00\x00\x00\x04Form\x01\x03\x00\x00\x00\xe6\
\x00A\x00n\x00g\x00i\x00v\x00 \x00s\x00t\
\x00i\x00e\x00n\x00 \x00t\x00i\x00l\x00 \
\x00e\x00n\x00 \x00a\x00l\x00t\x00e\x00r\
\x00n\x00a\x00t\x00i\x00v\x00 \x00C\x00S\
\x00S\x00-\x00f\x00i\x00l\x00 \x00t\x00i\
\x00l\x00 \x00s\x00t\x00y\x00l\x00i\x00n\
\x00g\x00 \x00M\x00a\x00r\x00k\x00d\x00o\
\x00w\x00n\x00 \x00s\x00i\x00d\x00e\x00r\
\x00.\x00\x0a\x00D\x00e\x00t\x00t\x00e\x00 \
\x00g\x00\xe6\x00l\x00d\x00e\x00r\x00 \x00k\
\x00u\x00n\x00,\x00 \x00h\x00v\x00i\x00s\
\x00 \x00M\x00a\x00r\x00k\x00d\x00o\x00w\
\x00n\x00 \x00e\x00r\x00 \x00v\x00a\x00l\
\x00g\x00t\x00 \x00o\x00v\x00e\x00n\x00f\
\x00o\x00r\x00.\x08\x00\x00\x00\x00\x06\x00\x00\x00x\
Specify the path\
 to an alternati\
ve CSS file for \
styling Markdown\
 pages.\x0aThis onl\
y applies if Mar\
kdown is selecte\
d above.\x07\x00\x00\x00\x04For\
m\x01\x03\x00\x00\x02~\x00D\x00o\x00k\x00u\x00\
m\x00e\x00n\x00t\x00a\x00t\x00i\x00o\x00\
n\x00s\x00s\x00i\x00d\x00e\x00r\x00n\x00\
e\x00 \x00v\x00i\x00l\x00 \x00b\x00l\x00\
i\x00v\x00e\x00 \x00h\x00e\x00n\x00t\x00\
e\x00t\x00 \x00f\x00r\x00a\x00 \x00e\x00\
n\x00 \x00a\x00u\x00t\x00o\x00m\x00a\x00\
t\x00i\x00s\x00k\x00 \x00M\x00a\x00r\x00\
k\x00d\x00o\x00w\x00n\x00 \x00k\x00o\x00\
n\x00v\x00e\x00r\x00t\x00e\x00r\x00i\x00\
n\x00g\x00\x0a\x00a\x00f\x00 \x00F\x00r\x00\
e\x00e\x00C\x00A\x00D\x00'\x00s\x00 \x00\
w\x00i\x00k\x00i\x00,\x00 \x00h\x00o\x00\
s\x00t\x00e\x00d\x00 \x00p\x00\xe5\x00 \x00\
F\x00r\x00e\x00e\x00C\x00A\x00D\x00 \x00\
'\x00s\x00 \x00G\x00i\x00t\x00H\x00u\x00\
b\x00 \x00k\x00o\x00n\x00t\x00o\x00.\x00\
 \x00V\x00i\x00s\x00n\x00i\x00n\x00g\x00\
e\x00n\x00 \x00k\x00a\x00n\x00 \x00t\x00\
i\x00l\x00p\x00a\x00s\x00s\x00e\x00s\x00\
 \x00m\x00e\x00d\x00 \x00e\x00t\x00\x0a\x00\
s\x00t\x00y\x00l\x00e\x00s\x00h\x00e\x00\
e\x00t\x00 \x00s\x00o\x00m\x00 \x00a\x00\
n\x00g\x00i\x00v\x00e\x00s\x00 \x00n\x00\
e\x00d\x00e\x00n\x00f\x00o\x00r\x00,\x00\
 \x00o\x00g\x00 \x00k\x00a\x00n\x00 \x00\
b\x00l\x00i\x00v\x00e\x00 \x00p\x00\xe6\x00\
n\x00e\x00r\x00e\x00 \x00e\x00n\x00d\x00\
 \x00w\x00i\x00k\x00i\x00-\x00v\x00e\x00\
r\x00s\x00i\x00o\x00n\x00e\x00n\x00.\x00\
 \x00'\x00M\x00a\x00r\x00k\x00d\x00o\x00\
w\x00n\x00'\x00 \x00e\x00l\x00l\x00e\x00\
r\x00\x0a\x00'\x00P\x00a\x00n\x00d\x00o\x00\
c\x00'\x00 \x00P\x00y\x00t\x00h\x00o\x00\
n\x00 \x00m\x00o\x00d\x00u\x00l\x00e\x00\
t\x00 \x00b\x00\xf8\x00r\x00 \x00i\x00n\x00\
s\x00t\x00a\x00l\x00l\x00e\x00r\x00e\x00\
s\x00 \x00f\x00o\x00r\x00 \x00e\x00t\x00\
 \x00o\x00p\x00t\x00i\x00m\x00a\x00l\x00\
t\x00 \x00r\x00e\x00s\x00u\x00l\x00t\x00\
a\x00t\x00.\x08\x00\x00\x00\x00\x06\x00\x00\x012T\
he documentation\
 pages will be f\
etched from an a\
utomatic Markdow\
n conversion\x0aof \
the FreeCAD wiki\
,hosted on FreeC\
AD's GitHub acco\
unt. This can be\
 styled with a\x0ac\
ustom stylesheet\
 below and can l\
ook nicer than t\
he wiki option. \
The 'Markdown' o\
r\x0a'Pandoc' Pytho\
n module should \
be installed for\
 optimal results\
.\x07\x00\x00\x00\x04Form\x01\x03\x00\x00\x00\xc4\
\x00D\x00o\x00k\x00u\x00m\x00e\x00n\x00t\
\x00a\x00t\x00i\x00o\x00n\x00s\x00s\x00i\
\x00d\x00e\x00r\x00n\x00e\x00 \x00v\x00i\
\x00l\x00 \x00b\x00l\x00i\x00v\x00e\x00 \
\x00h\x00e\x00n\x00t\x00e\x00t\x00 \x00f\
\x00r\x00a\x00 \x00d\x00e\x00n\x00 \x00o\
\x00f\x00f\x00i\x00c\x00i\x00e\x00l\x00l\
\x00e\x00\x0a\x00F\x00r\x00e\x00e\x00C\x00A\
\x00D\x00 \x00w\x00i\x00k\x00i\x00 \x00p\
\x00\xe5\x00 \x00h\x00t\x00t\x00p\x00s\x00:\
\x00/\x00/\x00w\x00i\x00k\x00i\x00.\x00f\
\x00r\x00e\x00e\x00c\x00a\x00d\x00.\x00o\
\x00r\x00g\x08\x00\x00\x00\x00\x06\x00\x00\x00aTh\
e documentation \
pages will be fe\
tched from the o\
fficial\x0aFreeCADw\
iki at https://w\
iki.freecad.org\x07\
\x00\x00\x00\x04Form\x01\x03\x00\x00\x00\xf4\x00D\
\x00o\x00k\x00u\x00m\x00e\x00n\x00t\x00a\
\x00t\x00i\x00o\x00n\x00e\x00n\x00 \x00v\
\x00i\x00s\x00e\x00s\x00 \x00p\x00\xe5\x00 \
\x00e\x00t\x00 \x00n\x00y\x00t\x00 \x00f\
\x00a\x00n\x00e\x00b\x00l\x00a\x00d\x00 \
\x00i\x00 \x00F\x00r\x00e\x00e\x00C\x00A\
\x00D\x00 \x00g\x00r\x00\xe6\x00n\x00s\x00e\
\x00f\x00l\x00a\x00d\x00e\x00n\x00.\x00 \
\x00D\x00e\x00t\x00t\x00e\x00 \x00k\x00r\
\x00\xe6\x00v\x00e\x00r\x00 \x00a\x00t\x00 \
\x00P\x00y\x00S\x00i\x00d\x00e\x00 \x00Q\
\x00t\x00W\x00e\x00b\x00e\x00n\x00g\x00i\
\x00n\x00e\x00W\x00i\x00d\x00g\x00e\x00t\
\x00s\x00 \x00e\x00r\x00 \x00i\x00n\x00s\
\x00t\x00a\x00l\x00l\x00e\x00r\x00e\x00t\
\x00.\x08\x00\x00\x00\x00\x06\x00\x00\x00}The \
documentation wi\
ll open in a new\
 tab inside the \
FreeCAD interfac\
e. This requires\
 the PySide QtWe\
bengineWidgets c\
omponent.\x07\x00\x00\x00\x04Fo\
rm\x01\x03\x00\x00\x00n\x00D\x00o\x00k\x00u\
\x00m\x00e\x00n\x00t\x00a\x00t\x00i\x00o\
\x00n\x00e\x00n\x00 \x00v\x00i\x00l\x00 \
\x00b\x00l\x00i\x00v\x00e\x00 \x00\xe5\x00b\
\x00n\x00e\x00t\x00 \x00i\x00 \x00s\x00t\
\x00a\x00n\x00d\x00a\x00r\x00d\x00 \x00w\
\x00e\x00b\x00b\x00r\x00o\x00w\x00s\x00e\
\x00r\x00e\x00n\x08\x00\x00\x00\x00\x06\x00\x00\x006\
The documentatio\
n will open in t\
he default web b\
rowser\x07\x00\x00\x00\x04Form\x01\
\x03\x00\x00\x00(\x00O\x00v\x00e\x00r\x00s\x00\
\xe6\x00t\x00t\x00e\x00l\x00s\x00e\x00s\x00\
s\x00u\x00f\x00f\x00i\x00k\x00s\x08\x00\x00\
\x00\x00\x06\x00\x00\x00\x12Translati\
on suffix\x07\x00\x00\x00\x04Fo\
rm\x01\x03\x00\x00\x00\xfc\x00I\x00n\x00d\x00h\
\x00o\x00l\x00d\x00e\x00t\x00 \x00f\x00o\
\x00r\x00 \x00d\x00e\x00n\x00n\x00e\x00 \
\x00s\x00i\x00d\x00e\x00 \x00k\x00u\x00n\
\x00n\x00e\x00 \x00i\x00k\x00k\x00e\x00 \
\x00h\x00e\x00n\x00t\x00e\x00s\x00.\x00 \
\x00K\x00o\x00n\x00t\x00r\x00o\x00l\x00l\
\x00e\x00r\x00 \x00i\x00n\x00d\x00s\x00t\
\x00i\x00l\x00l\x00i\x00n\x00g\x00e\x00r\
\x00n\x00e\x00 \x00u\x00n\x00d\x00e\x00r\
\x00 \x00m\x00e\x00n\x00u\x00e\x00n\x00 \
\x00R\x00e\x00d\x00i\x00g\x00e\x00r\x00 \
!\x92\x00 \x00I\x00n\x00d\x00s\x00t\x00i\
\x00l\x00l\x00i\x00n\x00g\x00e\x00r\x00 \
!\x92\x00 \x00G\x00e\x00n\x00e\x00r\x00e\
\x00l\x00t\x00 !\x92\x00 \x00H\x00j\x00\xe6\
\x00l\x00p\x08\x00\x00\x00\x00\x06\x00\x00\x00yCo\
ntents for this \
page could not b\
e retrieved. Ple\
ase check settin\
gs under menu Ed\
it \xe2\x86\x92 Preferenc\
es \xe2\x86\x92 General \xe2\
\x86\x92 Help\x07\x00\x00\x00\x04Help\
\x01\x03\x00\x00\x00\x0a\x00H\x00j\x00\xe6\x00l\x00p\
\x08\x00\x00\x00\x00\x06\x00\x00\x00\x04Help\x07\x00\
\x00\x00\x04Help\x01\x03\x00\x00\x00\xfe\x00P\x00\
l\x00a\x00c\x00e\x00r\x00i\x00n\x00g\x00\
e\x00n\x00 \x00a\x00f\x00 \x00h\x00j\x00\
\xe6\x00l\x00p\x00e\x00f\x00i\x00l\x00e\x00\
r\x00 \x00k\x00u\x00n\x00n\x00e\x00 \x00\
i\x00k\x00k\x00e\x00 \x00b\x00e\x00s\x00\
t\x00e\x00m\x00m\x00e\x00s\x00.\x00 \x00\
K\x00o\x00n\x00t\x00r\x00o\x00l\x00l\x00\
e\x00r\x00 \x00i\x00n\x00d\x00s\x00t\x00\
i\x00l\x00l\x00i\x00n\x00g\x00e\x00r\x00\
n\x00e\x00 \x00i\x00 \x00m\x00e\x00n\x00\
u\x00e\x00n\x00 \x00R\x00e\x00d\x00i\x00\
g\x00e\x00r\x00 !\x92\x00 \x00I\x00n\x00\
d\x00s\x00t\x00i\x00l\x00l\x00i\x00n\x00\
g\x00e\x00r\x00 !\x92\x00 \x00G\x00e\x00\
n\x00e\x00r\x00e\x00l\x00t\x00 !\x92\x00\
 \x00H\x00j\x00\xe6\x00l\x00p\x08\x00\x00\x00\x00\
\x06\x00\x00\x00wHelp files \
location could n\
ot be determined\
. Please check s\
ettings under me\
nu Edit \xe2\x86\x92 Pref\
erences \xe2\x86\x92 Gene\
ral \xe2\x86\x92 Help\x07\x00\x00\x00\
\x04Help\x01\x03\x00\x00\x00\xca\x00M\x00o\x00\
d\x00u\x00l\x00e\x00t\x00,\x00 \x00P\x00\
y\x00S\x00i\x00d\x00e\x00 \x00Q\x00t\x00\
W\x00e\x00b\x00E\x00n\x00g\x00i\x00n\x00\
e\x00W\x00i\x00d\x00g\x00e\x00t\x00s\x00\
,\x00 \x00e\x00r\x00 \x00i\x00k\x00k\x00\
e\x00 \x00t\x00i\x00l\x00g\x00\xe6\x00n\x00\
g\x00e\x00l\x00i\x00g\x00t\x00.\x00 \x00\
V\x00i\x00s\x00n\x00i\x00n\x00g\x00 \x00\
a\x00f\x00 \x00h\x00j\x00\xe6\x00l\x00p\x00\
 \x00f\x00o\x00r\x00e\x00t\x00a\x00g\x00\
e\x00s\x00 \x00m\x00e\x00d\x00 \x00W\x00\
e\x00b\x00b\x00r\x00o\x00w\x00s\x00e\x00\
r\x00e\x00n\x08\x00\x00\x00\x00\x06\x00\x00\x00aP\
ySide QtWebEngin\
eWidgets module \
is not available\
. Help rendering\
 is done with th\
e system browser\
\x07\x00\x00\x00\x04Help\x01\x03\x00\x00\x01\x98\x00\
D\x00e\x00r\x00 \x00e\x00r\x00 \x00i\x00\
k\x00k\x00e\x00 \x00i\x00n\x00s\x00t\x00\
a\x00l\x00l\x00e\x00r\x00e\x00t\x00 \x00\
e\x00t\x00 \x00p\x00r\x00o\x00g\x00r\x00\
a\x00m\x00 \x00t\x00i\x00l\x00 \x00m\x00\
a\x00r\x00k\x00d\x00o\x00w\x00n\x00 \x00\
r\x00e\x00n\x00d\x00e\x00r\x00i\x00n\x00\
g\x00 \x00p\x00\xe5\x00 \x00d\x00i\x00t\x00\
 \x00s\x00y\x00s\x00t\x00e\x00m\x00,\x00\
 \x00s\x00\xe5\x00 \x00d\x00e\x00n\x00n\x00\
e\x00 \x00h\x00j\x00\xe6\x00l\x00p\x00e\x00\
s\x00i\x00d\x00e\x00 \x00g\x00e\x00n\x00\
g\x00i\x00v\x00e\x00s\x00 \x00s\x00o\x00\
m\x00 \x00d\x00e\x00n\x00 \x00e\x00r\x00\
.\x00 \x00I\x00n\x00s\x00t\x00a\x00l\x00\
l\x00\xe9\x00r\x00 \x00e\x00t\x00 \x00m\x00\
a\x00r\x00k\x00d\x00o\x00w\x00n\x00 \x00\
e\x00l\x00l\x00e\x00r\x00 \x00p\x00a\x00\
n\x00d\x00o\x00c\x00-\x00p\x00y\x00t\x00\
h\x00o\x00n\x00-\x00m\x00o\x00d\x00u\x00\
l\x00 \x00f\x00o\x00r\x00 \x00a\x00t\x00\
 \x00f\x00o\x00r\x00b\x00e\x00d\x00r\x00\
e\x00 \x00g\x00e\x00n\x00g\x00i\x00v\x00\
e\x00l\x00s\x00e\x00n\x00 \x00a\x00f\x00\
 \x00d\x00e\x00n\x00n\x00e\x00 \x00s\x00\
i\x00d\x00e\x00.\x08\x00\x00\x00\x00\x06\x00\x00\x00\
\xb8There is no Mar\
kdown renderer i\
nstalled on your\
 system, so this\
 help page is re\
ndered as is. Pl\
ease install the\
 Markdown or Pan\
doc Python modul\
es to improve th\
e rendering of t\
his page.\x07\x00\x00\x00\x04He\
lp\x01\x03\x00\x00\x00\x10\x00G\x00e\x00n\x00e\
\x00r\x00e\x00l\x00t\x08\x00\x00\x00\x00\x06\x00\x00\
\x00\x07General\x07\x00\x00\x00\x07QO\
bject\x01\x88\x00\x00\x00\x02\x01\x01\
\x00\x00\x1c\xf4\
<\
\xb8d\x18\xca\xef\x9c\x95\xcd!\x1c\xbf`\xa1\xbd\xdd\xa7\
\x00\x00\x00\x05zh-TWB\x00\x00\x00\xf0\x00\x04\
\xec0\x00\x00\x04\xd8\x00\x04\xec0\x00\x00\x17\xe3\x00\x99\
N\xa8\x00\x00\x16\x1c\x018!.\x00\x00\x10|\x01\x82\
\xc62\x00\x00\x19v\x02mV`\x00\x00\x18\x04\x04\x1e\
\xf1\x82\x00\x00\x04\xf9\x04Dm9\x00\x00\x04J\x04T\
\x18N\x00\x00\x0e\xfb\x04\x89?'\x00\x00\x05<\x04\xde\
1)\x00\x00\x05\xd2\x05M7\xf2\x00\x00\x05\x8d\x05\xa6\
\xc8\x95\x00\x00\x0e\xd8\x06{\x06\x03\x00\x00\x07\xe1\x06\xa4\
]\x8e\x00\x00\x08\x05\x07\x07\xe0\x0e\x00\x00\x13\xd1\x07t\
\x8a\x94\x00\x00\x00\xde\x09\x82\xac\xae\x00\x00\x00\x00\x09\xd5\
\xc9.\x00\x00\x01N\x0auc\xd7\x00\x00\x12\xf1\x0b\x0a\
r\xc9\x00\x00\x01*\x0c\xe2\x80\xae\x00\x00\x03&\x0d\xb7\
\x06\x10\x00\x00\x16k\x0d\xc4\xc8<\x00\x00\x1b\xb9\x0e*\
j\xae\x00\x00\x1aN\x0ek8\x9e\x00\x00\x0c#\x0e\x8d\
\xd4\x82\x00\x00\x15a\x0e\xca\x08\x89\x00\x00\x04\x9a\x0f-\
\x13\xae\x00\x00\x00\xae\x0fE\xeb\x1e\x00\x00\x06$i\x00\
\x00\x1b\xe0\x03\x00\x00\x008\x89\x81O\x7fu(v\x84\
\x7f\xfb\x8bo_\x8c}\xb4\x00,\x00 O\x8bY\x82\
\x00 \x00\x22\x00f\x00r\x00\x22\x00\x0aS\xd6_\x97\
e\x87N\xf6v\x84l\xd5\x8a\x9e\x7f\xfb\x8bo\x00.\
\x08\x00\x00\x00\x00\x06\x00\x00\x00]A tran\
slation suffix t\
o use, for examp\
le \x22fr\x22\x0ato get F\
rench translatio\
n of the documen\
tation.\x07\x00\x00\x00\x04Form\
\x01\x03\x00\x00\x00\x08\x81\xea\x8a\x02OM\x7fn\x08\x00\
\x00\x00\x00\x06\x00\x00\x00\x0fCustom l\
ocation\x07\x00\x00\x00\x04Form\
\x01\x03\x00\x00\x00\x22\x00C\x00u\x00s\x00t\x00o\
\x00m\x00 \x00s\x00t\x00y\x00l\x00e\x00s\
\x00h\x00e\x00e\x00t\x08\x00\x00\x00\x00\x06\x00\x00\
\x00\x11Custom stylesh\
eet\x07\x00\x00\x00\x04Form\x01\x03\x00\x00\
\x00\x04\x98oy:\x08\x00\x00\x00\x00\x06\x00\x00\x00\x07\
Display\x07\x00\x00\x00\x04Form\
\x01\x03\x00\x00\x01*\x00D\x00o\x00c\x00u\x00m\
\x00e\x00n\x00t\x00a\x00t\x00i\x00o\x00n\
\x00 \x00o\x00p\x00e\x00n\x00s\x00 \x00i\
\x00n\x00 \x00a\x00 \x00d\x00o\x00c\x00k\
\x00a\x00b\x00l\x00e\x00 \x00d\x00i\x00a\
\x00l\x00o\x00g\x00 \x00w\x00i\x00t\x00h\
\x00i\x00n\x00 \x00F\x00r\x00e\x00e\x00C\
\x00A\x00D\x00,\x00 \x00a\x00l\x00l\x00o\
\x00w\x00i\x00n\x00g\x00 \x00s\x00i\x00m\
\x00u\x00l\x00t\x00a\x00n\x00e\x00o\x00u\
\x00s\x00 \x00w\x00o\x00r\x00k\x00 \x00i\
\x00n\x00 \x00t\x00h\x00e\x00 \x003\x00D\
\x00 \x00v\x00i\x00e\x00w\x00.\x00\x0a\x00R\
\x00e\x00q\x00u\x00i\x00r\x00e\x00s\x00 \
\x00t\x00h\x00e\x00 \x00P\x00y\x00S\x00i\
\x00d\x00e\x00 \x00Q\x00t\x00W\x00e\x00b\
\x00e\x00n\x00g\x00i\x00n\x00e\x00W\x00i\
\x00d\x00g\x00e\x00t\x00s\x00 \x00c\x00o\
\x00m\x00p\x00o\x00n\x00e\x00n\x00t\x00.\
\x08\x00\x00\x00\x00\x06\x00\x00\x00\x95Docume\
ntation opens in\
 a dockable dial\
og within FreeCA\
D, allowing simu\
ltaneous work in\
 the 3D view.\x0aRe\
quires the PySid\
e QtWebengineWid\
gets component.\x07\
\x00\x00\x00\x04Form\x01\x03\x00\x00\x00\xb2\x00F\
\x00e\x00t\x00c\x00h\x00e\x00s\x00 \x00t\
\x00h\x00e\x00 \x00d\x00o\x00c\x00u\x00m\
\x00e\x00n\x00t\x00a\x00t\x00i\x00o\x00n\
\x00 \x00f\x00r\x00o\x00m\x00 \x00p\x00a\
\x00g\x00e\x00s\x00 \x00r\x00e\x00n\x00d\
\x00e\x00r\x00e\x00d\x00 \x00o\x00n\x00 \
\x00G\x00i\x00t\x00H\x00u\x00b\x00.\x00\x0a\
\x00T\x00h\x00i\x00s\x00 \x00i\x00s\x00 \
\x00c\x00u\x00r\x00r\x00e\x00n\x00t\x00l\
\x00y\x00 \x00n\x00o\x00t\x00 \x00a\x00v\
\x00a\x00i\x00l\x00a\x00b\x00l\x00e\x00.\
\x08\x00\x00\x00\x00\x06\x00\x00\x00YFetche\
s the documentat\
ion from pages r\
endered on GitHu\
b.\x0aThis is curre\
ntly not availab\
le.\x07\x00\x00\x00\x04Form\x01\x03\x00\x00\
\x00\x22\x00F\x00r\x00e\x00e\x00C\x00A\x00D\
\x00 \x00W\x00i\x00k\x00i\x00 \x00(}\xda\
N\x0a\x00)\x08\x00\x00\x00\x00\x06\x00\x00\x00\x15Fr\
eeCAD Wiki (onli\
ne)\x07\x00\x00\x00\x04Form\x01\x03\x00\x00\
\x00\x16\x00G\x00i\x00t\x00H\x00u\x00b\x00 \
\x00(}\xdaN\x0a\x00)\x08\x00\x00\x00\x00\x06\x00\x00\
\x00\x0fGitHub (online\
)\x07\x00\x00\x00\x04Form\x01\x03\x00\x00\x00\x04\
\x8a\xacf\x0e\x08\x00\x00\x00\x00\x06\x00\x00\x00\x04He\
lp\x07\x00\x00\x00\x04Form\x01\x03\x00\x00\x00\
\x1aW(\x00 \x00F\x00r\x00e\x00e\x00C\x00\
A\x00D\x00 j\x19|dN-\x08\x00\x00\x00\x00\
\x06\x00\x00\x00\x10In a FreeCA\
D tab\x07\x00\x00\x00\x04Form\x01\x03\
\x00\x00\x00\x18W(U\xaeshv\x84\x00,\x00 \
S\xef]LQe\x5c\x0d\x8aqhF\x08\x00\x00\x00\
\x00\x06\x00\x00\x00 In a separ\
ate, embeddable \
dialog\x07\x00\x00\x00\x04Form\x01\
\x03\x00\x00\x00\x12W(\x98\x10\x8a-}\xb2\x98\x01p\
\x0f\x89\xbdVh\x88\xe1\x08\x00\x00\x00\x00\x06\x00\x00\x00\
\x1aIn the default \
web browser\x07\x00\x00\x00\x04\
Form\x01\x03\x00\x00\x00 \x00M\x00a\x00r\
\x00k\x00d\x00o\x00w\x00n\x00 rHg,\
\x00 \x00(}\xdaN\x0a\x00)\x08\x00\x00\x00\x00\x06\
\x00\x00\x00\x19Markdown ver\
sion (online)\x07\x00\x00\
\x00\x04Form\x01\x03\x00\x00\x01\x18\x00N\x00o\
\x00t\x00e\x00:\x00 \x00i\x00f\x00 \x00P\
\x00y\x00S\x00i\x00d\x00e\x00 \x00W\x00e\
\x00b\x00 \x00c\x00o\x00m\x00p\x00o\x00n\
\x00e\x00n\x00t\x00s\x00 \x00a\x00r\x00e\
\x00 \x00n\x00o\x00t\x00 \x00f\x00o\x00u\
\x00n\x00d\x00 \x00o\x00n\x00 \x00t\x00h\
\x00e\x00 \x00s\x00y\x00s\x00t\x00e\x00m\
\x00,\x00 \x00h\x00e\x00l\x00p\x00 \x00p\
\x00a\x00g\x00e\x00s\x00 \x00w\x00i\x00l\
\x00l\x00 \x00o\x00p\x00e\x00n\x00 \x00i\
\x00n\x00 \x00t\x00h\x00e\x00 \x00d\x00e\
\x00f\x00a\x00u\x00l\x00t\x00 \x00w\x00e\
\x00b\x00 \x00b\x00r\x00o\x00w\x00s\x00e\
\x00r\x00 \x00r\x00e\x00g\x00a\x00r\x00d\
\x00l\x00e\x00s\x00s\x00 \x00o\x00f\x00 \
\x00t\x00h\x00e\x00 \x00o\x00p\x00t\x00i\
\x00o\x00n\x00s\x00 \x00b\x00e\x00l\x00o\
\x00w\x00.\x08\x00\x00\x00\x00\x06\x00\x00\x00\x8cNo\
te: if PySide We\
b components are\
 not found on th\
e system, help p\
ages will open i\
n the default we\
b browser regard\
less of the opti\
ons below.\x07\x00\x00\x00\x04F\
orm\x01\x03\x00\x00\x00\x04\x90x\x98\x05\x08\x00\x00\
\x00\x00\x06\x00\x00\x00\x07Options\x07\x00\
\x00\x00\x04Form\x01\x03\x00\x00\x02\xae\x00S\x00\
e\x00t\x00 \x00t\x00h\x00i\x00s\x00 \x00\
t\x00o\x00 \x00a\x00 \x00c\x00u\x00s\x00\
t\x00o\x00m\x00 \x00U\x00R\x00L\x00 \x00\
o\x00r\x00 \x00t\x00h\x00e\x00 \x00f\x00\
o\x00l\x00d\x00e\x00r\x00 \x00w\x00h\x00\
e\x00r\x00e\x00 \x00t\x00h\x00e\x00 \x00\
h\x00e\x00l\x00p\x00 \x00f\x00i\x00l\x00\
e\x00s\x00 \x00a\x00r\x00e\x00 \x00l\x00\
o\x00c\x00a\x00t\x00e\x00d\x00.\x00\x0a\x00\
D\x00o\x00c\x00u\x00m\x00e\x00n\x00t\x00\
a\x00t\x00i\x00o\x00n\x00 \x00c\x00a\x00\
n\x00 \x00b\x00e\x00 \x00d\x00o\x00w\x00\
n\x00l\x00o\x00a\x00d\x00e\x00d\x00 \x00\
f\x00o\x00r\x00 \x00o\x00f\x00f\x00l\x00\
i\x00n\x00e\x00 \x00u\x00s\x00e\x00 \x00\
v\x00i\x00a\x00 \x00t\x00h\x00e\x00 \x00\
A\x00d\x00d\x00o\x00n\x00 \x00M\x00a\x00\
n\x00a\x00g\x00e\x00r\x00 \x00a\x00n\x00\
d\x00 \x00i\x00n\x00s\x00t\x00a\x00l\x00\
l\x00i\x00n\x00g\x00 \x00t\x00h\x00e\x00\
\x0a\x00\x22\x00o\x00f\x00f\x00l\x00i\x00n\x00\
e\x00-\x00d\x00o\x00c\x00u\x00m\x00e\x00\
n\x00t\x00a\x00t\x00i\x00o\x00n\x00\x22\x00\
 \x00a\x00d\x00d\x00o\x00n\x00.\x00 \x00\
I\x00f\x00 \x00t\x00h\x00i\x00s\x00 \x00\
f\x00i\x00e\x00l\x00d\x00 \x00i\x00s\x00\
 \x00l\x00e\x00f\x00t\x00 \x00b\x00l\x00\
a\x00n\x00k\x00,\x00 \x00F\x00r\x00e\x00\
e\x00C\x00A\x00D\x00 \x00w\x00i\x00l\x00\
l\x00\x0a\x00a\x00u\x00t\x00o\x00m\x00a\x00\
t\x00i\x00c\x00a\x00l\x00l\x00y\x00 \x00\
s\x00e\x00a\x00r\x00c\x00h\x00 \x00f\x00\
o\x00r\x00 \x00t\x00h\x00e\x00 \x00h\x00\
e\x00l\x00p\x00 \x00f\x00i\x00l\x00e\x00\
s\x00 \x00a\x00t\x00 \x00t\x00h\x00e\x00\
 \x00d\x00e\x00f\x00a\x00u\x00l\x00t\x00\
 \x00l\x00o\x00c\x00a\x00t\x00i\x00o\x00\
n\x00\x0a\x00(\x00$\x00U\x00S\x00E\x00R\x00\
A\x00P\x00P\x00D\x00A\x00T\x00A\x00D\x00\
I\x00R\x00/\x00M\x00o\x00d\x00/\x00o\x00\
f\x00f\x00l\x00i\x00n\x00e\x00-\x00d\x00\
o\x00c\x00u\x00m\x00e\x00n\x00t\x00a\x00\
t\x00i\x00o\x00n\x00)\x00.\x08\x00\x00\x00\x00\
\x06\x00\x00\x01WSet this to\
 a custom URL or\
 the folder wher\
e the help files\
 are located.\x0aDo\
cumentation can \
be downloaded fo\
r offline use vi\
a the Addon Mana\
ger and installi\
ng the\x0a\x22offline-\
documentation\x22 a\
ddon. If this fi\
eld is left blan\
k, FreeCAD will\x0a\
automatically se\
arch for the hel\
p files at the d\
efault location\x0a\
($USERAPPDATADIR\
/Mod/offline-doc\
umentation).\x07\x00\x00\x00\
\x04Form\x01\x03\x00\x00\x016\x5c\x07Qv\x8a\
-[\x9ap\xba\x81\xea\x8a\x02}\xb2W@b\x16\x8a\
\xaaf\x0ee\x87N\xf6b@W(v\x84\x8c\xc7e\
\x99Y>0\x02\x00\x0a`\xa8S\xefN\xe5O\x7fu\
(\x96DR\xa0QCN\xf6{\xa1t\x06T\xe1\x8f\
\x15\x9b\x06N\x0b\x8f\x09e\x87N\xf6N\xe5O\x9b\x96\
\xe2}\xdaO\x7fu(\x00\x0aN&[\x89\x88\xddc\
\xd2QeW(\x00 \x00\x22\x00o\x00f\x00f\x00\
l\x00i\x00n\x00e\x00-\x00d\x00o\x00c\x00\
u\x00m\x00e\x00n\x00t\x00a\x00t\x00i\x00\
o\x00n\x00\x22\x00.\x00 Y\x82g\x9ckd\x00\
\x0ak\x04OMuYzz\xff\x0c\x00F\x00r\x00\
e\x00e\x00C\x00A\x00D\x00 \x5c\x07\x81\xeaR\
\xd5W(\x98\x10\x8a-OM\x7fn\x00\x0a\x00(\x00\
$\x00U\x00S\x00E\x00R\x00A\x00P\x00P\x00\
D\x00A\x00T\x00A\x00D\x00I\x00R\x00/\x00\
M\x00o\x00d\x00/\x00o\x00f\x00f\x00l\x00\
i\x00n\x00e\x00-\x00d\x00o\x00c\x00u\x00\
m\x00e\x00n\x00t\x00a\x00t\x00i\x00o\x00\
n\x00)d\x1c\x5c\x0b\x8a\xaaf\x0ee\x87N\xf60\
\x02\x08\x00\x00\x00\x00\x06\x00\x00\x01fSet t\
his to a custom \
URL or the folde\
r where the help\
 files are locat\
ed.\x0aYou can easi\
ly download the \
documentation fo\
r offline use by\
 using the Addon\
\x0aManager and ins\
talling the \x22off\
line-documentati\
on\x22 addon. If th\
is\x0afield is left\
 blank, FreeCAD \
will automatical\
ly search for th\
e help files at\x0a\
the default loca\
tion ($USERAPPDA\
TADIR/Mod/offlin\
e-documentation)\
.\x07\x00\x00\x00\x04Form\x01\x03\x00\x00\x00\x04\
O\x86n\x90\x08\x00\x00\x00\x00\x06\x00\x00\x00\x06So\
urce\x07\x00\x00\x00\x04Form\x01\x03\x00\
\x00\x00\xf0\x00S\x00p\x00e\x00c\x00i\x00f\x00\
y\x00 \x00t\x00h\x00e\x00 \x00p\x00a\x00\
t\x00h\x00 \x00t\x00o\x00 \x00a\x00n\x00\
 \x00a\x00l\x00t\x00e\x00r\x00n\x00a\x00\
t\x00i\x00v\x00e\x00 \x00C\x00S\x00S\x00\
 \x00f\x00i\x00l\x00e\x00 \x00f\x00o\x00\
r\x00 \x00s\x00t\x00y\x00l\x00i\x00n\x00\
g\x00 \x00M\x00a\x00r\x00k\x00d\x00o\x00\
w\x00n\x00 \x00p\x00a\x00g\x00e\x00s\x00\
.\x00\x0a\x00T\x00h\x00i\x00s\x00 \x00o\x00\
n\x00l\x00y\x00 \x00a\x00p\x00p\x00l\x00\
i\x00e\x00s\x00 \x00i\x00f\x00 \x00M\x00\
a\x00r\x00k\x00d\x00o\x00w\x00n\x00 \x00\
i\x00s\x00 \x00s\x00e\x00l\x00e\x00c\x00\
t\x00e\x00d\x00 \x00a\x00b\x00o\x00v\x00\
e\x00.\x08\x00\x00\x00\x00\x06\x00\x00\x00xSpe\
cify the path to\
 an alternative \
CSS file for sty\
ling Markdown pa\
ges.\x0aThis only a\
pplies if Markdo\
wn is selected a\
bove.\x07\x00\x00\x00\x04Form\x01\x03\
\x00\x00\x01*e\x87N\xf6\x98\x01\x97b\x5c\x07_\x9e\
\x00 \x00F\x00r\x00e\x00e\x00C\x00A\x00D\
\x00 \x00w\x00i\x00k\x00i\x00 v\x84\x81\xea\
R\xd5\x00 \x00M\x00a\x00r\x00k\x00d\x00o\
\x00w\x00n\x00 \x8fIc\xdbN-\x00\x0asr\
S\xd6\x00,\x00 \x8a\x17{\xa1e\xbc\x00 \x00F\
\x00r\x00e\x00e\x00C\x00A\x00D\x00'\x00s\
\x00 v\x84\x00 \x00G\x00i\x00t\x00H\x00u\
\x00b\x00 ^3\x86_\x00.\x00 \x90\x19S\xef\
N\xe5O\x7fu(N\x0b\x97bv\x84\x81\xea\x8a\x02\
j#_\x0f\x88h\x902\x88Lj#_\x0f\x8a-\
\x7fn\x00\x0aN&N\x14w\x0b\x8dwO\x86k\xd4\
\x00 \x00w\x00i\x00k\x00i\x00 \x90x\x98\x05\
f\xf4Y}\x00.\x00 \x00'\x00M\x00a\x00r\
\x00k\x00d\x00o\x00w\x00n\x00'\x00 b\x16\
\x00\x0a\x00'\x00P\x00a\x00n\x00d\x00o\x00c\
\x00'\x00 a\xc9[\x89\x88\xdd\x00 \x00P\x00y\
\x00t\x00h\x00o\x00n\x00 j!}DN\xe5\
sr_\x97g\x00Os}Pg\x9c\x00.\x08\x00\
\x00\x00\x00\x06\x00\x00\x012The docu\
mentation pages \
will be fetched \
from an automati\
c Markdown conve\
rsion\x0aof the Fre\
eCAD wiki,hosted\
 on FreeCAD's Gi\
tHub account. Th\
is can be styled\
 with a\x0acustom s\
tylesheet below \
and can look nic\
er than the wiki\
 option. The 'Ma\
rkdown' or\x0a'Pand\
oc' Python modul\
e should be inst\
alled for optima\
l results.\x07\x00\x00\x00\x04F\
orm\x01\x03\x00\x00\x00fe\x87N\xf6\x98\x01\x97\
b\x5c\x07_\x9e[\x98e\xb9srS\xd6\x00\x0a\x00\
F\x00r\x00e\x00e\x00C\x00A\x00D\x00w\x00\
i\x00k\x00i\x00 }\xb2W@p\xba\x00 \x00\
h\x00t\x00t\x00p\x00s\x00:\x00/\x00/\x00\
w\x00i\x00k\x00i\x00.\x00f\x00r\x00e\x00\
e\x00c\x00a\x00d\x00.\x00o\x00r\x00g\x08\
\x00\x00\x00\x00\x06\x00\x00\x00aThe doc\
umentation pages\
 will be fetched\
 from the offici\
al\x0aFreeCADwiki a\
t https://wiki.f\
reecad.org\x07\x00\x00\x00\x04F\
orm\x01\x03\x00\x00\x00\xfa\x00T\x00h\x00e\x00\
 \x00d\x00o\x00c\x00u\x00m\x00e\x00n\x00\
t\x00a\x00t\x00i\x00o\x00n\x00 \x00w\x00\
i\x00l\x00l\x00 \x00o\x00p\x00e\x00n\x00\
 \x00i\x00n\x00 \x00a\x00 \x00n\x00e\x00\
w\x00 \x00t\x00a\x00b\x00 \x00i\x00n\x00\
s\x00i\x00d\x00e\x00 \x00t\x00h\x00e\x00\
 \x00F\x00r\x00e\x00e\x00C\x00A\x00D\x00\
 \x00i\x00n\x00t\x00e\x00r\x00f\x00a\x00\
c\x00e\x00.\x00 \x00T\x00h\x00i\x00s\x00\
 \x00r\x00e\x00q\x00u\x00i\x00r\x00e\x00\
s\x00 \x00t\x00h\x00e\x00 \x00P\x00y\x00\
S\x00i\x00d\x00e\x00 \x00Q\x00t\x00W\x00\
e\x00b\x00e\x00n\x00g\x00i\x00n\x00e\x00\
W\x00i\x00d\x00g\x00e\x00t\x00s\x00 \x00\
c\x00o\x00m\x00p\x00o\x00n\x00e\x00n\x00\
t\x00.\x08\x00\x00\x00\x00\x06\x00\x00\x00}The\
 documentation w\
ill open in a ne\
w tab inside the\
 FreeCAD interfa\
ce. This require\
s the PySide QtW\
ebengineWidgets \
component.\x07\x00\x00\x00\x04F\
orm\x01\x03\x00\x00\x00l\x00T\x00h\x00e\x00\
 \x00d\x00o\x00c\x00u\x00m\x00e\x00n\x00\
t\x00a\x00t\x00i\x00o\x00n\x00 \x00w\x00\
i\x00l\x00l\x00 \x00o\x00p\x00e\x00n\x00\
 \x00i\x00n\x00 \x00t\x00h\x00e\x00 \x00\
d\x00e\x00f\x00a\x00u\x00l\x00t\x00 \x00\
w\x00e\x00b\x00 \x00b\x00r\x00o\x00w\x00\
s\x00e\x00r\x08\x00\x00\x00\x00\x06\x00\x00\x006T\
he documentation\
 will open in th\
e default web br\
owser\x07\x00\x00\x00\x04Form\x01\x03\
\x00\x00\x00$\x00T\x00r\x00a\x00n\x00s\x00l\
\x00a\x00t\x00i\x00o\x00n\x00 \x00s\x00u\
\x00f\x00f\x00i\x00x\x08\x00\x00\x00\x00\x06\x00\x00\
\x00\x12Translation su\
ffix\x07\x00\x00\x00\x04Form\x01\x03\x00\
\x00\x00\xe6\x00C\x00o\x00n\x00t\x00e\x00n\x00\
t\x00s\x00 \x00f\x00o\x00r\x00 \x00t\x00\
h\x00i\x00s\x00 \x00p\x00a\x00g\x00e\x00\
 \x00c\x00o\x00u\x00l\x00d\x00 \x00n\x00\
o\x00t\x00 \x00b\x00e\x00 \x00r\x00e\x00\
t\x00r\x00i\x00e\x00v\x00e\x00d\x00.\x00\
 \x00P\x00l\x00e\x00a\x00s\x00e\x00 \x00\
c\x00h\x00e\x00c\x00k\x00 \x00s\x00e\x00\
t\x00t\x00i\x00n\x00g\x00s\x00 \x00u\x00\
n\x00d\x00e\x00r\x00 \x00m\x00e\x00n\x00\
u\x00 \x00E\x00d\x00i\x00t\x00 !\x92\x00\
 \x00P\x00r\x00e\x00f\x00e\x00r\x00e\x00\
n\x00c\x00e\x00s\x00 !\x92\x00 \x00G\x00\
e\x00n\x00e\x00r\x00a\x00l\x00 !\x92\x00\
 \x00H\x00e\x00l\x00p\x08\x00\x00\x00\x00\x06\x00\
\x00\x00yContents for \
this page could \
not be retrieved\
. Please check s\
ettings under me\
nu Edit \xe2\x86\x92 Pref\
erences \xe2\x86\x92 Gene\
ral \xe2\x86\x92 Help\x07\x00\x00\x00\
\x04Help\x01\x03\x00\x00\x00\x04\x8a\xacf\x0e\x08\
\x00\x00\x00\x00\x06\x00\x00\x00\x04Help\x07\x00\x00\
\x00\x04Help\x01\x03\x00\x00\x00\xe2\x00H\x00e\
\x00l\x00p\x00 \x00f\x00i\x00l\x00e\x00s\
\x00 \x00l\x00o\x00c\x00a\x00t\x00i\x00o\
\x00n\x00 \x00c\x00o\x00u\x00l\x00d\x00 \
\x00n\x00o\x00t\x00 \x00b\x00e\x00 \x00d\
\x00e\x00t\x00e\x00r\x00m\x00i\x00n\x00e\
\x00d\x00.\x00 \x00P\x00l\x00e\x00a\x00s\
\x00e\x00 \x00c\x00h\x00e\x00c\x00k\x00 \
\x00s\x00e\x00t\x00t\x00i\x00n\x00g\x00s\
\x00 \x00u\x00n\x00d\x00e\x00r\x00 \x00m\
\x00e\x00n\x00u\x00 \x00E\x00d\x00i\x00t\
\x00 !\x92\x00 \x00P\x00r\x00e\x00f\x00e\
\x00r\x00e\x00n\x00c\x00e\x00s\x00 !\x92\
\x00 \x00G\x00e\x00n\x00e\x00r\x00a\x00l\
\x00 !\x92\x00 \x00H\x00e\x00l\x00p\x08\x00\
\x00\x00\x00\x06\x00\x00\x00wHelp fil\
es location coul\
d not be determi\
ned. Please chec\
k settings under\
 menu Edit \xe2\x86\x92 P\
references \xe2\x86\x92 G\
eneral \xe2\x86\x92 Help\x07\
\x00\x00\x00\x04Help\x01\x03\x00\x00\x00^\x00P\
\x00y\x00S\x00i\x00d\x00e\x00 \x00Q\x00t\
\x00W\x00e\x00b\x00E\x00n\x00g\x00i\x00n\
\x00e\x00W\x00i\x00d\x00g\x00e\x00t\x00s\
\x00 j!}DN\x0dS\xefu(0\x02\x8a\xaa\
f\x0eu\x22u\x1ff/\x90\x0f\x90N|\xfb}q\
p\x0f\x89\xbdVh[\x8cb\x10v\x84\x08\x00\x00\x00\
\x00\x06\x00\x00\x00aPySide QtW\
ebEngineWidgets \
module is not av\
ailable. Help re\
ndering is done \
with the system \
browser\x07\x00\x00\x00\x04Help\
\x01\x03\x00\x00\x00\x9a`\xa8v\x84|\xfb}qN\x0a\
l\x92g\x09[\x89\x88\xdd\x00 \x00M\x00a\x00r\
\x00k\x00d\x00o\x00w\x00n\x00 u\x22u\x1f\
Vh\xff\x0cV\xe0kdkd\x8a\xaaf\x0e\x98\x01\
\x97bc\x09S\x9fj#u\x22u\x1f0\x02\x8a\xcb\
[\x89\x88\xdd\x00 \x00M\x00a\x00r\x00k\x00d\
\x00o\x00w\x00n\x00 b\x16\x00 \x00P\x00a\
\x00n\x00d\x00o\x00c\x00 \x00P\x00y\x00t\
\x00h\x00o\x00n\x00 j!}DN\xe5e9\
U\x84kd\x98\x01\x97bv\x84u\x22u\x1f0\x02\
\x08\x00\x00\x00\x00\x06\x00\x00\x00\xb8There \
is no Markdown r\
enderer installe\
d on your system\
, so this help p\
age is rendered \
as is. Please in\
stall the Markdo\
wn or Pandoc Pyt\
hon modules to i\
mprove the rende\
ring of this pag\
e.\x07\x00\x00\x00\x04Help\x01\x03\x00\x00\x00\
\x04N\x00\x82,\x08\x00\x00\x00\x00\x06\x00\x00\x00\x07G\
eneral\x07\x00\x00\x00\x07QObje\
ct\x01\
\x00\x00\x22\xef\
<\
\xb8d\x18\xca\xef\x9c\x95\xcd!\x1c\xbf`\xa1\xbd\xdd\xa7\
\x00\x00\x00\x02srB\x00\x00\x00\xf0\x00\x04\xec0\x00\
\x00\x05\x9a\x00\x04\xec0\x00\x00\x1c\x7f\x00\x99N\xa8\x00\
\x00\x1a\xb8\x018!.\x00\x00\x13\x82\x01\x82\xc62\x00\
\x00\x1e\x18\x02mV`\x00\x00\x1c\xa6\x04\x1e\xf1\x82\x00\
\x00\x05\xc1\x04Dm9\x00\x00\x04\xf0\x04T\x18N\x00\
\x00\x12\x01\x04\x89?'\x00\x00\x06\x0c\x04\xde1)\x00\
\x00\x06\xe8\x05M7\xf2\x00\x00\x06\x81\x05\xa6\xc8\x95\x00\
\x00\x11\xd8\x06{\x06\x03\x00\x00\x09\x1b\x06\xa4]\x8e\x00\
\x00\x09G\x07\x07\xe0\x0e\x00\x00\x18m\x07t\x8a\x94\x00\
\x00\x01|\x09\x82\xac\xae\x00\x00\x00\x00\x09\xd5\xc9.\x00\
\x00\x01\xf4\x0auc\xd7\x00\x00\x171\x0b\x0ar\xc9\x00\
\x00\x01\xc8\x0c\xe2\x80\xae\x00\x00\x03\xcc\x0d\xb7\x06\x10\x00\
\x00\x1b\x07\x0d\xc4\xc8<\x00\x00!\x9f\x0e*j\xae\x00\
\x00\x1f^\x0ek8\x9e\x00\x00\x0de\x0e\x8d\xd4\x82\x00\
\x00\x19\xfd\x0e\xca\x08\x89\x00\x00\x05T\x0f-\x13\xae\x00\
\x00\x010\x0fE\xeb\x1e\x00\x00\x07^i\x00\x00!\xcc\
\x03\x00\x00\x00\xba\x00A\x00 \x00t\x00r\x00a\x00\
n\x00s\x00l\x00a\x00t\x00i\x00o\x00n\x00\
 \x00s\x00u\x00f\x00f\x00i\x00x\x00 \x00\
t\x00o\x00 \x00u\x00s\x00e\x00,\x00 \x00\
f\x00o\x00r\x00 \x00e\x00x\x00a\x00m\x00\
p\x00l\x00e\x00 \x00\x22\x00f\x00r\x00\x22\x00\
\x0a\x00t\x00o\x00 \x00g\x00e\x00t\x00 \x00\
F\x00r\x00e\x00n\x00c\x00h\x00 \x00t\x00\
r\x00a\x00n\x00s\x00l\x00a\x00t\x00i\x00\
o\x00n\x00 \x00o\x00f\x00 \x00t\x00h\x00\
e\x00 \x00d\x00o\x00c\x00u\x00m\x00e\x00\
n\x00t\x00a\x00t\x00i\x00o\x00n\x00.\x08\
\x00\x00\x00\x00\x06\x00\x00\x00]A trans\
lation suffix to\
 use, for exampl\
e \x22fr\x22\x0ato get Fr\
ench translation\
 of the document\
ation.\x07\x00\x00\x00\x04Form\x01\
\x03\x00\x00\x00$\x04!\x04>\x04?\x04A\x04B\x04\
2\x045\x04=\x040\x00 \x04;\x04>\x04:\x04\
0\x04F\x048\x04X\x040\x08\x00\x00\x00\x00\x06\x00\
\x00\x00\x0fCustom locati\
on\x07\x00\x00\x00\x04Form\x01\x03\x00\x00\x00\
\x22\x00C\x00u\x00s\x00t\x00o\x00m\x00 \x00\
s\x00t\x00y\x00l\x00e\x00s\x00h\x00e\x00\
e\x00t\x08\x00\x00\x00\x00\x06\x00\x00\x00\x11Cus\
tom stylesheet\x07\x00\
\x00\x00\x04Form\x01\x03\x00\x00\x00\x0c\x04\x1f\x04\
@\x048\x04:\x040\x047\x08\x00\x00\x00\x00\x06\x00\
\x00\x00\x07Display\x07\x00\x00\x00\x04F\
orm\x01\x03\x00\x00\x01*\x00D\x00o\x00c\x00\
u\x00m\x00e\x00n\x00t\x00a\x00t\x00i\x00\
o\x00n\x00 \x00o\x00p\x00e\x00n\x00s\x00\
 \x00i\x00n\x00 \x00a\x00 \x00d\x00o\x00\
c\x00k\x00a\x00b\x00l\x00e\x00 \x00d\x00\
i\x00a\x00l\x00o\x00g\x00 \x00w\x00i\x00\
t\x00h\x00i\x00n\x00 \x00F\x00r\x00e\x00\
e\x00C\x00A\x00D\x00,\x00 \x00a\x00l\x00\
l\x00o\x00w\x00i\x00n\x00g\x00 \x00s\x00\
i\x00m\x00u\x00l\x00t\x00a\x00n\x00e\x00\
o\x00u\x00s\x00 \x00w\x00o\x00r\x00k\x00\
 \x00i\x00n\x00 \x00t\x00h\x00e\x00 \x00\
3\x00D\x00 \x00v\x00i\x00e\x00w\x00.\x00\
\x0a\x00R\x00e\x00q\x00u\x00i\x00r\x00e\x00\
s\x00 \x00t\x00h\x00e\x00 \x00P\x00y\x00\
S\x00i\x00d\x00e\x00 \x00Q\x00t\x00W\x00\
e\x00b\x00e\x00n\x00g\x00i\x00n\x00e\x00\
W\x00i\x00d\x00g\x00e\x00t\x00s\x00 \x00\
c\x00o\x00m\x00p\x00o\x00n\x00e\x00n\x00\
t\x00.\x08\x00\x00\x00\x00\x06\x00\x00\x00\x95Doc\
umentation opens\
 in a dockable d\
ialog within Fre\
eCAD, allowing s\
imultaneous work\
 in the 3D view.\
\x0aRequires the Py\
Side QtWebengine\
Widgets componen\
t.\x07\x00\x00\x00\x04Form\x01\x03\x00\x00\x00\
\xb2\x00F\x00e\x00t\x00c\x00h\x00e\x00s\x00\
 \x00t\x00h\x00e\x00 \x00d\x00o\x00c\x00\
u\x00m\x00e\x00n\x00t\x00a\x00t\x00i\x00\
o\x00n\x00 \x00f\x00r\x00o\x00m\x00 \x00\
p\x00a\x00g\x00e\x00s\x00 \x00r\x00e\x00\
n\x00d\x00e\x00r\x00e\x00d\x00 \x00o\x00\
n\x00 \x00G\x00i\x00t\x00H\x00u\x00b\x00\
.\x00\x0a\x00T\x00h\x00i\x00s\x00 \x00i\x00\
s\x00 \x00c\x00u\x00r\x00r\x00e\x00n\x00\
t\x00l\x00y\x00 \x00n\x00o\x00t\x00 \x00\
a\x00v\x00a\x00i\x00l\x00a\x00b\x00l\x00\
e\x00.\x08\x00\x00\x00\x00\x06\x00\x00\x00YFet\
ches the documen\
tation from page\
s rendered on Gi\
tHub.\x0aThis is cu\
rrently not avai\
lable.\x07\x00\x00\x00\x04Form\x01\
\x03\x00\x00\x006\x00F\x00r\x00e\x00e\x00C\x00\
A\x00D\x00 \x00W\x00i\x00k\x00i\x00 \x00\
(\x04=\x040\x00 \x048\x04=\x04B\x045\x04\
@\x04=\x045\x04B\x04C\x00)\x08\x00\x00\x00\x00\
\x06\x00\x00\x00\x15FreeCAD Wik\
i (online)\x07\x00\x00\x00\x04F\
orm\x01\x03\x00\x00\x00\x1e\x00G\x00i\x00t\x00\
H\x00u\x00b\x00 \x00(\x00o\x00n\x00l\x00\
i\x00n\x00e\x00)\x08\x00\x00\x00\x00\x06\x00\x00\x00\
\x0fGitHub (online)\
\x07\x00\x00\x00\x04Form\x01\x03\x00\x00\x00\x0a\x04\
\x1f\x04>\x04<\x04>\x04[\x08\x00\x00\x00\x00\x06\x00\
\x00\x00\x04Help\x07\x00\x00\x00\x04Form\
\x01\x03\x00\x00\x00\x22\x04#\x00 \x00F\x00r\x00e\
\x00e\x00C\x00A\x00D\x00 \x04:\x040\x04@\
\x04B\x048\x04F\x048\x08\x00\x00\x00\x00\x06\x00\x00\
\x00\x10In a FreeCAD t\
ab\x07\x00\x00\x00\x04Form\x01\x03\x00\x00\x00\
<\x04#\x00 \x04?\x04>\x04A\x045\x041\x04\
=\x04>\x04<\x00 \x04?\x04@\x04>\x047\x04\
>\x04@\x04C\x00 \x04C\x00 \x00F\x00r\x00\
e\x00e\x00C\x00A\x00D\x00-\x04C\x08\x00\x00\
\x00\x00\x06\x00\x00\x00 In a sepa\
rate, embeddable\
 dialog\x07\x00\x00\x00\x04Form\
\x01\x03\x00\x00\x004\x00I\x00n\x00 \x00t\x00h\
\x00e\x00 \x00d\x00e\x00f\x00a\x00u\x00l\
\x00t\x00 \x00w\x00e\x00b\x00 \x00b\x00r\
\x00o\x00w\x00s\x00e\x00r\x08\x00\x00\x00\x00\x06\
\x00\x00\x00\x1aIn the defau\
lt web browser\x07\x00\
\x00\x00\x04Form\x01\x03\x00\x00\x00D\x04\x1e\x04\
A\x048\x04@\x04>\x04<\x040\x04H\x045\x04\
=\x040\x00 \x042\x045\x04@\x047\x048\x04\
X\x040\x00 \x00(\x04=\x040\x00 \x048\x04\
=\x04B\x045\x04@\x04=\x045\x04B\x04C\x00\
)\x08\x00\x00\x00\x00\x06\x00\x00\x00\x19Markd\
own version (onl\
ine)\x07\x00\x00\x00\x04Form\x01\x03\x00\
\x00\x01\x18\x00N\x00o\x00t\x00e\x00:\x00 \x00\
i\x00f\x00 \x00P\x00y\x00S\x00i\x00d\x00\
e\x00 \x00W\x00e\x00b\x00 \x00c\x00o\x00\
m\x00p\x00o\x00n\x00e\x00n\x00t\x00s\x00\
 \x00a\x00r\x00e\x00 \x00n\x00o\x00t\x00\
 \x00f\x00o\x00u\x00n\x00d\x00 \x00o\x00\
n\x00 \x00t\x00h\x00e\x00 \x00s\x00y\x00\
s\x00t\x00e\x00m\x00,\x00 \x00h\x00e\x00\
l\x00p\x00 \x00p\x00a\x00g\x00e\x00s\x00\
 \x00w\x00i\x00l\x00l\x00 \x00o\x00p\x00\
e\x00n\x00 \x00i\x00n\x00 \x00t\x00h\x00\
e\x00 \x00d\x00e\x00f\x00a\x00u\x00l\x00\
t\x00 \x00w\x00e\x00b\x00 \x00b\x00r\x00\
o\x00w\x00s\x00e\x00r\x00 \x00r\x00e\x00\
g\x00a\x00r\x00d\x00l\x00e\x00s\x00s\x00\
 \x00o\x00f\x00 \x00t\x00h\x00e\x00 \x00\
o\x00p\x00t\x00i\x00o\x00n\x00s\x00 \x00\
b\x00e\x00l\x00o\x00w\x00.\x08\x00\x00\x00\x00\
\x06\x00\x00\x00\x8cNote: if Py\
Side Web compone\
nts are not foun\
d on the system,\
 help pages will\
 open in the def\
ault web browser\
 regardless of t\
he options below\
.\x07\x00\x00\x00\x04Form\x01\x03\x00\x00\x00\x0c\
\x04\x1e\x04?\x04F\x048\x04X\x045\x08\x00\x00\x00\
\x00\x06\x00\x00\x00\x07Options\x07\x00\x00\
\x00\x04Form\x01\x03\x00\x00\x02\xae\x00S\x00e\
\x00t\x00 \x00t\x00h\x00i\x00s\x00 \x00t\
\x00o\x00 \x00a\x00 \x00c\x00u\x00s\x00t\
\x00o\x00m\x00 \x00U\x00R\x00L\x00 \x00o\
\x00r\x00 \x00t\x00h\x00e\x00 \x00f\x00o\
\x00l\x00d\x00e\x00r\x00 \x00w\x00h\x00e\
\x00r\x00e\x00 \x00t\x00h\x00e\x00 \x00h\
\x00e\x00l\x00p\x00 \x00f\x00i\x00l\x00e\
\x00s\x00 \x00a\x00r\x00e\x00 \x00l\x00o\
\x00c\x00a\x00t\x00e\x00d\x00.\x00\x0a\x00D\
\x00o\x00c\x00u\x00m\x00e\x00n\x00t\x00a\
\x00t\x00i\x00o\x00n\x00 \x00c\x00a\x00n\
\x00 \x00b\x00e\x00 \x00d\x00o\x00w\x00n\
\x00l\x00o\x00a\x00d\x00e\x00d\x00 \x00f\
\x00o\x00r\x00 \x00o\x00f\x00f\x00l\x00i\
\x00n\x00e\x00 \x00u\x00s\x00e\x00 \x00v\
\x00i\x00a\x00 \x00t\x00h\x00e\x00 \x00A\
\x00d\x00d\x00o\x00n\x00 \x00M\x00a\x00n\
\x00a\x00g\x00e\x00r\x00 \x00a\x00n\x00d\
\x00 \x00i\x00n\x00s\x00t\x00a\x00l\x00l\
\x00i\x00n\x00g\x00 \x00t\x00h\x00e\x00\x0a\
\x00\x22\x00o\x00f\x00f\x00l\x00i\x00n\x00e\
\x00-\x00d\x00o\x00c\x00u\x00m\x00e\x00n\
\x00t\x00a\x00t\x00i\x00o\x00n\x00\x22\x00 \
\x00a\x00d\x00d\x00o\x00n\x00.\x00 \x00I\
\x00f\x00 \x00t\x00h\x00i\x00s\x00 \x00f\
\x00i\x00e\x00l\x00d\x00 \x00i\x00s\x00 \
\x00l\x00e\x00f\x00t\x00 \x00b\x00l\x00a\
\x00n\x00k\x00,\x00 \x00F\x00r\x00e\x00e\
\x00C\x00A\x00D\x00 \x00w\x00i\x00l\x00l\
\x00\x0a\x00a\x00u\x00t\x00o\x00m\x00a\x00t\
\x00i\x00c\x00a\x00l\x00l\x00y\x00 \x00s\
\x00e\x00a\x00r\x00c\x00h\x00 \x00f\x00o\
\x00r\x00 \x00t\x00h\x00e\x00 \x00h\x00e\
\x00l\x00p\x00 \x00f\x00i\x00l\x00e\x00s\
\x00 \x00a\x00t\x00 \x00t\x00h\x00e\x00 \
\x00d\x00e\x00f\x00a\x00u\x00l\x00t\x00 \
\x00l\x00o\x00c\x00a\x00t\x00i\x00o\x00n\
\x00\x0a\x00(\x00$\x00U\x00S\x00E\x00R\x00A\
\x00P\x00P\x00D\x00A\x00T\x00A\x00D\x00I\
\x00R\x00/\x00M\x00o\x00d\x00/\x00o\x00f\
\x00f\x00l\x00i\x00n\x00e\x00-\x00d\x00o\
\x00c\x00u\x00m\x00e\x00n\x00t\x00a\x00t\
\x00i\x00o\x00n\x00)\x00.\x08\x00\x00\x00\x00\x06\
\x00\x00\x01WSet this to \
a custom URL or \
the folder where\
 the help files \
are located.\x0aDoc\
umentation can b\
e downloaded for\
 offline use via\
 the Addon Manag\
er and installin\
g the\x0a\x22offline-d\
ocumentation\x22 ad\
don. If this fie\
ld is left blank\
, FreeCAD will\x0aa\
utomatically sea\
rch for the help\
 files at the de\
fault location\x0a(\
$USERAPPDATADIR/\
Mod/offline-docu\
mentation).\x07\x00\x00\x00\x04\
Form\x01\x03\x00\x00\x02\xf4\x04\x1f\x04>\x044\
\x045\x04A\x048\x04B\x045\x00 \x04>\x042\
\x04>\x00 \x04:\x040\x00 \x04A\x04>\x04?\
\x04A\x04B\x042\x045\x04=\x04>\x04<\x00 \
\x00U\x00R\x00L\x00-\x04C\x00 \x048\x04;\
\x048\x00 \x04:\x040\x00 \x04D\x040\x04A\
\x04F\x048\x04:\x04;\x048\x00 \x04C\x00 \
\x04:\x04>\x04X\x04>\x04X\x00 \x04A\x045\
\x00 \x04=\x040\x04;\x040\x047\x045\x00 \
\x044\x040\x04B\x04>\x04B\x045\x04:\x045\
\x00 \x04?\x04>\x04<\x04>\x04[\x048\x00.\
\x00 \x04\x10\x04:\x04>\x00 \x046\x045\x04;\
\x048\x04B\x045\x00 \x04C\x04?\x04>\x04B\
\x04@\x045\x041\x04Y\x040\x042\x040\x04B\
\x048\x00 \x044\x04>\x04:\x04C\x04<\x045\
\x04=\x04B\x040\x04F\x048\x04X\x04C\x00 \
\x041\x045\x047\x00 \x04?\x04@\x048\x04A\
\x04B\x04C\x04?\x040\x00 \x048\x04=\x04B\
\x045\x04@\x04=\x045\x04B\x04C\x00 \x04<\
\x04>\x046\x045\x04B\x045\x00 \x04X\x045\
\x00 \x04;\x040\x04:\x04>\x00 \x04?\x04@\
\x045\x04C\x047\x045\x04B\x048\x00 \x04?\
\x04>\x04<\x04>\x04[\x04C\x00 \x04\x1c\x045\
\x04=\x040\x04_\x045\x04@\x040\x00 \x044\
\x04>\x044\x040\x04B\x040\x04:\x040\x00 \
\x048\x04=\x04A\x04B\x040\x04;\x048\x04@\
\x040\x04Z\x045\x04<\x00 \x00\x22\x00o\x00f\
\x00f\x00l\x00i\x00n\x00e\x00 \x00d\x00o\
\x00c\x00u\x00m\x00e\x00n\x00t\x00a\x00t\
\x00i\x00o\x00n\x00\x22\x00 \x044\x04>\x044\
\x040\x04B\x04:\x040\x00.\x00 \x04\x10\x04:\
\x04>\x00 \x04>\x042\x04>\x00 \x04?\x04>\
\x04Y\x045\x00 \x04>\x04A\x04B\x040\x04=\
\x045\x00 \x04?\x04@\x040\x047\x04=\x04>\
\x00,\x00 \x00F\x00r\x00e\x00e\x00C\x00A\
\x00D\x00 \x04[\x045\x00 \x040\x04C\x04B\
\x04>\x04<\x040\x04B\x04A\x04:\x048\x00 \
\x04B\x04@\x040\x046\x048\x04B\x048\x00 \
\x044\x040\x04B\x04>\x04B\x045\x04:\x045\
\x00 \x04?\x04>\x04<\x04>\x04[\x048\x00 \
\x04=\x040\x00 \x04?\x04>\x044\x04@\x040\
\x047\x04C\x04<\x045\x042\x040\x04=\x04>\
\x04X\x00 \x04;\x04>\x04:\x040\x04F\x048\
\x04X\x048\x00 \x00(\x00$\x00U\x00S\x00E\
\x00R\x00A\x00P\x00P\x00D\x00A\x00T\x00A\
\x00D\x00I\x00R\x00/\x00M\x00o\x00d\x00/\
\x00D\x00o\x00c\x00u\x00m\x00e\x00n\x00t\
\x00a\x00t\x00i\x00o\x00n\x00)\x00.\x08\x00\
\x00\x00\x00\x06\x00\x00\x01fSet this\
 to a custom URL\
 or the folder w\
here the help fi\
les are located.\
\x0aYou can easily \
download the doc\
umentation for o\
ffline use by us\
ing the Addon\x0aMa\
nager and instal\
ling the \x22offlin\
e-documentation\x22\
 addon. If this\x0a\
field is left bl\
ank, FreeCAD wil\
l automatically \
search for the h\
elp files at\x0athe\
 default locatio\
n ($USERAPPDATAD\
IR/Mod/offline-d\
ocumentation).\x07\x00\
\x00\x00\x04Form\x01\x03\x00\x00\x00\x0a\x04\x18\x04\
7\x042\x04>\x04@\x08\x00\x00\x00\x00\x06\x00\x00\x00\
\x06Source\x07\x00\x00\x00\x04Form\
\x01\x03\x00\x00\x00\xf0\x00S\x00p\x00e\x00c\x00i\
\x00f\x00y\x00 \x00t\x00h\x00e\x00 \x00p\
\x00a\x00t\x00h\x00 \x00t\x00o\x00 \x00a\
\x00n\x00 \x00a\x00l\x00t\x00e\x00r\x00n\
\x00a\x00t\x00i\x00v\x00e\x00 \x00C\x00S\
\x00S\x00 \x00f\x00i\x00l\x00e\x00 \x00f\
\x00o\x00r\x00 \x00s\x00t\x00y\x00l\x00i\
\x00n\x00g\x00 \x00M\x00a\x00r\x00k\x00d\
\x00o\x00w\x00n\x00 \x00p\x00a\x00g\x00e\
\x00s\x00.\x00\x0a\x00T\x00h\x00i\x00s\x00 \
\x00o\x00n\x00l\x00y\x00 \x00a\x00p\x00p\
\x00l\x00i\x00e\x00s\x00 \x00i\x00f\x00 \
\x00M\x00a\x00r\x00k\x00d\x00o\x00w\x00n\
\x00 \x00i\x00s\x00 \x00s\x00e\x00l\x00e\
\x00c\x00t\x00e\x00d\x00 \x00a\x00b\x00o\
\x00v\x00e\x00.\x08\x00\x00\x00\x00\x06\x00\x00\x00x\
Specify the path\
 to an alternati\
ve CSS file for \
styling Markdown\
 pages.\x0aThis onl\
y applies if Mar\
kdown is selecte\
d above.\x07\x00\x00\x00\x04For\
m\x01\x03\x00\x00\x02d\x00T\x00h\x00e\x00 \x00\
d\x00o\x00c\x00u\x00m\x00e\x00n\x00t\x00\
a\x00t\x00i\x00o\x00n\x00 \x00p\x00a\x00\
g\x00e\x00s\x00 \x00w\x00i\x00l\x00l\x00\
 \x00b\x00e\x00 \x00f\x00e\x00t\x00c\x00\
h\x00e\x00d\x00 \x00f\x00r\x00o\x00m\x00\
 \x00a\x00n\x00 \x00a\x00u\x00t\x00o\x00\
m\x00a\x00t\x00i\x00c\x00 \x00M\x00a\x00\
r\x00k\x00d\x00o\x00w\x00n\x00 \x00c\x00\
o\x00n\x00v\x00e\x00r\x00s\x00i\x00o\x00\
n\x00\x0a\x00o\x00f\x00 \x00t\x00h\x00e\x00\
 \x00F\x00r\x00e\x00e\x00C\x00A\x00D\x00\
 \x00w\x00i\x00k\x00i\x00,\x00h\x00o\x00\
s\x00t\x00e\x00d\x00 \x00o\x00n\x00 \x00\
F\x00r\x00e\x00e\x00C\x00A\x00D\x00'\x00\
s\x00 \x00G\x00i\x00t\x00H\x00u\x00b\x00\
 \x00a\x00c\x00c\x00o\x00u\x00n\x00t\x00\
.\x00 \x00T\x00h\x00i\x00s\x00 \x00c\x00\
a\x00n\x00 \x00b\x00e\x00 \x00s\x00t\x00\
y\x00l\x00e\x00d\x00 \x00w\x00i\x00t\x00\
h\x00 \x00a\x00\x0a\x00c\x00u\x00s\x00t\x00\
o\x00m\x00 \x00s\x00t\x00y\x00l\x00e\x00\
s\x00h\x00e\x00e\x00t\x00 \x00b\x00e\x00\
l\x00o\x00w\x00 \x00a\x00n\x00d\x00 \x00\
c\x00a\x00n\x00 \x00l\x00o\x00o\x00k\x00\
 \x00n\x00i\x00c\x00e\x00r\x00 \x00t\x00\
h\x00a\x00n\x00 \x00t\x00h\x00e\x00 \x00\
w\x00i\x00k\x00i\x00 \x00o\x00p\x00t\x00\
i\x00o\x00n\x00.\x00 \x00T\x00h\x00e\x00\
 \x00'\x00M\x00a\x00r\x00k\x00d\x00o\x00\
w\x00n\x00'\x00 \x00o\x00r\x00\x0a\x00'\x00\
P\x00a\x00n\x00d\x00o\x00c\x00'\x00 \x00\
P\x00y\x00t\x00h\x00o\x00n\x00 \x00m\x00\
o\x00d\x00u\x00l\x00e\x00 \x00s\x00h\x00\
o\x00u\x00l\x00d\x00 \x00b\x00e\x00 \x00\
i\x00n\x00s\x00t\x00a\x00l\x00l\x00e\x00\
d\x00 \x00f\x00o\x00r\x00 \x00o\x00p\x00\
t\x00i\x00m\x00a\x00l\x00 \x00r\x00e\x00\
s\x00u\x00l\x00t\x00s\x00.\x08\x00\x00\x00\x00\
\x06\x00\x00\x012The documen\
tation pages wil\
l be fetched fro\
m an automatic M\
arkdown conversi\
on\x0aof the FreeCA\
D wiki,hosted on\
 FreeCAD's GitHu\
b account. This \
can be styled wi\
th a\x0acustom styl\
esheet below and\
 can look nicer \
than the wiki op\
tion. The 'Markd\
own' or\x0a'Pandoc'\
 Python module s\
hould be install\
ed for optimal r\
esults.\x07\x00\x00\x00\x04Form\
\x01\x03\x00\x00\x00\xc2\x00T\x00h\x00e\x00 \x00d\
\x00o\x00c\x00u\x00m\x00e\x00n\x00t\x00a\
\x00t\x00i\x00o\x00n\x00 \x00p\x00a\x00g\
\x00e\x00s\x00 \x00w\x00i\x00l\x00l\x00 \
\x00b\x00e\x00 \x00f\x00e\x00t\x00c\x00h\
\x00e\x00d\x00 \x00f\x00r\x00o\x00m\x00 \
\x00t\x00h\x00e\x00 \x00o\x00f\x00f\x00i\
\x00c\x00i\x00a\x00l\x00\x0a\x00F\x00r\x00e\
\x00e\x00C\x00A\x00D\x00w\x00i\x00k\x00i\
\x00 \x00a\x00t\x00 \x00h\x00t\x00t\x00p\
\x00s\x00:\x00/\x00/\x00w\x00i\x00k\x00i\
\x00.\x00f\x00r\x00e\x00e\x00c\x00a\x00d\
\x00.\x00o\x00r\x00g\x08\x00\x00\x00\x00\x06\x00\x00\
\x00aThe documentat\
ion pages will b\
e fetched from t\
he official\x0aFree\
CADwiki at https\
://wiki.freecad.\
org\x07\x00\x00\x00\x04Form\x01\x03\x00\x00\
\x00\xfa\x00T\x00h\x00e\x00 \x00d\x00o\x00c\
\x00u\x00m\x00e\x00n\x00t\x00a\x00t\x00i\
\x00o\x00n\x00 \x00w\x00i\x00l\x00l\x00 \
\x00o\x00p\x00e\x00n\x00 \x00i\x00n\x00 \
\x00a\x00 \x00n\x00e\x00w\x00 \x00t\x00a\
\x00b\x00 \x00i\x00n\x00s\x00i\x00d\x00e\
\x00 \x00t\x00h\x00e\x00 \x00F\x00r\x00e\
\x00e\x00C\x00A\x00D\x00 \x00i\x00n\x00t\
\x00e\x00r\x00f\x00a\x00c\x00e\x00.\x00 \
\x00T\x00h\x00i\x00s\x00 \x00r\x00e\x00q\
\x00u\x00i\x00r\x00e\x00s\x00 \x00t\x00h\
\x00e\x00 \x00P\x00y\x00S\x00i\x00d\x00e\
\x00 \x00Q\x00t\x00W\x00e\x00b\x00e\x00n\
\x00g\x00i\x00n\x00e\x00W\x00i\x00d\x00g\
\x00e\x00t\x00s\x00 \x00c\x00o\x00m\x00p\
\x00o\x00n\x00e\x00n\x00t\x00.\x08\x00\x00\x00\
\x00\x06\x00\x00\x00}The docume\
ntation will ope\
n in a new tab i\
nside the FreeCA\
D interface. Thi\
s requires the P\
ySide QtWebengin\
eWidgets compone\
nt.\x07\x00\x00\x00\x04Form\x01\x03\x00\x00\
\x00l\x00T\x00h\x00e\x00 \x00d\x00o\x00c\
\x00u\x00m\x00e\x00n\x00t\x00a\x00t\x00i\
\x00o\x00n\x00 \x00w\x00i\x00l\x00l\x00 \
\x00o\x00p\x00e\x00n\x00 \x00i\x00n\x00 \
\x00t\x00h\x00e\x00 \x00d\x00e\x00f\x00a\
\x00u\x00l\x00t\x00 \x00w\x00e\x00b\x00 \
\x00b\x00r\x00o\x00w\x00s\x00e\x00r\x08\x00\
\x00\x00\x00\x06\x00\x00\x006The docu\
mentation will o\
pen in the defau\
lt web browser\x07\x00\
\x00\x00\x04Form\x01\x03\x00\x00\x00$\x00T\x00\
r\x00a\x00n\x00s\x00l\x00a\x00t\x00i\x00\
o\x00n\x00 \x00s\x00u\x00f\x00f\x00i\x00\
x\x08\x00\x00\x00\x00\x06\x00\x00\x00\x12Trans\
lation suffix\x07\x00\x00\
\x00\x04Form\x01\x03\x00\x00\x00\xe6\x00C\x00o\
\x00n\x00t\x00e\x00n\x00t\x00s\x00 \x00f\
\x00o\x00r\x00 \x00t\x00h\x00i\x00s\x00 \
\x00p\x00a\x00g\x00e\x00 \x00c\x00o\x00u\
\x00l\x00d\x00 \x00n\x00o\x00t\x00 \x00b\
\x00e\x00 \x00r\x00e\x00t\x00r\x00i\x00e\
\x00v\x00e\x00d\x00.\x00 \x00P\x00l\x00e\
\x00a\x00s\x00e\x00 \x00c\x00h\x00e\x00c\
\x00k\x00 \x00s\x00e\x00t\x00t\x00i\x00n\
\x00g\x00s\x00 \x00u\x00n\x00d\x00e\x00r\
\x00 \x00m\x00e\x00n\x00u\x00 \x00E\x00d\
\x00i\x00t\x00 !\x92\x00 \x00P\x00r\x00e\
\x00f\x00e\x00r\x00e\x00n\x00c\x00e\x00s\
\x00 !\x92\x00 \x00G\x00e\x00n\x00e\x00r\
\x00a\x00l\x00 !\x92\x00 \x00H\x00e\x00l\
\x00p\x08\x00\x00\x00\x00\x06\x00\x00\x00yCont\
ents for this pa\
ge could not be \
retrieved. Pleas\
e check settings\
 under menu Edit\
 \xe2\x86\x92 Preferences\
 \xe2\x86\x92 General \xe2\x86\x92\
 Help\x07\x00\x00\x00\x04Help\x01\x03\
\x00\x00\x00\x0a\x04\x1f\x04>\x04<\x04>\x04[\x08\x00\
\x00\x00\x00\x06\x00\x00\x00\x04Help\x07\x00\x00\x00\
\x04Help\x01\x03\x00\x00\x00\xe2\x00H\x00e\x00\
l\x00p\x00 \x00f\x00i\x00l\x00e\x00s\x00\
 \x00l\x00o\x00c\x00a\x00t\x00i\x00o\x00\
n\x00 \x00c\x00o\x00u\x00l\x00d\x00 \x00\
n\x00o\x00t\x00 \x00b\x00e\x00 \x00d\x00\
e\x00t\x00e\x00r\x00m\x00i\x00n\x00e\x00\
d\x00.\x00 \x00P\x00l\x00e\x00a\x00s\x00\
e\x00 \x00c\x00h\x00e\x00c\x00k\x00 \x00\
s\x00e\x00t\x00t\x00i\x00n\x00g\x00s\x00\
 \x00u\x00n\x00d\x00e\x00r\x00 \x00m\x00\
e\x00n\x00u\x00 \x00E\x00d\x00i\x00t\x00\
 !\x92\x00 \x00P\x00r\x00e\x00f\x00e\x00\
r\x00e\x00n\x00c\x00e\x00s\x00 !\x92\x00\
 \x00G\x00e\x00n\x00e\x00r\x00a\x00l\x00\
 !\x92\x00 \x00H\x00e\x00l\x00p\x08\x00\x00\
\x00\x00\x06\x00\x00\x00wHelp file\
s location could\
 not be determin\
ed. Please check\
 settings under \
menu Edit \xe2\x86\x92 Pr\
eferences \xe2\x86\x92 Ge\
neral \xe2\x86\x92 Help\x07\x00\
\x00\x00\x04Help\x01\x03\x00\x00\x00\xcc\x00P\x00\
i\x00S\x00i\x00d\x00e\x00 \x00Q\x00t\x00\
W\x00e\x00b\x00E\x00n\x00g\x00i\x00n\x00\
e\x00W\x00i\x00d\x00g\x00e\x00t\x00s\x00\
 \x04<\x04>\x044\x04C\x04;\x00 \x04=\x04\
8\x04X\x045\x00 \x044\x04>\x04A\x04B\x04\
C\x04?\x040\x04=\x00.\x00 \x04\x1f\x04@\x04\
8\x04:\x040\x047\x048\x042\x040\x04Z\x04\
5\x00 \x04?\x04>\x04<\x04>\x04[\x048\x00\
 \x04A\x045\x00 \x042\x04@\x04H\x048\x00\
 \x04?\x04>\x04<\x04>\x04[\x04C\x00 \x04\
A\x048\x04A\x04B\x045\x04<\x04A\x04:\x04\
>\x043\x00 \x00p\x00r\x00e\x00g\x00l\x00\
e\x00d\x00a\x01\x0d\x00a\x08\x00\x00\x00\x00\x06\x00\
\x00\x00aPySide QtWebE\
ngineWidgets mod\
ule is not avail\
able. Help rende\
ring is done wit\
h the system bro\
wser\x07\x00\x00\x00\x04Help\x01\x03\x00\
\x00\x01p\x00T\x00h\x00e\x00r\x00e\x00 \x00\
i\x00s\x00 \x00n\x00o\x00 \x00M\x00a\x00\
r\x00k\x00d\x00o\x00w\x00n\x00 \x00r\x00\
e\x00n\x00d\x00e\x00r\x00e\x00r\x00 \x00\
i\x00n\x00s\x00t\x00a\x00l\x00l\x00e\x00\
d\x00 \x00o\x00n\x00 \x00y\x00o\x00u\x00\
r\x00 \x00s\x00y\x00s\x00t\x00e\x00m\x00\
,\x00 \x00s\x00o\x00 \x00t\x00h\x00i\x00\
s\x00 \x00h\x00e\x00l\x00p\x00 \x00p\x00\
a\x00g\x00e\x00 \x00i\x00s\x00 \x00r\x00\
e\x00n\x00d\x00e\x00r\x00e\x00d\x00 \x00\
a\x00s\x00 \x00i\x00s\x00.\x00 \x00P\x00\
l\x00e\x00a\x00s\x00e\x00 \x00i\x00n\x00\
s\x00t\x00a\x00l\x00l\x00 \x00t\x00h\x00\
e\x00 \x00M\x00a\x00r\x00k\x00d\x00o\x00\
w\x00n\x00 \x00o\x00r\x00 \x00P\x00a\x00\
n\x00d\x00o\x00c\x00 \x00P\x00y\x00t\x00\
h\x00o\x00n\x00 \x00m\x00o\x00d\x00u\x00\
l\x00e\x00s\x00 \x00t\x00o\x00 \x00i\x00\
m\x00p\x00r\x00o\x00v\x00e\x00 \x00t\x00\
h\x00e\x00 \x00r\x00e\x00n\x00d\x00e\x00\
r\x00i\x00n\x00g\x00 \x00o\x00f\x00 \x00\
t\x00h\x00i\x00s\x00 \x00p\x00a\x00g\x00\
e\x00.\x08\x00\x00\x00\x00\x06\x00\x00\x00\xb8The\
re is no Markdow\
n renderer insta\
lled on your sys\
tem, so this hel\
p page is render\
ed as is. Please\
 install the Mar\
kdown or Pandoc \
Python modules t\
o improve the re\
ndering of this \
page.\x07\x00\x00\x00\x04Help\x01\x03\
\x00\x00\x00\x0a\x04\x1e\x04?\x04H\x04B\x045\x08\x00\
\x00\x00\x00\x06\x00\x00\x00\x07General\x07\
\x00\x00\x00\x07QObject\x01\x88\x00\x00\x00\
\x0d\x11\x01\xfd)\x0b\xff\x14\x02\x04\xfd,\x0a\x13\
\x00\x00\x1f\xcb\
<\
\xb8d\x18\xca\xef\x9c\x95\xcd!\x1c\xbf`\xa1\xbd\xdd\xa7\
\x00\x00\x00\x02msB\x00\x00\x00\xe8\x00\x04\xec0\x00\
\x00\x03\x01\x00\x04\xec0\x00\x00\x19z\x018!.\x00\
\x00\x0b \x01\x82\xc62\x00\x00\x1b\x1a\x01\xea\x04\x84\x00\
\x00\x10\x0b\x04\x1e\xf1\x82\x00\x00\x03,\x04Dm9\x00\
\x00\x02c\x04\x89?'\x00\x00\x03u\x04\xde1)\x00\
\x00\x04X\x05j\x8b*\x00\x00\x00\x00\x05\xa6\xc8\x95\x00\
\x00\x0a\xf5\x05\xf5D^\x00\x00\x13\xf1\x06\x19\xd5\x90\x00\
\x00\x17\xff\x06p~\x04\x00\x00\x12d\x06{\x06\x03\x00\
\x00\x06|\x09\x1c\x10\x80\x00\x00\x19\xa5\x09\x82\xac\xae\x00\
\x00\x00\xbf\x09\xb7\x0c\xba\x00\x00\x00a\x09\xe6\xba\xae\x00\
\x00\x14\xb2\x0auc\xd7\x00\x00\x0e\xcf\x0b\x0ar\xc9\x00\
\x00\x025\x0b\xe1\xcb\x8e\x00\x00\x15\xf4\x0dQ}\xf2\x00\
\x00\x03\xee\x0d\xc4\xc8<\x00\x00\x1e\x97\x0e*j\xae\x00\
\x00\x1cV\x0ek8\x9e\x00\x00\x06\xaa\x0e\xca\x08\x89\x00\
\x00\x02\xbb\x0f-\x13\xae\x00\x00\x01\xef\x0f8s\xa7\x00\
\x00\x04\xbci\x00\x00\x1e\xc2\x03\x00\x00\x000\x00 \x00\
 \x00 \x00 \x00 \x00 \x00C\x00u\x00s\x00\
t\x00o\x00m\x00 \x00s\x00t\x00y\x00l\x00\
e\x00s\x00h\x00e\x00e\x00t\x00:\x08\x00\x00\
\x00\x00\x06\x00\x00\x00\x18      Cus\
tom stylesheet:\x07\
\x00\x00\x00\x04Form\x01\x03\x00\x00\x00.\x00 \
\x00 \x00 \x00 \x00T\x00r\x00a\x00n\x00s\
\x00l\x00a\x00t\x00i\x00o\x00n\x00 \x00s\
\x00u\x00f\x00f\x00i\x00x\x00:\x08\x00\x00\x00\
\x00\x06\x00\x00\x00\x17    Transl\
ation suffix:\x07\x00\x00\
\x00\x04Form\x01\x03\x00\x00\x00\xba\x00A\x00 \
\x00t\x00r\x00a\x00n\x00s\x00l\x00a\x00t\
\x00i\x00o\x00n\x00 \x00s\x00u\x00f\x00f\
\x00i\x00x\x00 \x00t\x00o\x00 \x00u\x00s\
\x00e\x00,\x00 \x00f\x00o\x00r\x00 \x00e\
\x00x\x00a\x00m\x00p\x00l\x00e\x00 \x00\x22\
\x00f\x00r\x00\x22\x00\x0a\x00t\x00o\x00 \x00g\
\x00e\x00t\x00 \x00F\x00r\x00e\x00n\x00c\
\x00h\x00 \x00t\x00r\x00a\x00n\x00s\x00l\
\x00a\x00t\x00i\x00o\x00n\x00 \x00o\x00f\
\x00 \x00t\x00h\x00e\x00 \x00d\x00o\x00c\
\x00u\x00m\x00e\x00n\x00t\x00a\x00t\x00i\
\x00o\x00n\x00.\x08\x00\x00\x00\x00\x06\x00\x00\x00]\
A translation su\
ffix to use, for\
 example \x22fr\x22\x0ato\
 get French tran\
slation of the d\
ocumentation.\x07\x00\x00\
\x00\x04Form\x01\x03\x00\x00\x00\x1e\x00C\x00u\
\x00s\x00t\x00o\x00m\x00 \x00l\x00o\x00c\
\x00a\x00t\x00i\x00o\x00n\x08\x00\x00\x00\x00\x06\
\x00\x00\x00\x0fCustom locat\
ion\x07\x00\x00\x00\x04Form\x01\x03\x00\x00\
\x00\x0e\x00D\x00i\x00s\x00p\x00l\x00a\x00y\
\x08\x00\x00\x00\x00\x06\x00\x00\x00\x07Displa\
y\x07\x00\x00\x00\x04Form\x01\x03\x00\x00\x00*\
\x00F\x00r\x00e\x00e\x00C\x00A\x00D\x00 \
\x00W\x00i\x00k\x00i\x00 \x00(\x00o\x00n\
\x00l\x00i\x00n\x00e\x00)\x08\x00\x00\x00\x00\x06\
\x00\x00\x00\x15FreeCAD Wiki\
 (online)\x07\x00\x00\x00\x04Fo\
rm\x01\x03\x00\x00\x00\x1e\x00G\x00i\x00t\x00H\
\x00u\x00b\x00 \x00(\x00o\x00n\x00l\x00i\
\x00n\x00e\x00)\x08\x00\x00\x00\x00\x06\x00\x00\x00\x0f\
GitHub (online)\x07\
\x00\x00\x00\x04Form\x01\x03\x00\x00\x00\x0e\x00B\
\x00a\x00n\x00t\x00u\x00a\x00n\x08\x00\x00\x00\
\x00\x06\x00\x00\x00\x04Help\x07\x00\x00\x00\x04F\
orm\x01\x03\x00\x00\x00 \x00I\x00n\x00 \x00\
a\x00 \x00F\x00r\x00e\x00e\x00C\x00A\x00\
D\x00 \x00t\x00a\x00b\x08\x00\x00\x00\x00\x06\x00\
\x00\x00\x10In a FreeCAD \
tab\x07\x00\x00\x00\x04Form\x01\x03\x00\x00\
\x00@\x00I\x00n\x00 \x00a\x00 \x00s\x00e\
\x00p\x00a\x00r\x00a\x00t\x00e\x00,\x00 \
\x00e\x00m\x00b\x00e\x00d\x00d\x00a\x00b\
\x00l\x00e\x00 \x00d\x00i\x00a\x00l\x00o\
\x00g\x08\x00\x00\x00\x00\x06\x00\x00\x00 In a\
 separate, embed\
dable dialog\x07\x00\x00\x00\
\x04Form\x01\x03\x00\x00\x006\x00I\x00n\x00\
 \x00y\x00o\x00u\x00r\x00 \x00d\x00e\x00\
f\x00a\x00u\x00l\x00t\x00 \x00w\x00e\x00\
b\x00 \x00b\x00r\x00o\x00w\x00s\x00e\x00\
r\x08\x00\x00\x00\x00\x06\x00\x00\x00\x1bIn yo\
ur default web b\
rowser\x07\x00\x00\x00\x04Form\x01\
\x03\x00\x00\x002\x00M\x00a\x00r\x00k\x00d\x00\
o\x00w\x00n\x00 \x00v\x00e\x00r\x00s\x00\
i\x00o\x00n\x00 \x00(\x00o\x00n\x00l\x00\
i\x00n\x00e\x00)\x08\x00\x00\x00\x00\x06\x00\x00\x00\
\x19Markdown versio\
n (online)\x07\x00\x00\x00\x04F\
orm\x01\x03\x00\x00\x01\x1a\x00N\x00o\x00t\x00\
e\x00:\x00 \x00i\x00f\x00 \x00P\x00y\x00\
S\x00i\x00d\x00e\x00 \x00W\x00e\x00b\x00\
 \x00c\x00o\x00m\x00p\x00o\x00n\x00e\x00\
n\x00t\x00s\x00 \x00a\x00r\x00e\x00 \x00\
n\x00o\x00t\x00 \x00f\x00o\x00u\x00n\x00\
d\x00 \x00o\x00n\x00 \x00y\x00o\x00u\x00\
r\x00 \x00s\x00y\x00s\x00t\x00e\x00m\x00\
,\x00 \x00h\x00e\x00l\x00p\x00 \x00p\x00\
a\x00g\x00e\x00s\x00 \x00w\x00i\x00l\x00\
l\x00 \x00o\x00p\x00e\x00n\x00 \x00i\x00\
n\x00 \x00y\x00o\x00u\x00r\x00 \x00d\x00\
e\x00f\x00a\x00u\x00l\x00t\x00 \x00w\x00\
e\x00b\x00 \x00b\x00r\x00o\x00w\x00s\x00\
e\x00r\x00 \x00r\x00e\x00g\x00a\x00r\x00\
d\x00l\x00e\x00s\x00s\x00 \x00o\x00f\x00\
 \x00t\x00h\x00e\x00 \x00o\x00p\x00t\x00\
i\x00o\x00n\x00s\x00 \x00b\x00e\x00l\x00\
o\x00w\x08\x00\x00\x00\x00\x06\x00\x00\x00\x8dNot\
e: if PySide Web\
 components are \
not found on you\
r system, help p\
ages will open i\
n your default w\
eb browser regar\
dless of the opt\
ions below\x07\x00\x00\x00\x04F\
orm\x01\x03\x00\x00\x00\x0e\x00O\x00p\x00t\x00\
i\x00o\x00n\x00s\x08\x00\x00\x00\x00\x06\x00\x00\x00\
\x07Options\x07\x00\x00\x00\x04For\
m\x01\x03\x00\x00\x02\xcc\x00S\x00e\x00t\x00 \x00\
t\x00h\x00i\x00s\x00 \x00t\x00o\x00 \x00\
a\x00 \x00c\x00u\x00s\x00t\x00o\x00m\x00\
 \x00U\x00R\x00L\x00 \x00o\x00r\x00 \x00\
t\x00h\x00e\x00 \x00f\x00o\x00l\x00d\x00\
e\x00r\x00 \x00w\x00h\x00e\x00r\x00e\x00\
 \x00t\x00h\x00e\x00 \x00h\x00e\x00l\x00\
p\x00 \x00f\x00i\x00l\x00e\x00s\x00 \x00\
a\x00r\x00e\x00 \x00l\x00o\x00c\x00a\x00\
t\x00e\x00d\x00.\x00\x0a\x00Y\x00o\x00u\x00\
 \x00c\x00a\x00n\x00 \x00e\x00a\x00s\x00\
i\x00l\x00y\x00 \x00d\x00o\x00w\x00n\x00\
l\x00o\x00a\x00d\x00 \x00t\x00h\x00e\x00\
 \x00d\x00o\x00c\x00u\x00m\x00e\x00n\x00\
t\x00a\x00t\x00i\x00o\x00n\x00 \x00f\x00\
o\x00r\x00 \x00o\x00f\x00f\x00l\x00i\x00\
n\x00e\x00 \x00u\x00s\x00e\x00 \x00b\x00\
y\x00 \x00u\x00s\x00i\x00n\x00g\x00 \x00\
t\x00h\x00e\x00 \x00A\x00d\x00d\x00o\x00\
n\x00\x0a\x00M\x00a\x00n\x00a\x00g\x00e\x00\
r\x00 \x00a\x00n\x00d\x00 \x00i\x00n\x00\
s\x00t\x00a\x00l\x00l\x00i\x00n\x00g\x00\
 \x00t\x00h\x00e\x00 \x00\x22\x00o\x00f\x00\
f\x00l\x00i\x00n\x00e\x00-\x00d\x00o\x00\
c\x00u\x00m\x00e\x00n\x00t\x00a\x00t\x00\
i\x00o\x00n\x00\x22\x00 \x00a\x00d\x00d\x00\
o\x00n\x00.\x00 \x00I\x00f\x00 \x00t\x00\
h\x00i\x00s\x00\x0a\x00f\x00i\x00e\x00l\x00\
d\x00 \x00i\x00s\x00 \x00l\x00e\x00f\x00\
t\x00 \x00b\x00l\x00a\x00n\x00k\x00,\x00\
 \x00F\x00r\x00e\x00e\x00C\x00A\x00D\x00\
 \x00w\x00i\x00l\x00l\x00 \x00a\x00u\x00\
t\x00o\x00m\x00a\x00t\x00i\x00c\x00a\x00\
l\x00l\x00y\x00 \x00s\x00e\x00a\x00r\x00\
c\x00h\x00 \x00f\x00o\x00r\x00 \x00t\x00\
h\x00e\x00 \x00h\x00e\x00l\x00p\x00 \x00\
f\x00i\x00l\x00e\x00s\x00 \x00a\x00t\x00\
\x0a\x00t\x00h\x00e\x00 \x00d\x00e\x00f\x00\
a\x00u\x00l\x00t\x00 \x00l\x00o\x00c\x00\
a\x00t\x00i\x00o\x00n\x00 \x00(\x00$\x00\
U\x00S\x00E\x00R\x00A\x00P\x00P\x00D\x00\
A\x00T\x00A\x00D\x00I\x00R\x00/\x00M\x00\
o\x00d\x00/\x00o\x00f\x00f\x00l\x00i\x00\
n\x00e\x00-\x00d\x00o\x00c\x00u\x00m\x00\
e\x00n\x00t\x00a\x00t\x00i\x00o\x00n\x00\
)\x00.\x08\x00\x00\x00\x00\x06\x00\x00\x01fSet\
 this to a custo\
m URL or the fol\
der where the he\
lp files are loc\
ated.\x0aYou can ea\
sily download th\
e documentation \
for offline use \
by using the Add\
on\x0aManager and i\
nstalling the \x22o\
ffline-documenta\
tion\x22 addon. If \
this\x0afield is le\
ft blank, FreeCA\
D will automatic\
ally search for \
the help files a\
t\x0athe default lo\
cation ($USERAPP\
DATADIR/Mod/offl\
ine-documentatio\
n).\x07\x00\x00\x00\x04Form\x01\x03\x00\x00\
\x00\x0c\x00S\x00u\x00m\x00b\x00e\x00r\x08\x00\
\x00\x00\x00\x06\x00\x00\x00\x06Source\x07\x00\
\x00\x00\x04Form\x01\x03\x00\x00\x02d\x00T\x00\
h\x00e\x00 \x00d\x00o\x00c\x00u\x00m\x00\
e\x00n\x00t\x00a\x00t\x00i\x00o\x00n\x00\
 \x00p\x00a\x00g\x00e\x00s\x00 \x00w\x00\
i\x00l\x00l\x00 \x00b\x00e\x00 \x00f\x00\
e\x00t\x00c\x00h\x00e\x00d\x00 \x00f\x00\
r\x00o\x00m\x00 \x00a\x00n\x00 \x00a\x00\
u\x00t\x00o\x00m\x00a\x00t\x00i\x00c\x00\
 \x00M\x00a\x00r\x00k\x00d\x00o\x00w\x00\
n\x00 \x00c\x00o\x00n\x00v\x00e\x00r\x00\
s\x00i\x00o\x00n\x00\x0a\x00o\x00f\x00 \x00\
t\x00h\x00e\x00 \x00F\x00r\x00e\x00e\x00\
C\x00A\x00D\x00 \x00w\x00i\x00k\x00i\x00\
,\x00h\x00o\x00s\x00t\x00e\x00d\x00 \x00\
o\x00n\x00 \x00F\x00r\x00e\x00e\x00C\x00\
A\x00D\x00'\x00s\x00 \x00G\x00i\x00t\x00\
H\x00u\x00b\x00 \x00a\x00c\x00c\x00o\x00\
u\x00n\x00t\x00.\x00 \x00T\x00h\x00i\x00\
s\x00 \x00c\x00a\x00n\x00 \x00b\x00e\x00\
 \x00s\x00t\x00y\x00l\x00e\x00d\x00 \x00\
w\x00i\x00t\x00h\x00 \x00a\x00\x0a\x00c\x00\
u\x00s\x00t\x00o\x00m\x00 \x00s\x00t\x00\
y\x00l\x00e\x00s\x00h\x00e\x00e\x00t\x00\
 \x00b\x00e\x00l\x00o\x00w\x00 \x00a\x00\
n\x00d\x00 \x00c\x00a\x00n\x00 \x00l\x00\
o\x00o\x00k\x00 \x00n\x00i\x00c\x00e\x00\
r\x00 \x00t\x00h\x00a\x00n\x00 \x00t\x00\
h\x00e\x00 \x00w\x00i\x00k\x00i\x00 \x00\
o\x00p\x00t\x00i\x00o\x00n\x00.\x00 \x00\
T\x00h\x00e\x00 \x00'\x00M\x00a\x00r\x00\
k\x00d\x00o\x00w\x00n\x00'\x00 \x00o\x00\
r\x00\x0a\x00'\x00P\x00a\x00n\x00d\x00o\x00\
c\x00'\x00 \x00P\x00y\x00t\x00h\x00o\x00\
n\x00 \x00m\x00o\x00d\x00u\x00l\x00e\x00\
 \x00s\x00h\x00o\x00u\x00l\x00d\x00 \x00\
b\x00e\x00 \x00i\x00n\x00s\x00t\x00a\x00\
l\x00l\x00e\x00d\x00 \x00f\x00o\x00r\x00\
 \x00o\x00p\x00t\x00i\x00m\x00a\x00l\x00\
 \x00r\x00e\x00s\x00u\x00l\x00t\x00s\x00\
.\x08\x00\x00\x00\x00\x06\x00\x00\x012The d\
ocumentation pag\
es will be fetch\
ed from an autom\
atic Markdown co\
nversion\x0aof the \
FreeCAD wiki,hos\
ted on FreeCAD's\
 GitHub account.\
 This can be sty\
led with a\x0acusto\
m stylesheet bel\
ow and can look \
nicer than the w\
iki option. The \
'Markdown' or\x0a'P\
andoc' Python mo\
dule should be i\
nstalled for opt\
imal results.\x07\x00\x00\
\x00\x04Form\x01\x03\x00\x00\x00\xc2\x00T\x00h\
\x00e\x00 \x00d\x00o\x00c\x00u\x00m\x00e\
\x00n\x00t\x00a\x00t\x00i\x00o\x00n\x00 \
\x00p\x00a\x00g\x00e\x00s\x00 \x00w\x00i\
\x00l\x00l\x00 \x00b\x00e\x00 \x00f\x00e\
\x00t\x00c\x00h\x00e\x00d\x00 \x00f\x00r\
\x00o\x00m\x00 \x00t\x00h\x00e\x00 \x00o\
\x00f\x00f\x00i\x00c\x00i\x00a\x00l\x00\x0a\
\x00F\x00r\x00e\x00e\x00C\x00A\x00D\x00w\
\x00i\x00k\x00i\x00 \x00a\x00t\x00 \x00h\
\x00t\x00t\x00p\x00s\x00:\x00/\x00/\x00w\
\x00i\x00k\x00i\x00.\x00f\x00r\x00e\x00e\
\x00c\x00a\x00d\x00.\x00o\x00r\x00g\x08\x00\
\x00\x00\x00\x06\x00\x00\x00aThe docu\
mentation pages \
will be fetched \
from the officia\
l\x0aFreeCADwiki at\
 https://wiki.fr\
eecad.org\x07\x00\x00\x00\x04Fo\
rm\x01\x03\x00\x00\x01\x80\x00T\x00h\x00e\x00 \
\x00d\x00o\x00c\x00u\x00m\x00e\x00n\x00t\
\x00a\x00t\x00i\x00o\x00n\x00 \x00w\x00i\
\x00l\x00l\x00 \x00o\x00p\x00e\x00n\x00 \
\x00i\x00n\x00 \x00a\x00 \x00d\x00o\x00c\
\x00k\x00a\x00b\x00l\x00e\x00 \x00d\x00i\
\x00a\x00l\x00o\x00g\x00 \x00i\x00n\x00s\
\x00i\x00d\x00e\x00 \x00t\x00h\x00e\x00 \
\x00F\x00r\x00e\x00e\x00C\x00A\x00D\x00 \
\x00w\x00i\x00n\x00d\x00o\x00w\x00,\x00\x0a\
\x00w\x00h\x00i\x00c\x00h\x00 \x00a\x00l\
\x00l\x00o\x00w\x00s\x00 \x00y\x00o\x00u\
\x00 \x00t\x00o\x00 \x00k\x00e\x00e\x00p\
\x00 \x00i\x00t\x00 \x00o\x00p\x00e\x00n\
\x00 \x00w\x00h\x00i\x00l\x00e\x00 \x00w\
\x00o\x00r\x00k\x00i\x00n\x00g\x00 \x00i\
\x00n\x00 \x00t\x00h\x00e\x00 \x003\x00D\
\x00 \x00v\x00i\x00e\x00w\x00.\x00 \x00T\
\x00h\x00i\x00s\x00 \x00r\x00e\x00q\x00u\
\x00i\x00r\x00e\x00s\x00 \x00t\x00h\x00e\
\x00 \x00P\x00y\x00S\x00i\x00d\x00e\x00 \
\x00Q\x00t\x00W\x00e\x00b\x00e\x00n\x00g\
\x00i\x00n\x00e\x00W\x00i\x00d\x00g\x00e\
\x00t\x00s\x00 \x00c\x00o\x00m\x00p\x00o\
\x00n\x00e\x00n\x00t\x08\x00\x00\x00\x00\x06\x00\x00\
\x00\xc0The documentat\
ion will open in\
 a dockable dial\
og inside the Fr\
eeCAD window,\x0awh\
ich allows you t\
o keep it open w\
hile working in \
the 3D view. Thi\
s requires the P\
ySide QtWebengin\
eWidgets compone\
nt\x07\x00\x00\x00\x04Form\x01\x03\x00\x00\x00\
\xf8\x00T\x00h\x00e\x00 \x00d\x00o\x00c\x00\
u\x00m\x00e\x00n\x00t\x00a\x00t\x00i\x00\
o\x00n\x00 \x00w\x00i\x00l\x00l\x00 \x00\
o\x00p\x00e\x00n\x00 \x00i\x00n\x00 \x00\
a\x00 \x00n\x00e\x00w\x00 \x00t\x00a\x00\
b\x00 \x00i\x00n\x00s\x00i\x00d\x00e\x00\
 \x00t\x00h\x00e\x00 \x00F\x00r\x00e\x00\
e\x00C\x00A\x00D\x00 \x00i\x00n\x00t\x00\
e\x00r\x00f\x00a\x00c\x00e\x00.\x00 \x00\
T\x00h\x00i\x00s\x00 \x00r\x00e\x00q\x00\
u\x00i\x00r\x00e\x00s\x00 \x00t\x00h\x00\
e\x00 \x00P\x00y\x00S\x00i\x00d\x00e\x00\
 \x00Q\x00t\x00W\x00e\x00b\x00e\x00n\x00\
g\x00i\x00n\x00e\x00W\x00i\x00d\x00g\x00\
e\x00t\x00s\x00 \x00c\x00o\x00m\x00p\x00\
o\x00n\x00e\x00n\x00t\x08\x00\x00\x00\x00\x06\x00\
\x00\x00|The documenta\
tion will open i\
n a new tab insi\
de the FreeCAD i\
nterface. This r\
equires the PySi\
de QtWebengineWi\
dgets component\x07\
\x00\x00\x00\x04Form\x01\x03\x00\x00\x00p\x00T\
\x00h\x00e\x00 \x00d\x00o\x00c\x00u\x00m\
\x00e\x00n\x00t\x00a\x00t\x00i\x00o\x00n\
\x00 \x00w\x00i\x00l\x00l\x00 \x00o\x00p\
\x00e\x00n\x00 \x00i\x00n\x00 \x00y\x00o\
\x00u\x00r\x00 \x00d\x00e\x00f\x00a\x00u\
\x00l\x00t\x00 \x00w\x00e\x00b\x00 \x00b\
\x00r\x00o\x00w\x00s\x00e\x00r\x00.\x08\x00\
\x00\x00\x00\x06\x00\x00\x008The docu\
mentation will o\
pen in your defa\
ult web browser.\
\x07\x00\x00\x00\x04Form\x01\x03\x00\x00\x00\xc6\x00\
T\x00h\x00i\x00s\x00 \x00w\x00i\x00l\x00\
l\x00 \x00f\x00e\x00t\x00c\x00h\x00 \x00\
t\x00h\x00e\x00 \x00d\x00o\x00c\x00u\x00\
m\x00e\x00n\x00t\x00a\x00t\x00i\x00o\x00\
n\x00 \x00f\x00r\x00o\x00m\x00 \x00p\x00\
a\x00g\x00e\x00s\x00 \x00r\x00e\x00n\x00\
d\x00e\x00r\x00e\x00d\x00 \x00o\x00n\x00\
 \x00G\x00i\x00t\x00H\x00u\x00b\x00.\x00\
\x0a\x00T\x00h\x00i\x00s\x00 \x00i\x00s\x00\
 \x00c\x00u\x00r\x00r\x00e\x00n\x00t\x00\
l\x00y\x00 \x00n\x00o\x00t\x00 \x00a\x00\
v\x00a\x00i\x00l\x00a\x00b\x00l\x00e\x00\
.\x00.\x00.\x08\x00\x00\x00\x00\x06\x00\x00\x00cT\
his will fetch t\
he documentation\
 from pages rend\
ered on GitHub.\x0a\
This is currentl\
y not available.\
..\x07\x00\x00\x00\x04Form\x01\x03\x00\x00\x01\
L\x00Y\x00o\x00u\x00 \x00c\x00a\x00n\x00\
 \x00h\x00e\x00r\x00e\x00 \x00i\x00n\x00\
d\x00i\x00c\x00a\x00t\x00e\x00 \x00t\x00\
h\x00e\x00 \x00p\x00a\x00t\x00h\x00 \x00\
t\x00o\x00 \x00a\x00n\x00 \x00a\x00l\x00\
t\x00e\x00r\x00n\x00a\x00t\x00i\x00v\x00\
e\x00 \x00C\x00S\x00S\x00 \x00f\x00i\x00\
l\x00e\x00 \x00t\x00o\x00 \x00b\x00e\x00\
 \x00u\x00s\x00e\x00d\x00\x0a\x00t\x00o\x00\
 \x00s\x00t\x00y\x00l\x00e\x00 \x00t\x00\
h\x00e\x00 \x00M\x00a\x00r\x00k\x00d\x00\
o\x00w\x00n\x00 \x00p\x00a\x00g\x00e\x00\
s\x00.\x00 \x00T\x00h\x00i\x00s\x00 \x00\
w\x00i\x00l\x00l\x00 \x00o\x00n\x00l\x00\
y\x00 \x00w\x00o\x00r\x00k\x00 \x00i\x00\
f\x00 \x00y\x00o\x00u\x00 \x00h\x00a\x00\
v\x00e\x00 \x00s\x00e\x00l\x00e\x00c\x00\
t\x00e\x00d\x00 \x00t\x00h\x00e\x00\x0a\x00\
M\x00a\x00r\x00k\x00d\x00o\x00w\x00n\x00\
 \x00v\x00e\x00r\x00s\x00i\x00o\x00n\x00\
 \x00a\x00b\x00o\x00v\x00e\x00.\x08\x00\x00\
\x00\x00\x06\x00\x00\x00\xa6You can h\
ere indicate the\
 path to an alte\
rnative CSS file\
 to be used\x0ato s\
tyle the Markdow\
n pages. This wi\
ll only work if \
you have selecte\
d the\x0aMarkdown v\
ersion above.\x07\x00\x00\
\x00\x04Form\x01\x03\x00\x00\x00\xec\x00C\x00o\
\x00n\x00t\x00e\x00n\x00t\x00s\x00 \x00f\
\x00o\x00r\x00 \x00t\x00h\x00i\x00s\x00 \
\x00p\x00a\x00g\x00e\x00 \x00c\x00o\x00u\
\x00l\x00d\x00 \x00n\x00o\x00t\x00 \x00b\
\x00e\x00 \x00r\x00e\x00t\x00r\x00i\x00e\
\x00v\x00e\x00d\x00.\x00 \x00P\x00l\x00e\
\x00a\x00s\x00e\x00 \x00c\x00h\x00e\x00c\
\x00k\x00 \x00s\x00e\x00t\x00t\x00i\x00n\
\x00g\x00s\x00 \x00u\x00n\x00d\x00e\x00r\
\x00 \x00m\x00e\x00n\x00u\x00 \x00E\x00d\
\x00i\x00t\x00 \x00-\x00>\x00 \x00P\x00r\
\x00e\x00f\x00e\x00r\x00e\x00n\x00c\x00e\
\x00s\x00 \x00-\x00>\x00 \x00G\x00e\x00n\
\x00e\x00r\x00a\x00l\x00 \x00-\x00>\x00 \
\x00H\x00e\x00l\x00p\x08\x00\x00\x00\x00\x06\x00\x00\
\x00vContents for t\
his page could n\
ot be retrieved.\
 Please check se\
ttings under men\
u Edit -> Prefer\
ences -> General\
 -> Help\x07\x00\x00\x00\x04Hel\
p\x01\x03\x00\x00\x00\x0e\x00B\x00a\x00n\x00t\x00\
u\x00a\x00n\x08\x00\x00\x00\x00\x06\x00\x00\x00\x04H\
elp\x07\x00\x00\x00\x04Help\x01\x03\x00\x00\
\x00\xe8\x00H\x00e\x00l\x00p\x00 \x00f\x00i\
\x00l\x00e\x00s\x00 \x00l\x00o\x00c\x00a\
\x00t\x00i\x00o\x00n\x00 \x00c\x00o\x00u\
\x00l\x00d\x00 \x00n\x00o\x00t\x00 \x00b\
\x00e\x00 \x00d\x00e\x00t\x00e\x00r\x00m\
\x00i\x00n\x00e\x00d\x00.\x00 \x00P\x00l\
\x00e\x00a\x00s\x00e\x00 \x00c\x00h\x00e\
\x00c\x00k\x00 \x00s\x00e\x00t\x00t\x00i\
\x00n\x00g\x00s\x00 \x00u\x00n\x00d\x00e\
\x00r\x00 \x00m\x00e\x00n\x00u\x00 \x00E\
\x00d\x00i\x00t\x00 \x00-\x00>\x00 \x00P\
\x00r\x00e\x00f\x00e\x00r\x00e\x00n\x00c\
\x00e\x00s\x00 \x00-\x00>\x00 \x00G\x00e\
\x00n\x00e\x00r\x00a\x00l\x00 \x00-\x00>\
\x00 \x00H\x00e\x00l\x00p\x08\x00\x00\x00\x00\x06\
\x00\x00\x00tHelp files l\
ocation could no\
t be determined.\
 Please check se\
ttings under men\
u Edit -> Prefer\
ences -> General\
 -> Help\x07\x00\x00\x00\x04Hel\
p\x01\x03\x00\x00\x00\xc2\x00P\x00y\x00S\x00i\x00\
d\x00e\x00 \x00Q\x00t\x00W\x00e\x00b\x00\
E\x00n\x00g\x00i\x00n\x00e\x00W\x00i\x00\
d\x00g\x00e\x00t\x00s\x00 \x00m\x00o\x00\
d\x00u\x00l\x00e\x00 \x00i\x00s\x00 \x00\
n\x00o\x00t\x00 \x00a\x00v\x00a\x00i\x00\
l\x00a\x00b\x00l\x00e\x00.\x00 \x00H\x00\
e\x00l\x00p\x00 \x00r\x00e\x00n\x00d\x00\
e\x00r\x00i\x00n\x00g\x00 \x00i\x00s\x00\
 \x00d\x00o\x00n\x00e\x00 \x00w\x00i\x00\
t\x00h\x00 \x00t\x00h\x00e\x00 \x00s\x00\
y\x00s\x00t\x00e\x00m\x00 \x00b\x00r\x00\
o\x00w\x00s\x00e\x00r\x08\x00\x00\x00\x00\x06\x00\
\x00\x00aPySide QtWebE\
ngineWidgets mod\
ule is not avail\
able. Help rende\
ring is done wit\
h the system bro\
wser\x07\x00\x00\x00\x04Help\x01\x03\x00\
\x00\x01p\x00T\x00h\x00e\x00r\x00e\x00 \x00\
i\x00s\x00 \x00n\x00o\x00 \x00M\x00a\x00\
r\x00k\x00d\x00o\x00w\x00n\x00 \x00r\x00\
e\x00n\x00d\x00e\x00r\x00e\x00r\x00 \x00\
i\x00n\x00s\x00t\x00a\x00l\x00l\x00e\x00\
d\x00 \x00o\x00n\x00 \x00y\x00o\x00u\x00\
r\x00 \x00s\x00y\x00s\x00t\x00e\x00m\x00\
,\x00 \x00s\x00o\x00 \x00t\x00h\x00i\x00\
s\x00 \x00h\x00e\x00l\x00p\x00 \x00p\x00\
a\x00g\x00e\x00 \x00i\x00s\x00 \x00r\x00\
e\x00n\x00d\x00e\x00r\x00e\x00d\x00 \x00\
a\x00s\x00 \x00i\x00s\x00.\x00 \x00P\x00\
l\x00e\x00a\x00s\x00e\x00 \x00i\x00n\x00\
s\x00t\x00a\x00l\x00l\x00 \x00t\x00h\x00\
e\x00 \x00M\x00a\x00r\x00k\x00d\x00o\x00\
w\x00n\x00 \x00o\x00r\x00 \x00P\x00a\x00\
n\x00d\x00o\x00c\x00 \x00P\x00y\x00t\x00\
h\x00o\x00n\x00 \x00m\x00o\x00d\x00u\x00\
l\x00e\x00s\x00 \x00t\x00o\x00 \x00i\x00\
m\x00p\x00r\x00o\x00v\x00e\x00 \x00t\x00\
h\x00e\x00 \x00r\x00e\x00n\x00d\x00e\x00\
r\x00i\x00n\x00g\x00 \x00o\x00f\x00 \x00\
t\x00h\x00i\x00s\x00 \x00p\x00a\x00g\x00\
e\x00.\x08\x00\x00\x00\x00\x06\x00\x00\x00\xb8The\
re is no Markdow\
n renderer insta\
lled on your sys\
tem, so this hel\
p page is render\
ed as is. Please\
 install the Mar\
kdown or Pandoc \
Python modules t\
o improve the re\
ndering of this \
page.\x07\x00\x00\x00\x04Help\x01\x03\
\x00\x00\x00\x08\x00U\x00m\x00u\x00m\x08\x00\x00\x00\
\x00\x06\x00\x00\x00\x07General\x07\x00\x00\
\x00\x07QObject\x01\
\x00\x00&\xe0\
<\
\xb8d\x18\xca\xef\x9c\x95\xcd!\x1c\xbf`\xa1\xbd\xdd\xa7\
\x00\x00\x00\x02frB\x00\x00\x00\xf0\x00\x04\xec0\x00\
\x00\x06`\x00\x04\xec0\x00\x00\x1f\xef\x00\x99N\xa8\x00\
\x00\x1e\x0a\x018!.\x00\x00\x16\x02\x01\x82\xc62\x00\
\x00!\xb6\x02mV`\x00\x00 \x14\x04\x1e\xf1\x82\x00\
\x00\x06\x85\x04Dm9\x00\x00\x05\xb4\x04T\x18N\x00\
\x00\x143\x04\x89?'\x00\x00\x06\xe0\x04\xde1)\x00\
\x00\x07\xe6\x05M7\xf2\x00\x00\x07y\x05\xa6\xc8\x95\x00\
\x00\x14\x08\x06{\x06\x03\x00\x00\x0ai\x06\xa4]\x8e\x00\
\x00\x0a\x97\x07\x07\xe0\x0e\x00\x00\x1b\xab\x07t\x8a\x94\x00\
\x00\x01\xb0\x09\x82\xac\xae\x00\x00\x00\x00\x09\xd5\xc9.\x00\
\x00\x02H\x0auc\xd7\x00\x00\x1aC\x0b\x0ar\xc9\x00\
\x00\x02\x16\x0c\xe2\x80\xae\x00\x00\x04r\x0d\xb7\x06\x10\x00\
\x00\x1e_\x0d\xc4\xc8<\x00\x00%\x97\x0e*j\xae\x00\
\x00#&\x0ek8\x9e\x00\x00\x0f3\x0e\x8d\xd4\x82\x00\
\x00\x1dI\x0e\xca\x08\x89\x00\x00\x06\x16\x0f-\x13\xae\x00\
\x00\x01X\x0fE\xeb\x1e\x00\x00\x08Xi\x00\x00%\xc8\
\x03\x00\x00\x00\xe2\x00U\x00n\x00 \x00s\x00u\x00\
f\x00f\x00i\x00x\x00e\x00 \x00d\x00e\x00\
 \x00t\x00r\x00a\x00d\x00u\x00c\x00t\x00\
i\x00o\x00n\x00 \x00\xe0\x00 \x00u\x00t\x00\
i\x00l\x00i\x00s\x00e\x00r\x00,\x00 \x00\
p\x00a\x00r\x00 \x00e\x00x\x00e\x00m\x00\
p\x00l\x00e\x00 \x00\xab\x00 \x00f\x00r\x00\
 \x00\xbb\x00 \x00p\x00o\x00u\x00r\x00 \x00\
o\x00b\x00t\x00e\x00n\x00i\x00r\x00 \x00\
l\x00a\x00 \x00t\x00r\x00a\x00d\x00u\x00\
c\x00t\x00i\x00o\x00n\x00 \x00f\x00r\x00\
a\x00n\x00\xe7\x00a\x00i\x00s\x00e\x00 \x00\
d\x00e\x00 \x00l\x00a\x00 \x00d\x00o\x00\
c\x00u\x00m\x00e\x00n\x00t\x00a\x00t\x00\
i\x00o\x00n\x00.\x08\x00\x00\x00\x00\x06\x00\x00\x00\
]A translation s\
uffix to use, fo\
r example \x22fr\x22\x0at\
o get French tra\
nslation of the \
documentation.\x07\x00\
\x00\x00\x04Form\x01\x03\x00\x00\x000\x00E\x00\
m\x00p\x00l\x00a\x00c\x00e\x00m\x00e\x00\
n\x00t\x00 \x00p\x00e\x00r\x00s\x00o\x00\
n\x00n\x00a\x00l\x00i\x00s\x00\xe9\x08\x00\x00\
\x00\x00\x06\x00\x00\x00\x0fCustom lo\
cation\x07\x00\x00\x00\x04Form\x01\
\x03\x00\x00\x00<\x00F\x00e\x00u\x00i\x00l\x00\
l\x00e\x00 \x00d\x00e\x00 \x00s\x00t\x00\
y\x00l\x00e\x00 \x00p\x00e\x00r\x00s\x00\
o\x00n\x00n\x00a\x00l\x00i\x00s\x00\xe9\x00\
e\x08\x00\x00\x00\x00\x06\x00\x00\x00\x11Custo\
m stylesheet\x07\x00\x00\x00\
\x04Form\x01\x03\x00\x00\x00\x12\x00A\x00f\x00\
f\x00i\x00c\x00h\x00a\x00g\x00e\x08\x00\x00\
\x00\x00\x06\x00\x00\x00\x07Display\x07\x00\
\x00\x00\x04Form\x01\x03\x00\x00\x01|\x00L\x00\
a\x00 \x00d\x00o\x00c\x00u\x00m\x00e\x00\
n\x00t\x00a\x00t\x00i\x00o\x00n\x00 \x00\
s\x00'\x00o\x00u\x00v\x00r\x00e\x00 \x00\
d\x00a\x00n\x00s\x00 \x00u\x00n\x00e\x00\
 \x00b\x00o\x00\xee\x00t\x00e\x00 \x00d\x00\
e\x00 \x00d\x00i\x00a\x00l\x00o\x00g\x00\
u\x00e\x00 \x00a\x00n\x00c\x00r\x00a\x00\
b\x00l\x00e\x00 \x00d\x00a\x00n\x00s\x00\
 \x00F\x00r\x00e\x00e\x00C\x00A\x00D\x00\
,\x00 \x00c\x00e\x00 \x00q\x00u\x00i\x00\
 \x00p\x00e\x00r\x00m\x00e\x00t\x00 \x00\
d\x00e\x00 \x00t\x00r\x00a\x00v\x00a\x00\
i\x00l\x00l\x00e\x00r\x00 \x00s\x00i\x00\
m\x00u\x00l\x00t\x00a\x00n\x00\xe9\x00m\x00\
e\x00n\x00t\x00 \x00d\x00a\x00n\x00s\x00\
 \x00l\x00a\x00 \x00v\x00u\x00e\x00 \x00\
3\x00D\x00.\x00\x0a\x00C\x00e\x00l\x00a\x00\
 \x00n\x00\xe9\x00c\x00e\x00s\x00s\x00i\x00\
t\x00e\x00 \x00l\x00e\x00 \x00c\x00o\x00\
m\x00p\x00o\x00s\x00a\x00n\x00t\x00 \x00\
Q\x00t\x00W\x00e\x00b\x00e\x00n\x00g\x00\
i\x00n\x00e\x00W\x00i\x00d\x00g\x00e\x00\
t\x00s\x00 \x00d\x00e\x00 \x00P\x00y\x00\
S\x00i\x00d\x00e\x00.\x08\x00\x00\x00\x00\x06\x00\
\x00\x00\x95Documentation\
 opens in a dock\
able dialog with\
in FreeCAD, allo\
wing simultaneou\
s work in the 3D\
 view.\x0aRequires \
the PySide QtWeb\
engineWidgets co\
mponent.\x07\x00\x00\x00\x04For\
m\x01\x03\x00\x00\x00\xd0\x00R\x00\xe9\x00c\x00u\x00\
p\x00\xe8\x00r\x00e\x00 \x00l\x00a\x00 \x00\
d\x00o\x00c\x00u\x00m\x00e\x00n\x00t\x00\
a\x00t\x00i\x00o\x00n\x00 \x00\xe0\x00 \x00\
p\x00a\x00r\x00t\x00i\x00r\x00 \x00d\x00\
e\x00s\x00 \x00p\x00a\x00g\x00e\x00s\x00\
 \x00a\x00f\x00f\x00i\x00c\x00h\x00\xe9\x00\
e\x00s\x00 \x00s\x00u\x00r\x00 \x00G\x00\
i\x00t\x00H\x00u\x00b\x00.\x00 \x00C\x00\
e\x00 \x00n\x00'\x00e\x00s\x00t\x00 \x00\
a\x00c\x00t\x00u\x00e\x00l\x00l\x00e\x00\
m\x00e\x00n\x00t\x00 \x00p\x00a\x00s\x00\
 \x00d\x00i\x00s\x00p\x00o\x00n\x00i\x00\
b\x00l\x00e\x00.\x08\x00\x00\x00\x00\x06\x00\x00\x00\
YFetches the doc\
umentation from \
pages rendered o\
n GitHub.\x0aThis i\
s currently not \
available.\x07\x00\x00\x00\x04F\
orm\x01\x03\x00\x00\x004\x00W\x00i\x00k\x00\
i\x00 \x00d\x00e\x00 \x00F\x00r\x00e\x00\
e\x00C\x00A\x00D\x00 \x00(\x00e\x00n\x00\
 \x00l\x00i\x00g\x00n\x00e\x00)\x08\x00\x00\
\x00\x00\x06\x00\x00\x00\x15FreeCAD W\
iki (online)\x07\x00\x00\x00\
\x04Form\x01\x03\x00\x00\x00\x22\x00G\x00i\x00\
t\x00H\x00u\x00b\x00 \x00(\x00e\x00n\x00\
 \x00l\x00i\x00g\x00n\x00e\x00)\x08\x00\x00\
\x00\x00\x06\x00\x00\x00\x0fGitHub (o\
nline)\x07\x00\x00\x00\x04Form\x01\
\x03\x00\x00\x00\x08\x00A\x00i\x00d\x00e\x08\x00\x00\
\x00\x00\x06\x00\x00\x00\x04Help\x07\x00\x00\x00\x04\
Form\x01\x03\x00\x00\x002\x00D\x00a\x00n\
\x00s\x00 \x00u\x00n\x00 \x00o\x00n\x00g\
\x00l\x00e\x00t\x00 \x00d\x00e\x00 \x00F\
\x00r\x00e\x00e\x00C\x00A\x00D\x08\x00\x00\x00\
\x00\x06\x00\x00\x00\x10In a FreeC\
AD tab\x07\x00\x00\x00\x04Form\x01\
\x03\x00\x00\x00`\x00D\x00a\x00n\x00s\x00 \x00\
u\x00n\x00e\x00 \x00f\x00e\x00n\x00\xea\x00\
t\x00r\x00e\x00 \x00d\x00e\x00 \x00d\x00\
i\x00a\x00l\x00o\x00g\x00u\x00e\x00 \x00\
s\x00\xe9\x00p\x00a\x00r\x00\xe9\x00e\x00,\x00\
 \x00i\x00n\x00t\x00\xe9\x00g\x00r\x00a\x00\
b\x00l\x00e\x08\x00\x00\x00\x00\x06\x00\x00\x00 I\
n a separate, em\
beddable dialog\x07\
\x00\x00\x00\x04Form\x01\x03\x00\x00\x00:\x00D\
\x00a\x00n\x00s\x00 \x00l\x00e\x00 \x00n\
\x00a\x00v\x00i\x00g\x00a\x00t\x00e\x00u\
\x00r\x00 \x00p\x00a\x00r\x00 \x00d\x00\xe9\
\x00f\x00a\x00u\x00t\x08\x00\x00\x00\x00\x06\x00\x00\
\x00\x1aIn the default\
 web browser\x07\x00\x00\x00\
\x04Form\x01\x03\x00\x00\x00@\x00V\x00e\x00\
r\x00s\x00i\x00o\x00n\x00 \x00a\x00v\x00\
e\x00c\x00 \x00M\x00a\x00r\x00k\x00d\x00\
o\x00w\x00n\x00 \x00(\x00e\x00n\x00 \x00\
l\x00i\x00g\x00n\x00e\x00)\x08\x00\x00\x00\x00\
\x06\x00\x00\x00\x19Markdown ve\
rsion (online)\x07\x00\
\x00\x00\x04Form\x01\x03\x00\x00\x01l\x00R\x00\
e\x00m\x00a\x00r\x00q\x00u\x00e\x00 \x00\
:\x00 \x00s\x00i\x00 \x00l\x00e\x00s\x00\
 \x00c\x00o\x00m\x00p\x00o\x00s\x00a\x00\
n\x00t\x00s\x00 \x00W\x00e\x00b\x00 \x00\
d\x00e\x00 \x00P\x00y\x00S\x00i\x00d\x00\
e\x00 \x00n\x00e\x00 \x00s\x00o\x00n\x00\
t\x00 \x00p\x00a\x00s\x00 \x00d\x00\xe9\x00\
t\x00e\x00c\x00t\x00\xe9\x00s\x00 \x00s\x00\
u\x00r\x00 \x00l\x00e\x00 \x00s\x00y\x00\
s\x00t\x00\xe8\x00m\x00e\x00,\x00 \x00l\x00\
e\x00s\x00 \x00p\x00a\x00g\x00e\x00s\x00\
 \x00d\x00'\x00a\x00i\x00d\x00e\x00 \x00\
s\x00'\x00o\x00u\x00v\x00r\x00i\x00r\x00\
o\x00n\x00t\x00 \x00d\x00a\x00n\x00s\x00\
 \x00l\x00e\x00 \x00n\x00a\x00v\x00i\x00\
g\x00a\x00t\x00e\x00u\x00r\x00 \x00p\x00\
a\x00r\x00\x0a\x00d\x00\xe9\x00f\x00a\x00u\x00\
t\x00,\x00 \x00q\x00u\x00e\x00l\x00l\x00\
e\x00s\x00 \x00q\x00u\x00e\x00 \x00s\x00\
o\x00i\x00e\x00n\x00t\x00 \x00l\x00e\x00\
s\x00 \x00o\x00p\x00t\x00i\x00o\x00n\x00\
s\x00 \x00c\x00i\x00-\x00d\x00e\x00s\x00\
s\x00o\x00u\x00s\x00.\x08\x00\x00\x00\x00\x06\x00\
\x00\x00\x8cNote: if PySi\
de Web component\
s are not found \
on the system, h\
elp pages will o\
pen in the defau\
lt web browser r\
egardless of the\
 options below.\x07\
\x00\x00\x00\x04Form\x01\x03\x00\x00\x00\x0e\x00O\
\x00p\x00t\x00i\x00o\x00n\x00s\x08\x00\x00\x00\
\x00\x06\x00\x00\x00\x07Options\x07\x00\x00\
\x00\x04Form\x01\x03\x00\x00\x03,\x00D\x00\xe9\
\x00f\x00i\x00n\x00i\x00r\x00 \x00i\x00c\
\x00i\x00 \x00u\x00n\x00e\x00 \x00U\x00R\
\x00L\x00 \x00p\x00e\x00r\x00s\x00o\x00n\
\x00n\x00a\x00l\x00i\x00s\x00\xe9\x00e\x00 \
\x00o\x00u\x00 \x00l\x00e\x00 \x00d\x00o\
\x00s\x00s\x00i\x00e\x00r\x00 \x00o\x00\xf9\
\x00 \x00s\x00e\x00 \x00t\x00r\x00o\x00u\
\x00v\x00e\x00n\x00t\x00 \x00l\x00e\x00s\
\x00 \x00f\x00i\x00c\x00h\x00i\x00e\x00r\
\x00s\x00 \x00d\x00'\x00a\x00i\x00d\x00e\
\x00.\x00\x0a\x00L\x00a\x00 \x00d\x00o\x00c\
\x00u\x00m\x00e\x00n\x00t\x00a\x00t\x00i\
\x00o\x00n\x00 \x00p\x00e\x00u\x00t\x00 \
\x00\xea\x00t\x00r\x00e\x00 \x00t\x00\xe9\x00l\
\x00\xe9\x00c\x00h\x00a\x00r\x00g\x00\xe9\x00e\
\x00 \x00p\x00o\x00u\x00r\x00 \x00u\x00n\
\x00e\x00 \x00u\x00t\x00i\x00l\x00i\x00s\
\x00a\x00t\x00i\x00o\x00n\x00 \x00h\x00o\
\x00r\x00s\x00 \x00l\x00i\x00g\x00n\x00e\
\x00 \x00v\x00i\x00a\x00 \x00l\x00e\x00 \
\x00g\x00e\x00s\x00t\x00i\x00o\x00n\x00n\
\x00a\x00i\x00r\x00e\x00 \x00d\x00e\x00s\
\x00 \x00e\x00x\x00t\x00e\x00n\x00s\x00i\
\x00o\x00n\x00s\x00 \x00e\x00t\x00 \x00l\
\x00'\x00i\x00n\x00s\x00t\x00a\x00l\x00l\
\x00a\x00t\x00i\x00o\x00n\x00 \x00d\x00e\
\x00 \x00l\x00'\x00e\x00x\x00t\x00e\x00n\
\x00s\x00i\x00o\x00n\x00 \x00\xab\x00 \x00o\
\x00f\x00f\x00l\x00i\x00n\x00e\x00-\x00d\
\x00o\x00c\x00u\x00m\x00e\x00n\x00t\x00a\
\x00t\x00i\x00o\x00n\x00 \x00\xbb\x00.\x00 \
\x00S\x00i\x00 \x00c\x00e\x00 \x00c\x00h\
\x00a\x00m\x00p\x00 \x00e\x00s\x00t\x00 \
\x00l\x00a\x00i\x00s\x00s\x00\xe9\x00 \x00v\
\x00i\x00d\x00e\x00,\x00 \x00F\x00r\x00e\
\x00e\x00C\x00A\x00D\x00 \x00r\x00e\x00c\
\x00h\x00e\x00r\x00c\x00h\x00e\x00r\x00a\
\x00 \x00a\x00u\x00t\x00o\x00m\x00a\x00t\
\x00i\x00q\x00u\x00e\x00m\x00e\x00n\x00t\
\x00 \x00l\x00e\x00s\x00 \x00f\x00i\x00c\
\x00h\x00i\x00e\x00r\x00s\x00 \x00d\x00'\
\x00a\x00i\x00d\x00e\x00 \x00\xe0\x00 \x00l\
\x00'\x00e\x00m\x00p\x00l\x00a\x00c\x00e\
\x00m\x00e\x00n\x00t\x00 \x00p\x00a\x00r\
\x00 \x00d\x00\xe9\x00f\x00a\x00u\x00t\x00\x0a\
\x00(\x00$\x00U\x00S\x00E\x00R\x00A\x00P\
\x00P\x00D\x00A\x00T\x00A\x00D\x00I\x00R\
\x00/\x00M\x00o\x00d\x00/\x00o\x00f\x00f\
\x00l\x00i\x00n\x00e\x00-\x00d\x00o\x00c\
\x00u\x00m\x00e\x00n\x00t\x00a\x00t\x00i\
\x00o\x00n\x00)\x00.\x08\x00\x00\x00\x00\x06\x00\x00\
\x01WSet this to a \
custom URL or th\
e folder where t\
he help files ar\
e located.\x0aDocum\
entation can be \
downloaded for o\
ffline use via t\
he Addon Manager\
 and installing \
the\x0a\x22offline-doc\
umentation\x22 addo\
n. If this field\
 is left blank, \
FreeCAD will\x0aaut\
omatically searc\
h for the help f\
iles at the defa\
ult location\x0a($U\
SERAPPDATADIR/Mo\
d/offline-docume\
ntation).\x07\x00\x00\x00\x04Fo\
rm\x01\x03\x00\x00\x03V\x00D\x00\xe9\x00f\x00i\
\x00n\x00i\x00s\x00s\x00e\x00z\x00 \x00i\
\x00c\x00i\x00 \x00u\x00n\x00e\x00 \x00U\
\x00R\x00L\x00 \x00p\x00e\x00r\x00s\x00o\
\x00n\x00n\x00a\x00l\x00i\x00s\x00\xe9\x00e\
\x00 \x00o\x00u\x00 \x00l\x00e\x00 \x00d\
\x00o\x00s\x00s\x00i\x00e\x00r\x00 \x00o\
\x00\xf9\x00 \x00s\x00e\x00 \x00t\x00r\x00o\
\x00u\x00v\x00e\x00n\x00t\x00 \x00l\x00e\
\x00s\x00 \x00f\x00i\x00c\x00h\x00i\x00e\
\x00r\x00s\x00 \x00d\x00'\x00a\x00i\x00d\
\x00e\x00.\x00 \x00V\x00o\x00u\x00s\x00 \
\x00p\x00o\x00u\x00v\x00e\x00z\x00 \x00f\
\x00a\x00c\x00i\x00l\x00e\x00m\x00e\x00n\
\x00t\x00 \x00t\x00\xe9\x00l\x00\xe9\x00c\x00h\
\x00a\x00r\x00g\x00e\x00r\x00 \x00l\x00a\
\x00 \x00d\x00o\x00c\x00u\x00m\x00e\x00n\
\x00t\x00a\x00t\x00i\x00o\x00n\x00 \x00p\
\x00o\x00u\x00r\x00 \x00u\x00n\x00e\x00 \
\x00u\x00t\x00i\x00l\x00i\x00s\x00a\x00t\
\x00i\x00o\x00n\x00 \x00h\x00o\x00r\x00s\
\x00 \x00l\x00i\x00g\x00n\x00e\x00 \x00e\
\x00n\x00 \x00u\x00t\x00i\x00l\x00i\x00s\
\x00a\x00n\x00t\x00 \x00l\x00e\x00 \x00g\
\x00e\x00s\x00t\x00i\x00o\x00n\x00n\x00a\
\x00i\x00r\x00e\x00 \x00d\x00e\x00s\x00 \
\x00e\x00x\x00t\x00e\x00n\x00s\x00i\x00o\
\x00n\x00s\x00 \x00e\x00t\x00 \x00e\x00n\
\x00 \x00i\x00n\x00s\x00t\x00a\x00l\x00l\
\x00a\x00n\x00t\x00 \x00l\x00'\x00e\x00x\
\x00t\x00e\x00n\x00s\x00i\x00o\x00n\x00 \
\x00\xab\x00 \x00o\x00f\x00f\x00l\x00i\x00n\
\x00e\x00-\x00d\x00o\x00c\x00u\x00m\x00e\
\x00n\x00t\x00a\x00t\x00i\x00o\x00n\x00 \
\x00\xbb\x00.\x00 \x00S\x00i\x00 \x00c\x00e\
\x00 \x00c\x00h\x00a\x00m\x00p\x00 \x00e\
\x00s\x00t\x00 \x00l\x00a\x00i\x00s\x00s\
\x00\xe9\x00 \x00v\x00i\x00d\x00e\x00,\x00 \
\x00F\x00r\x00e\x00e\x00C\x00A\x00D\x00 \
\x00r\x00e\x00c\x00h\x00e\x00r\x00c\x00h\
\x00e\x00r\x00a\x00 \x00a\x00u\x00t\x00o\
\x00m\x00a\x00t\x00i\x00q\x00u\x00e\x00m\
\x00e\x00n\x00t\x00 \x00l\x00e\x00s\x00 \
\x00f\x00i\x00c\x00h\x00i\x00e\x00r\x00s\
\x00 \x00d\x00'\x00a\x00i\x00d\x00e\x00 \
\x00\xe0\x00 \x00l\x00'\x00e\x00m\x00p\x00l\
\x00a\x00c\x00e\x00m\x00e\x00n\x00t\x00 \
\x00p\x00a\x00r\x00 \x00d\x00\xe9\x00f\x00a\
\x00u\x00t\x00 \x00(\x00$\x00U\x00S\x00E\
\x00R\x00A\x00P\x00P\x00D\x00A\x00T\x00A\
\x00D\x00I\x00R\x00/\x00M\x00o\x00d\x00/\
\x00o\x00f\x00f\x00l\x00i\x00n\x00e\x00-\
\x00d\x00o\x00c\x00u\x00m\x00e\x00n\x00t\
\x00a\x00t\x00i\x00o\x00n\x00)\x00.\x08\x00\
\x00\x00\x00\x06\x00\x00\x01fSet this\
 to a custom URL\
 or the folder w\
here the help fi\
les are located.\
\x0aYou can easily \
download the doc\
umentation for o\
ffline use by us\
ing the Addon\x0aMa\
nager and instal\
ling the \x22offlin\
e-documentation\x22\
 addon. If this\x0a\
field is left bl\
ank, FreeCAD wil\
l automatically \
search for the h\
elp files at\x0athe\
 default locatio\
n ($USERAPPDATAD\
IR/Mod/offline-d\
ocumentation).\x07\x00\
\x00\x00\x04Form\x01\x03\x00\x00\x00\x0c\x00S\x00\
o\x00u\x00r\x00c\x00e\x08\x00\x00\x00\x00\x06\x00\
\x00\x00\x06Source\x07\x00\x00\x00\x04Fo\
rm\x01\x03\x00\x00\x01>\x00S\x00p\x00\xe9\x00c\
\x00i\x00f\x00i\x00e\x00r\x00 \x00l\x00e\
\x00 \x00c\x00h\x00e\x00m\x00i\x00n\x00 \
\x00d\x00'\x00a\x00c\x00c\x00\xe8\x00s\x00 \
\x00\xe0\x00 \x00u\x00n\x00 \x00f\x00i\x00c\
\x00h\x00i\x00e\x00r\x00 \x00C\x00S\x00S\
\x00 \x00a\x00l\x00t\x00e\x00r\x00n\x00a\
\x00t\x00i\x00f\x00 \x00p\x00o\x00u\x00r\
\x00 \x00l\x00a\x00 \x00m\x00i\x00s\x00e\
\x00 \x00e\x00n\x00 \x00f\x00o\x00r\x00m\
\x00e\x00 \x00d\x00e\x00s\x00 \x00p\x00a\
\x00g\x00e\x00s\x00 \x00M\x00a\x00r\x00k\
\x00d\x00o\x00w\x00n\x00.\x00 \x00C\x00e\
\x00l\x00a\x00 \x00n\x00e\x00 \x00s\x00'\
\x00a\x00p\x00p\x00l\x00i\x00q\x00u\x00e\
\x00 \x00q\x00u\x00e\x00 \x00s\x00i\x00 \
\x00M\x00a\x00r\x00k\x00d\x00o\x00w\x00n\
\x00 \x00e\x00s\x00t\x00\x0a\x00s\x00\xe9\x00l\
\x00e\x00c\x00t\x00i\x00o\x00n\x00n\x00\xe9\
\x00 \x00c\x00i\x00-\x00d\x00e\x00s\x00s\
\x00u\x00s\x00.\x08\x00\x00\x00\x00\x06\x00\x00\x00x\
Specify the path\
 to an alternati\
ve CSS file for \
styling Markdown\
 pages.\x0aThis onl\
y applies if Mar\
kdown is selecte\
d above.\x07\x00\x00\x00\x04For\
m\x01\x03\x00\x00\x02\xf6\x00L\x00e\x00s\x00 \x00\
p\x00a\x00g\x00e\x00s\x00 \x00d\x00e\x00\
 \x00d\x00o\x00c\x00u\x00m\x00e\x00n\x00\
t\x00a\x00t\x00i\x00o\x00n\x00 \x00s\x00\
e\x00r\x00o\x00n\x00t\x00 \x00r\x00\xe9\x00\
c\x00u\x00p\x00\xe9\x00r\x00\xe9\x00e\x00s\x00\
 \x00\xe0\x00 \x00p\x00a\x00r\x00t\x00i\x00\
r\x00 \x00d\x00'\x00u\x00n\x00e\x00 \x00\
c\x00o\x00n\x00v\x00e\x00r\x00s\x00i\x00\
o\x00n\x00 \x00a\x00u\x00t\x00o\x00m\x00\
a\x00t\x00i\x00q\x00u\x00e\x00 \x00d\x00\
e\x00 \x00M\x00a\x00r\x00k\x00d\x00o\x00\
w\x00n\x00 \x00d\x00u\x00 \x00w\x00i\x00\
k\x00i\x00 \x00F\x00r\x00e\x00e\x00C\x00\
A\x00D\x00,\x00 \x00h\x00\xe9\x00b\x00e\x00\
r\x00g\x00\xe9\x00 \x00s\x00u\x00r\x00 \x00\
l\x00e\x00\x0a\x00c\x00o\x00m\x00p\x00t\x00\
e\x00 \x00G\x00i\x00t\x00H\x00u\x00b\x00\
 \x00d\x00e\x00 \x00F\x00r\x00e\x00e\x00\
C\x00A\x00D\x00.\x00 \x00E\x00l\x00l\x00\
e\x00s\x00 \x00p\x00e\x00u\x00v\x00e\x00\
n\x00t\x00 \x00\xea\x00t\x00r\x00e\x00 \x00\
p\x00e\x00r\x00s\x00o\x00n\x00n\x00a\x00\
l\x00i\x00s\x00\xe9\x00e\x00s\x00 \x00\xe0\x00\
 \x00l\x00'\x00a\x00i\x00d\x00e\x00 \x00\
d\x00'\x00u\x00n\x00e\x00 \x00f\x00e\x00\
u\x00i\x00l\x00l\x00e\x00 \x00d\x00e\x00\
 \x00s\x00t\x00y\x00l\x00e\x00 \x00c\x00\
i\x00-\x00d\x00e\x00s\x00s\x00o\x00u\x00\
s\x00 \x00e\x00t\x00 \x00p\x00e\x00u\x00\
v\x00e\x00n\x00t\x00 \x00\xea\x00t\x00r\x00\
e\x00 \x00p\x00l\x00u\x00s\x00 \x00a\x00\
g\x00r\x00\xe9\x00a\x00b\x00l\x00e\x00s\x00\
 \x00q\x00u\x00e\x00\x0a\x00l\x00'\x00o\x00\
p\x00t\x00i\x00o\x00n\x00 \x00w\x00i\x00\
k\x00i\x00.\x00 \x00L\x00e\x00 \x00m\x00\
o\x00d\x00u\x00l\x00e\x00 \x00P\x00y\x00\
t\x00h\x00o\x00n\x00 \x00\xab\x00 \x00M\x00\
a\x00r\x00k\x00d\x00o\x00w\x00n\x00 \x00\
\xbb\x00 \x00o\x00u\x00 \x00\xab\x00 \x00P\x00\
a\x00n\x00d\x00o\x00c\x00 \x00\xbb\x00 \x00\
d\x00o\x00i\x00t\x00 \x00\xea\x00t\x00r\x00\
e\x00 \x00i\x00n\x00s\x00t\x00a\x00l\x00\
l\x00\xe9\x00 \x00p\x00o\x00u\x00r\x00 \x00\
o\x00b\x00t\x00e\x00n\x00i\x00r\x00 \x00\
d\x00e\x00s\x00 \x00r\x00\xe9\x00s\x00u\x00\
l\x00t\x00a\x00t\x00s\x00 \x00o\x00p\x00\
t\x00i\x00m\x00a\x00u\x00x\x00.\x08\x00\x00\
\x00\x00\x06\x00\x00\x012The docum\
entation pages w\
ill be fetched f\
rom an automatic\
 Markdown conver\
sion\x0aof the Free\
CAD wiki,hosted \
on FreeCAD's Git\
Hub account. Thi\
s can be styled \
with a\x0acustom st\
ylesheet below a\
nd can look nice\
r than the wiki \
option. The 'Mar\
kdown' or\x0a'Pando\
c' Python module\
 should be insta\
lled for optimal\
 results.\x07\x00\x00\x00\x04Fo\
rm\x01\x03\x00\x00\x00\xee\x00L\x00e\x00s\x00 \
\x00p\x00a\x00g\x00e\x00s\x00 \x00d\x00e\
\x00 \x00l\x00a\x00 \x00d\x00o\x00c\x00u\
\x00m\x00e\x00n\x00t\x00a\x00t\x00i\x00o\
\x00n\x00 \x00s\x00e\x00r\x00o\x00n\x00t\
\x00 \x00e\x00x\x00t\x00r\x00a\x00i\x00t\
\x00e\x00s\x00 \x00d\x00u\x00 \x00w\x00i\
\x00k\x00i\x00 \x00o\x00f\x00f\x00i\x00c\
\x00i\x00e\x00l\x00 \x00d\x00e\x00 \x00F\
\x00r\x00e\x00e\x00C\x00A\x00D\x00 \x00d\
\x00o\x00n\x00t\x00 \x00l\x00'\x00a\x00d\
\x00r\x00e\x00s\x00s\x00e\x00 \x00e\x00s\
\x00t\x00 \x00h\x00t\x00t\x00p\x00s\x00:\
\x00/\x00/\x00w\x00i\x00k\x00i\x00.\x00f\
\x00r\x00e\x00e\x00c\x00a\x00d\x00.\x00o\
\x00r\x00g\x00.\x08\x00\x00\x00\x00\x06\x00\x00\x00a\
The documentatio\
n pages will be \
fetched from the\
 official\x0aFreeCA\
Dwiki at https:/\
/wiki.freecad.or\
g\x07\x00\x00\x00\x04Form\x01\x03\x00\x00\x01\x08\
\x00L\x00a\x00 \x00d\x00o\x00c\x00u\x00m\
\x00e\x00n\x00t\x00a\x00t\x00i\x00o\x00n\
\x00 \x00s\x00'\x00o\x00u\x00v\x00r\x00i\
\x00r\x00a\x00 \x00d\x00a\x00n\x00s\x00 \
\x00u\x00n\x00 \x00n\x00o\x00u\x00v\x00e\
\x00l\x00 \x00o\x00n\x00g\x00l\x00e\x00t\
\x00 \x00d\x00a\x00n\x00s\x00 \x00l\x00'\
\x00i\x00n\x00t\x00e\x00r\x00f\x00a\x00c\
\x00e\x00 \x00F\x00r\x00e\x00e\x00C\x00A\
\x00D\x00.\x00 \x00C\x00e\x00l\x00a\x00 \
\x00n\x00\xe9\x00c\x00e\x00s\x00s\x00i\x00t\
\x00e\x00 \x00l\x00e\x00 \x00c\x00o\x00m\
\x00p\x00o\x00s\x00a\x00n\x00t\x00 \x00Q\
\x00t\x00W\x00e\x00b\x00e\x00n\x00g\x00i\
\x00n\x00e\x00W\x00i\x00d\x00g\x00e\x00t\
\x00s\x00 \x00d\x00e\x00 \x00P\x00y\x00S\
\x00i\x00d\x00e\x00.\x08\x00\x00\x00\x00\x06\x00\x00\
\x00}The documentat\
ion will open in\
 a new tab insid\
e the FreeCAD in\
terface. This re\
quires the PySid\
e QtWebengineWid\
gets component.\x07\
\x00\x00\x00\x04Form\x01\x03\x00\x00\x00r\x00L\
\x00a\x00 \x00d\x00o\x00c\x00u\x00m\x00e\
\x00n\x00t\x00a\x00t\x00i\x00o\x00n\x00 \
\x00s\x00'\x00o\x00u\x00v\x00r\x00i\x00r\
\x00a\x00 \x00d\x00a\x00n\x00s\x00 \x00l\
\x00e\x00 \x00n\x00a\x00v\x00i\x00g\x00a\
\x00t\x00e\x00u\x00r\x00 \x00p\x00a\x00r\
\x00 \x00d\x00\xe9\x00f\x00a\x00u\x00t\x00.\
\x08\x00\x00\x00\x00\x06\x00\x00\x006The do\
cumentation will\
 open in the def\
ault web browser\
\x07\x00\x00\x00\x04Form\x01\x03\x00\x00\x00*\x00\
S\x00u\x00f\x00f\x00i\x00x\x00e\x00 \x00\
d\x00e\x00 \x00t\x00r\x00a\x00d\x00u\x00\
c\x00t\x00i\x00o\x00n\x08\x00\x00\x00\x00\x06\x00\
\x00\x00\x12Translation s\
uffix\x07\x00\x00\x00\x04Form\x01\x03\
\x00\x00\x00\xfe\x00L\x00e\x00 \x00c\x00o\x00n\
\x00t\x00e\x00n\x00u\x00 \x00d\x00e\x00 \
\x00c\x00e\x00t\x00t\x00e\x00 \x00p\x00a\
\x00g\x00e\x00 \x00n\x00'\x00a\x00 \x00p\
\x00a\x00s\x00 \x00p\x00u\x00 \x00\xea\x00t\
\x00r\x00e\x00 \x00r\x00\xe9\x00c\x00u\x00p\
\x00\xe9\x00r\x00\xe9\x00.\x00 \x00V\x00\xe9\x00r\
\x00i\x00f\x00i\x00e\x00r\x00 \x00l\x00e\
\x00s\x00 \x00p\x00a\x00r\x00a\x00m\x00\xe8\
\x00t\x00r\x00e\x00s\x00 \x00d\x00a\x00n\
\x00s\x00 \x00l\x00e\x00 \x00m\x00e\x00n\
\x00u\x00 \x00\xc9\x00d\x00i\x00t\x00i\x00o\
\x00n\x00 !\x92\x00 \x00P\x00r\x00\xe9\x00f\
\x00\xe9\x00r\x00e\x00n\x00c\x00e\x00s\x00 \
!\x92\x00 \x00G\x00\xe9\x00n\x00\xe9\x00r\x00a\
\x00l\x00 !\x92\x00 \x00A\x00i\x00d\x00e\
\x00.\x08\x00\x00\x00\x00\x06\x00\x00\x00yCont\
ents for this pa\
ge could not be \
retrieved. Pleas\
e check settings\
 under menu Edit\
 \xe2\x86\x92 Preferences\
 \xe2\x86\x92 General \xe2\x86\x92\
 Help\x07\x00\x00\x00\x04Help\x01\x03\
\x00\x00\x00\x08\x00A\x00i\x00d\x00e\x08\x00\x00\x00\
\x00\x06\x00\x00\x00\x04Help\x07\x00\x00\x00\x04H\
elp\x01\x03\x00\x00\x01\x12\x00L\x00'\x00e\x00\
m\x00p\x00l\x00a\x00c\x00e\x00m\x00e\x00\
n\x00t\x00 \x00d\x00e\x00s\x00 \x00f\x00\
i\x00c\x00h\x00i\x00e\x00r\x00s\x00 \x00\
d\x00'\x00a\x00i\x00d\x00e\x00 \x00n\x00\
'\x00a\x00 \x00p\x00a\x00s\x00 \x00p\x00\
u\x00 \x00\xea\x00t\x00r\x00e\x00 \x00d\x00\
\xe9\x00t\x00e\x00r\x00m\x00i\x00n\x00\xe9\x00\
.\x00 \x00V\x00\xe9\x00r\x00i\x00f\x00i\x00\
e\x00r\x00 \x00l\x00e\x00s\x00 \x00p\x00\
a\x00r\x00a\x00m\x00\xe8\x00t\x00r\x00e\x00\
s\x00 \x00d\x00a\x00n\x00s\x00 \x00l\x00\
e\x00 \x00m\x00e\x00n\x00u\x00 \x00\xc9\x00\
d\x00i\x00t\x00i\x00o\x00n\x00 !\x92\x00\
 \x00P\x00r\x00\xe9\x00f\x00\xe9\x00r\x00e\x00\
n\x00c\x00e\x00s\x00 !\x92\x00 \x00G\x00\
\xe9\x00n\x00\xe9\x00r\x00a\x00l\x00 !\x92\x00\
 \x00A\x00i\x00d\x00e\x00.\x08\x00\x00\x00\x00\
\x06\x00\x00\x00wHelp files \
location could n\
ot be determined\
. Please check s\
ettings under me\
nu Edit \xe2\x86\x92 Pref\
erences \xe2\x86\x92 Gene\
ral \xe2\x86\x92 Help\x07\x00\x00\x00\
\x04Help\x01\x03\x00\x00\x00\xf6\x00L\x00e\x00\
 \x00m\x00o\x00d\x00u\x00l\x00e\x00 \x00\
Q\x00t\x00W\x00e\x00b\x00E\x00n\x00g\x00\
i\x00n\x00e\x00W\x00i\x00d\x00g\x00e\x00\
t\x00s\x00 \x00d\x00e\x00 \x00P\x00y\x00\
S\x00i\x00d\x00e\x00 \x00n\x00'\x00e\x00\
s\x00t\x00 \x00p\x00a\x00s\x00 \x00d\x00\
i\x00s\x00p\x00o\x00n\x00i\x00b\x00l\x00\
e\x00.\x00 \x00L\x00e\x00 \x00r\x00e\x00\
n\x00d\x00u\x00 \x00d\x00e\x00 \x00l\x00\
'\x00a\x00i\x00d\x00e\x00 \x00e\x00s\x00\
t\x00 \x00e\x00f\x00f\x00e\x00c\x00t\x00\
u\x00\xe9\x00 \x00a\x00v\x00e\x00c\x00 \x00\
l\x00e\x00 \x00n\x00a\x00v\x00i\x00g\x00\
a\x00t\x00e\x00u\x00r\x00 \x00d\x00u\x00\
 \x00s\x00y\x00s\x00t\x00\xe8\x00m\x00e\x00\
.\x08\x00\x00\x00\x00\x06\x00\x00\x00aPySid\
e QtWebEngineWid\
gets module is n\
ot available. He\
lp rendering is \
done with the sy\
stem browser\x07\x00\x00\x00\
\x04Help\x01\x03\x00\x00\x01\xa0\x00L\x00e\x00\
 \x00m\x00o\x00t\x00e\x00u\x00r\x00 \x00\
d\x00e\x00 \x00r\x00e\x00n\x00d\x00u\x00\
 \x00M\x00a\x00r\x00k\x00d\x00o\x00w\x00\
n\x00 \x00n\x00'\x00e\x00s\x00t\x00 \x00\
p\x00a\x00s\x00 \x00i\x00n\x00s\x00t\x00\
a\x00l\x00l\x00\xe9\x00 \x00s\x00u\x00r\x00\
 \x00v\x00o\x00t\x00r\x00e\x00 \x00s\x00\
y\x00s\x00t\x00\xe8\x00m\x00e\x00,\x00 \x00\
c\x00e\x00t\x00t\x00e\x00 \x00p\x00a\x00\
g\x00e\x00 \x00d\x00'\x00a\x00i\x00d\x00\
e\x00 \x00e\x00s\x00t\x00 \x00d\x00o\x00\
n\x00c\x00 \x00a\x00f\x00f\x00i\x00c\x00\
h\x00\xe9\x00e\x00 \x00t\x00e\x00l\x00l\x00\
e\x00 \x00q\x00u\x00e\x00l\x00l\x00e\x00\
.\x00 \x00I\x00n\x00s\x00t\x00a\x00l\x00\
l\x00e\x00z\x00 \x00l\x00e\x00s\x00 \x00\
m\x00o\x00d\x00u\x00l\x00e\x00s\x00\x0a\x00\
P\x00y\x00t\x00h\x00o\x00n\x00 \x00d\x00\
e\x00 \x00M\x00a\x00r\x00k\x00d\x00o\x00\
w\x00n\x00 \x00o\x00u\x00 \x00d\x00e\x00\
 \x00P\x00a\x00n\x00d\x00o\x00c\x00 \x00\
p\x00o\x00u\x00r\x00 \x00a\x00m\x00\xe9\x00\
l\x00i\x00o\x00r\x00e\x00r\x00 \x00l\x00\
e\x00 \x00r\x00e\x00n\x00d\x00u\x00 \x00\
d\x00e\x00 \x00c\x00e\x00t\x00t\x00e\x00\
 \x00p\x00a\x00g\x00e\x00.\x08\x00\x00\x00\x00\
\x06\x00\x00\x00\xb8There is no\
 Markdown render\
er installed on \
your system, so \
this help page i\
s rendered as is\
. Please install\
 the Markdown or\
 Pandoc Python m\
odules to improv\
e the rendering \
of this page.\x07\x00\x00\
\x00\x04Help\x01\x03\x00\x00\x00\x0e\x00G\x00\xe9\
\x00n\x00\xe9\x00r\x00a\x00l\x08\x00\x00\x00\x00\x06\
\x00\x00\x00\x07General\x07\x00\x00\x00\x07\
QObject\x01\x88\x00\x00\x00\x02\x03\x01\
\x00\x00$\xd2\
<\
\xb8d\x18\xca\xef\x9c\x95\xcd!\x1c\xbf`\xa1\xbd\xdd\xa7\
\x00\x00\x00\x02itB\x00\x00\x00\xf0\x00\x04\xec0\x00\
\x00\x060\x00\x04\xec0\x00\x00\x1e\x05\x00\x99N\xa8\x00\
\x00\x1d\x1c\x018!.\x00\x00\x15@\x01\x82\xc62\x00\
\x00\x1f\xc6\x02mV`\x00\x00\x1e,\x04\x1e\xf1\x82\x00\
\x00\x06W\x04Dm9\x00\x00\x05\x92\x04T\x18N\x00\
\x00\x13\x97\x04\x89?'\x00\x00\x06\xaa\x04\xde1)\x00\
\x00\x07\x9a\x05M7\xf2\x00\x00\x071\x05\xa6\xc8\x95\x00\
\x00\x13h\x06{\x06\x03\x00\x00\x09\xf7\x06\xa4]\x8e\x00\
\x00\x0a%\x07\x07\xe0\x0e\x00\x00\x1a\xaf\x07t\x8a\x94\x00\
\x00\x01\xb2\x09\x82\xac\xae\x00\x00\x00\x00\x09\xd5\xc9.\x00\
\x00\x02V\x0auc\xd7\x00\x00\x19g\x0b\x0ar\xc9\x00\
\x00\x02\x18\x0c\xe2\x80\xae\x00\x00\x04f\x0d\xb7\x06\x10\x00\
\x00\x1ds\x0d\xc4\xc8<\x00\x00#\x87\x0e*j\xae\x00\
\x00!\x22\x0ek8\x9e\x00\x00\x0e\xbf\x0e\x8d\xd4\x82\x00\
\x00\x1c[\x0e\xca\x08\x89\x00\x00\x05\xea\x0f-\x13\xae\x00\
\x00\x01Z\x0fE\xeb\x1e\x00\x00\x08\x00i\x00\x00#\xba\
\x03\x00\x00\x00\xe4\x00U\x00n\x00 \x00s\x00u\x00\
f\x00f\x00i\x00s\x00s\x00o\x00 \x00d\x00\
i\x00 \x00t\x00r\x00a\x00d\x00u\x00z\x00\
i\x00o\x00n\x00e\x00 \x00d\x00a\x00 \x00\
u\x00t\x00i\x00l\x00i\x00z\x00z\x00a\x00\
r\x00e\x00,\x00 \x00a\x00d\x00 \x00e\x00\
s\x00e\x00m\x00p\x00i\x00o\x00 \x00\x22\x00\
f\x00r\x00\x22\x00\x0a\x00p\x00e\x00r\x00 \x00\
o\x00t\x00t\x00e\x00n\x00e\x00r\x00e\x00\
 \x00l\x00a\x00 \x00t\x00r\x00a\x00d\x00\
u\x00z\x00i\x00o\x00n\x00e\x00 \x00f\x00\
r\x00a\x00n\x00c\x00e\x00s\x00e\x00 \x00\
d\x00e\x00l\x00l\x00a\x00 \x00d\x00o\x00\
c\x00u\x00m\x00e\x00n\x00t\x00a\x00z\x00\
i\x00o\x00n\x00e\x00.\x08\x00\x00\x00\x00\x06\x00\
\x00\x00]A translation\
 suffix to use, \
for example \x22fr\x22\
\x0ato get French t\
ranslation of th\
e documentation.\
\x07\x00\x00\x00\x04Form\x01\x03\x00\x00\x000\x00\
P\x00o\x00s\x00i\x00z\x00i\x00o\x00n\x00\
e\x00 \x00p\x00e\x00r\x00s\x00o\x00n\x00\
a\x00l\x00i\x00z\x00z\x00a\x00t\x00a\x08\
\x00\x00\x00\x00\x06\x00\x00\x00\x0fCustom \
location\x07\x00\x00\x00\x04For\
m\x01\x03\x00\x00\x00<\x00F\x00o\x00g\x00l\x00\
i\x00o\x00 \x00d\x00i\x00 \x00s\x00t\x00\
i\x00l\x00e\x00 \x00p\x00e\x00r\x00s\x00\
o\x00n\x00a\x00l\x00i\x00z\x00z\x00a\x00\
t\x00o\x08\x00\x00\x00\x00\x06\x00\x00\x00\x11Cus\
tom stylesheet\x07\x00\
\x00\x00\x04Form\x01\x03\x00\x00\x00\x1e\x00V\x00\
i\x00s\x00u\x00a\x00l\x00i\x00z\x00z\x00\
a\x00z\x00i\x00o\x00n\x00e\x08\x00\x00\x00\x00\
\x06\x00\x00\x00\x07Display\x07\x00\x00\x00\
\x04Form\x01\x03\x00\x00\x01b\x00L\x00a\x00\
 \x00d\x00o\x00c\x00u\x00m\x00e\x00n\x00\
t\x00a\x00z\x00i\x00o\x00n\x00e\x00 \x00\
s\x00i\x00 \x00a\x00p\x00r\x00e\x00 \x00\
i\x00n\x00 \x00u\x00n\x00a\x00 \x00f\x00\
i\x00n\x00e\x00s\x00t\x00r\x00a\x00 \x00\
a\x00g\x00g\x00a\x00n\x00c\x00i\x00a\x00\
b\x00i\x00l\x00e\x00 \x00a\x00l\x00l\x00\
'\x00i\x00n\x00t\x00e\x00r\x00n\x00o\x00\
 \x00d\x00i\x00 \x00F\x00r\x00e\x00e\x00\
C\x00A\x00D\x00,\x00 \x00c\x00o\x00n\x00\
s\x00e\x00n\x00t\x00e\x00n\x00d\x00o\x00\
 \x00i\x00l\x00 \x00l\x00a\x00v\x00o\x00\
r\x00o\x00 \x00s\x00i\x00m\x00u\x00l\x00\
t\x00a\x00n\x00e\x00o\x00 \x00n\x00e\x00\
l\x00l\x00a\x00 \x00v\x00i\x00s\x00t\x00\
a\x00 \x003\x00D\x00.\x00\x0a\x00R\x00i\x00\
c\x00h\x00i\x00e\x00d\x00e\x00 \x00i\x00\
l\x00 \x00c\x00o\x00m\x00p\x00o\x00n\x00\
e\x00n\x00t\x00e\x00 \x00P\x00y\x00S\x00\
i\x00d\x00e\x00 \x00Q\x00t\x00W\x00e\x00\
b\x00e\x00n\x00g\x00i\x00n\x00e\x00W\x00\
i\x00d\x00g\x00e\x00t\x00s\x00.\x08\x00\x00\
\x00\x00\x06\x00\x00\x00\x95Documenta\
tion opens in a \
dockable dialog \
within FreeCAD, \
allowing simulta\
neous work in th\
e 3D view.\x0aRequi\
res the PySide Q\
tWebengineWidget\
s component.\x07\x00\x00\x00\
\x04Form\x01\x03\x00\x00\x00\xba\x00R\x00e\x00\
c\x00u\x00p\x00e\x00r\x00a\x00 \x00l\x00\
a\x00 \x00d\x00o\x00c\x00u\x00m\x00e\x00\
n\x00t\x00a\x00z\x00i\x00o\x00n\x00e\x00\
 \x00d\x00a\x00l\x00l\x00e\x00 \x00p\x00\
a\x00g\x00i\x00n\x00e\x00 \x00r\x00e\x00\
n\x00d\x00e\x00r\x00i\x00z\x00z\x00a\x00\
t\x00e\x00 \x00s\x00u\x00 \x00G\x00i\x00\
t\x00H\x00u\x00b\x00.\x00\x0a\x00A\x00l\x00\
 \x00m\x00o\x00m\x00e\x00n\x00t\x00o\x00\
 \x00n\x00o\x00n\x00 \x00\xe8\x00 \x00d\x00\
i\x00s\x00p\x00o\x00n\x00i\x00b\x00i\x00\
l\x00e\x00.\x08\x00\x00\x00\x00\x06\x00\x00\x00YF\
etches the docum\
entation from pa\
ges rendered on \
GitHub.\x0aThis is \
currently not av\
ailable.\x07\x00\x00\x00\x04For\
m\x01\x03\x00\x00\x00*\x00F\x00r\x00e\x00e\x00\
C\x00A\x00D\x00 \x00W\x00i\x00k\x00i\x00\
 \x00(\x00o\x00n\x00l\x00i\x00n\x00e\x00\
)\x08\x00\x00\x00\x00\x06\x00\x00\x00\x15FreeC\
AD Wiki (online)\
\x07\x00\x00\x00\x04Form\x01\x03\x00\x00\x00\x1e\x00\
G\x00i\x00t\x00H\x00u\x00b\x00 \x00(\x00\
o\x00n\x00l\x00i\x00n\x00e\x00)\x08\x00\x00\
\x00\x00\x06\x00\x00\x00\x0fGitHub (o\
nline)\x07\x00\x00\x00\x04Form\x01\
\x03\x00\x00\x00\x0a\x00A\x00i\x00u\x00t\x00o\x08\
\x00\x00\x00\x00\x06\x00\x00\x00\x04Help\x07\x00\x00\
\x00\x04Form\x01\x03\x00\x00\x00*\x00I\x00n\
\x00 \x00u\x00n\x00a\x00 \x00s\x00c\x00h\
\x00e\x00d\x00a\x00 \x00F\x00r\x00e\x00e\
\x00C\x00A\x00D\x08\x00\x00\x00\x00\x06\x00\x00\x00\x10\
In a FreeCAD tab\
\x07\x00\x00\x00\x04Form\x01\x03\x00\x00\x00N\x00\
I\x00n\x00 \x00u\x00n\x00a\x00 \x00f\x00\
i\x00n\x00e\x00s\x00t\x00r\x00a\x00 \x00\
s\x00e\x00p\x00a\x00r\x00a\x00t\x00a\x00\
,\x00 \x00i\x00n\x00c\x00o\x00r\x00p\x00\
o\x00r\x00a\x00b\x00i\x00l\x00e\x08\x00\x00\
\x00\x00\x06\x00\x00\x00 In a sepa\
rate, embeddable\
 dialog\x07\x00\x00\x00\x04Form\
\x01\x03\x00\x00\x006\x00N\x00e\x00l\x00 \x00b\
\x00r\x00o\x00w\x00s\x00e\x00r\x00 \x00w\
\x00e\x00b\x00 \x00p\x00r\x00e\x00d\x00e\
\x00f\x00i\x00n\x00i\x00t\x00o\x08\x00\x00\x00\
\x00\x06\x00\x00\x00\x1aIn the def\
ault web browser\
\x07\x00\x00\x00\x04Form\x01\x03\x00\x00\x004\x00\
V\x00e\x00r\x00s\x00i\x00o\x00n\x00e\x00\
 \x00m\x00a\x00r\x00k\x00d\x00o\x00w\x00\
n\x00 \x00(\x00o\x00n\x00l\x00i\x00n\x00\
e\x00)\x08\x00\x00\x00\x00\x06\x00\x00\x00\x19Mar\
kdown version (o\
nline)\x07\x00\x00\x00\x04Form\x01\
\x03\x00\x00\x01R\x00N\x00o\x00t\x00a\x00:\x00\
 \x00s\x00e\x00 \x00i\x00 \x00c\x00o\x00\
m\x00p\x00o\x00n\x00e\x00n\x00t\x00i\x00\
 \x00d\x00i\x00 \x00P\x00y\x00S\x00i\x00\
d\x00e\x00 \x00W\x00e\x00b\x00 \x00n\x00\
o\x00n\x00 \x00s\x00o\x00n\x00o\x00 \x00\
t\x00r\x00o\x00v\x00a\x00t\x00i\x00 \x00\
n\x00e\x00l\x00 \x00s\x00i\x00s\x00t\x00\
e\x00m\x00a\x00,\x00 \x00l\x00e\x00 \x00\
p\x00a\x00g\x00i\x00n\x00e\x00 \x00d\x00\
i\x00 \x00a\x00i\x00u\x00t\x00o\x00 \x00\
s\x00i\x00 \x00a\x00p\x00r\x00i\x00r\x00\
a\x00n\x00n\x00o\x00 \x00n\x00e\x00l\x00\
 \x00b\x00r\x00o\x00w\x00s\x00e\x00r\x00\
 \x00w\x00e\x00b\x00 \x00p\x00r\x00e\x00\
d\x00e\x00f\x00i\x00n\x00i\x00t\x00o\x00\
,\x00 \x00i\x00n\x00d\x00i\x00p\x00e\x00\
n\x00d\x00e\x00n\x00t\x00e\x00m\x00e\x00\
n\x00t\x00e\x00 \x00d\x00a\x00l\x00l\x00\
e\x00 \x00o\x00p\x00z\x00i\x00o\x00n\x00\
i\x00 \x00q\x00u\x00i\x00 \x00s\x00o\x00\
t\x00t\x00o\x00.\x08\x00\x00\x00\x00\x06\x00\x00\x00\
\x8cNote: if PySide\
 Web components \
are not found on\
 the system, hel\
p pages will ope\
n in the default\
 web browser reg\
ardless of the o\
ptions below.\x07\x00\x00\
\x00\x04Form\x01\x03\x00\x00\x00\x0e\x00O\x00p\
\x00z\x00i\x00o\x00n\x00i\x08\x00\x00\x00\x00\x06\
\x00\x00\x00\x07Options\x07\x00\x00\x00\x04\
Form\x01\x03\x00\x00\x03*\x00I\x00m\x00p\
\x00o\x00s\x00t\x00a\x00r\x00e\x00 \x00q\
\x00u\x00e\x00s\x00t\x00o\x00 \x00c\x00o\
\x00n\x00 \x00u\x00n\x00 \x00U\x00R\x00L\
\x00 \x00p\x00e\x00r\x00s\x00o\x00n\x00a\
\x00l\x00i\x00z\x00z\x00a\x00t\x00o\x00 \
\x00o\x00 \x00l\x00a\x00 \x00c\x00a\x00r\
\x00t\x00e\x00l\x00l\x00a\x00 \x00i\x00n\
\x00 \x00c\x00u\x00i\x00 \x00s\x00i\x00 \
\x00t\x00r\x00o\x00v\x00a\x00n\x00o\x00 \
\x00i\x00 \x00f\x00i\x00l\x00e\x00 \x00d\
\x00e\x00l\x00l\x00a\x00 \x00g\x00u\x00i\
\x00d\x00a\x00.\x00\x0a\x00L\x00a\x00 \x00d\
\x00o\x00c\x00u\x00m\x00e\x00n\x00t\x00a\
\x00z\x00i\x00o\x00n\x00e\x00 \x00p\x00u\
\x00\xf2\x00 \x00e\x00s\x00s\x00e\x00r\x00e\
\x00 \x00s\x00c\x00a\x00r\x00i\x00c\x00a\
\x00t\x00a\x00 \x00p\x00e\x00r\x00 \x00l\
\x00'\x00u\x00t\x00i\x00l\x00i\x00z\x00z\
\x00o\x00 \x00o\x00f\x00f\x00l\x00i\x00n\
\x00e\x00 \x00t\x00r\x00a\x00m\x00i\x00t\
\x00e\x00 \x00A\x00d\x00d\x00o\x00n\x00 \
\x00M\x00a\x00n\x00a\x00g\x00e\x00r\x00 \
\x00e\x00 \x00i\x00n\x00s\x00t\x00a\x00l\
\x00l\x00a\x00n\x00d\x00o\x00 \x00i\x00l\
\x00 \x00c\x00o\x00m\x00p\x00o\x00n\x00e\
\x00n\x00t\x00e\x00 \x00a\x00g\x00g\x00i\
\x00u\x00n\x00t\x00i\x00v\x00o\x00\x0a\x00\x22\
\x00o\x00f\x00f\x00l\x00i\x00n\x00e\x00-\
\x00d\x00o\x00c\x00u\x00m\x00e\x00n\x00t\
\x00a\x00t\x00i\x00o\x00n\x00\x22\x00.\x00 \
\x00S\x00e\x00 \x00q\x00u\x00e\x00s\x00t\
\x00o\x00 \x00c\x00a\x00m\x00p\x00o\x00 \
\x00v\x00i\x00e\x00n\x00e\x00 \x00l\x00a\
\x00s\x00c\x00i\x00a\x00t\x00o\x00 \x00v\
\x00u\x00o\x00t\x00o\x00,\x00 \x00F\x00r\
\x00e\x00e\x00C\x00A\x00D\x00\x0a\x00c\x00e\
\x00r\x00c\x00h\x00e\x00r\x00\xe0\x00 \x00a\
\x00u\x00t\x00o\x00m\x00a\x00t\x00i\x00c\
\x00a\x00m\x00e\x00n\x00t\x00e\x00 \x00i\
\x00 \x00f\x00i\x00l\x00e\x00 \x00d\x00e\
\x00l\x00l\x00a\x00 \x00g\x00u\x00i\x00d\
\x00a\x00 \x00n\x00e\x00l\x00l\x00a\x00 \
\x00p\x00o\x00s\x00i\x00z\x00i\x00o\x00n\
\x00e\x00 \x00p\x00r\x00e\x00d\x00e\x00f\
\x00i\x00n\x00i\x00t\x00a\x00\x0a\x00(\x00$\
\x00U\x00S\x00E\x00R\x00A\x00P\x00P\x00D\
\x00A\x00T\x00A\x00D\x00I\x00R\x00/\x00M\
\x00o\x00d\x00/\x00o\x00f\x00f\x00l\x00i\
\x00n\x00e\x00-\x00d\x00o\x00c\x00u\x00m\
\x00e\x00n\x00t\x00a\x00t\x00i\x00o\x00n\
\x00)\x00.\x08\x00\x00\x00\x00\x06\x00\x00\x01WSe\
t this to a cust\
om URL or the fo\
lder where the h\
elp files are lo\
cated.\x0aDocumenta\
tion can be down\
loaded for offli\
ne use via the A\
ddon Manager and\
 installing the\x0a\
\x22offline-documen\
tation\x22 addon. I\
f this field is \
left blank, Free\
CAD will\x0aautomat\
ically search fo\
r the help files\
 at the default \
location\x0a($USERA\
PPDATADIR/Mod/of\
fline-documentat\
ion).\x07\x00\x00\x00\x04Form\x01\x03\
\x00\x00\x03*\x00I\x00m\x00p\x00o\x00s\x00t\
\x00a\x00r\x00e\x00 \x00q\x00u\x00e\x00s\
\x00t\x00o\x00 \x00s\x00u\x00 \x00u\x00n\
\x00 \x00U\x00R\x00L\x00 \x00p\x00e\x00r\
\x00s\x00o\x00n\x00a\x00l\x00i\x00z\x00z\
\x00a\x00t\x00o\x00 \x00o\x00 \x00l\x00a\
\x00 \x00c\x00a\x00r\x00t\x00e\x00l\x00l\
\x00a\x00 \x00i\x00n\x00 \x00c\x00u\x00i\
\x00 \x00s\x00i\x00 \x00t\x00r\x00o\x00v\
\x00a\x00n\x00o\x00 \x00i\x00 \x00f\x00i\
\x00l\x00e\x00 \x00d\x00i\x00 \x00a\x00i\
\x00u\x00t\x00o\x00.\x00\x0a\x00\xc8\x00 \x00p\
\x00o\x00s\x00s\x00i\x00b\x00i\x00l\x00e\
\x00 \x00s\x00c\x00a\x00r\x00i\x00c\x00a\
\x00r\x00e\x00 \x00f\x00a\x00c\x00i\x00l\
\x00m\x00e\x00n\x00t\x00e\x00 \x00l\x00a\
\x00 \x00d\x00o\x00c\x00u\x00m\x00e\x00n\
\x00t\x00a\x00z\x00i\x00o\x00n\x00e\x00 \
\x00p\x00e\x00r\x00 \x00l\x00'\x00u\x00s\
\x00o\x00 \x00o\x00f\x00f\x00l\x00i\x00n\
\x00e\x00 \x00u\x00t\x00i\x00l\x00i\x00z\
\x00z\x00a\x00n\x00d\x00o\x00 \x00l\x00'\
\x00A\x00d\x00d\x00o\x00n\x00\x0a\x00M\x00a\
\x00n\x00a\x00g\x00e\x00r\x00 \x00e\x00 \
\x00l\x00'\x00a\x00d\x00d\x00o\x00n\x00 \
\x00p\x00e\x00r\x00 \x00l\x00'\x00i\x00n\
\x00s\x00t\x00a\x00l\x00l\x00a\x00z\x00i\
\x00o\x00n\x00e\x00 \x00d\x00e\x00l\x00l\
\x00a\x00 \x00\x22\x00d\x00o\x00c\x00u\x00m\
\x00e\x00n\x00t\x00a\x00z\x00i\x00o\x00n\
\x00e\x00 \x00o\x00f\x00f\x00l\x00i\x00n\
\x00e\x00\x22\x00.\x00 \x00S\x00e\x00 \x00q\
\x00u\x00e\x00s\x00t\x00o\x00 \x00c\x00a\
\x00m\x00p\x00o\x00\x0a\x00\xe8\x00 \x00l\x00a\
\x00s\x00c\x00i\x00a\x00t\x00o\x00 \x00v\
\x00u\x00o\x00t\x00o\x00,\x00 \x00F\x00r\
\x00e\x00e\x00C\x00A\x00D\x00 \x00c\x00e\
\x00r\x00c\x00h\x00e\x00r\x00\xe0\x00 \x00a\
\x00u\x00t\x00o\x00m\x00a\x00t\x00i\x00c\
\x00a\x00m\x00e\x00n\x00t\x00e\x00 \x00i\
\x00 \x00f\x00i\x00l\x00e\x00 \x00d\x00i\
\x00 \x00a\x00i\x00u\x00t\x00o\x00 \x00n\
\x00e\x00l\x00l\x00a\x00\x0a\x00p\x00o\x00s\
\x00i\x00z\x00i\x00o\x00n\x00e\x00 \x00p\
\x00r\x00e\x00d\x00e\x00f\x00i\x00n\x00i\
\x00t\x00a\x00 \x00(\x00$\x00U\x00S\x00E\
\x00R\x00A\x00P\x00P\x00D\x00A\x00T\x00A\
\x00D\x00I\x00R\x00/\x00M\x00o\x00d\x00/\
\x00o\x00f\x00f\x00l\x00i\x00n\x00e\x00-\
\x00d\x00o\x00c\x00u\x00m\x00e\x00n\x00t\
\x00a\x00t\x00i\x00o\x00n\x00)\x00.\x08\x00\
\x00\x00\x00\x06\x00\x00\x01fSet this\
 to a custom URL\
 or the folder w\
here the help fi\
les are located.\
\x0aYou can easily \
download the doc\
umentation for o\
ffline use by us\
ing the Addon\x0aMa\
nager and instal\
ling the \x22offlin\
e-documentation\x22\
 addon. If this\x0a\
field is left bl\
ank, FreeCAD wil\
l automatically \
search for the h\
elp files at\x0athe\
 default locatio\
n ($USERAPPDATAD\
IR/Mod/offline-d\
ocumentation).\x07\x00\
\x00\x00\x04Form\x01\x03\x00\x00\x00\x10\x00S\x00\
o\x00r\x00g\x00e\x00n\x00t\x00e\x08\x00\x00\
\x00\x00\x06\x00\x00\x00\x06Source\x07\x00\x00\
\x00\x04Form\x01\x03\x00\x00\x01\x18\x00S\x00p\
\x00e\x00c\x00i\x00f\x00i\x00c\x00a\x00 \
\x00i\x00l\x00 \x00p\x00e\x00r\x00c\x00o\
\x00r\x00s\x00o\x00 \x00d\x00i\x00 \x00u\
\x00n\x00 \x00f\x00i\x00l\x00e\x00 \x00C\
\x00S\x00S\x00 \x00a\x00l\x00t\x00e\x00r\
\x00n\x00a\x00t\x00i\x00v\x00o\x00 \x00p\
\x00e\x00r\x00 \x00l\x00o\x00 \x00s\x00t\
\x00i\x00l\x00e\x00 \x00d\x00e\x00l\x00l\
\x00e\x00 \x00p\x00a\x00g\x00i\x00n\x00e\
\x00 \x00M\x00a\x00r\x00k\x00d\x00o\x00w\
\x00n\x00.\x00\x0a\x00Q\x00u\x00e\x00s\x00t\
\x00o\x00 \x00s\x00i\x00 \x00a\x00p\x00p\
\x00l\x00i\x00c\x00a\x00 \x00s\x00o\x00l\
\x00o\x00 \x00s\x00e\x00 \x00M\x00a\x00r\
\x00k\x00d\x00o\x00w\x00n\x00 \x00\xe8\x00 \
\x00s\x00e\x00l\x00e\x00z\x00i\x00o\x00n\
\x00a\x00t\x00o\x00 \x00s\x00o\x00p\x00r\
\x00a\x00.\x08\x00\x00\x00\x00\x06\x00\x00\x00xSp\
ecify the path t\
o an alternative\
 CSS file for st\
yling Markdown p\
ages.\x0aThis only \
applies if Markd\
own is selected \
above.\x07\x00\x00\x00\x04Form\x01\
\x03\x00\x00\x02\xdc\x00L\x00e\x00 \x00p\x00a\x00\
g\x00i\x00n\x00e\x00 \x00d\x00i\x00 \x00\
d\x00o\x00c\x00u\x00m\x00e\x00n\x00t\x00\
a\x00z\x00i\x00o\x00n\x00e\x00 \x00v\x00\
e\x00r\x00r\x00a\x00n\x00n\x00o\x00 \x00\
s\x00c\x00a\x00r\x00i\x00c\x00a\x00t\x00\
e\x00 \x00d\x00a\x00 \x00u\x00n\x00a\x00\
 \x00c\x00o\x00n\x00v\x00e\x00r\x00s\x00\
i\x00o\x00n\x00e\x00 \x00a\x00u\x00t\x00\
o\x00m\x00a\x00t\x00i\x00c\x00a\x00 \x00\
M\x00a\x00r\x00k\x00d\x00o\x00w\x00n\x00\
\x0a\x00d\x00e\x00l\x00 \x00w\x00i\x00k\x00\
i\x00 \x00F\x00r\x00e\x00e\x00C\x00A\x00\
D\x00,\x00 \x00o\x00s\x00p\x00i\x00t\x00\
a\x00t\x00a\x00 \x00s\x00u\x00 \x00F\x00\
r\x00e\x00e\x00C\x00A\x00D\x00'\x00s\x00\
 \x00G\x00i\x00t\x00H\x00u\x00b\x00.\x00\
 \x00Q\x00u\x00e\x00s\x00t\x00e\x00 \x00\
p\x00o\x00s\x00s\x00o\x00n\x00o\x00 \x00\
e\x00s\x00s\x00e\x00r\x00e\x00 \x00i\x00\
m\x00p\x00a\x00g\x00i\x00n\x00a\x00t\x00\
e\x00 \x00c\x00o\x00n\x00 \x00u\x00n\x00\
 \x00f\x00o\x00g\x00l\x00i\x00o\x00 \x00\
d\x00i\x00 \x00s\x00t\x00i\x00l\x00e\x00\
 \x00p\x00e\x00r\x00s\x00o\x00n\x00a\x00\
l\x00i\x00z\x00z\x00a\x00t\x00o\x00\x0a\x00\
q\x00u\x00i\x00 \x00s\x00o\x00t\x00t\x00\
o\x00 \x00e\x00 \x00i\x00l\x00 \x00r\x00\
i\x00s\x00u\x00l\x00t\x00a\x00t\x00o\x00\
 \x00p\x00u\x00\xf2\x00 \x00s\x00e\x00m\x00\
b\x00r\x00a\x00r\x00e\x00 \x00p\x00i\x00\
\xf9\x00 \x00b\x00e\x00l\x00l\x00o\x00 \x00\
d\x00e\x00l\x00l\x00'\x00o\x00p\x00z\x00\
i\x00o\x00n\x00e\x00 \x00w\x00i\x00k\x00\
i\x00.\x00 \x00I\x00l\x00 \x00m\x00o\x00\
d\x00u\x00l\x00o\x00 \x00'\x00M\x00a\x00\
r\x00k\x00d\x00o\x00w\x00n\x00'\x00 \x00\
o\x00\x0a\x00'\x00P\x00a\x00n\x00d\x00o\x00\
c\x00'\x00 \x00P\x00y\x00t\x00h\x00o\x00\
n\x00 \x00d\x00e\x00v\x00e\x00 \x00e\x00\
s\x00s\x00e\x00r\x00e\x00 \x00i\x00n\x00\
s\x00t\x00a\x00l\x00l\x00a\x00t\x00o\x00\
 \x00p\x00e\x00r\x00 \x00o\x00t\x00t\x00\
e\x00n\x00e\x00r\x00e\x00 \x00r\x00i\x00\
s\x00u\x00l\x00t\x00a\x00t\x00i\x00 \x00\
o\x00t\x00t\x00i\x00m\x00a\x00l\x00i\x00\
.\x08\x00\x00\x00\x00\x06\x00\x00\x012The d\
ocumentation pag\
es will be fetch\
ed from an autom\
atic Markdown co\
nversion\x0aof the \
FreeCAD wiki,hos\
ted on FreeCAD's\
 GitHub account.\
 This can be sty\
led with a\x0acusto\
m stylesheet bel\
ow and can look \
nicer than the w\
iki option. The \
'Markdown' or\x0a'P\
andoc' Python mo\
dule should be i\
nstalled for opt\
imal results.\x07\x00\x00\
\x00\x04Form\x01\x03\x00\x00\x00\xce\x00L\x00e\
\x00 \x00p\x00a\x00g\x00i\x00n\x00e\x00 \
\x00d\x00e\x00l\x00l\x00a\x00 \x00d\x00o\
\x00c\x00u\x00m\x00e\x00n\x00t\x00a\x00z\
\x00i\x00o\x00n\x00e\x00 \x00v\x00e\x00r\
\x00r\x00a\x00n\x00n\x00o\x00 \x00s\x00c\
\x00a\x00r\x00i\x00c\x00a\x00t\x00e\x00 \
\x00d\x00a\x00l\x00 \x00F\x00r\x00e\x00e\
\x00C\x00A\x00D\x00w\x00i\x00k\x00i\x00 \
\x00u\x00f\x00f\x00i\x00c\x00i\x00a\x00l\
\x00e\x00\x0a\x00s\x00u\x00 \x00h\x00t\x00t\
\x00p\x00s\x00:\x00/\x00/\x00w\x00i\x00k\
\x00i\x00.\x00f\x00r\x00e\x00e\x00c\x00a\
\x00d\x00.\x00o\x00r\x00g\x08\x00\x00\x00\x00\x06\
\x00\x00\x00aThe document\
ation pages will\
 be fetched from\
 the official\x0aFr\
eeCADwiki at htt\
ps://wiki.freeca\
d.org\x07\x00\x00\x00\x04Form\x01\x03\
\x00\x00\x01\x16\x00L\x00a\x00 \x00d\x00o\x00c\
\x00u\x00m\x00e\x00n\x00t\x00a\x00z\x00i\
\x00o\x00n\x00e\x00 \x00s\x00i\x00 \x00a\
\x00p\x00r\x00i\x00r\x00\xe0\x00 \x00i\x00n\
\x00 \x00u\x00n\x00a\x00 \x00n\x00u\x00o\
\x00v\x00a\x00 \x00s\x00c\x00h\x00e\x00d\
\x00a\x00 \x00a\x00l\x00l\x00'\x00i\x00n\
\x00t\x00e\x00r\x00n\x00o\x00 \x00d\x00e\
\x00l\x00l\x00'\x00i\x00n\x00t\x00e\x00r\
\x00f\x00a\x00c\x00c\x00i\x00a\x00 \x00F\
\x00r\x00e\x00e\x00C\x00A\x00D\x00.\x00 \
\x00C\x00i\x00\xf2\x00 \x00r\x00i\x00c\x00h\
\x00i\x00e\x00d\x00e\x00 \x00i\x00l\x00 \
\x00c\x00o\x00m\x00p\x00o\x00n\x00e\x00n\
\x00t\x00e\x00 \x00P\x00y\x00S\x00i\x00d\
\x00e\x00 \x00Q\x00t\x00W\x00e\x00b\x00e\
\x00n\x00g\x00i\x00n\x00e\x00W\x00i\x00d\
\x00g\x00e\x00t\x00s\x00.\x08\x00\x00\x00\x00\x06\
\x00\x00\x00}The document\
ation will open \
in a new tab ins\
ide the FreeCAD \
interface. This \
requires the PyS\
ide QtWebengineW\
idgets component\
.\x07\x00\x00\x00\x04Form\x01\x03\x00\x00\x00r\
\x00L\x00a\x00 \x00d\x00o\x00c\x00u\x00m\
\x00e\x00n\x00t\x00a\x00z\x00i\x00o\x00n\
\x00e\x00 \x00s\x00a\x00r\x00\xe0\x00 \x00a\
\x00p\x00e\x00r\x00t\x00a\x00 \x00n\x00e\
\x00l\x00 \x00b\x00r\x00o\x00w\x00s\x00e\
\x00r\x00 \x00w\x00e\x00b\x00 \x00p\x00r\
\x00e\x00d\x00e\x00f\x00i\x00n\x00i\x00t\
\x00o\x08\x00\x00\x00\x00\x06\x00\x00\x006The \
documentation wi\
ll open in the d\
efault web brows\
er\x07\x00\x00\x00\x04Form\x01\x03\x00\x00\x00\
,\x00S\x00u\x00f\x00f\x00i\x00s\x00s\x00\
o\x00 \x00d\x00i\x00 \x00t\x00r\x00a\x00\
d\x00u\x00z\x00i\x00o\x00n\x00e\x08\x00\x00\
\x00\x00\x06\x00\x00\x00\x12Translati\
on suffix\x07\x00\x00\x00\x04Fo\
rm\x01\x03\xff\xff\xff\xff\x08\x00\x00\x00\x00\x06\x00\x00\
\x00yContents for t\
his page could n\
ot be retrieved.\
 Please check se\
ttings under men\
u Edit \xe2\x86\x92 Prefe\
rences \xe2\x86\x92 Gener\
al \xe2\x86\x92 Help\x07\x00\x00\x00\x04\
Help\x01\x03\x00\x00\x00\x0a\x00A\x00i\x00u\
\x00t\x00o\x08\x00\x00\x00\x00\x06\x00\x00\x00\x04He\
lp\x07\x00\x00\x00\x04Help\x01\x03\x00\x00\x01\
\x0a\x00I\x00m\x00p\x00o\x00s\x00s\x00i\x00\
b\x00i\x00l\x00e\x00 \x00d\x00e\x00t\x00\
e\x00r\x00m\x00i\x00n\x00a\x00r\x00e\x00\
 \x00l\x00a\x00 \x00p\x00o\x00s\x00i\x00\
z\x00i\x00o\x00n\x00e\x00 \x00d\x00e\x00\
i\x00 \x00f\x00i\x00l\x00e\x00 \x00d\x00\
i\x00 \x00A\x00i\x00u\x00t\x00o\x00.\x00\
 \x00C\x00o\x00n\x00t\x00r\x00o\x00l\x00\
l\x00a\x00r\x00e\x00 \x00l\x00e\x00 \x00\
i\x00m\x00p\x00o\x00s\x00t\x00a\x00z\x00\
i\x00o\x00n\x00i\x00 \x00n\x00e\x00l\x00\
 \x00m\x00e\x00n\x00u\x00 \x00M\x00o\x00\
d\x00i\x00f\x00i\x00c\x00a\x00 !\x92\x00\
 \x00P\x00r\x00e\x00f\x00e\x00r\x00e\x00\
n\x00z\x00e\x00 !\x92\x00 \x00G\x00e\x00\
n\x00e\x00r\x00a\x00l\x00e\x00 !\x92\x00\
 \x00A\x00i\x00u\x00t\x00o\x08\x00\x00\x00\x00\
\x06\x00\x00\x00wHelp files \
location could n\
ot be determined\
. Please check s\
ettings under me\
nu Edit \xe2\x86\x92 Pref\
erences \xe2\x86\x92 Gene\
ral \xe2\x86\x92 Help\x07\x00\x00\x00\
\x04Help\x01\x03\x00\x00\x00\xe2\x00I\x00l\x00\
 \x00m\x00o\x00d\x00u\x00l\x00o\x00 \x00\
P\x00y\x00S\x00i\x00d\x00e\x00 \x00Q\x00\
t\x00W\x00e\x00b\x00E\x00n\x00g\x00i\x00\
n\x00e\x00W\x00i\x00d\x00g\x00e\x00t\x00\
s\x00 \x00n\x00o\x00n\x00 \x00\xe8\x00 \x00\
d\x00i\x00s\x00p\x00o\x00n\x00i\x00b\x00\
i\x00l\x00e\x00.\x00 \x00I\x00l\x00 \x00\
r\x00e\x00n\x00d\x00e\x00r\x00i\x00n\x00\
g\x00 \x00d\x00e\x00l\x00l\x00a\x00 \x00\
g\x00u\x00i\x00d\x00a\x00 \x00\xe8\x00 \x00\
f\x00a\x00t\x00t\x00o\x00 \x00c\x00o\x00\
n\x00 \x00i\x00l\x00 \x00b\x00r\x00o\x00\
w\x00s\x00e\x00r\x00 \x00d\x00i\x00 \x00\
s\x00i\x00s\x00t\x00e\x00m\x00a\x08\x00\x00\
\x00\x00\x06\x00\x00\x00aPySide Qt\
WebEngineWidgets\
 module is not a\
vailable. Help r\
endering is done\
 with the system\
 browser\x07\x00\x00\x00\x04Hel\
p\x01\x03\x00\x00\x01\x94\x00N\x00o\x00n\x00 \x00\
c\x00'\x00\xe8\x00 \x00n\x00e\x00s\x00s\x00\
u\x00n\x00 \x00v\x00i\x00s\x00u\x00a\x00\
l\x00i\x00z\x00z\x00a\x00t\x00o\x00r\x00\
e\x00 \x00M\x00a\x00r\x00k\x00d\x00o\x00\
w\x00n\x00 \x00i\x00n\x00s\x00t\x00a\x00\
l\x00l\x00a\x00t\x00o\x00 \x00s\x00u\x00\
l\x00 \x00s\x00i\x00s\x00t\x00e\x00m\x00\
a\x00,\x00 \x00q\x00u\x00i\x00n\x00d\x00\
i\x00 \x00q\x00u\x00e\x00s\x00t\x00a\x00\
 \x00p\x00a\x00g\x00i\x00n\x00a\x00 \x00\
d\x00i\x00 \x00a\x00i\x00u\x00t\x00o\x00\
 \x00v\x00i\x00e\x00n\x00e\x00 \x00r\x00\
e\x00s\x00a\x00 \x00c\x00o\x00m\x00e\x00\
 \x00\xe8\x00.\x00 \x00I\x00n\x00s\x00t\x00\
a\x00l\x00l\x00a\x00r\x00e\x00 \x00i\x00\
 \x00m\x00o\x00d\x00u\x00l\x00i\x00 \x00\
M\x00a\x00r\x00k\x00d\x00o\x00w\x00n\x00\
 \x00o\x00 \x00P\x00a\x00n\x00d\x00o\x00\
c\x00 \x00P\x00y\x00t\x00h\x00o\x00n\x00\
 \x00p\x00e\x00r\x00 \x00m\x00i\x00g\x00\
l\x00i\x00o\x00r\x00a\x00r\x00e\x00 \x00\
i\x00l\x00 \x00r\x00e\x00n\x00d\x00e\x00\
r\x00i\x00n\x00g\x00 \x00d\x00i\x00 \x00\
q\x00u\x00e\x00s\x00t\x00a\x00 \x00p\x00\
a\x00g\x00i\x00n\x00a\x00.\x08\x00\x00\x00\x00\
\x06\x00\x00\x00\xb8There is no\
 Markdown render\
er installed on \
your system, so \
this help page i\
s rendered as is\
. Please install\
 the Markdown or\
 Pandoc Python m\
odules to improv\
e the rendering \
of this page.\x07\x00\x00\
\x00\x04Help\x01\x03\x00\x00\x00\x10\x00G\x00e\
\x00n\x00e\x00r\x00a\x00l\x00e\x08\x00\x00\x00\
\x00\x06\x00\x00\x00\x07General\x07\x00\x00\
\x00\x07QObject\x01\x88\x00\x00\x00\x02\x01\
\x01\
\x00\x00$\xf5\
<\
\xb8d\x18\xca\xef\x9c\x95\xcd!\x1c\xbf`\xa1\xbd\xdd\xa7\
\x00\x00\x00\x05pt-BRB\x00\x00\x00\xf0\x00\x04\
\xec0\x00\x00\x06\x1e\x00\x04\xec0\x00\x00\x1e3\x00\x99\
N\xa8\x00\x00\x1cJ\x018!.\x00\x00\x14\xc8\x01\x82\
\xc62\x00\x00 \x06\x02mV`\x00\x00\x1eZ\x04\x1e\
\xf1\x82\x00\x00\x06E\x04Dm9\x00\x00\x05z\x04T\
\x18N\x00\x00\x13\x19\x04\x89?'\x00\x00\x06\x98\x04\xde\
1)\x00\x00\x07t\x05M7\xf2\x00\x00\x07\x1b\x05\xa6\
\xc8\x95\x00\x00\x12\xf0\x06{\x06\x03\x00\x00\x09\xc3\x06\xa4\
]\x8e\x00\x00\x09\xef\x07\x07\xe0\x0e\x00\x00\x1a\x0f\x07t\
\x8a\x94\x00\x00\x01\xb8\x09\x82\xac\xae\x00\x00\x00\x00\x09\xd5\
\xc9.\x00\x00\x02L\x0auc\xd7\x00\x00\x18\xd7\x0b\x0a\
r\xc9\x00\x00\x02\x1c\x0c\xe2\x80\xae\x00\x00\x04P\x0d\xb7\
\x06\x10\x00\x00\x1c\x99\x0d\xc4\xc8<\x00\x00#\xad\x0e*\
j\xae\x00\x00!@\x0ek8\x9e\x00\x00\x0e_\x0e\x8d\
\xd4\x82\x00\x00\x1b\xa1\x0e\xca\x08\x89\x00\x00\x05\xd8\x0f-\
\x13\xae\x00\x00\x01^\x0fE\xeb\x1e\x00\x00\x07\xd6i\x00\
\x00#\xda\x03\x00\x00\x00\xe8\x00U\x00m\x00 \x00s\
\x00u\x00f\x00i\x00x\x00o\x00 \x00d\x00e\
\x00 \x00t\x00r\x00a\x00d\x00u\x00\xe7\x00\xe3\
\x00o\x00 \x00a\x00 \x00s\x00e\x00r\x00 \
\x00u\x00s\x00a\x00d\x00o\x00,\x00 \x00p\
\x00o\x00r\x00 \x00e\x00x\x00e\x00m\x00p\
\x00l\x00o\x00 \x00\x22\x00p\x00t\x00-\x00b\
\x00r\x00\x22\x00 \x00p\x00a\x00r\x00a\x00 \
\x00o\x00b\x00t\x00e\x00r\x00 \x00a\x00 \
\x00t\x00r\x00a\x00d\x00u\x00\xe7\x00\xe3\x00o\
\x00 \x00e\x00m\x00 \x00p\x00o\x00r\x00t\
\x00u\x00g\x00u\x00\xea\x00s\x00 \x00d\x00o\
\x00 \x00B\x00r\x00a\x00s\x00i\x00l\x00 \
\x00d\x00a\x00 \x00d\x00o\x00c\x00u\x00m\
\x00e\x00n\x00t\x00a\x00\xe7\x00\xe3\x00o\x00.\
\x08\x00\x00\x00\x00\x06\x00\x00\x00]A tran\
slation suffix t\
o use, for examp\
le \x22fr\x22\x0ato get F\
rench translatio\
n of the documen\
tation.\x07\x00\x00\x00\x04Form\
\x01\x03\x00\x00\x002\x00L\x00o\x00c\x00a\x00l\
\x00i\x00z\x00a\x00\xe7\x00\xe3\x00o\x00 \x00p\
\x00e\x00r\x00s\x00o\x00n\x00a\x00l\x00i\
\x00z\x00a\x00d\x00a\x08\x00\x00\x00\x00\x06\x00\x00\
\x00\x0fCustom locatio\
n\x07\x00\x00\x00\x04Form\x01\x03\x00\x00\x00:\
\x00F\x00o\x00l\x00h\x00a\x00 \x00d\x00e\
\x00 \x00e\x00s\x00t\x00i\x00l\x00o\x00 \
\x00p\x00e\x00r\x00s\x00o\x00n\x00a\x00l\
\x00i\x00z\x00a\x00d\x00o\x08\x00\x00\x00\x00\x06\
\x00\x00\x00\x11Custom style\
sheet\x07\x00\x00\x00\x04Form\x01\x03\
\x00\x00\x00\x10\x00E\x00x\x00i\x00b\x00i\x00\xe7\
\x00\xe3\x00o\x08\x00\x00\x00\x00\x06\x00\x00\x00\x07Di\
splay\x07\x00\x00\x00\x04Form\x01\x03\
\x00\x00\x01V\x00A\x00 \x00d\x00o\x00c\x00u\
\x00m\x00e\x00n\x00t\x00a\x00\xe7\x00\xe3\x00o\
\x00 \x00\xe9\x00 \x00a\x00b\x00e\x00r\x00t\
\x00a\x00 \x00e\x00m\x00 \x00u\x00m\x00 \
\x00d\x00i\x00\xe1\x00l\x00o\x00g\x00o\x00 \
\x00e\x00n\x00c\x00a\x00i\x00x\x00\xe1\x00v\
\x00e\x00l\x00 \x00d\x00e\x00n\x00t\x00r\
\x00o\x00 \x00d\x00o\x00 \x00F\x00r\x00e\
\x00e\x00C\x00A\x00D\x00,\x00 \x00p\x00e\
\x00r\x00m\x00i\x00t\x00i\x00n\x00d\x00o\
\x00 \x00t\x00r\x00a\x00b\x00a\x00l\x00h\
\x00a\x00r\x00 \x00s\x00i\x00m\x00u\x00l\
\x00t\x00a\x00n\x00e\x00a\x00m\x00e\x00n\
\x00t\x00e\x00 \x00n\x00a\x00 \x00v\x00i\
\x00s\x00u\x00a\x00l\x00i\x00z\x00a\x00\xe7\
\x00\xe3\x00o\x00 \x003\x00D\x00.\x00 \x00R\
\x00e\x00q\x00u\x00e\x00r\x00 \x00o\x00 \
\x00c\x00o\x00m\x00p\x00o\x00n\x00e\x00n\
\x00t\x00e\x00 \x00P\x00y\x00S\x00i\x00d\
\x00e\x00 \x00Q\x00t\x00W\x00e\x00b\x00e\
\x00n\x00g\x00i\x00n\x00e\x00W\x00i\x00d\
\x00g\x00e\x00t\x00s\x00.\x08\x00\x00\x00\x00\x06\
\x00\x00\x00\x95Documentatio\
n opens in a doc\
kable dialog wit\
hin FreeCAD, all\
owing simultaneo\
us work in the 3\
D view.\x0aRequires\
 the PySide QtWe\
bengineWidgets c\
omponent.\x07\x00\x00\x00\x04Fo\
rm\x01\x03\x00\x00\x00\xb8\x00O\x00b\x00t\x00\xe9\
\x00m\x00 \x00a\x00 \x00d\x00o\x00c\x00u\
\x00m\x00e\x00n\x00t\x00a\x00\xe7\x00\xe3\x00o\
\x00 \x00d\x00e\x00 \x00p\x00\xe1\x00g\x00i\
\x00n\x00a\x00s\x00 \x00r\x00e\x00n\x00d\
\x00e\x00r\x00i\x00z\x00a\x00d\x00a\x00s\
\x00 \x00n\x00o\x00 \x00G\x00i\x00t\x00H\
\x00u\x00b\x00.\x00\x0a\x00I\x00s\x00t\x00o\
\x00 \x00n\x00\xe3\x00o\x00 \x00e\x00s\x00t\
\x00\xe1\x00 \x00d\x00i\x00s\x00p\x00o\x00n\
\x00\xed\x00v\x00e\x00l\x00 \x00n\x00o\x00 \
\x00m\x00o\x00m\x00e\x00n\x00t\x00o\x00.\
\x08\x00\x00\x00\x00\x06\x00\x00\x00YFetche\
s the documentat\
ion from pages r\
endered on GitHu\
b.\x0aThis is curre\
ntly not availab\
le.\x07\x00\x00\x00\x04Form\x01\x03\x00\x00\
\x000\x00W\x00i\x00k\x00i\x00 \x00d\x00o\
\x00 \x00F\x00r\x00e\x00e\x00C\x00A\x00D\
\x00 \x00(\x00o\x00n\x00l\x00i\x00n\x00e\
\x00)\x08\x00\x00\x00\x00\x06\x00\x00\x00\x15Free\
CAD Wiki (online\
)\x07\x00\x00\x00\x04Form\x01\x03\x00\x00\x00\x1e\
\x00G\x00i\x00t\x00h\x00u\x00b\x00 \x00(\
\x00o\x00n\x00l\x00i\x00n\x00e\x00)\x08\x00\
\x00\x00\x00\x06\x00\x00\x00\x0fGitHub (\
online)\x07\x00\x00\x00\x04Form\
\x01\x03\x00\x00\x00\x0a\x00A\x00j\x00u\x00d\x00a\
\x08\x00\x00\x00\x00\x06\x00\x00\x00\x04Help\x07\x00\
\x00\x00\x04Form\x01\x03\x00\x00\x00*\x00E\x00\
m\x00 \x00u\x00m\x00a\x00 \x00a\x00b\x00\
a\x00 \x00d\x00o\x00 \x00F\x00r\x00e\x00\
e\x00C\x00A\x00D\x08\x00\x00\x00\x00\x06\x00\x00\x00\
\x10In a FreeCAD ta\
b\x07\x00\x00\x00\x04Form\x01\x03\x00\x00\x00J\
\x00E\x00m\x00 \x00u\x00m\x00 \x00d\x00i\
\x00\xe1\x00l\x00o\x00g\x00o\x00 \x00s\x00e\
\x00p\x00a\x00r\x00a\x00d\x00o\x00 \x00e\
\x00 \x00i\x00n\x00c\x00o\x00r\x00p\x00o\
\x00r\x00\xe1\x00v\x00e\x00l\x08\x00\x00\x00\x00\x06\
\x00\x00\x00 In a separat\
e, embeddable di\
alog\x07\x00\x00\x00\x04Form\x01\x03\x00\
\x00\x00&\x00N\x00o\x00 \x00n\x00a\x00v\x00\
e\x00g\x00a\x00d\x00o\x00r\x00 \x00p\x00\
a\x00d\x00r\x00\xe3\x00o\x08\x00\x00\x00\x00\x06\x00\
\x00\x00\x1aIn the defaul\
t web browser\x07\x00\x00\
\x00\x04Form\x01\x03\x00\x00\x000\x00V\x00e\
\x00r\x00s\x00\xe3\x00o\x00 \x00M\x00a\x00r\
\x00k\x00d\x00o\x00w\x00n\x00 \x00(\x00o\
\x00n\x00l\x00i\x00n\x00e\x00)\x08\x00\x00\x00\
\x00\x06\x00\x00\x00\x19Markdown v\
ersion (online)\x07\
\x00\x00\x00\x04Form\x01\x03\x00\x00\x01H\x00N\
\x00o\x00t\x00a\x00:\x00 \x00s\x00e\x00 \
\x00o\x00s\x00 \x00c\x00o\x00m\x00p\x00o\
\x00n\x00e\x00n\x00t\x00e\x00s\x00 \x00P\
\x00y\x00S\x00i\x00d\x00e\x00 \x00W\x00e\
\x00b\x00 \x00n\x00\xe3\x00o\x00 \x00f\x00o\
\x00r\x00e\x00m\x00 \x00e\x00n\x00c\x00o\
\x00n\x00t\x00r\x00a\x00d\x00o\x00s\x00 \
\x00n\x00o\x00 \x00s\x00i\x00s\x00t\x00e\
\x00m\x00a\x00,\x00 \x00a\x00s\x00 \x00p\
\x00\xe1\x00g\x00i\x00n\x00a\x00s\x00 \x00d\
\x00e\x00 \x00a\x00j\x00u\x00d\x00a\x00 \
\x00s\x00e\x00r\x00\xe3\x00o\x00 \x00a\x00b\
\x00e\x00r\x00t\x00a\x00s\x00 \x00n\x00o\
\x00 \x00s\x00e\x00u\x00 \x00n\x00a\x00v\
\x00e\x00g\x00a\x00d\x00o\x00r\x00 \x00p\
\x00a\x00d\x00r\x00\xe3\x00o\x00,\x00 \x00i\
\x00n\x00d\x00e\x00p\x00e\x00n\x00d\x00e\
\x00n\x00t\x00e\x00m\x00e\x00n\x00t\x00e\
\x00 \x00d\x00a\x00s\x00 \x00o\x00p\x00\xe7\
\x00\xf5\x00e\x00s\x00 \x00a\x00b\x00a\x00i\
\x00x\x00o\x00.\x08\x00\x00\x00\x00\x06\x00\x00\x00\x8c\
Note: if PySide \
Web components a\
re not found on \
the system, help\
 pages will open\
 in the default \
web browser rega\
rdless of the op\
tions below.\x07\x00\x00\x00\
\x04Form\x01\x03\x00\x00\x00\x0c\x00O\x00p\x00\
\xe7\x00\xf5\x00e\x00s\x08\x00\x00\x00\x00\x06\x00\x00\x00\
\x07Options\x07\x00\x00\x00\x04For\
m\x01\x03\x00\x00\x03\x00\x00D\x00e\x00f\x00i\x00\
n\x00a\x00 \x00i\x00s\x00t\x00o\x00 \x00\
c\x00o\x00m\x00o\x00 \x00u\x00m\x00a\x00\
 \x00U\x00R\x00L\x00 \x00p\x00e\x00r\x00\
s\x00o\x00n\x00a\x00l\x00i\x00z\x00a\x00\
d\x00a\x00 \x00o\x00u\x00 \x00a\x00 \x00\
p\x00a\x00s\x00t\x00a\x00 \x00o\x00n\x00\
d\x00e\x00 \x00s\x00e\x00 \x00l\x00o\x00\
c\x00a\x00l\x00i\x00z\x00a\x00m\x00 \x00\
o\x00s\x00 \x00a\x00r\x00q\x00u\x00i\x00\
v\x00o\x00s\x00 \x00d\x00e\x00 \x00a\x00\
j\x00u\x00d\x00a\x00.\x00\x0a\x00A\x00 \x00\
d\x00o\x00c\x00u\x00m\x00e\x00n\x00t\x00\
a\x00\xe7\x00\xe3\x00o\x00 \x00p\x00o\x00d\x00\
e\x00 \x00s\x00e\x00r\x00 \x00b\x00a\x00\
i\x00x\x00a\x00d\x00a\x00 \x00p\x00a\x00\
r\x00a\x00 \x00u\x00s\x00o\x00 \x00o\x00\
f\x00f\x00-\x00l\x00i\x00n\x00e\x00 \x00\
a\x00t\x00r\x00a\x00v\x00\xe9\x00s\x00 \x00\
d\x00o\x00 \x00g\x00e\x00r\x00e\x00n\x00\
c\x00i\x00a\x00d\x00o\x00r\x00 \x00d\x00\
e\x00 \x00e\x00x\x00t\x00e\x00n\x00s\x00\
\xf5\x00e\x00s\x00 \x00e\x00 \x00i\x00n\x00\
s\x00t\x00a\x00l\x00a\x00n\x00d\x00o\x00\
 \x00a\x00 \x00e\x00x\x00t\x00e\x00n\x00\
s\x00\xe3\x00o\x00 \x00d\x00e\x00 \x00\x22\x00\
d\x00o\x00c\x00u\x00m\x00e\x00n\x00t\x00\
a\x00\xe7\x00\xe3\x00o\x00 \x00o\x00f\x00f\x00\
l\x00i\x00n\x00e\x00\x22\x00.\x00 \x00S\x00\
e\x00 \x00e\x00s\x00t\x00e\x00 \x00c\x00\
a\x00m\x00p\x00o\x00 \x00f\x00o\x00r\x00\
 \x00d\x00e\x00i\x00x\x00a\x00d\x00o\x00\
 \x00e\x00m\x00 \x00b\x00r\x00a\x00n\x00\
c\x00o\x00,\x00 \x00o\x00 \x00F\x00r\x00\
e\x00e\x00C\x00A\x00D\x00 \x00i\x00r\x00\
\xe1\x00 \x00p\x00r\x00o\x00c\x00u\x00r\x00\
a\x00r\x00 \x00a\x00u\x00t\x00o\x00m\x00\
a\x00t\x00i\x00c\x00a\x00m\x00e\x00n\x00\
t\x00e\x00 \x00o\x00s\x00 \x00a\x00r\x00\
q\x00u\x00i\x00v\x00o\x00s\x00 \x00d\x00\
e\x00 \x00a\x00j\x00u\x00d\x00a\x00 \x00\
n\x00o\x00 \x00l\x00o\x00c\x00a\x00l\x00\
 \x00p\x00a\x00d\x00r\x00\xe3\x00o\x00\x0a\x00\
(\x00$\x00U\x00S\x00E\x00R\x00A\x00P\x00\
P\x00D\x00A\x00T\x00A\x00D\x00I\x00R\x00\
/\x00M\x00o\x00d\x00/\x00o\x00f\x00f\x00\
l\x00i\x00n\x00e\x00-\x00d\x00o\x00c\x00\
u\x00m\x00e\x00n\x00t\x00a\x00t\x00i\x00\
o\x00n\x00)\x00.\x08\x00\x00\x00\x00\x06\x00\x00\x01\
WSet this to a c\
ustom URL or the\
 folder where th\
e help files are\
 located.\x0aDocume\
ntation can be d\
ownloaded for of\
fline use via th\
e Addon Manager \
and installing t\
he\x0a\x22offline-docu\
mentation\x22 addon\
. If this field \
is left blank, F\
reeCAD will\x0aauto\
matically search\
 for the help fi\
les at the defau\
lt location\x0a($US\
ERAPPDATADIR/Mod\
/offline-documen\
tation).\x07\x00\x00\x00\x04For\
m\x01\x03\x00\x00\x03\x12\x00C\x00o\x00l\x00o\x00\
q\x00u\x00e\x00 \x00a\x00q\x00u\x00i\x00\
 \x00u\x00m\x00a\x00 \x00U\x00R\x00L\x00\
 \x00p\x00e\x00r\x00s\x00o\x00n\x00a\x00\
l\x00i\x00z\x00a\x00d\x00a\x00 \x00o\x00\
u\x00 \x00u\x00m\x00a\x00 \x00p\x00a\x00\
s\x00t\x00a\x00 \x00o\x00n\x00d\x00e\x00\
 \x00e\x00s\x00t\x00\xe3\x00o\x00 \x00g\x00\
u\x00a\x00r\x00d\x00a\x00d\x00o\x00s\x00\
 \x00o\x00s\x00 \x00a\x00r\x00q\x00u\x00\
i\x00v\x00o\x00s\x00 \x00d\x00e\x00 \x00\
a\x00j\x00u\x00d\x00a\x00.\x00 \x00V\x00\
o\x00c\x00\xea\x00 \x00p\x00o\x00d\x00e\x00\
 \x00f\x00a\x00c\x00i\x00l\x00m\x00e\x00\
n\x00t\x00e\x00 \x00b\x00a\x00i\x00x\x00\
a\x00r\x00 \x00a\x00 \x00d\x00o\x00c\x00\
u\x00m\x00e\x00n\x00t\x00a\x00\xe7\x00\xe3\x00\
o\x00 \x00t\x00o\x00d\x00a\x00 \x00p\x00\
a\x00r\x00a\x00 \x00u\x00s\x00o\x00 \x00\
o\x00f\x00f\x00-\x00l\x00i\x00n\x00e\x00\
 \x00u\x00s\x00a\x00n\x00d\x00o\x00 \x00\
o\x00 \x00G\x00e\x00r\x00e\x00n\x00c\x00\
i\x00a\x00d\x00o\x00r\x00 \x00d\x00e\x00\
 \x00E\x00x\x00t\x00e\x00n\x00s\x00\xf5\x00\
e\x00s\x00 \x00e\x00 \x00i\x00n\x00s\x00\
t\x00a\x00l\x00a\x00n\x00d\x00o\x00 \x00\
o\x00 \x00a\x00d\x00d\x00o\x00n\x00 \x00\
\x22\x00o\x00f\x00f\x00l\x00i\x00e\x00 \x00\
d\x00o\x00c\x00u\x00m\x00e\x00n\x00t\x00\
a\x00t\x00i\x00o\x00n\x00\x22\x00.\x00 \x00\
S\x00e\x00 \x00e\x00s\x00t\x00e\x00 \x00\
c\x00a\x00m\x00p\x00o\x00 \x00f\x00o\x00\
r\x00 \x00d\x00e\x00i\x00x\x00a\x00d\x00\
o\x00 \x00e\x00m\x00 \x00b\x00r\x00a\x00\
n\x00c\x00o\x00,\x00 \x00o\x00 \x00F\x00\
r\x00e\x00e\x00C\x00A\x00D\x00 \x00i\x00\
r\x00\xe1\x00 \x00a\x00u\x00t\x00o\x00m\x00\
a\x00t\x00i\x00c\x00a\x00m\x00e\x00n\x00\
t\x00e\x00 \x00p\x00r\x00o\x00c\x00u\x00\
r\x00a\x00r\x00 \x00o\x00s\x00 \x00a\x00\
r\x00q\x00u\x00i\x00v\x00o\x00s\x00 \x00\
d\x00e\x00 \x00a\x00j\x00u\x00d\x00a\x00\
 \x00n\x00o\x00 \x00l\x00o\x00c\x00a\x00\
l\x00 \x00p\x00a\x00d\x00r\x00\xe3\x00o\x00\
 \x00(\x00$\x00U\x00S\x00E\x00R\x00A\x00\
P\x00P\x00D\x00A\x00T\x00A\x00D\x00I\x00\
R\x00/\x00M\x00o\x00d\x00/\x00o\x00f\x00\
f\x00l\x00i\x00n\x00e\x00-\x00d\x00o\x00\
c\x00u\x00m\x00e\x00n\x00t\x00a\x00t\x00\
i\x00o\x00n\x00)\x00.\x08\x00\x00\x00\x00\x06\x00\
\x00\x01fSet this to a\
 custom URL or t\
he folder where \
the help files a\
re located.\x0aYou \
can easily downl\
oad the document\
ation for offlin\
e use by using t\
he Addon\x0aManager\
 and installing \
the \x22offline-doc\
umentation\x22 addo\
n. If this\x0afield\
 is left blank, \
FreeCAD will aut\
omatically searc\
h for the help f\
iles at\x0athe defa\
ult location ($U\
SERAPPDATADIR/Mo\
d/offline-docume\
ntation).\x07\x00\x00\x00\x04Fo\
rm\x01\x03\x00\x00\x00\x0a\x00F\x00o\x00n\x00t\
\x00e\x08\x00\x00\x00\x00\x06\x00\x00\x00\x06Sour\
ce\x07\x00\x00\x00\x04Form\x01\x03\x00\x00\x01\
\x1e\x00E\x00s\x00p\x00e\x00c\x00i\x00f\x00\
i\x00q\x00u\x00e\x00 \x00o\x00 \x00c\x00\
a\x00m\x00i\x00n\x00h\x00o\x00 \x00p\x00\
a\x00r\x00a\x00 \x00u\x00m\x00 \x00a\x00\
r\x00q\x00u\x00i\x00v\x00o\x00 \x00C\x00\
S\x00S\x00 \x00a\x00l\x00t\x00e\x00r\x00\
n\x00a\x00t\x00i\x00v\x00o\x00 \x00p\x00\
a\x00r\x00a\x00 \x00p\x00\xe1\x00g\x00i\x00\
n\x00a\x00s\x00 \x00d\x00e\x00 \x00e\x00\
s\x00t\x00i\x00l\x00o\x00 \x00M\x00a\x00\
r\x00k\x00d\x00o\x00w\x00n\x00.\x00\x0a\x00\
I\x00s\x00s\x00o\x00 \x00s\x00\xf3\x00 \x00\
s\x00e\x00 \x00a\x00p\x00l\x00i\x00c\x00\
a\x00 \x00s\x00e\x00 \x00M\x00a\x00r\x00\
k\x00d\x00o\x00w\x00n\x00 \x00e\x00s\x00\
t\x00i\x00v\x00e\x00r\x00 \x00s\x00e\x00\
l\x00e\x00c\x00i\x00o\x00n\x00a\x00d\x00\
o\x00 \x00a\x00c\x00i\x00m\x00a\x00.\x08\
\x00\x00\x00\x00\x06\x00\x00\x00xSpecify\
 the path to an \
alternative CSS \
file for styling\
 Markdown pages.\
\x0aThis only appli\
es if Markdown i\
s selected above\
.\x07\x00\x00\x00\x04Form\x01\x03\x00\x00\x02\xc4\
\x00A\x00s\x00 \x00p\x00\xe1\x00g\x00i\x00n\
\x00a\x00s\x00 \x00d\x00a\x00 \x00d\x00o\
\x00c\x00u\x00m\x00e\x00n\x00t\x00a\x00\xe7\
\x00\xe3\x00o\x00 \x00s\x00e\x00r\x00\xe3\x00o\
\x00 \x00o\x00b\x00t\x00i\x00d\x00a\x00s\
\x00 \x00d\x00e\x00 \x00u\x00m\x00a\x00 \
\x00c\x00o\x00n\x00v\x00e\x00r\x00s\x00\xe3\
\x00o\x00 \x00a\x00u\x00t\x00o\x00m\x00\xe1\
\x00t\x00i\x00c\x00a\x00 \x00e\x00m\x00 \
\x00m\x00a\x00r\x00k\x00d\x00o\x00w\x00n\
\x00 \x00d\x00a\x00 \x00w\x00i\x00k\x00i\
\x00 \x00d\x00o\x00 \x00F\x00r\x00e\x00e\
\x00C\x00A\x00D\x00,\x00 \x00h\x00o\x00s\
\x00p\x00e\x00d\x00a\x00d\x00o\x00 \x00n\
\x00a\x00 \x00c\x00o\x00n\x00t\x00a\x00 \
\x00g\x00i\x00t\x00h\x00u\x00b\x00 \x00d\
\x00o\x00 \x00F\x00r\x00e\x00e\x00C\x00A\
\x00D\x00.\x00 \x00I\x00s\x00t\x00o\x00 \
\x00p\x00o\x00d\x00e\x00 \x00s\x00e\x00r\
\x00 \x00e\x00s\x00t\x00i\x00l\x00i\x00z\
\x00a\x00d\x00o\x00 \x00c\x00o\x00m\x00 \
\x00u\x00m\x00a\x00 \x00f\x00o\x00l\x00h\
\x00a\x00 \x00d\x00e\x00 \x00e\x00s\x00t\
\x00i\x00l\x00o\x00s\x00 \x00p\x00e\x00r\
\x00s\x00o\x00n\x00a\x00l\x00i\x00z\x00a\
\x00d\x00a\x00 \x00a\x00b\x00a\x00i\x00x\
\x00o\x00 \x00e\x00 \x00p\x00o\x00d\x00e\
\x00 \x00d\x00a\x00r\x00 \x00u\x00m\x00 \
\x00a\x00s\x00p\x00e\x00c\x00t\x00o\x00 \
\x00m\x00a\x00i\x00s\x00 \x00a\x00g\x00r\
\x00a\x00d\x00\xe1\x00v\x00e\x00l\x00 \x00q\
\x00u\x00e\x00 \x00a\x00 \x00o\x00p\x00\xe7\
\x00\xe3\x00o\x00 \x00w\x00i\x00k\x00i\x00.\
\x00 \x00O\x00 \x00m\x00\xf3\x00d\x00u\x00l\
\x00o\x00 \x00p\x00y\x00t\x00h\x00o\x00n\
\x00 \x00'\x00m\x00a\x00r\x00k\x00d\x00o\
\x00w\x00n\x00'\x00 \x00o\x00u\x00 \x00'\
\x00p\x00a\x00n\x00d\x00o\x00c\x00'\x00 \
\x00d\x00e\x00v\x00e\x00 \x00e\x00s\x00t\
\x00a\x00r\x00 \x00i\x00n\x00s\x00t\x00a\
\x00l\x00a\x00d\x00o\x00 \x00p\x00a\x00r\
\x00a\x00 \x00t\x00e\x00r\x00 \x00u\x00m\
\x00 \x00r\x00e\x00s\x00u\x00l\x00t\x00a\
\x00d\x00o\x00 \x00m\x00e\x00l\x00h\x00o\
\x00r\x00.\x08\x00\x00\x00\x00\x06\x00\x00\x012Th\
e documentation \
pages will be fe\
tched from an au\
tomatic Markdown\
 conversion\x0aof t\
he FreeCAD wiki,\
hosted on FreeCA\
D's GitHub accou\
nt. This can be \
styled with a\x0acu\
stom stylesheet \
below and can lo\
ok nicer than th\
e wiki option. T\
he 'Markdown' or\
\x0a'Pandoc' Python\
 module should b\
e installed for \
optimal results.\
\x07\x00\x00\x00\x04Form\x01\x03\x00\x00\x00\xbe\x00\
A\x00s\x00 \x00p\x00\xe1\x00g\x00i\x00n\x00\
a\x00s\x00 \x00d\x00a\x00 \x00d\x00o\x00\
c\x00u\x00m\x00e\x00n\x00t\x00a\x00\xe7\x00\
\xe3\x00o\x00 \x00s\x00e\x00r\x00\xe3\x00o\x00\
 \x00o\x00b\x00t\x00i\x00d\x00a\x00s\x00\
 \x00d\x00o\x00 \x00w\x00i\x00k\x00i\x00\
 \x00o\x00f\x00i\x00c\x00i\x00a\x00l\x00\
 \x00d\x00o\x00 \x00F\x00r\x00e\x00e\x00\
C\x00A\x00D\x00 \x00e\x00m\x00 \x00h\x00\
t\x00t\x00p\x00s\x00:\x00/\x00/\x00w\x00\
i\x00k\x00i\x00.\x00f\x00r\x00e\x00e\x00\
c\x00a\x00d\x00.\x00o\x00r\x00g\x08\x00\x00\
\x00\x00\x06\x00\x00\x00aThe docum\
entation pages w\
ill be fetched f\
rom the official\
\x0aFreeCADwiki at \
https://wiki.fre\
ecad.org\x07\x00\x00\x00\x04For\
m\x01\x03\x00\x00\x00\xfc\x00A\x00 \x00d\x00o\x00\
c\x00u\x00m\x00e\x00n\x00t\x00a\x00\xe7\x00\
\xe3\x00o\x00 \x00s\x00e\x00r\x00\xe1\x00 \x00\
a\x00b\x00e\x00r\x00t\x00a\x00 \x00e\x00\
m\x00 \x00u\x00m\x00a\x00 \x00n\x00o\x00\
v\x00a\x00 \x00a\x00b\x00a\x00 \x00d\x00\
e\x00n\x00t\x00r\x00o\x00 \x00d\x00a\x00\
 \x00i\x00n\x00t\x00e\x00r\x00f\x00a\x00\
c\x00e\x00 \x00d\x00o\x00 \x00F\x00r\x00\
e\x00e\x00C\x00A\x00D\x00.\x00 \x00I\x00\
s\x00s\x00o\x00 \x00r\x00e\x00q\x00u\x00\
e\x00r\x00 \x00o\x00 \x00c\x00o\x00m\x00\
p\x00o\x00n\x00e\x00n\x00t\x00e\x00 \x00\
P\x00y\x00S\x00i\x00d\x00e\x00 \x00Q\x00\
t\x00W\x00e\x00b\x00e\x00n\x00g\x00i\x00\
n\x00e\x00W\x00i\x00d\x00g\x00e\x00t\x00\
s\x00.\x08\x00\x00\x00\x00\x06\x00\x00\x00}The\
 documentation w\
ill open in a ne\
w tab inside the\
 FreeCAD interfa\
ce. This require\
s the PySide QtW\
ebengineWidgets \
component.\x07\x00\x00\x00\x04F\
orm\x01\x03\x00\x00\x00Z\x00A\x00 \x00d\x00\
o\x00c\x00u\x00m\x00e\x00n\x00t\x00a\x00\
\xe7\x00\xe3\x00o\x00 \x00a\x00b\x00r\x00i\x00\
r\x00\xe1\x00 \x00n\x00o\x00 \x00n\x00a\x00\
v\x00e\x00g\x00a\x00d\x00o\x00r\x00 \x00\
p\x00o\x00r\x00 \x00p\x00a\x00d\x00r\x00\
\xe3\x00o\x08\x00\x00\x00\x00\x06\x00\x00\x006The\
 documentation w\
ill open in the \
default web brow\
ser\x07\x00\x00\x00\x04Form\x01\x03\x00\x00\
\x00$\x00S\x00u\x00f\x00i\x00x\x00o\x00 \
\x00d\x00e\x00 \x00t\x00r\x00a\x00d\x00u\
\x00\xe7\x00\xe3\x00o\x08\x00\x00\x00\x00\x06\x00\x00\x00\x12\
Translation suff\
ix\x07\x00\x00\x00\x04Form\x01\x03\x00\x00\x01\
\x08\x00O\x00 \x00c\x00o\x00n\x00t\x00e\x00\
\xfa\x00d\x00o\x00 \x00d\x00e\x00s\x00t\x00\
a\x00 \x00p\x00\xe1\x00g\x00i\x00n\x00a\x00\
 \x00n\x00\xe3\x00o\x00 \x00p\x00\xf4\x00d\x00\
e\x00 \x00s\x00e\x00r\x00 \x00r\x00e\x00\
c\x00u\x00p\x00e\x00r\x00a\x00d\x00o\x00\
.\x00 \x00P\x00o\x00r\x00 \x00f\x00a\x00\
v\x00o\x00r\x00,\x00 \x00v\x00e\x00r\x00\
i\x00f\x00i\x00q\x00u\x00e\x00 \x00a\x00\
s\x00 \x00c\x00o\x00n\x00f\x00i\x00g\x00\
u\x00r\x00a\x00\xe7\x00\xf5\x00e\x00s\x00 \x00\
n\x00o\x00 \x00m\x00e\x00n\x00u\x00 \x00\
E\x00d\x00i\x00t\x00a\x00r\x00 !\x92\x00\
 \x00P\x00r\x00e\x00f\x00e\x00r\x00\xea\x00\
n\x00c\x00i\x00a\x00s\x00 !\x92\x00 \x00\
G\x00e\x00r\x00a\x00l\x00 !\x92\x00 \x00\
A\x00j\x00u\x00d\x00a\x08\x00\x00\x00\x00\x06\x00\
\x00\x00yContents for \
this page could \
not be retrieved\
. Please check s\
ettings under me\
nu Edit \xe2\x86\x92 Pref\
erences \xe2\x86\x92 Gene\
ral \xe2\x86\x92 Help\x07\x00\x00\x00\
\x04Help\x01\x03\x00\x00\x00\x0a\x00A\x00j\x00\
u\x00d\x00a\x08\x00\x00\x00\x00\x06\x00\x00\x00\x04H\
elp\x07\x00\x00\x00\x04Help\x01\x03\x00\x00\
\x01\x1c\x00N\x00\xe3\x00o\x00 \x00f\x00o\x00i\
\x00 \x00p\x00o\x00s\x00s\x00\xed\x00v\x00e\
\x00l\x00 \x00d\x00e\x00t\x00e\x00r\x00m\
\x00i\x00n\x00a\x00r\x00 \x00o\x00 \x00l\
\x00o\x00c\x00a\x00l\x00 \x00d\x00o\x00s\
\x00 \x00a\x00r\x00q\x00u\x00i\x00v\x00o\
\x00s\x00 \x00d\x00e\x00 \x00a\x00j\x00u\
\x00d\x00a\x00.\x00 \x00P\x00o\x00r\x00 \
\x00f\x00a\x00v\x00o\x00r\x00,\x00 \x00v\
\x00e\x00r\x00i\x00f\x00i\x00q\x00u\x00e\
\x00 \x00a\x00s\x00 \x00c\x00o\x00n\x00f\
\x00i\x00g\x00u\x00r\x00a\x00\xe7\x00\xf5\x00e\
\x00s\x00 \x00n\x00o\x00 \x00m\x00e\x00n\
\x00u\x00 \x00E\x00d\x00i\x00t\x00a\x00r\
\x00 !\x92\x00 \x00P\x00r\x00e\x00f\x00e\
\x00r\x00\xea\x00n\x00c\x00i\x00a\x00s\x00 \
!\x92\x00 \x00G\x00e\x00r\x00a\x00l\x00 \
!\x92\x00 \x00A\x00j\x00u\x00d\x00a\x08\x00\
\x00\x00\x00\x06\x00\x00\x00wHelp fil\
es location coul\
d not be determi\
ned. Please chec\
k settings under\
 menu Edit \xe2\x86\x92 P\
references \xe2\x86\x92 G\
eneral \xe2\x86\x92 Help\x07\
\x00\x00\x00\x04Help\x01\x03\x00\x00\x00\xc0\x00O\
\x00 \x00m\x00\xf3\x00d\x00u\x00l\x00o\x00 \
\x00P\x00y\x00S\x00i\x00d\x00e\x00 \x00Q\
\x00t\x00W\x00e\x00b\x00E\x00n\x00g\x00i\
\x00n\x00e\x00W\x00i\x00d\x00g\x00e\x00t\
\x00s\x00 \x00e\x00s\x00t\x00\xe1\x00 \x00i\
\x00n\x00d\x00i\x00s\x00p\x00o\x00n\x00\xed\
\x00v\x00e\x00l\x00.\x00 \x00A\x00 \x00a\
\x00j\x00u\x00d\x00a\x00 \x00\xe9\x00 \x00m\
\x00o\x00s\x00t\x00r\x00a\x00d\x00a\x00 \
\x00n\x00o\x00 \x00n\x00a\x00v\x00e\x00g\
\x00a\x00d\x00o\x00r\x00 \x00d\x00o\x00 \
\x00s\x00i\x00s\x00t\x00e\x00m\x00a\x08\x00\
\x00\x00\x00\x06\x00\x00\x00aPySide Q\
tWebEngineWidget\
s module is not \
available. Help \
rendering is don\
e with the syste\
m browser\x07\x00\x00\x00\x04He\
lp\x01\x03\x00\x00\x01\x9c\x00N\x00\xe3\x00o\x00 \
\x00h\x00\xe1\x00 \x00n\x00e\x00n\x00h\x00u\
\x00m\x00 \x00r\x00e\x00n\x00d\x00e\x00r\
\x00i\x00z\x00a\x00d\x00o\x00r\x00 \x00m\
\x00a\x00r\x00k\x00d\x00o\x00w\x00n\x00 \
\x00i\x00n\x00s\x00t\x00a\x00l\x00a\x00d\
\x00o\x00 \x00e\x00m\x00 \x00s\x00e\x00u\
\x00 \x00s\x00i\x00s\x00t\x00e\x00m\x00a\
\x00,\x00 \x00p\x00o\x00r\x00 \x00t\x00a\
\x00n\x00t\x00o\x00 \x00e\x00s\x00t\x00a\
\x00 \x00p\x00\xe1\x00g\x00i\x00n\x00a\x00 \
\x00d\x00e\x00 \x00a\x00j\x00u\x00d\x00a\
\x00 \x00n\x00\xe3\x00o\x00 \x00s\x00e\x00r\
\x00\xe1\x00 \x00r\x00e\x00n\x00d\x00e\x00r\
\x00i\x00z\x00a\x00d\x00a\x00.\x00 \x00I\
\x00n\x00s\x00t\x00a\x00l\x00e\x00 \x00o\
\x00s\x00 \x00m\x00\xf3\x00d\x00u\x00l\x00o\
\x00s\x00 \x00p\x00y\x00t\x00h\x00o\x00n\
\x00 \x00\x22\x00m\x00a\x00r\x00k\x00d\x00o\
\x00w\x00n\x00\x22\x00 \x00o\x00u\x00 \x00\x22\
\x00p\x00a\x00n\x00d\x00o\x00c\x00\x22\x00 \
\x00p\x00a\x00r\x00a\x00 \x00m\x00e\x00l\
\x00h\x00o\x00r\x00a\x00r\x00 \x00a\x00 \
\x00r\x00e\x00n\x00d\x00e\x00r\x00i\x00z\
\x00a\x00\xe7\x00\xe3\x00o\x00 \x00d\x00e\x00s\
\x00t\x00a\x00 \x00p\x00\xe1\x00g\x00i\x00n\
\x00a\x00.\x08\x00\x00\x00\x00\x06\x00\x00\x00\xb8Th\
ere is no Markdo\
wn renderer inst\
alled on your sy\
stem, so this he\
lp page is rende\
red as is. Pleas\
e install the Ma\
rkdown or Pandoc\
 Python modules \
to improve the r\
endering of this\
 page.\x07\x00\x00\x00\x04Help\x01\
\x03\x00\x00\x00\x0a\x00G\x00e\x00r\x00a\x00l\x08\
\x00\x00\x00\x00\x06\x00\x00\x00\x07General\
\x07\x00\x00\x00\x07QObject\x01\x88\x00\x00\
\x00\x02\x03\x01\
\x00\x00%\x15\
<\
\xb8d\x18\xca\xef\x9c\x95\xcd!\x1c\xbf`\xa1\xbd\xdd\xa7\
\x00\x00\x00\x02ruB\x00\x00\x00\xf0\x00\x04\xec0\x00\
\x00\x05\xe8\x00\x04\xec0\x00\x00\x1eI\x00\x99N\xa8\x00\
\x00\x1cz\x018!.\x00\x00\x14\xc0\x01\x82\xc62\x00\
\x00 \x02\x02mV`\x00\x00\x1et\x04\x1e\xf1\x82\x00\
\x00\x06\x13\x04Dm9\x00\x00\x05J\x04T\x18N\x00\
\x00\x13!\x04\x89?'\x00\x00\x06`\x04\xde1)\x00\
\x00\x07X\x05M7\xf2\x00\x00\x06\xeb\x05\xa6\xc8\x95\x00\
\x00\x12\xf4\x06{\x06\x03\x00\x00\x09\xbb\x06\xa4]\x8e\x00\
\x00\x09\xed\x07\x07\xe0\x0e\x00\x00\x1a'\x07t\x8a\x94\x00\
\x00\x01d\x09\x82\xac\xae\x00\x00\x00\x00\x09\xd5\xc9.\x00\
\x00\x02\x02\x0auc\xd7\x00\x00\x18\xef\x0b\x0ar\xc9\x00\
\x00\x01\xcc\x0c\xe2\x80\xae\x00\x00\x044\x0d\xb7\x06\x10\x00\
\x00\x1c\xc5\x0d\xc4\xc8<\x00\x00#\xbf\x0e*j\xae\x00\
\x00!V\x0ek8\x9e\x00\x00\x0ei\x0e\x8d\xd4\x82\x00\
\x00\x1b\xc7\x0e\xca\x08\x89\x00\x00\x05\xa2\x0f-\x13\xae\x00\
\x00\x00\xfe\x0fE\xeb\x1e\x00\x00\x07\xbai\x00\x00#\xf2\
\x03\x00\x00\x00\x88\x04!\x04C\x04D\x04D\x048\x04\
:\x04A\x00 \x04?\x045\x04@\x045\x042\x04\
>\x044\x040\x00,\x00 \x04=\x040\x04?\x04\
@\x048\x04<\x045\x04@\x00 \x00\x22\x00r\x00\
u\x00\x22\x00\x0a\x042\x04K\x044\x040\x04A\x04\
B\x00 \x04@\x04C\x04A\x04A\x04:\x048\x04\
9\x00 \x04?\x045\x04@\x045\x042\x04>\x04\
4\x00 \x044\x04>\x04:\x04C\x04<\x045\x04\
=\x04B\x040\x04F\x048\x048\x00.\x08\x00\x00\
\x00\x00\x06\x00\x00\x00]A transla\
tion suffix to u\
se, for example \
\x22fr\x22\x0ato get Fren\
ch translation o\
f the documentat\
ion.\x07\x00\x00\x00\x04Form\x01\x03\x00\
\x00\x00>\x04\x1f\x04>\x04;\x04L\x047\x04>\x04\
2\x040\x04B\x045\x04;\x04L\x04A\x04:\x04\
>\x045\x00 \x04<\x045\x04A\x04B\x04>\x04\
?\x04>\x04;\x04>\x046\x045\x04=\x048\x04\
5\x08\x00\x00\x00\x00\x06\x00\x00\x00\x0fCusto\
m location\x07\x00\x00\x00\x04F\
orm\x01\x03\x00\x00\x00>\x04\x1f\x04>\x04;\x04\
L\x047\x04>\x042\x040\x04B\x045\x04;\x04\
L\x04A\x04:\x040\x04O\x00 \x04B\x040\x04\
1\x04;\x048\x04F\x040\x00 \x04A\x04B\x04\
8\x04;\x045\x049\x08\x00\x00\x00\x00\x06\x00\x00\x00\
\x11Custom styleshe\
et\x07\x00\x00\x00\x04Form\x01\x03\x00\x00\x00\
\x16\x04\x1e\x04B\x04>\x041\x04@\x040\x046\x04\
5\x04=\x048\x045\x08\x00\x00\x00\x00\x06\x00\x00\x00\
\x07Display\x07\x00\x00\x00\x04For\
m\x01\x03\x00\x00\x01\x84\x04\x14\x04>\x04:\x04C\x04\
<\x045\x04=\x04B\x040\x04F\x048\x04O\x00\
 \x04>\x04B\x04:\x04@\x04>\x045\x04B\x04\
A\x04O\x00 \x04=\x045\x04?\x04>\x04A\x04\
@\x045\x044\x04A\x04B\x042\x045\x04=\x04\
=\x04>\x00 \x042\x00 \x044\x048\x040\x04\
;\x04>\x043\x04>\x042\x04>\x04<\x00 \x04\
>\x04:\x04=\x045\x00 \x00F\x00r\x00e\x00\
e\x00C\x00A\x00D\x00 \x04A\x00 \x042\x04\
>\x047\x04<\x04>\x046\x04=\x04>\x04A\x04\
B\x04L\x04N\x00 \x047\x040\x04:\x04@\x04\
5\x04?\x04;\x045\x04=\x048\x04O\x00,\x00\
 \x04G\x04B\x04>\x00 \x04?\x04>\x047\x04\
2\x04>\x04;\x048\x04B\x00 \x04>\x044\x04\
=\x04>\x042\x04@\x045\x04<\x045\x04=\x04\
=\x04>\x00 \x04@\x040\x041\x04>\x04B\x04\
0\x04B\x04L\x00 \x04A\x00 \x04B\x04@\x04\
5\x04E\x04<\x045\x04@\x04=\x04K\x04<\x00\
 \x042\x048\x044\x04>\x04<\x00.\x00\x0a\x04\
\x22\x04@\x045\x041\x04C\x045\x04B\x04A\x04\
O\x00 \x04:\x04>\x04<\x04?\x04>\x04=\x04\
5\x04=\x04B\x00 \x00Q\x00t\x00W\x00e\x00\
b\x00E\x00n\x00g\x00i\x00n\x00e\x00W\x00\
i\x00d\x00g\x00e\x00t\x00s\x00 \x00P\x00\
y\x00S\x00i\x00d\x00e\x00.\x08\x00\x00\x00\x00\
\x06\x00\x00\x00\x95Documentati\
on opens in a do\
ckable dialog wi\
thin FreeCAD, al\
lowing simultane\
ous work in the \
3D view.\x0aRequire\
s the PySide QtW\
ebengineWidgets \
component.\x07\x00\x00\x00\x04F\
orm\x01\x03\x00\x00\x00\xa4\x04\x1f\x04>\x04;\x04\
C\x04G\x048\x04B\x04L\x00 \x044\x04>\x04\
:\x04C\x04<\x045\x04=\x04B\x040\x04F\x04\
8\x04N\x00 \x04A\x04>\x00 \x04A\x04B\x04\
@\x040\x04=\x048\x04F\x00,\x00 \x04>\x04\
?\x04C\x041\x04;\x048\x04:\x04>\x042\x04\
0\x04=\x04=\x04K\x04E\x00 \x04=\x040\x00\
 \x00G\x00i\x00t\x00H\x00u\x00b\x00.\x00\
\x0a\x04!\x045\x049\x04G\x040\x04A\x00 \x04\
M\x04B\x04>\x00 \x04=\x045\x044\x04>\x04\
A\x04B\x04C\x04?\x04=\x04>\x00.\x08\x00\x00\
\x00\x00\x06\x00\x00\x00YFetches t\
he documentation\
 from pages rend\
ered on GitHub.\x0a\
This is currentl\
y not available.\
\x07\x00\x00\x00\x04Form\x01\x03\x00\x00\x00*\x00\
F\x00r\x00e\x00e\x00C\x00A\x00D\x00 \x04\
2\x048\x04:\x048\x00 \x00(\x04>\x04=\x04\
;\x040\x049\x04=\x00)\x08\x00\x00\x00\x00\x06\x00\
\x00\x00\x15FreeCAD Wiki \
(online)\x07\x00\x00\x00\x04For\
m\x01\x03\x00\x00\x00\x1e\x00G\x00i\x00t\x00h\x00\
u\x00b\x00 \x00(\x04>\x04=\x04;\x040\x04\
9\x04=\x00)\x08\x00\x00\x00\x00\x06\x00\x00\x00\x0fG\
itHub (online)\x07\x00\
\x00\x00\x04Form\x01\x03\x00\x00\x00\x0e\x04!\x04\
?\x04@\x040\x042\x04:\x040\x08\x00\x00\x00\x00\
\x06\x00\x00\x00\x04Help\x07\x00\x00\x00\x04Fo\
rm\x01\x03\x00\x00\x00$\x04\x12\x04>\x00 \x042\
\x04:\x04;\x040\x044\x04:\x045\x00 \x00F\
\x00r\x00e\x00e\x00C\x00A\x00D\x08\x00\x00\x00\
\x00\x06\x00\x00\x00\x10In a FreeC\
AD tab\x07\x00\x00\x00\x04Form\x01\
\x03\x00\x00\x00R\x04\x12\x00 \x04>\x04B\x044\x04\
5\x04;\x04L\x04=\x04>\x04<\x00,\x00 \x04\
2\x04A\x04B\x04@\x040\x048\x042\x040\x04\
5\x04<\x04>\x04<\x00 \x044\x048\x040\x04\
;\x04>\x043\x04>\x042\x04>\x04<\x00 \x04\
>\x04:\x04=\x045\x08\x00\x00\x00\x00\x06\x00\x00\x00\
 In a separate, \
embeddable dialo\
g\x07\x00\x00\x00\x04Form\x01\x03\x00\x00\x00:\
\x04\x12\x00 \x042\x040\x04H\x045\x04<\x00 \
\x041\x04@\x040\x04C\x047\x045\x04@\x045\
\x00 \x04?\x04>\x00 \x04C\x04<\x04>\x04;\
\x04G\x040\x04=\x048\x04N\x08\x00\x00\x00\x00\x06\
\x00\x00\x00\x1aIn the defau\
lt web browser\x07\x00\
\x00\x00\x04Form\x01\x03\x00\x00\x000\x00M\x00\
a\x00r\x00k\x00d\x00o\x00w\x00n\x00 \x04\
2\x045\x04@\x04A\x048\x04O\x00 \x00(\x04\
>\x04=\x04;\x040\x049\x04=\x00)\x08\x00\x00\
\x00\x00\x06\x00\x00\x00\x19Markdown \
version (online)\
\x07\x00\x00\x00\x04Form\x01\x03\x00\x00\x01\x5c\x04\
\x1f\x04@\x048\x04<\x045\x04G\x040\x04=\x04\
8\x045\x00:\x00 \x045\x04A\x04;\x048\x00\
 \x04:\x04>\x04<\x04?\x04>\x04=\x045\x04\
=\x04B\x04K\x00 \x00P\x00y\x00S\x00i\x00\
d\x00e\x00 \x00W\x00e\x00b\x00 \x04=\x04\
5\x00 \x04C\x04A\x04B\x040\x04=\x04>\x04\
2\x04;\x045\x04=\x04K\x00 \x042\x00 \x04\
2\x040\x04H\x045\x049\x00 \x04A\x048\x04\
A\x04B\x045\x04<\x045\x00,\x00 \x04A\x04\
B\x04@\x040\x04=\x048\x04F\x04K\x00 \x04\
A\x04?\x04@\x040\x042\x04:\x048\x00 \x04\
1\x04C\x044\x04C\x04B\x00 \x04>\x04B\x04\
:\x04@\x04K\x042\x040\x04B\x04L\x04A\x04\
O\x00 \x042\x00 \x042\x045\x041\x00 \x04\
1\x04@\x040\x04C\x047\x045\x04@\x045\x00\
 \x04?\x04>\x00 \x04C\x04<\x04>\x04;\x04\
G\x040\x04=\x048\x04N\x00 \x04=\x045\x04\
7\x040\x042\x048\x04A\x048\x04<\x04>\x00\
 \x04>\x04B\x00 \x04C\x04:\x040\x047\x04\
0\x04=\x04=\x04K\x04E\x00 \x04=\x048\x04\
6\x045\x00 \x04?\x040\x04@\x040\x04<\x04\
5\x04B\x04@\x04>\x042\x00.\x08\x00\x00\x00\x00\
\x06\x00\x00\x00\x8cNote: if Py\
Side Web compone\
nts are not foun\
d on the system,\
 help pages will\
 open in the def\
ault web browser\
 regardless of t\
he options below\
.\x07\x00\x00\x00\x04Form\x01\x03\x00\x00\x00\x12\
\x04\x1f\x040\x04@\x040\x04<\x045\x04B\x04@\
\x04K\x08\x00\x00\x00\x00\x06\x00\x00\x00\x07Opti\
ons\x07\x00\x00\x00\x04Form\x01\x03\x00\x00\
\x03\x0c\x04#\x04:\x040\x046\x048\x04B\x045\
\x00 \x047\x044\x045\x04A\x04L\x00 \x04A\
\x04>\x041\x04A\x04B\x042\x045\x04=\x04=\
\x04K\x049\x00 \x00U\x00R\x00L\x00-\x040\
\x044\x04@\x045\x04A\x00 \x048\x04;\x048\
\x00 \x04?\x040\x04?\x04:\x04C\x00,\x00 \
\x042\x00 \x04:\x04>\x04B\x04>\x04@\x04>\
\x049\x00 \x04@\x040\x04A\x04?\x04>\x04;\
\x04>\x046\x045\x04=\x04K\x00 \x04D\x040\
\x049\x04;\x04K\x00 \x04A\x04?\x04@\x040\
\x042\x04:\x048\x00.\x00\x0a\x04\x12\x04K\x00 \
\x04<\x04>\x046\x045\x04B\x045\x00 \x04;\
\x045\x043\x04:\x04>\x00 \x047\x040\x043\
\x04@\x04C\x047\x048\x04B\x04L\x00 \x044\
\x04>\x04:\x04C\x04<\x045\x04=\x04B\x040\
\x04F\x048\x04N\x00 \x044\x04;\x04O\x00 \
\x040\x042\x04B\x04>\x04=\x04>\x04<\x04=\
\x04>\x043\x04>\x00 \x048\x04A\x04?\x04>\
\x04;\x04L\x047\x04>\x042\x040\x04=\x048\
\x04O\x00 \x04A\x00 \x04?\x04>\x04<\x04>\
\x04I\x04L\x04N\x00 \x04<\x045\x04=\x045\
\x044\x046\x045\x04@\x040\x00 \x044\x04>\
\x04?\x04>\x04;\x04=\x045\x04=\x048\x049\
\x00 \x048\x00 \x04C\x04A\x04B\x040\x04=\
\x04>\x042\x04:\x048\x00 \x044\x04>\x04?\
\x04>\x04;\x04=\x045\x04=\x048\x04O\x00 \
\x00\x22\x00o\x00f\x00f\x00l\x00i\x00n\x00e\
\x00-\x00d\x00o\x00c\x00u\x00m\x00e\x00n\
\x00t\x00a\x00t\x00i\x00o\x00n\x00\x22\x00.\
\x00 \x04\x15\x04A\x04;\x048\x00 \x04M\x04B\
\x04>\x00\x0a\x04?\x04>\x04;\x045\x00 \x04>\
\x04A\x04B\x040\x042\x04;\x045\x04=\x04>\
\x00 \x04?\x04C\x04A\x04B\x04K\x04<\x00,\
\x00 \x00F\x00r\x00e\x00e\x00C\x00A\x00D\
\x00 \x040\x042\x04B\x04>\x04<\x040\x04B\
\x048\x04G\x045\x04A\x04:\x048\x00 \x042\
\x04K\x04?\x04>\x04;\x04=\x048\x04B\x00 \
\x04?\x04>\x048\x04A\x04:\x00 \x04D\x040\
\x049\x04;\x04>\x042\x00 \x04A\x04?\x04@\
\x040\x042\x04:\x048\x00 \x042\x00\x0a\x04<\
\x045\x04A\x04B\x04>\x04?\x04>\x04;\x04>\
\x046\x045\x04=\x048\x048\x00 \x04?\x04>\
\x00 \x04C\x04<\x04>\x04;\x04G\x040\x04=\
\x048\x04N\x00 \x00(\x00$\x00U\x00S\x00E\
\x00R\x00A\x00P\x00P\x00D\x00A\x00T\x00A\
\x00D\x00I\x00R\x00/\x00M\x00o\x00d\x00/\
\x00o\x00f\x00f\x00l\x00i\x00n\x00e\x00-\
\x00d\x00o\x00c\x00u\x00m\x00e\x00n\x00t\
\x00a\x00t\x00i\x00o\x00n\x00)\x00.\x08\x00\
\x00\x00\x00\x06\x00\x00\x01WSet this\
 to a custom URL\
 or the folder w\
here the help fi\
les are located.\
\x0aDocumentation c\
an be downloaded\
 for offline use\
 via the Addon M\
anager and insta\
lling the\x0a\x22offli\
ne-documentation\
\x22 addon. If this\
 field is left b\
lank, FreeCAD wi\
ll\x0aautomatically\
 search for the \
help files at th\
e default locati\
on\x0a($USERAPPDATA\
DIR/Mod/offline-\
documentation).\x07\
\x00\x00\x00\x04Form\x01\x03\x00\x00\x03\x0c\x04#\
\x04:\x040\x046\x048\x04B\x045\x00 \x047\
\x044\x045\x04A\x04L\x00 \x04A\x04>\x041\
\x04A\x04B\x042\x045\x04=\x04=\x04K\x049\
\x00 \x00U\x00R\x00L\x00-\x040\x044\x04@\
\x045\x04A\x00 \x048\x04;\x048\x00 \x04?\
\x040\x04?\x04:\x04C\x00,\x00 \x042\x00 \
\x04:\x04>\x04B\x04>\x04@\x04>\x049\x00 \
\x04@\x040\x04A\x04?\x04>\x04;\x04>\x046\
\x045\x04=\x04K\x00 \x04D\x040\x049\x04;\
\x04K\x00 \x04A\x04?\x04@\x040\x042\x04:\
\x048\x00.\x00\x0a\x04\x12\x04K\x00 \x04<\x04>\
\x046\x045\x04B\x045\x00 \x04;\x045\x043\
\x04:\x04>\x00 \x047\x040\x043\x04@\x04C\
\x047\x048\x04B\x04L\x00 \x044\x04>\x04:\
\x04C\x04<\x045\x04=\x04B\x040\x04F\x048\
\x04N\x00 \x044\x04;\x04O\x00 \x040\x042\
\x04B\x04>\x04=\x04>\x04<\x04=\x04>\x043\
\x04>\x00 \x048\x04A\x04?\x04>\x04;\x04L\
\x047\x04>\x042\x040\x04=\x048\x04O\x00 \
\x04A\x00 \x04?\x04>\x04<\x04>\x04I\x04L\
\x04N\x00 \x04<\x045\x04=\x045\x044\x046\
\x045\x04@\x040\x00 \x044\x04>\x04?\x04>\
\x04;\x04=\x045\x04=\x048\x049\x00 \x048\
\x00 \x04C\x04A\x04B\x040\x04=\x04>\x042\
\x04:\x048\x00 \x044\x04>\x04?\x04>\x04;\
\x04=\x045\x04=\x048\x04O\x00 \x00\x22\x00o\
\x00f\x00f\x00l\x00i\x00n\x00e\x00-\x00d\
\x00o\x00c\x00u\x00m\x00e\x00n\x00t\x00a\
\x00t\x00i\x00o\x00n\x00\x22\x00.\x00 \x04\x15\
\x04A\x04;\x048\x00 \x04M\x04B\x04>\x00\x0a\
\x04?\x04>\x04;\x045\x00 \x04>\x04A\x04B\
\x040\x042\x04;\x045\x04=\x04>\x00 \x04?\
\x04C\x04A\x04B\x04K\x04<\x00,\x00 \x00F\
\x00r\x00e\x00e\x00C\x00A\x00D\x00 \x040\
\x042\x04B\x04>\x04<\x040\x04B\x048\x04G\
\x045\x04A\x04:\x048\x00 \x042\x04K\x04?\
\x04>\x04;\x04=\x048\x04B\x00 \x04?\x04>\
\x048\x04A\x04:\x00 \x04D\x040\x049\x04;\
\x04>\x042\x00 \x04A\x04?\x04@\x040\x042\
\x04:\x048\x00 \x042\x00\x0a\x04<\x045\x04A\
\x04B\x04>\x04?\x04>\x04;\x04>\x046\x045\
\x04=\x048\x048\x00 \x04?\x04>\x00 \x04C\
\x04<\x04>\x04;\x04G\x040\x04=\x048\x04N\
\x00 \x00(\x00$\x00U\x00S\x00E\x00R\x00A\
\x00P\x00P\x00D\x00A\x00T\x00A\x00D\x00I\
\x00R\x00/\x00M\x00o\x00d\x00/\x00o\x00f\
\x00f\x00l\x00i\x00n\x00e\x00-\x00d\x00o\
\x00c\x00u\x00m\x00e\x00n\x00t\x00a\x00t\
\x00i\x00o\x00n\x00)\x00.\x08\x00\x00\x00\x00\x06\
\x00\x00\x01fSet this to \
a custom URL or \
the folder where\
 the help files \
are located.\x0aYou\
 can easily down\
load the documen\
tation for offli\
ne use by using \
the Addon\x0aManage\
r and installing\
 the \x22offline-do\
cumentation\x22 add\
on. If this\x0afiel\
d is left blank,\
 FreeCAD will au\
tomatically sear\
ch for the help \
files at\x0athe def\
ault location ($\
USERAPPDATADIR/M\
od/offline-docum\
entation).\x07\x00\x00\x00\x04F\
orm\x01\x03\x00\x00\x00\x0e\x04\x1e\x04B\x04:\x04\
C\x044\x040\x00:\x08\x00\x00\x00\x00\x06\x00\x00\x00\
\x06Source\x07\x00\x00\x00\x04Form\
\x01\x03\x00\x00\x01\x0e\x04#\x04:\x040\x046\x048\
\x04B\x045\x00 \x04?\x04C\x04B\x04L\x00 \
\x04:\x00 \x040\x04;\x04L\x04B\x045\x04@\
\x04=\x040\x04B\x048\x042\x04=\x04>\x04<\
\x04C\x00 \x00C\x00S\x00S\x00-\x04D\x040\
\x049\x04;\x04C\x00 \x044\x04;\x04O\x00 \
\x04>\x04D\x04>\x04@\x04<\x04;\x045\x04=\
\x048\x04O\x00 \x04A\x04B\x04@\x040\x04=\
\x048\x04F\x00 \x00M\x00a\x00r\x00k\x00d\
\x00o\x00w\x00n\x00.\x00\x0a\x04-\x04B\x04>\
\x00 \x04?\x04@\x048\x04<\x045\x04=\x048\
\x04<\x04>\x00 \x04B\x04>\x04;\x04L\x04:\
\x04>\x00 \x042\x00 \x04B\x04>\x04<\x00 \
\x04A\x04;\x04C\x04G\x040\x045\x00,\x00 \
\x045\x04A\x04;\x048\x00 \x042\x04K\x04H\
\x045\x00 \x042\x04K\x041\x04@\x040\x04=\
\x00 \x00M\x00a\x00r\x00k\x00d\x00o\x00w\
\x00n\x00.\x08\x00\x00\x00\x00\x06\x00\x00\x00xSp\
ecify the path t\
o an alternative\
 CSS file for st\
yling Markdown p\
ages.\x0aThis only \
applies if Markd\
own is selected \
above.\x07\x00\x00\x00\x04Form\x01\
\x03\x00\x00\x02\xe4\x04!\x04B\x04@\x040\x04=\x04\
8\x04F\x04K\x00 \x044\x04>\x04:\x04C\x04\
<\x045\x04=\x04B\x040\x04F\x048\x048\x00\
 \x041\x04C\x044\x04C\x04B\x00 \x04?\x04\
>\x04;\x04C\x04G\x045\x04=\x04K\x00 \x04\
2\x00 \x04@\x045\x047\x04C\x04;\x04L\x04\
B\x040\x04B\x045\x00 \x040\x042\x04B\x04\
>\x04<\x040\x04B\x048\x04G\x045\x04A\x04\
:\x04>\x043\x04>\x00 \x04?\x04@\x045\x04\
>\x041\x04@\x040\x047\x04>\x042\x040\x04\
=\x048\x04O\x00 \x00M\x00a\x00r\x00k\x00\
d\x00o\x00w\x00n\x00.\x00\x0a\x048\x047\x00\
 \x042\x048\x04:\x048\x00 \x00F\x00r\x00\
e\x00e\x00C\x00A\x00D\x00,\x00 \x04@\x04\
0\x047\x04<\x045\x04I\x045\x04=\x04=\x04\
>\x049\x00 \x042\x00 \x04C\x04G\x045\x04\
B\x04=\x04>\x049\x00 \x047\x040\x04?\x04\
8\x04A\x048\x00 \x00F\x00r\x00e\x00e\x00\
C\x00A\x00D\x00 \x04=\x040\x00 \x00G\x00\
i\x00t\x00H\x00u\x00b\x00.\x00 \x04-\x04\
B\x04>\x00 \x04<\x04>\x046\x04=\x04>\x00\
 \x04A\x04B\x048\x04;\x048\x047\x04>\x04\
2\x040\x04B\x04L\x00 \x04A\x00 \x04?\x04\
>\x04<\x04>\x04I\x04L\x04N\x00 \x04?\x04\
>\x04;\x04L\x047\x04>\x042\x040\x04B\x04\
5\x04;\x04L\x04A\x04:\x04>\x049\x00 \x04\
B\x040\x041\x04;\x048\x04F\x04K\x00 \x04\
A\x04B\x048\x04;\x045\x049\x00 \x04=\x04\
8\x046\x045\x00,\x00 \x04G\x04B\x04>\x00\
 \x04<\x04>\x046\x045\x04B\x00 \x044\x04\
0\x04B\x04L\x00 \x04;\x04C\x04G\x04H\x04\
8\x049\x00 \x042\x048\x044\x00,\x00 \x04\
G\x045\x04<\x00 \x042\x040\x04@\x048\x04\
0\x04=\x04B\x00 \x042\x048\x04:\x048\x00\
.\x00 \x04\x14\x04;\x04O\x00 \x044\x04>\x04\
A\x04B\x048\x046\x045\x04=\x048\x04O\x00\
 \x04>\x04?\x04B\x048\x04<\x040\x04;\x04\
L\x04=\x04K\x04E\x00 \x04@\x045\x047\x04\
C\x04;\x04L\x04B\x040\x04B\x04>\x042\x00\
 \x04=\x045\x04>\x041\x04E\x04>\x044\x04\
8\x04<\x04>\x00 \x04C\x04A\x04B\x040\x04\
=\x04>\x042\x048\x04B\x04L\x00 \x04<\x04\
>\x044\x04C\x04;\x04L\x00 \x00P\x00y\x00\
t\x00h\x00o\x00n\x00 \x00'\x00M\x00a\x00\
r\x00k\x00d\x00o\x00w\x00n\x00'\x00 \x04\
8\x04;\x048\x00 \x00'\x00P\x00a\x00n\x00\
d\x00o\x00c\x00'\x00.\x08\x00\x00\x00\x00\x06\x00\
\x00\x012The documenta\
tion pages will \
be fetched from \
an automatic Mar\
kdown conversion\
\x0aof the FreeCAD \
wiki,hosted on F\
reeCAD's GitHub \
account. This ca\
n be styled with\
 a\x0acustom styles\
heet below and c\
an look nicer th\
an the wiki opti\
on. The 'Markdow\
n' or\x0a'Pandoc' P\
ython module sho\
uld be installed\
 for optimal res\
ults.\x07\x00\x00\x00\x04Form\x01\x03\
\x00\x00\x00\xbe\x04!\x04B\x04@\x040\x04=\x048\
\x04F\x04K\x00 \x044\x04>\x04:\x04C\x04<\
\x045\x04=\x04B\x040\x04F\x048\x048\x00 \
\x041\x04C\x044\x04C\x04B\x00 \x04?\x04>\
\x04;\x04C\x04G\x045\x04=\x04K\x00 \x04A\
\x00 \x04>\x04D\x048\x04F\x048\x040\x04;\
\x04L\x04=\x04>\x043\x04>\x00 \x04A\x040\
\x049\x04B\x040\x00\x0a\x00F\x00r\x00e\x00e\
\x00C\x00A\x00D\x00w\x00i\x00k\x00i\x00:\
\x00 \x00h\x00t\x00t\x00p\x00s\x00:\x00/\
\x00/\x00w\x00i\x00k\x00i\x00.\x00f\x00r\
\x00e\x00e\x00c\x00a\x00d\x00.\x00o\x00r\
\x00g\x08\x00\x00\x00\x00\x06\x00\x00\x00aThe \
documentation pa\
ges will be fetc\
hed from the off\
icial\x0aFreeCADwik\
i at https://wik\
i.freecad.org\x07\x00\x00\
\x00\x04Form\x01\x03\x00\x00\x01\x0a\x04\x14\x04>\
\x04:\x04C\x04<\x045\x04=\x04B\x040\x04F\
\x048\x04O\x00 \x04>\x04B\x04:\x04@\x04>\
\x045\x04B\x04A\x04O\x00 \x042\x00 \x04=\
\x04>\x042\x04>\x049\x00 \x042\x04:\x04;\
\x040\x044\x04:\x045\x00 \x04=\x045\x04?\
\x04>\x04A\x04@\x045\x044\x04A\x04B\x042\
\x045\x04=\x04=\x04>\x00 \x042\x00 \x048\
\x04=\x04B\x045\x04@\x04D\x045\x049\x04A\
\x045\x00 \x00F\x00r\x00e\x00e\x00C\x00A\
\x00D\x00.\x00 \x04\x14\x04;\x04O\x00 \x04M\
\x04B\x04>\x043\x04>\x00 \x04B\x04@\x045\
\x041\x04C\x045\x04B\x04A\x04O\x00 \x04:\
\x04>\x04<\x04?\x04>\x04=\x045\x04=\x04B\
\x00 \x00P\x00y\x00S\x00i\x00d\x00e\x00 \
\x00Q\x00t\x00W\x00e\x00b\x00e\x00n\x00g\
\x00i\x00n\x00e\x00W\x00i\x00d\x00g\x00e\
\x00t\x00s\x00.\x08\x00\x00\x00\x00\x06\x00\x00\x00}\
The documentatio\
n will open in a\
 new tab inside \
the FreeCAD inte\
rface. This requ\
ires the PySide \
QtWebengineWidge\
ts component.\x07\x00\x00\
\x00\x04Form\x01\x03\x00\x00\x00d\x04\x14\x04>\
\x04:\x04C\x04<\x045\x04=\x04B\x040\x04F\
\x048\x04O\x00 \x04>\x04B\x04:\x04@\x04>\
\x045\x04B\x04A\x04O\x00 \x042\x00 \x042\
\x045\x041\x00 \x041\x04@\x040\x04C\x047\
\x045\x04@\x045\x00 \x04?\x04>\x00 \x04C\
\x04<\x04>\x04;\x04G\x040\x04=\x048\x04N\
\x08\x00\x00\x00\x00\x06\x00\x00\x006The do\
cumentation will\
 open in the def\
ault web browser\
\x07\x00\x00\x00\x04Form\x01\x03\x00\x00\x00 \x04\
!\x04C\x04D\x04D\x048\x04:\x04A\x00 \x04\
?\x045\x04@\x045\x042\x04>\x044\x040\x08\
\x00\x00\x00\x00\x06\x00\x00\x00\x12Transla\
tion suffix\x07\x00\x00\x00\x04\
Form\x01\x03\x00\x00\x00\xf2\x04\x1d\x045\x00 \
\x04C\x044\x040\x04;\x04>\x04A\x04L\x00 \
\x04?\x04>\x04;\x04C\x04G\x048\x04B\x04L\
\x00 \x04A\x04>\x044\x045\x04@\x046\x048\
\x04<\x04>\x045\x00 \x04M\x04B\x04>\x049\
\x00 \x04A\x04B\x04@\x040\x04=\x048\x04F\
\x04K\x00.\x00 \x04\x1f\x04>\x046\x040\x04;\
\x04C\x049\x04A\x04B\x040\x00,\x00 \x04?\
\x04@\x04>\x042\x045\x04@\x04L\x04B\x045\
\x00 \x04=\x040\x04A\x04B\x04@\x04>\x049\
\x04:\x048\x00 \x042\x00 \x04<\x045\x04=\
\x04N\x00 \x04\x1f\x04@\x040\x042\x04:\x040\
\x00 !\x92\x00 \x04\x1d\x040\x04A\x04B\x04@\
\x04>\x049\x04:\x048\x00 !\x92\x00 \x04\x1e\
\x041\x04I\x048\x045\x00 !\x92\x00 \x04!\
\x04?\x04@\x040\x042\x04:\x040\x08\x00\x00\x00\
\x00\x06\x00\x00\x00yContents f\
or this page cou\
ld not be retrie\
ved. Please chec\
k settings under\
 menu Edit \xe2\x86\x92 P\
references \xe2\x86\x92 G\
eneral \xe2\x86\x92 Help\x07\
\x00\x00\x00\x04Help\x01\x03\x00\x00\x00\x0e\x04!\
\x04?\x04@\x040\x042\x04:\x040\x08\x00\x00\x00\
\x00\x06\x00\x00\x00\x04Help\x07\x00\x00\x00\x04H\
elp\x01\x03\x00\x00\x00\xfe\x04\x1d\x045\x00 \x04\
C\x044\x040\x04;\x04>\x04A\x04L\x00 \x04\
>\x04?\x04@\x045\x044\x045\x04;\x048\x04\
B\x04L\x00 \x04<\x045\x04A\x04B\x04>\x04\
?\x04>\x04;\x04>\x046\x045\x04=\x048\x04\
5\x00 \x04D\x040\x049\x04;\x04>\x042\x00\
 \x04A\x04?\x04@\x040\x042\x04:\x048\x00\
.\x00 \x04\x1f\x04>\x046\x040\x04;\x04C\x04\
9\x04A\x04B\x040\x00,\x00 \x04?\x04@\x04\
>\x042\x045\x04@\x04L\x04B\x045\x00 \x04\
=\x040\x04A\x04B\x04@\x04>\x049\x04:\x04\
8\x00 \x042\x00 \x04<\x045\x04=\x04N\x00\
 \x04\x1f\x04@\x040\x042\x04:\x040\x00 !\
\x92\x00 \x04\x1d\x040\x04A\x04B\x04@\x04>\x04\
9\x04:\x048\x00 !\x92\x00 \x04\x1e\x041\x04\
I\x048\x045\x00 !\x92\x00 \x04\x1f\x04>\x04\
<\x04>\x04I\x04L\x08\x00\x00\x00\x00\x06\x00\x00\x00\
wHelp files loca\
tion could not b\
e determined. Pl\
ease check setti\
ngs under menu E\
dit \xe2\x86\x92 Preferen\
ces \xe2\x86\x92 General \
\xe2\x86\x92 Help\x07\x00\x00\x00\x04Hel\
p\x01\x03\x00\x00\x00\xda\x04\x1c\x04>\x044\x04C\x04\
;\x04L\x00 \x00P\x00y\x00S\x00i\x00d\x00\
e\x00 \x00Q\x00t\x00W\x00e\x00b\x00E\x00\
n\x00g\x00i\x00n\x00e\x00W\x00i\x00d\x00\
g\x00e\x00t\x00s\x00 \x04=\x045\x044\x04\
>\x04A\x04B\x04C\x04?\x045\x04=\x00.\x00\
 \x04\x1e\x04B\x04>\x041\x04@\x040\x046\x04\
5\x04=\x048\x045\x00 \x04A\x04?\x04@\x04\
0\x042\x04:\x048\x00 \x04>\x04A\x04C\x04\
I\x045\x04A\x04B\x042\x04;\x04O\x045\x04\
B\x04A\x04O\x00 \x04A\x00 \x04?\x04>\x04\
<\x04>\x04I\x04L\x04N\x00 \x04A\x048\x04\
A\x04B\x045\x04<\x04=\x04>\x043\x04>\x00\
 \x041\x04@\x040\x04C\x047\x045\x04@\x04\
0\x08\x00\x00\x00\x00\x06\x00\x00\x00aPySid\
e QtWebEngineWid\
gets module is n\
ot available. He\
lp rendering is \
done with the sy\
stem browser\x07\x00\x00\x00\
\x04Help\x01\x03\x00\x00\x01\x98\x04\x12\x00 \x04\
2\x040\x04H\x045\x049\x00 \x04A\x048\x04\
A\x04B\x045\x04<\x045\x00 \x04=\x045\x00\
 \x04C\x04A\x04B\x040\x04=\x04>\x042\x04\
;\x045\x04=\x00 \x042\x048\x047\x04C\x04\
0\x04;\x048\x047\x040\x04B\x04>\x04@\x00\
 \x00M\x00a\x00r\x00k\x00d\x00o\x00w\x00\
n\x00,\x00 \x04?\x04>\x04M\x04B\x04>\x04\
<\x04C\x00 \x04M\x04B\x040\x00 \x04A\x04\
B\x04@\x040\x04=\x048\x04F\x040\x00 \x04\
A\x04?\x04@\x040\x042\x04:\x048\x00 \x04\
>\x04B\x04>\x041\x04@\x040\x046\x040\x04\
5\x04B\x04A\x04O\x00 \x04:\x040\x04:\x00\
 \x045\x04A\x04B\x04L\x00.\x00 \x04\x1f\x04\
>\x046\x040\x04;\x04C\x049\x04A\x04B\x04\
0\x00,\x00 \x04C\x04A\x04B\x040\x04=\x04\
>\x042\x048\x04B\x045\x00 \x00P\x00y\x00\
t\x00h\x00o\x00n\x00 \x04<\x04>\x044\x04\
C\x04;\x048\x00 \x00M\x00a\x00r\x00k\x00\
d\x00o\x00w\x00n\x00 \x048\x04;\x048\x00\
 \x00P\x00a\x00n\x00d\x00o\x00c\x00,\x00\
 \x04G\x04B\x04>\x041\x04K\x00 \x04C\x04\
;\x04C\x04G\x04H\x048\x04B\x04L\x00 \x04\
>\x04B\x04>\x041\x04@\x040\x046\x045\x04\
=\x048\x045\x00 \x04M\x04B\x04>\x049\x00\
 \x04A\x04B\x04@\x040\x04=\x048\x04F\x04\
K\x00.\x08\x00\x00\x00\x00\x06\x00\x00\x00\xb8The\
re is no Markdow\
n renderer insta\
lled on your sys\
tem, so this hel\
p page is render\
ed as is. Please\
 install the Mar\
kdown or Pandoc \
Python modules t\
o improve the re\
ndering of this \
page.\x07\x00\x00\x00\x04Help\x01\x03\
\x00\x00\x00\x10\x04\x1e\x04A\x04=\x04>\x042\x04=\
\x04K\x045\x08\x00\x00\x00\x00\x06\x00\x00\x00\x07Ge\
neral\x07\x00\x00\x00\x07QObjec\
t\x01\x88\x00\x00\x00\x0d\x11\x01\xfd)\x0b\xff\x14\x02\x04\
\xfd,\x0a\x13\
\x00\x00\x22\x85\
<\
\xb8d\x18\xca\xef\x9c\x95\xcd!\x1c\xbf`\xa1\xbd\xdd\xa7\
\x00\x00\x00\x02slB\x00\x00\x00\xf0\x00\x04\xec0\x00\
\x00\x05r\x00\x04\xec0\x00\x00\x1c7\x00\x99N\xa8\x00\
\x00\x1ap\x018!.\x00\x00\x13H\x01\x82\xc62\x00\
\x00\x1d\xd0\x02mV`\x00\x00\x1c^\x04\x1e\xf1\x82\x00\
\x00\x05\x99\x04Dm9\x00\x00\x04\xd0\x04T\x18N\x00\
\x00\x11\xc7\x04\x89?'\x00\x00\x05\xec\x04\xde1)\x00\
\x00\x06\xd2\x05M7\xf2\x00\x00\x06k\x05\xa6\xc8\x95\x00\
\x00\x11\xa2\x06{\x06\x03\x00\x00\x08\xfb\x06\xa4]\x8e\x00\
\x00\x09+\x07\x07\xe0\x0e\x00\x00\x18%\x07t\x8a\x94\x00\
\x00\x01\x5c\x09\x82\xac\xae\x00\x00\x00\x00\x09\xd5\xc9.\x00\
\x00\x01\xd4\x0auc\xd7\x00\x00\x16\xef\x0b\x0ar\xc9\x00\
\x00\x01\xa8\x0c\xe2\x80\xae\x00\x00\x03\xac\x0d\xb7\x06\x10\x00\
\x00\x1a\xbf\x0d\xc4\xc8<\x00\x00!5\x0e*j\xae\x00\
\x00\x1e\xe6\x0ek8\x9e\x00\x00\x0dI\x0e\x8d\xd4\x82\x00\
\x00\x19\xb5\x0e\xca\x08\x89\x00\x00\x05*\x0f-\x13\xae\x00\
\x00\x01\x1a\x0fE\xeb\x1e\x00\x00\x07>i\x00\x00!f\
\x03\x00\x00\x00\xa4\x00P\x00r\x00i\x00p\x00o\x00\
n\x00a\x00 \x00p\x00r\x00e\x00v\x00o\x00\
d\x00a\x00,\x00 \x00k\x00i\x00 \x00g\x00\
a\x00 \x01~\x00e\x00l\x00i\x00t\x00e\x00\
 \x00u\x00p\x00o\x00r\x00a\x00b\x00i\x00\
t\x00i\x00,\x00 \x00n\x00p\x00r\x00.\x00\
 \x00\x22\x00s\x00l\x00\x22\x00\x0a\x00z\x00a\x00\
 \x00d\x00o\x00k\x00u\x00m\x00e\x00n\x00\
t\x00a\x00c\x00i\x00j\x00o\x00 \x00v\x00\
 \x00s\x00l\x00o\x00v\x00e\x00n\x01a\x01\
\x0d\x00i\x00n\x00i\x00.\x08\x00\x00\x00\x00\x06\x00\
\x00\x00]A translation\
 suffix to use, \
for example \x22fr\x22\
\x0ato get French t\
ranslation of th\
e documentation.\
\x07\x00\x00\x00\x04Form\x01\x03\x00\x00\x00\x1a\x00\
M\x00e\x00s\x00t\x00o\x00 \x00p\x00o\x00\
 \x00m\x00e\x00r\x00i\x08\x00\x00\x00\x00\x06\x00\
\x00\x00\x0fCustom locati\
on\x07\x00\x00\x00\x04Form\x01\x03\x00\x00\x00\
\x22\x00C\x00u\x00s\x00t\x00o\x00m\x00 \x00\
s\x00t\x00y\x00l\x00e\x00s\x00h\x00e\x00\
e\x00t\x08\x00\x00\x00\x00\x06\x00\x00\x00\x11Cus\
tom stylesheet\x07\x00\
\x00\x00\x04Form\x01\x03\x00\x00\x00\x0c\x00P\x00\
r\x00i\x00k\x00a\x00z\x08\x00\x00\x00\x00\x06\x00\
\x00\x00\x07Display\x07\x00\x00\x00\x04F\
orm\x01\x03\x00\x00\x01*\x00D\x00o\x00c\x00\
u\x00m\x00e\x00n\x00t\x00a\x00t\x00i\x00\
o\x00n\x00 \x00o\x00p\x00e\x00n\x00s\x00\
 \x00i\x00n\x00 \x00a\x00 \x00d\x00o\x00\
c\x00k\x00a\x00b\x00l\x00e\x00 \x00d\x00\
i\x00a\x00l\x00o\x00g\x00 \x00w\x00i\x00\
t\x00h\x00i\x00n\x00 \x00F\x00r\x00e\x00\
e\x00C\x00A\x00D\x00,\x00 \x00a\x00l\x00\
l\x00o\x00w\x00i\x00n\x00g\x00 \x00s\x00\
i\x00m\x00u\x00l\x00t\x00a\x00n\x00e\x00\
o\x00u\x00s\x00 \x00w\x00o\x00r\x00k\x00\
 \x00i\x00n\x00 \x00t\x00h\x00e\x00 \x00\
3\x00D\x00 \x00v\x00i\x00e\x00w\x00.\x00\
\x0a\x00R\x00e\x00q\x00u\x00i\x00r\x00e\x00\
s\x00 \x00t\x00h\x00e\x00 \x00P\x00y\x00\
S\x00i\x00d\x00e\x00 \x00Q\x00t\x00W\x00\
e\x00b\x00e\x00n\x00g\x00i\x00n\x00e\x00\
W\x00i\x00d\x00g\x00e\x00t\x00s\x00 \x00\
c\x00o\x00m\x00p\x00o\x00n\x00e\x00n\x00\
t\x00.\x08\x00\x00\x00\x00\x06\x00\x00\x00\x95Doc\
umentation opens\
 in a dockable d\
ialog within Fre\
eCAD, allowing s\
imultaneous work\
 in the 3D view.\
\x0aRequires the Py\
Side QtWebengine\
Widgets componen\
t.\x07\x00\x00\x00\x04Form\x01\x03\x00\x00\x00\
\xb2\x00F\x00e\x00t\x00c\x00h\x00e\x00s\x00\
 \x00t\x00h\x00e\x00 \x00d\x00o\x00c\x00\
u\x00m\x00e\x00n\x00t\x00a\x00t\x00i\x00\
o\x00n\x00 \x00f\x00r\x00o\x00m\x00 \x00\
p\x00a\x00g\x00e\x00s\x00 \x00r\x00e\x00\
n\x00d\x00e\x00r\x00e\x00d\x00 \x00o\x00\
n\x00 \x00G\x00i\x00t\x00H\x00u\x00b\x00\
.\x00\x0a\x00T\x00h\x00i\x00s\x00 \x00i\x00\
s\x00 \x00c\x00u\x00r\x00r\x00e\x00n\x00\
t\x00l\x00y\x00 \x00n\x00o\x00t\x00 \x00\
a\x00v\x00a\x00i\x00l\x00a\x00b\x00l\x00\
e\x00.\x08\x00\x00\x00\x00\x06\x00\x00\x00YFet\
ches the documen\
tation from page\
s rendered on Gi\
tHub.\x0aThis is cu\
rrently not avai\
lable.\x07\x00\x00\x00\x04Form\x01\
\x03\x00\x00\x00,\x00F\x00r\x00e\x00e\x00C\x00\
A\x00D\x00 \x00W\x00i\x00k\x00i\x00 \x00\
(\x00s\x00p\x00l\x00e\x00t\x00n\x00a\x00\
)\x08\x00\x00\x00\x00\x06\x00\x00\x00\x15FreeC\
AD Wiki (online)\
\x07\x00\x00\x00\x04Form\x01\x03\x00\x00\x00 \x00\
G\x00i\x00t\x00H\x00u\x00b\x00 \x00(\x00\
s\x00p\x00l\x00e\x00t\x00n\x00o\x00)\x08\
\x00\x00\x00\x00\x06\x00\x00\x00\x0fGitHub \
(online)\x07\x00\x00\x00\x04For\
m\x01\x03\x00\x00\x00\x0a\x00P\x00o\x00m\x00o\x01\
\x0d\x08\x00\x00\x00\x00\x06\x00\x00\x00\x04Help\x07\
\x00\x00\x00\x04Form\x01\x03\x00\x00\x00*\x00V\
\x00 \x00F\x00r\x00e\x00e\x00C\x00A\x00D\
\x00o\x00v\x00e\x00m\x00 \x00z\x00a\x00v\
\x00i\x00h\x00k\x00u\x08\x00\x00\x00\x00\x06\x00\x00\
\x00\x10In a FreeCAD t\
ab\x07\x00\x00\x00\x04Form\x01\x03\x00\x00\x00\
F\x00V\x00 \x00l\x00o\x01\x0d\x00e\x00n\x00\
e\x00m\x00,\x00 \x00v\x00d\x00e\x00l\x00\
a\x00n\x00e\x00m\x00 \x00p\x00o\x00g\x00\
o\x00v\x00o\x00r\x00n\x00e\x00m\x00 \x00\
o\x00k\x00n\x00u\x08\x00\x00\x00\x00\x06\x00\x00\x00\
 In a separate, \
embeddable dialo\
g\x07\x00\x00\x00\x04Form\x01\x03\x00\x00\x004\
\x00I\x00n\x00 \x00t\x00h\x00e\x00 \x00d\
\x00e\x00f\x00a\x00u\x00l\x00t\x00 \x00w\
\x00e\x00b\x00 \x00b\x00r\x00o\x00w\x00s\
\x00e\x00r\x08\x00\x00\x00\x00\x06\x00\x00\x00\x1aIn\
 the default web\
 browser\x07\x00\x00\x00\x04For\
m\x01\x03\x00\x00\x00:\x00R\x00a\x00z\x00l\x00\
i\x01\x0d\x00i\x00c\x00a\x00 \x00M\x00a\x00\
r\x00k\x00d\x00o\x00w\x00n\x00a\x00 \x00\
(\x00s\x00p\x00l\x00e\x00t\x00n\x00a\x00\
)\x08\x00\x00\x00\x00\x06\x00\x00\x00\x19Markd\
own version (onl\
ine)\x07\x00\x00\x00\x04Form\x01\x03\x00\
\x00\x01\x18\x00N\x00o\x00t\x00e\x00:\x00 \x00\
i\x00f\x00 \x00P\x00y\x00S\x00i\x00d\x00\
e\x00 \x00W\x00e\x00b\x00 \x00c\x00o\x00\
m\x00p\x00o\x00n\x00e\x00n\x00t\x00s\x00\
 \x00a\x00r\x00e\x00 \x00n\x00o\x00t\x00\
 \x00f\x00o\x00u\x00n\x00d\x00 \x00o\x00\
n\x00 \x00t\x00h\x00e\x00 \x00s\x00y\x00\
s\x00t\x00e\x00m\x00,\x00 \x00h\x00e\x00\
l\x00p\x00 \x00p\x00a\x00g\x00e\x00s\x00\
 \x00w\x00i\x00l\x00l\x00 \x00o\x00p\x00\
e\x00n\x00 \x00i\x00n\x00 \x00t\x00h\x00\
e\x00 \x00d\x00e\x00f\x00a\x00u\x00l\x00\
t\x00 \x00w\x00e\x00b\x00 \x00b\x00r\x00\
o\x00w\x00s\x00e\x00r\x00 \x00r\x00e\x00\
g\x00a\x00r\x00d\x00l\x00e\x00s\x00s\x00\
 \x00o\x00f\x00 \x00t\x00h\x00e\x00 \x00\
o\x00p\x00t\x00i\x00o\x00n\x00s\x00 \x00\
b\x00e\x00l\x00o\x00w\x00.\x08\x00\x00\x00\x00\
\x06\x00\x00\x00\x8cNote: if Py\
Side Web compone\
nts are not foun\
d on the system,\
 help pages will\
 open in the def\
ault web browser\
 regardless of t\
he options below\
.\x07\x00\x00\x00\x04Form\x01\x03\x00\x00\x00\x10\
\x00M\x00o\x01~\x00n\x00o\x00s\x00t\x00i\
\x08\x00\x00\x00\x00\x06\x00\x00\x00\x07Option\
s\x07\x00\x00\x00\x04Form\x01\x03\x00\x00\x02\xae\
\x00S\x00e\x00t\x00 \x00t\x00h\x00i\x00s\
\x00 \x00t\x00o\x00 \x00a\x00 \x00c\x00u\
\x00s\x00t\x00o\x00m\x00 \x00U\x00R\x00L\
\x00 \x00o\x00r\x00 \x00t\x00h\x00e\x00 \
\x00f\x00o\x00l\x00d\x00e\x00r\x00 \x00w\
\x00h\x00e\x00r\x00e\x00 \x00t\x00h\x00e\
\x00 \x00h\x00e\x00l\x00p\x00 \x00f\x00i\
\x00l\x00e\x00s\x00 \x00a\x00r\x00e\x00 \
\x00l\x00o\x00c\x00a\x00t\x00e\x00d\x00.\
\x00\x0a\x00D\x00o\x00c\x00u\x00m\x00e\x00n\
\x00t\x00a\x00t\x00i\x00o\x00n\x00 \x00c\
\x00a\x00n\x00 \x00b\x00e\x00 \x00d\x00o\
\x00w\x00n\x00l\x00o\x00a\x00d\x00e\x00d\
\x00 \x00f\x00o\x00r\x00 \x00o\x00f\x00f\
\x00l\x00i\x00n\x00e\x00 \x00u\x00s\x00e\
\x00 \x00v\x00i\x00a\x00 \x00t\x00h\x00e\
\x00 \x00A\x00d\x00d\x00o\x00n\x00 \x00M\
\x00a\x00n\x00a\x00g\x00e\x00r\x00 \x00a\
\x00n\x00d\x00 \x00i\x00n\x00s\x00t\x00a\
\x00l\x00l\x00i\x00n\x00g\x00 \x00t\x00h\
\x00e\x00\x0a\x00\x22\x00o\x00f\x00f\x00l\x00i\
\x00n\x00e\x00-\x00d\x00o\x00c\x00u\x00m\
\x00e\x00n\x00t\x00a\x00t\x00i\x00o\x00n\
\x00\x22\x00 \x00a\x00d\x00d\x00o\x00n\x00.\
\x00 \x00I\x00f\x00 \x00t\x00h\x00i\x00s\
\x00 \x00f\x00i\x00e\x00l\x00d\x00 \x00i\
\x00s\x00 \x00l\x00e\x00f\x00t\x00 \x00b\
\x00l\x00a\x00n\x00k\x00,\x00 \x00F\x00r\
\x00e\x00e\x00C\x00A\x00D\x00 \x00w\x00i\
\x00l\x00l\x00\x0a\x00a\x00u\x00t\x00o\x00m\
\x00a\x00t\x00i\x00c\x00a\x00l\x00l\x00y\
\x00 \x00s\x00e\x00a\x00r\x00c\x00h\x00 \
\x00f\x00o\x00r\x00 \x00t\x00h\x00e\x00 \
\x00h\x00e\x00l\x00p\x00 \x00f\x00i\x00l\
\x00e\x00s\x00 \x00a\x00t\x00 \x00t\x00h\
\x00e\x00 \x00d\x00e\x00f\x00a\x00u\x00l\
\x00t\x00 \x00l\x00o\x00c\x00a\x00t\x00i\
\x00o\x00n\x00\x0a\x00(\x00$\x00U\x00S\x00E\
\x00R\x00A\x00P\x00P\x00D\x00A\x00T\x00A\
\x00D\x00I\x00R\x00/\x00M\x00o\x00d\x00/\
\x00o\x00f\x00f\x00l\x00i\x00n\x00e\x00-\
\x00d\x00o\x00c\x00u\x00m\x00e\x00n\x00t\
\x00a\x00t\x00i\x00o\x00n\x00)\x00.\x08\x00\
\x00\x00\x00\x06\x00\x00\x01WSet this\
 to a custom URL\
 or the folder w\
here the help fi\
les are located.\
\x0aDocumentation c\
an be downloaded\
 for offline use\
 via the Addon M\
anager and insta\
lling the\x0a\x22offli\
ne-documentation\
\x22 addon. If this\
 field is left b\
lank, FreeCAD wi\
ll\x0aautomatically\
 search for the \
help files at th\
e default locati\
on\x0a($USERAPPDATA\
DIR/Mod/offline-\
documentation).\x07\
\x00\x00\x00\x04Form\x01\x03\x00\x00\x02\xda\x00T\
\x00u\x00k\x00a\x00j\x00 \x00n\x00a\x00s\
\x00t\x00a\x00v\x00i\x00t\x00e\x00,\x00 \
\x01\x0d\x00e\x00 \x01~\x00e\x00l\x00i\x00t\
\x00e\x00 \x00p\x00o\x00 \x00m\x00e\x00r\
\x00i\x00 \x00d\x00o\x00l\x00o\x01\x0d\x00i\
\x00t\x00i\x00 \x00s\x00p\x00l\x00e\x00t\
\x00n\x00i\x00 \x00n\x00a\x00s\x00l\x00o\
\x00v\x00 \x00a\x00l\x00i\x00 \x00m\x00a\
\x00p\x00o\x00 \x00z\x00 \x00d\x00a\x00t\
\x00o\x00t\x00e\x00k\x00a\x00m\x00i\x00 \
\x00p\x00o\x00m\x00o\x01\x0d\x00i\x00.\x00\x0a\
\x00S\x00 \x00p\x00o\x00m\x00o\x01\x0d\x00j\
\x00o\x00 \x00U\x00p\x00r\x00a\x00v\x00l\
\x00j\x00a\x00l\x00n\x00i\x00k\x00a\x00 \
\x00d\x00o\x00d\x00a\x00t\x00k\x00o\x00v\
\x00 \x00l\x00a\x00h\x00k\x00o\x00 \x00z\
\x00a\x00 \x00n\x00e\x00s\x00p\x00l\x00e\
\x00t\x00n\x00o\x00 \x00u\x00p\x00o\x00r\
\x00a\x00b\x00o\x00 \x00e\x00n\x00o\x00s\
\x00t\x00a\x00v\x00n\x00o\x00 \x00p\x00r\
\x00e\x00n\x00e\x00s\x00e\x00t\x00e\x00\x0a\
\x00d\x00o\x00k\x00u\x00m\x00e\x00n\x00t\
\x00a\x00c\x00i\x00j\x00o\x00 \x00i\x00n\
\x00 \x00n\x00a\x00m\x00e\x00s\x00t\x00i\
\x00t\x00e\x00 \x00d\x00o\x00d\x00a\x00t\
\x00e\x00k\x00 \x00\x22\x00n\x00e\x00s\x00p\
\x00l\x00e\x00t\x00n\x00a\x00 \x00d\x00o\
\x00k\x00u\x00m\x00e\x00n\x00t\x00a\x00c\
\x00i\x00j\x00a\x00\x22\x00.\x00 \x01\x0c\x00e\
\x00 \x00t\x00o\x00 \x00p\x00o\x00l\x00j\
\x00e\x00\x0a\x00p\x00u\x00s\x00t\x00i\x00t\
\x00e\x00 \x00p\x00r\x00a\x00z\x00n\x00o\
\x00,\x00 \x00b\x00o\x00 \x00F\x00r\x00e\
\x00e\x00C\x00A\x00D\x00 \x00s\x00a\x00m\
\x00o\x00d\x00e\x00j\x00n\x00o\x00 \x00i\
\x00s\x00k\x00a\x00l\x00 \x00d\x00a\x00t\
\x00o\x00t\x00e\x00k\x00e\x00 \x00p\x00o\
\x00m\x00o\x01\x0d\x00i\x00 \x00n\x00a\x00\x0a\
\x00p\x00r\x00i\x00v\x00z\x00e\x00t\x00e\
\x00m\x00 \x00m\x00e\x00s\x00t\x00u\x00 \
\x00(\x00$\x00U\x00S\x00E\x00R\x00A\x00P\
\x00P\x00D\x00A\x00T\x00A\x00D\x00I\x00R\
\x00/\x00M\x00o\x00d\x00/\x00o\x00f\x00f\
\x00l\x00i\x00n\x00e\x00-\x00d\x00o\x00c\
\x00u\x00m\x00e\x00n\x00t\x00a\x00t\x00i\
\x00o\x00n\x00)\x00.\x08\x00\x00\x00\x00\x06\x00\x00\
\x01fSet this to a \
custom URL or th\
e folder where t\
he help files ar\
e located.\x0aYou c\
an easily downlo\
ad the documenta\
tion for offline\
 use by using th\
e Addon\x0aManager \
and installing t\
he \x22offline-docu\
mentation\x22 addon\
. If this\x0afield \
is left blank, F\
reeCAD will auto\
matically search\
 for the help fi\
les at\x0athe defau\
lt location ($US\
ERAPPDATADIR/Mod\
/offline-documen\
tation).\x07\x00\x00\x00\x04For\
m\x01\x03\x00\x00\x00\x06\x00V\x00i\x00r\x08\x00\x00\
\x00\x00\x06\x00\x00\x00\x06Source\x07\x00\x00\
\x00\x04Form\x01\x03\x00\x00\x00\xf0\x00S\x00p\
\x00e\x00c\x00i\x00f\x00y\x00 \x00t\x00h\
\x00e\x00 \x00p\x00a\x00t\x00h\x00 \x00t\
\x00o\x00 \x00a\x00n\x00 \x00a\x00l\x00t\
\x00e\x00r\x00n\x00a\x00t\x00i\x00v\x00e\
\x00 \x00C\x00S\x00S\x00 \x00f\x00i\x00l\
\x00e\x00 \x00f\x00o\x00r\x00 \x00s\x00t\
\x00y\x00l\x00i\x00n\x00g\x00 \x00M\x00a\
\x00r\x00k\x00d\x00o\x00w\x00n\x00 \x00p\
\x00a\x00g\x00e\x00s\x00.\x00\x0a\x00T\x00h\
\x00i\x00s\x00 \x00o\x00n\x00l\x00y\x00 \
\x00a\x00p\x00p\x00l\x00i\x00e\x00s\x00 \
\x00i\x00f\x00 \x00M\x00a\x00r\x00k\x00d\
\x00o\x00w\x00n\x00 \x00i\x00s\x00 \x00s\
\x00e\x00l\x00e\x00c\x00t\x00e\x00d\x00 \
\x00a\x00b\x00o\x00v\x00e\x00.\x08\x00\x00\x00\
\x00\x06\x00\x00\x00xSpecify th\
e path to an alt\
ernative CSS fil\
e for styling Ma\
rkdown pages.\x0aTh\
is only applies \
if Markdown is s\
elected above.\x07\x00\
\x00\x00\x04Form\x01\x03\x00\x00\x02\x5c\x00S\x00\
t\x00r\x00a\x00n\x00i\x00 \x00d\x00o\x00\
k\x00u\x00m\x00e\x00n\x00t\x00a\x00c\x00\
i\x00j\x00e\x00 \x00s\x00e\x00 \x00p\x00\
r\x00i\x00d\x00o\x00b\x00i\x00j\x00o\x00\
 \x00s\x00 \x00s\x00a\x00m\x00o\x00d\x00\
e\x00j\x00n\x00o\x00 \x00M\x00a\x00r\x00\
k\x00d\x00o\x00w\x00n\x00o\x00v\x00o\x00\
 \x00p\x00r\x00e\x00t\x00v\x00o\x00r\x00\
b\x00o\x00 \x00F\x00r\x00e\x00e\x00C\x00\
A\x00D\x00o\x00v\x00e\x00 \x00v\x00i\x00\
k\x00i\x00s\x00t\x00r\x00a\x00n\x00i\x00\
,\x00\x0a\x00k\x00i\x00 \x00g\x00o\x00s\x00\
t\x00u\x00j\x00e\x00 \x00n\x00a\x00 \x00\
F\x00r\x00e\x00e\x00C\x00A\x00D\x00o\x00\
v\x00e\x00m\x00 \x00G\x00i\x00t\x00H\x00\
u\x00b\x00 \x00r\x00a\x01\x0d\x00u\x00n\x00\
u\x00.\x00 \x00S\x00 \x00s\x00p\x00o\x00\
d\x00n\x00j\x00i\x00m\x00i\x00 \x00s\x00\
l\x00o\x00g\x00o\x00v\x00n\x00i\x00k\x00\
i\x00 \x00p\x00o\x00 \x00m\x00e\x00r\x00\
i\x00 \x00s\x00e\x00 \x00l\x00a\x00h\x00\
k\x00o\x00 \x00\x0a\x00s\x00l\x00o\x01~\x00\
i\x00 \x00i\x00z\x00i\x00r\x00i\x00s\x00\
 \x00s\x00t\x00r\x00a\x00n\x00i\x00,\x00\
 \x00d\x00a\x00 \x00j\x00e\x00 \x00l\x00\
e\x00p\x01a\x00i\x00,\x00 \x00k\x00o\x00\
t\x00 \x00n\x00a\x00 \x00v\x00i\x00k\x00\
i\x00s\x00t\x00r\x00a\x00n\x00i\x00.\x00\
 \x00Z\x00a\x00 \x00b\x00o\x00l\x00j\x01\
a\x00i\x00 \x00u\x01\x0d\x00i\x00n\x00e\x00\
k\x00 \x00j\x00e\x00 \x00t\x00r\x00e\x00\
b\x00a\x00 \x00n\x00a\x00m\x00e\x00s\x00\
t\x00i\x00t\x00i\x00 \x00\x0a\x00p\x00y\x00\
t\x00h\x00o\x00n\x00o\x00v\x00 \x00m\x00\
o\x00d\x00u\x00l\x00 \x00\x22\x00M\x00a\x00\
r\x00k\x00d\x00o\x00w\x00n\x00\x22\x00 \x00\
a\x00l\x00i\x00 \x00\x22\x00P\x00a\x00n\x00\
d\x00o\x00c\x00\x22\x00.\x08\x00\x00\x00\x00\x06\x00\
\x00\x012The documenta\
tion pages will \
be fetched from \
an automatic Mar\
kdown conversion\
\x0aof the FreeCAD \
wiki,hosted on F\
reeCAD's GitHub \
account. This ca\
n be styled with\
 a\x0acustom styles\
heet below and c\
an look nicer th\
an the wiki opti\
on. The 'Markdow\
n' or\x0a'Pandoc' P\
ython module sho\
uld be installed\
 for optimal res\
ults.\x07\x00\x00\x00\x04Form\x01\x03\
\x00\x00\x00\xbc\x00S\x00t\x00r\x00a\x00n\x00i\
\x00 \x00z\x00 \x00d\x00o\x00k\x00u\x00m\
\x00e\x00n\x00t\x00a\x00c\x00i\x00j\x00o\
\x00 \x00s\x00e\x00 \x00p\x00r\x00i\x00d\
\x00o\x00b\x00i\x00v\x00a\x00 \x00z\x00 \
\x00u\x00r\x00a\x00d\x00n\x00e\x00\x0a\x00F\
\x00r\x00e\x00e\x00C\x00A\x00D\x00o\x00v\
\x00e\x00 \x00v\x00i\x00k\x00i\x00s\x00t\
\x00r\x00a\x00n\x00i\x00 \x00n\x00a\x00 \
\x00h\x00t\x00t\x00p\x00s\x00:\x00/\x00/\
\x00w\x00i\x00k\x00i\x00.\x00f\x00r\x00e\
\x00e\x00c\x00a\x00d\x00.\x00o\x00r\x00g\
\x08\x00\x00\x00\x00\x06\x00\x00\x00aThe do\
cumentation page\
s will be fetche\
d from the offic\
ial\x0aFreeCADwiki \
at https://wiki.\
freecad.org\x07\x00\x00\x00\x04\
Form\x01\x03\x00\x00\x00\xfa\x00T\x00h\x00e\
\x00 \x00d\x00o\x00c\x00u\x00m\x00e\x00n\
\x00t\x00a\x00t\x00i\x00o\x00n\x00 \x00w\
\x00i\x00l\x00l\x00 \x00o\x00p\x00e\x00n\
\x00 \x00i\x00n\x00 \x00a\x00 \x00n\x00e\
\x00w\x00 \x00t\x00a\x00b\x00 \x00i\x00n\
\x00s\x00i\x00d\x00e\x00 \x00t\x00h\x00e\
\x00 \x00F\x00r\x00e\x00e\x00C\x00A\x00D\
\x00 \x00i\x00n\x00t\x00e\x00r\x00f\x00a\
\x00c\x00e\x00.\x00 \x00T\x00h\x00i\x00s\
\x00 \x00r\x00e\x00q\x00u\x00i\x00r\x00e\
\x00s\x00 \x00t\x00h\x00e\x00 \x00P\x00y\
\x00S\x00i\x00d\x00e\x00 \x00Q\x00t\x00W\
\x00e\x00b\x00e\x00n\x00g\x00i\x00n\x00e\
\x00W\x00i\x00d\x00g\x00e\x00t\x00s\x00 \
\x00c\x00o\x00m\x00p\x00o\x00n\x00e\x00n\
\x00t\x00.\x08\x00\x00\x00\x00\x06\x00\x00\x00}Th\
e documentation \
will open in a n\
ew tab inside th\
e FreeCAD interf\
ace. This requir\
es the PySide Qt\
WebengineWidgets\
 component.\x07\x00\x00\x00\x04\
Form\x01\x03\x00\x00\x00l\x00T\x00h\x00e\
\x00 \x00d\x00o\x00c\x00u\x00m\x00e\x00n\
\x00t\x00a\x00t\x00i\x00o\x00n\x00 \x00w\
\x00i\x00l\x00l\x00 \x00o\x00p\x00e\x00n\
\x00 \x00i\x00n\x00 \x00t\x00h\x00e\x00 \
\x00d\x00e\x00f\x00a\x00u\x00l\x00t\x00 \
\x00w\x00e\x00b\x00 \x00b\x00r\x00o\x00w\
\x00s\x00e\x00r\x08\x00\x00\x00\x00\x06\x00\x00\x006\
The documentatio\
n will open in t\
he default web b\
rowser\x07\x00\x00\x00\x04Form\x01\
\x03\x00\x00\x00$\x00T\x00r\x00a\x00n\x00s\x00\
l\x00a\x00t\x00i\x00o\x00n\x00 \x00s\x00\
u\x00f\x00f\x00i\x00x\x08\x00\x00\x00\x00\x06\x00\
\x00\x00\x12Translation s\
uffix\x07\x00\x00\x00\x04Form\x01\x03\
\x00\x00\x00\xe6\x00C\x00o\x00n\x00t\x00e\x00n\
\x00t\x00s\x00 \x00f\x00o\x00r\x00 \x00t\
\x00h\x00i\x00s\x00 \x00p\x00a\x00g\x00e\
\x00 \x00c\x00o\x00u\x00l\x00d\x00 \x00n\
\x00o\x00t\x00 \x00b\x00e\x00 \x00r\x00e\
\x00t\x00r\x00i\x00e\x00v\x00e\x00d\x00.\
\x00 \x00P\x00l\x00e\x00a\x00s\x00e\x00 \
\x00c\x00h\x00e\x00c\x00k\x00 \x00s\x00e\
\x00t\x00t\x00i\x00n\x00g\x00s\x00 \x00u\
\x00n\x00d\x00e\x00r\x00 \x00m\x00e\x00n\
\x00u\x00 \x00E\x00d\x00i\x00t\x00 !\x92\
\x00 \x00P\x00r\x00e\x00f\x00e\x00r\x00e\
\x00n\x00c\x00e\x00s\x00 !\x92\x00 \x00G\
\x00e\x00n\x00e\x00r\x00a\x00l\x00 !\x92\
\x00 \x00H\x00e\x00l\x00p\x08\x00\x00\x00\x00\x06\
\x00\x00\x00yContents for\
 this page could\
 not be retrieve\
d. Please check \
settings under m\
enu Edit \xe2\x86\x92 Pre\
ferences \xe2\x86\x92 Gen\
eral \xe2\x86\x92 Help\x07\x00\x00\
\x00\x04Help\x01\x03\x00\x00\x00\x0a\x00P\x00o\
\x00m\x00o\x01\x0d\x08\x00\x00\x00\x00\x06\x00\x00\x00\x04\
Help\x07\x00\x00\x00\x04Help\x01\x03\x00\
\x00\x00\xe2\x00H\x00e\x00l\x00p\x00 \x00f\x00\
i\x00l\x00e\x00s\x00 \x00l\x00o\x00c\x00\
a\x00t\x00i\x00o\x00n\x00 \x00c\x00o\x00\
u\x00l\x00d\x00 \x00n\x00o\x00t\x00 \x00\
b\x00e\x00 \x00d\x00e\x00t\x00e\x00r\x00\
m\x00i\x00n\x00e\x00d\x00.\x00 \x00P\x00\
l\x00e\x00a\x00s\x00e\x00 \x00c\x00h\x00\
e\x00c\x00k\x00 \x00s\x00e\x00t\x00t\x00\
i\x00n\x00g\x00s\x00 \x00u\x00n\x00d\x00\
e\x00r\x00 \x00m\x00e\x00n\x00u\x00 \x00\
E\x00d\x00i\x00t\x00 !\x92\x00 \x00P\x00\
r\x00e\x00f\x00e\x00r\x00e\x00n\x00c\x00\
e\x00s\x00 !\x92\x00 \x00G\x00e\x00n\x00\
e\x00r\x00a\x00l\x00 !\x92\x00 \x00H\x00\
e\x00l\x00p\x08\x00\x00\x00\x00\x06\x00\x00\x00wH\
elp files locati\
on could not be \
determined. Plea\
se check setting\
s under menu Edi\
t \xe2\x86\x92 Preference\
s \xe2\x86\x92 General \xe2\x86\
\x92 Help\x07\x00\x00\x00\x04Help\x01\
\x03\x00\x00\x00\x9c\x00P\x00y\x00S\x00i\x00d\x00\
e\x00 \x00Q\x00t\x00W\x00e\x00b\x00e\x00\
n\x00g\x00i\x00n\x00e\x00W\x00i\x00d\x00\
g\x00e\x00t\x00s\x00 \x00m\x00o\x00d\x00\
u\x00l\x00 \x00n\x00i\x00 \x00n\x00a\x00\
 \x00v\x00o\x00l\x00j\x00o\x00.\x00 \x00\
P\x00o\x00m\x00o\x01\x0d\x00 \x00i\x00z\x00\
p\x00i\x00s\x00u\x00j\x00e\x00 \x00s\x00\
i\x00s\x00t\x00e\x00m\x00o\x00v\x00 \x00\
b\x00r\x00s\x00k\x00a\x00l\x00n\x00i\x00\
k\x08\x00\x00\x00\x00\x06\x00\x00\x00aPySid\
e QtWebEngineWid\
gets module is n\
ot available. He\
lp rendering is \
done with the sy\
stem browser\x07\x00\x00\x00\
\x04Help\x01\x03\x00\x00\x01~\x00N\x00a\x00\
 \x00v\x00a\x01a\x00e\x00m\x00 \x00s\x00\
i\x00s\x00t\x00e\x00m\x00u\x00 \x00n\x00\
i\x00 \x00n\x00a\x00m\x00e\x01a\x01\x0d\x00\
e\x00n\x00e\x00g\x00a\x00 \x00n\x00o\x00\
b\x00e\x00n\x00e\x00g\x00a\x00 \x00i\x00\
z\x00r\x00i\x00s\x00o\x00v\x00a\x00l\x00\
n\x00i\x00k\x00a\x00 \x00M\x00a\x00r\x00\
k\x00d\x00o\x00w\x00n\x00a\x00,\x00 \x00\
z\x00a\x00t\x00o\x00 \x00j\x00e\x00 \x00\
s\x00t\x00r\x00a\x00n\x00 \x00p\x00o\x00\
m\x00o\x01\x0d\x00i\x00 \x00p\x00r\x00i\x00\
k\x00a\x00z\x00a\x00n\x00a\x00 \x00t\x00\
a\x00k\x00o\x00,\x00 \x00k\x00o\x00t\x00\
 \x00j\x00e\x00.\x00 \x00Z\x00a\x00 \x00\
i\x00z\x00b\x00o\x00l\x00j\x01a\x00a\x00\
n\x00j\x00e\x00 \x00i\x00z\x00r\x00i\x00\
s\x00o\x00v\x00a\x00n\x00j\x00a\x00 \x00\
t\x00e\x00 \x00s\x00t\x00r\x00a\x00n\x00\
i\x00 \x00n\x00a\x00m\x00e\x00s\x00t\x00\
i\x00t\x00e\x00 \x00m\x00o\x00d\x00u\x00\
l\x00 \x00M\x00a\x00r\x00k\x00d\x00o\x00\
w\x00n\x00 \x00a\x00l\x00i\x00 \x00P\x00\
a\x00n\x00d\x00o\x00c\x00 \x00P\x00y\x00\
t\x00h\x00o\x00n\x00.\x08\x00\x00\x00\x00\x06\x00\
\x00\x00\xb8There is no M\
arkdown renderer\
 installed on yo\
ur system, so th\
is help page is \
rendered as is. \
Please install t\
he Markdown or P\
andoc Python mod\
ules to improve \
the rendering of\
 this page.\x07\x00\x00\x00\x04\
Help\x01\x03\x00\x00\x00\x0e\x00S\x00p\x00l\
\x00o\x01a\x00n\x00o\x08\x00\x00\x00\x00\x06\x00\x00\
\x00\x07General\x07\x00\x00\x00\x07QO\
bject\x01\x88\x00\x00\x00\x09!\x01\xff!\x02\
\xff$\x03\x04\
\x00\x00\x1f\xd5\
<\
\xb8d\x18\xca\xef\x9c\x95\xcd!\x1c\xbf`\xa1\xbd\xdd\xa7\
\x00\x00\x00\x06val-ESB\x00\x00\x00\xe8\x00\
\x04\xec0\x00\x00\x03\x0d\x00\x04\xec0\x00\x00\x19~\x01\
8!.\x00\x00\x0b$\x01\x82\xc62\x00\x00\x1b\x1a\x01\
\xea\x04\x84\x00\x00\x10\x0f\x04\x1e\xf1\x82\x00\x00\x034\x04\
Dm9\x00\x00\x02o\x04\x89?'\x00\x00\x03}\x04\
\xde1)\x00\x00\x04`\x05j\x8b*\x00\x00\x00\x00\x05\
\xa6\xc8\x95\x00\x00\x0a\xfd\x05\xf5D^\x00\x00\x13\xf5\x06\
\x19\xd5\x90\x00\x00\x18\x03\x06p~\x04\x00\x00\x12h\x06\
{\x06\x03\x00\x00\x06\x84\x09\x1c\x10\x80\x00\x00\x19\xa5\x09\
\x82\xac\xae\x00\x00\x00\xbf\x09\xb7\x0c\xba\x00\x00\x00a\x09\
\xe6\xba\xae\x00\x00\x14\xb6\x0auc\xd7\x00\x00\x0e\xd3\x0b\
\x0ar\xc9\x00\x00\x025\x0b\xe1\xcb\x8e\x00\x00\x15\xf8\x0d\
Q}\xf2\x00\x00\x03\xf6\x0d\xc4\xc8<\x00\x00\x1e\x97\x0e\
*j\xae\x00\x00\x1cV\x0ek8\x9e\x00\x00\x06\xb2\x0e\
\xca\x08\x89\x00\x00\x02\xc7\x0f-\x13\xae\x00\x00\x01\xef\x0f\
8s\xa7\x00\x00\x04\xc4i\x00\x00\x1e\xc8\x03\x00\x00\x00\
0\x00 \x00 \x00 \x00 \x00 \x00 \x00C\x00\
u\x00s\x00t\x00o\x00m\x00 \x00s\x00t\x00\
y\x00l\x00e\x00s\x00h\x00e\x00e\x00t\x00\
:\x08\x00\x00\x00\x00\x06\x00\x00\x00\x18     \
 Custom styleshe\
et:\x07\x00\x00\x00\x04Form\x01\x03\x00\x00\
\x00.\x00 \x00 \x00 \x00 \x00T\x00r\x00a\
\x00n\x00s\x00l\x00a\x00t\x00i\x00o\x00n\
\x00 \x00s\x00u\x00f\x00f\x00i\x00x\x00:\
\x08\x00\x00\x00\x00\x06\x00\x00\x00\x17    Tr\
anslation suffix\
:\x07\x00\x00\x00\x04Form\x01\x03\x00\x00\x00\xba\
\x00A\x00 \x00t\x00r\x00a\x00n\x00s\x00l\
\x00a\x00t\x00i\x00o\x00n\x00 \x00s\x00u\
\x00f\x00f\x00i\x00x\x00 \x00t\x00o\x00 \
\x00u\x00s\x00e\x00,\x00 \x00f\x00o\x00r\
\x00 \x00e\x00x\x00a\x00m\x00p\x00l\x00e\
\x00 \x00\x22\x00f\x00r\x00\x22\x00\x0a\x00t\x00o\
\x00 \x00g\x00e\x00t\x00 \x00F\x00r\x00e\
\x00n\x00c\x00h\x00 \x00t\x00r\x00a\x00n\
\x00s\x00l\x00a\x00t\x00i\x00o\x00n\x00 \
\x00o\x00f\x00 \x00t\x00h\x00e\x00 \x00d\
\x00o\x00c\x00u\x00m\x00e\x00n\x00t\x00a\
\x00t\x00i\x00o\x00n\x00.\x08\x00\x00\x00\x00\x06\
\x00\x00\x00]A translatio\
n suffix to use,\
 for example \x22fr\
\x22\x0ato get French \
translation of t\
he documentation\
.\x07\x00\x00\x00\x04Form\x01\x03\x00\x00\x00\x1e\
\x00C\x00u\x00s\x00t\x00o\x00m\x00 \x00l\
\x00o\x00c\x00a\x00t\x00i\x00o\x00n\x08\x00\
\x00\x00\x00\x06\x00\x00\x00\x0fCustom l\
ocation\x07\x00\x00\x00\x04Form\
\x01\x03\x00\x00\x00\x1a\x00V\x00i\x00s\x00u\x00a\
\x00l\x00i\x00t\x00z\x00a\x00c\x00i\x00\xf3\
\x08\x00\x00\x00\x00\x06\x00\x00\x00\x07Displa\
y\x07\x00\x00\x00\x04Form\x01\x03\x00\x00\x00*\
\x00F\x00r\x00e\x00e\x00C\x00A\x00D\x00 \
\x00W\x00i\x00k\x00i\x00 \x00(\x00o\x00n\
\x00l\x00i\x00n\x00e\x00)\x08\x00\x00\x00\x00\x06\
\x00\x00\x00\x15FreeCAD Wiki\
 (online)\x07\x00\x00\x00\x04Fo\
rm\x01\x03\x00\x00\x00\x1e\x00G\x00i\x00t\x00H\
\x00u\x00b\x00 \x00(\x00o\x00n\x00l\x00i\
\x00n\x00e\x00)\x08\x00\x00\x00\x00\x06\x00\x00\x00\x0f\
GitHub (online)\x07\
\x00\x00\x00\x04Form\x01\x03\x00\x00\x00\x0a\x00A\
\x00j\x00u\x00d\x00a\x08\x00\x00\x00\x00\x06\x00\x00\
\x00\x04Help\x07\x00\x00\x00\x04Form\x01\
\x03\x00\x00\x00 \x00I\x00n\x00 \x00a\x00 \x00\
F\x00r\x00e\x00e\x00C\x00A\x00D\x00 \x00\
t\x00a\x00b\x08\x00\x00\x00\x00\x06\x00\x00\x00\x10I\
n a FreeCAD tab\x07\
\x00\x00\x00\x04Form\x01\x03\x00\x00\x00@\x00I\
\x00n\x00 \x00a\x00 \x00s\x00e\x00p\x00a\
\x00r\x00a\x00t\x00e\x00,\x00 \x00e\x00m\
\x00b\x00e\x00d\x00d\x00a\x00b\x00l\x00e\
\x00 \x00d\x00i\x00a\x00l\x00o\x00g\x08\x00\
\x00\x00\x00\x06\x00\x00\x00 In a sep\
arate, embeddabl\
e dialog\x07\x00\x00\x00\x04For\
m\x01\x03\x00\x00\x006\x00I\x00n\x00 \x00y\x00\
o\x00u\x00r\x00 \x00d\x00e\x00f\x00a\x00\
u\x00l\x00t\x00 \x00w\x00e\x00b\x00 \x00\
b\x00r\x00o\x00w\x00s\x00e\x00r\x08\x00\x00\
\x00\x00\x06\x00\x00\x00\x1bIn your d\
efault web brows\
er\x07\x00\x00\x00\x04Form\x01\x03\x00\x00\x00\
2\x00M\x00a\x00r\x00k\x00d\x00o\x00w\x00\
n\x00 \x00v\x00e\x00r\x00s\x00i\x00o\x00\
n\x00 \x00(\x00o\x00n\x00l\x00i\x00n\x00\
e\x00)\x08\x00\x00\x00\x00\x06\x00\x00\x00\x19Mar\
kdown version (o\
nline)\x07\x00\x00\x00\x04Form\x01\
\x03\x00\x00\x01\x1a\x00N\x00o\x00t\x00e\x00:\x00\
 \x00i\x00f\x00 \x00P\x00y\x00S\x00i\x00\
d\x00e\x00 \x00W\x00e\x00b\x00 \x00c\x00\
o\x00m\x00p\x00o\x00n\x00e\x00n\x00t\x00\
s\x00 \x00a\x00r\x00e\x00 \x00n\x00o\x00\
t\x00 \x00f\x00o\x00u\x00n\x00d\x00 \x00\
o\x00n\x00 \x00y\x00o\x00u\x00r\x00 \x00\
s\x00y\x00s\x00t\x00e\x00m\x00,\x00 \x00\
h\x00e\x00l\x00p\x00 \x00p\x00a\x00g\x00\
e\x00s\x00 \x00w\x00i\x00l\x00l\x00 \x00\
o\x00p\x00e\x00n\x00 \x00i\x00n\x00 \x00\
y\x00o\x00u\x00r\x00 \x00d\x00e\x00f\x00\
a\x00u\x00l\x00t\x00 \x00w\x00e\x00b\x00\
 \x00b\x00r\x00o\x00w\x00s\x00e\x00r\x00\
 \x00r\x00e\x00g\x00a\x00r\x00d\x00l\x00\
e\x00s\x00s\x00 \x00o\x00f\x00 \x00t\x00\
h\x00e\x00 \x00o\x00p\x00t\x00i\x00o\x00\
n\x00s\x00 \x00b\x00e\x00l\x00o\x00w\x08\
\x00\x00\x00\x00\x06\x00\x00\x00\x8dNote: i\
f PySide Web com\
ponents are not \
found on your sy\
stem, help pages\
 will open in yo\
ur default web b\
rowser regardles\
s of the options\
 below\x07\x00\x00\x00\x04Form\x01\
\x03\x00\x00\x00\x0e\x00O\x00p\x00c\x00i\x00o\x00\
n\x00s\x08\x00\x00\x00\x00\x06\x00\x00\x00\x07Opt\
ions\x07\x00\x00\x00\x04Form\x01\x03\x00\
\x00\x02\xcc\x00S\x00e\x00t\x00 \x00t\x00h\x00\
i\x00s\x00 \x00t\x00o\x00 \x00a\x00 \x00\
c\x00u\x00s\x00t\x00o\x00m\x00 \x00U\x00\
R\x00L\x00 \x00o\x00r\x00 \x00t\x00h\x00\
e\x00 \x00f\x00o\x00l\x00d\x00e\x00r\x00\
 \x00w\x00h\x00e\x00r\x00e\x00 \x00t\x00\
h\x00e\x00 \x00h\x00e\x00l\x00p\x00 \x00\
f\x00i\x00l\x00e\x00s\x00 \x00a\x00r\x00\
e\x00 \x00l\x00o\x00c\x00a\x00t\x00e\x00\
d\x00.\x00\x0a\x00Y\x00o\x00u\x00 \x00c\x00\
a\x00n\x00 \x00e\x00a\x00s\x00i\x00l\x00\
y\x00 \x00d\x00o\x00w\x00n\x00l\x00o\x00\
a\x00d\x00 \x00t\x00h\x00e\x00 \x00d\x00\
o\x00c\x00u\x00m\x00e\x00n\x00t\x00a\x00\
t\x00i\x00o\x00n\x00 \x00f\x00o\x00r\x00\
 \x00o\x00f\x00f\x00l\x00i\x00n\x00e\x00\
 \x00u\x00s\x00e\x00 \x00b\x00y\x00 \x00\
u\x00s\x00i\x00n\x00g\x00 \x00t\x00h\x00\
e\x00 \x00A\x00d\x00d\x00o\x00n\x00\x0a\x00\
M\x00a\x00n\x00a\x00g\x00e\x00r\x00 \x00\
a\x00n\x00d\x00 \x00i\x00n\x00s\x00t\x00\
a\x00l\x00l\x00i\x00n\x00g\x00 \x00t\x00\
h\x00e\x00 \x00\x22\x00o\x00f\x00f\x00l\x00\
i\x00n\x00e\x00-\x00d\x00o\x00c\x00u\x00\
m\x00e\x00n\x00t\x00a\x00t\x00i\x00o\x00\
n\x00\x22\x00 \x00a\x00d\x00d\x00o\x00n\x00\
.\x00 \x00I\x00f\x00 \x00t\x00h\x00i\x00\
s\x00\x0a\x00f\x00i\x00e\x00l\x00d\x00 \x00\
i\x00s\x00 \x00l\x00e\x00f\x00t\x00 \x00\
b\x00l\x00a\x00n\x00k\x00,\x00 \x00F\x00\
r\x00e\x00e\x00C\x00A\x00D\x00 \x00w\x00\
i\x00l\x00l\x00 \x00a\x00u\x00t\x00o\x00\
m\x00a\x00t\x00i\x00c\x00a\x00l\x00l\x00\
y\x00 \x00s\x00e\x00a\x00r\x00c\x00h\x00\
 \x00f\x00o\x00r\x00 \x00t\x00h\x00e\x00\
 \x00h\x00e\x00l\x00p\x00 \x00f\x00i\x00\
l\x00e\x00s\x00 \x00a\x00t\x00\x0a\x00t\x00\
h\x00e\x00 \x00d\x00e\x00f\x00a\x00u\x00\
l\x00t\x00 \x00l\x00o\x00c\x00a\x00t\x00\
i\x00o\x00n\x00 \x00(\x00$\x00U\x00S\x00\
E\x00R\x00A\x00P\x00P\x00D\x00A\x00T\x00\
A\x00D\x00I\x00R\x00/\x00M\x00o\x00d\x00\
/\x00o\x00f\x00f\x00l\x00i\x00n\x00e\x00\
-\x00d\x00o\x00c\x00u\x00m\x00e\x00n\x00\
t\x00a\x00t\x00i\x00o\x00n\x00)\x00.\x08\
\x00\x00\x00\x00\x06\x00\x00\x01fSet thi\
s to a custom UR\
L or the folder \
where the help f\
iles are located\
.\x0aYou can easily\
 download the do\
cumentation for \
offline use by u\
sing the Addon\x0aM\
anager and insta\
lling the \x22offli\
ne-documentation\
\x22 addon. If this\
\x0afield is left b\
lank, FreeCAD wi\
ll automatically\
 search for the \
help files at\x0ath\
e default locati\
on ($USERAPPDATA\
DIR/Mod/offline-\
documentation).\x07\
\x00\x00\x00\x04Form\x01\x03\x00\x00\x00\x08\x00f\
\x00o\x00n\x00t\x08\x00\x00\x00\x00\x06\x00\x00\x00\x06\
Source\x07\x00\x00\x00\x04Form\x01\
\x03\x00\x00\x02d\x00T\x00h\x00e\x00 \x00d\x00\
o\x00c\x00u\x00m\x00e\x00n\x00t\x00a\x00\
t\x00i\x00o\x00n\x00 \x00p\x00a\x00g\x00\
e\x00s\x00 \x00w\x00i\x00l\x00l\x00 \x00\
b\x00e\x00 \x00f\x00e\x00t\x00c\x00h\x00\
e\x00d\x00 \x00f\x00r\x00o\x00m\x00 \x00\
a\x00n\x00 \x00a\x00u\x00t\x00o\x00m\x00\
a\x00t\x00i\x00c\x00 \x00M\x00a\x00r\x00\
k\x00d\x00o\x00w\x00n\x00 \x00c\x00o\x00\
n\x00v\x00e\x00r\x00s\x00i\x00o\x00n\x00\
\x0a\x00o\x00f\x00 \x00t\x00h\x00e\x00 \x00\
F\x00r\x00e\x00e\x00C\x00A\x00D\x00 \x00\
w\x00i\x00k\x00i\x00,\x00h\x00o\x00s\x00\
t\x00e\x00d\x00 \x00o\x00n\x00 \x00F\x00\
r\x00e\x00e\x00C\x00A\x00D\x00'\x00s\x00\
 \x00G\x00i\x00t\x00H\x00u\x00b\x00 \x00\
a\x00c\x00c\x00o\x00u\x00n\x00t\x00.\x00\
 \x00T\x00h\x00i\x00s\x00 \x00c\x00a\x00\
n\x00 \x00b\x00e\x00 \x00s\x00t\x00y\x00\
l\x00e\x00d\x00 \x00w\x00i\x00t\x00h\x00\
 \x00a\x00\x0a\x00c\x00u\x00s\x00t\x00o\x00\
m\x00 \x00s\x00t\x00y\x00l\x00e\x00s\x00\
h\x00e\x00e\x00t\x00 \x00b\x00e\x00l\x00\
o\x00w\x00 \x00a\x00n\x00d\x00 \x00c\x00\
a\x00n\x00 \x00l\x00o\x00o\x00k\x00 \x00\
n\x00i\x00c\x00e\x00r\x00 \x00t\x00h\x00\
a\x00n\x00 \x00t\x00h\x00e\x00 \x00w\x00\
i\x00k\x00i\x00 \x00o\x00p\x00t\x00i\x00\
o\x00n\x00.\x00 \x00T\x00h\x00e\x00 \x00\
'\x00M\x00a\x00r\x00k\x00d\x00o\x00w\x00\
n\x00'\x00 \x00o\x00r\x00\x0a\x00'\x00P\x00\
a\x00n\x00d\x00o\x00c\x00'\x00 \x00P\x00\
y\x00t\x00h\x00o\x00n\x00 \x00m\x00o\x00\
d\x00u\x00l\x00e\x00 \x00s\x00h\x00o\x00\
u\x00l\x00d\x00 \x00b\x00e\x00 \x00i\x00\
n\x00s\x00t\x00a\x00l\x00l\x00e\x00d\x00\
 \x00f\x00o\x00r\x00 \x00o\x00p\x00t\x00\
i\x00m\x00a\x00l\x00 \x00r\x00e\x00s\x00\
u\x00l\x00t\x00s\x00.\x08\x00\x00\x00\x00\x06\x00\
\x00\x012The documenta\
tion pages will \
be fetched from \
an automatic Mar\
kdown conversion\
\x0aof the FreeCAD \
wiki,hosted on F\
reeCAD's GitHub \
account. This ca\
n be styled with\
 a\x0acustom styles\
heet below and c\
an look nicer th\
an the wiki opti\
on. The 'Markdow\
n' or\x0a'Pandoc' P\
ython module sho\
uld be installed\
 for optimal res\
ults.\x07\x00\x00\x00\x04Form\x01\x03\
\x00\x00\x00\xc2\x00T\x00h\x00e\x00 \x00d\x00o\
\x00c\x00u\x00m\x00e\x00n\x00t\x00a\x00t\
\x00i\x00o\x00n\x00 \x00p\x00a\x00g\x00e\
\x00s\x00 \x00w\x00i\x00l\x00l\x00 \x00b\
\x00e\x00 \x00f\x00e\x00t\x00c\x00h\x00e\
\x00d\x00 \x00f\x00r\x00o\x00m\x00 \x00t\
\x00h\x00e\x00 \x00o\x00f\x00f\x00i\x00c\
\x00i\x00a\x00l\x00\x0a\x00F\x00r\x00e\x00e\
\x00C\x00A\x00D\x00w\x00i\x00k\x00i\x00 \
\x00a\x00t\x00 \x00h\x00t\x00t\x00p\x00s\
\x00:\x00/\x00/\x00w\x00i\x00k\x00i\x00.\
\x00f\x00r\x00e\x00e\x00c\x00a\x00d\x00.\
\x00o\x00r\x00g\x08\x00\x00\x00\x00\x06\x00\x00\x00a\
The documentatio\
n pages will be \
fetched from the\
 official\x0aFreeCA\
Dwiki at https:/\
/wiki.freecad.or\
g\x07\x00\x00\x00\x04Form\x01\x03\x00\x00\x01\x80\
\x00T\x00h\x00e\x00 \x00d\x00o\x00c\x00u\
\x00m\x00e\x00n\x00t\x00a\x00t\x00i\x00o\
\x00n\x00 \x00w\x00i\x00l\x00l\x00 \x00o\
\x00p\x00e\x00n\x00 \x00i\x00n\x00 \x00a\
\x00 \x00d\x00o\x00c\x00k\x00a\x00b\x00l\
\x00e\x00 \x00d\x00i\x00a\x00l\x00o\x00g\
\x00 \x00i\x00n\x00s\x00i\x00d\x00e\x00 \
\x00t\x00h\x00e\x00 \x00F\x00r\x00e\x00e\
\x00C\x00A\x00D\x00 \x00w\x00i\x00n\x00d\
\x00o\x00w\x00,\x00\x0a\x00w\x00h\x00i\x00c\
\x00h\x00 \x00a\x00l\x00l\x00o\x00w\x00s\
\x00 \x00y\x00o\x00u\x00 \x00t\x00o\x00 \
\x00k\x00e\x00e\x00p\x00 \x00i\x00t\x00 \
\x00o\x00p\x00e\x00n\x00 \x00w\x00h\x00i\
\x00l\x00e\x00 \x00w\x00o\x00r\x00k\x00i\
\x00n\x00g\x00 \x00i\x00n\x00 \x00t\x00h\
\x00e\x00 \x003\x00D\x00 \x00v\x00i\x00e\
\x00w\x00.\x00 \x00T\x00h\x00i\x00s\x00 \
\x00r\x00e\x00q\x00u\x00i\x00r\x00e\x00s\
\x00 \x00t\x00h\x00e\x00 \x00P\x00y\x00S\
\x00i\x00d\x00e\x00 \x00Q\x00t\x00W\x00e\
\x00b\x00e\x00n\x00g\x00i\x00n\x00e\x00W\
\x00i\x00d\x00g\x00e\x00t\x00s\x00 \x00c\
\x00o\x00m\x00p\x00o\x00n\x00e\x00n\x00t\
\x08\x00\x00\x00\x00\x06\x00\x00\x00\xc0The do\
cumentation will\
 open in a docka\
ble dialog insid\
e the FreeCAD wi\
ndow,\x0awhich allo\
ws you to keep i\
t open while wor\
king in the 3D v\
iew. This requir\
es the PySide Qt\
WebengineWidgets\
 component\x07\x00\x00\x00\x04F\
orm\x01\x03\x00\x00\x00\xf8\x00T\x00h\x00e\x00\
 \x00d\x00o\x00c\x00u\x00m\x00e\x00n\x00\
t\x00a\x00t\x00i\x00o\x00n\x00 \x00w\x00\
i\x00l\x00l\x00 \x00o\x00p\x00e\x00n\x00\
 \x00i\x00n\x00 \x00a\x00 \x00n\x00e\x00\
w\x00 \x00t\x00a\x00b\x00 \x00i\x00n\x00\
s\x00i\x00d\x00e\x00 \x00t\x00h\x00e\x00\
 \x00F\x00r\x00e\x00e\x00C\x00A\x00D\x00\
 \x00i\x00n\x00t\x00e\x00r\x00f\x00a\x00\
c\x00e\x00.\x00 \x00T\x00h\x00i\x00s\x00\
 \x00r\x00e\x00q\x00u\x00i\x00r\x00e\x00\
s\x00 \x00t\x00h\x00e\x00 \x00P\x00y\x00\
S\x00i\x00d\x00e\x00 \x00Q\x00t\x00W\x00\
e\x00b\x00e\x00n\x00g\x00i\x00n\x00e\x00\
W\x00i\x00d\x00g\x00e\x00t\x00s\x00 \x00\
c\x00o\x00m\x00p\x00o\x00n\x00e\x00n\x00\
t\x08\x00\x00\x00\x00\x06\x00\x00\x00|The d\
ocumentation wil\
l open in a new \
tab inside the F\
reeCAD interface\
. This requires \
the PySide QtWeb\
engineWidgets co\
mponent\x07\x00\x00\x00\x04Form\
\x01\x03\x00\x00\x00p\x00T\x00h\x00e\x00 \x00d\
\x00o\x00c\x00u\x00m\x00e\x00n\x00t\x00a\
\x00t\x00i\x00o\x00n\x00 \x00w\x00i\x00l\
\x00l\x00 \x00o\x00p\x00e\x00n\x00 \x00i\
\x00n\x00 \x00y\x00o\x00u\x00r\x00 \x00d\
\x00e\x00f\x00a\x00u\x00l\x00t\x00 \x00w\
\x00e\x00b\x00 \x00b\x00r\x00o\x00w\x00s\
\x00e\x00r\x00.\x08\x00\x00\x00\x00\x06\x00\x00\x008\
The documentatio\
n will open in y\
our default web \
browser.\x07\x00\x00\x00\x04For\
m\x01\x03\x00\x00\x00\xc6\x00T\x00h\x00i\x00s\x00\
 \x00w\x00i\x00l\x00l\x00 \x00f\x00e\x00\
t\x00c\x00h\x00 \x00t\x00h\x00e\x00 \x00\
d\x00o\x00c\x00u\x00m\x00e\x00n\x00t\x00\
a\x00t\x00i\x00o\x00n\x00 \x00f\x00r\x00\
o\x00m\x00 \x00p\x00a\x00g\x00e\x00s\x00\
 \x00r\x00e\x00n\x00d\x00e\x00r\x00e\x00\
d\x00 \x00o\x00n\x00 \x00G\x00i\x00t\x00\
H\x00u\x00b\x00.\x00\x0a\x00T\x00h\x00i\x00\
s\x00 \x00i\x00s\x00 \x00c\x00u\x00r\x00\
r\x00e\x00n\x00t\x00l\x00y\x00 \x00n\x00\
o\x00t\x00 \x00a\x00v\x00a\x00i\x00l\x00\
a\x00b\x00l\x00e\x00.\x00.\x00.\x08\x00\x00\
\x00\x00\x06\x00\x00\x00cThis will\
 fetch the docum\
entation from pa\
ges rendered on \
GitHub.\x0aThis is \
currently not av\
ailable...\x07\x00\x00\x00\x04F\
orm\x01\x03\x00\x00\x01L\x00Y\x00o\x00u\x00\
 \x00c\x00a\x00n\x00 \x00h\x00e\x00r\x00\
e\x00 \x00i\x00n\x00d\x00i\x00c\x00a\x00\
t\x00e\x00 \x00t\x00h\x00e\x00 \x00p\x00\
a\x00t\x00h\x00 \x00t\x00o\x00 \x00a\x00\
n\x00 \x00a\x00l\x00t\x00e\x00r\x00n\x00\
a\x00t\x00i\x00v\x00e\x00 \x00C\x00S\x00\
S\x00 \x00f\x00i\x00l\x00e\x00 \x00t\x00\
o\x00 \x00b\x00e\x00 \x00u\x00s\x00e\x00\
d\x00\x0a\x00t\x00o\x00 \x00s\x00t\x00y\x00\
l\x00e\x00 \x00t\x00h\x00e\x00 \x00M\x00\
a\x00r\x00k\x00d\x00o\x00w\x00n\x00 \x00\
p\x00a\x00g\x00e\x00s\x00.\x00 \x00T\x00\
h\x00i\x00s\x00 \x00w\x00i\x00l\x00l\x00\
 \x00o\x00n\x00l\x00y\x00 \x00w\x00o\x00\
r\x00k\x00 \x00i\x00f\x00 \x00y\x00o\x00\
u\x00 \x00h\x00a\x00v\x00e\x00 \x00s\x00\
e\x00l\x00e\x00c\x00t\x00e\x00d\x00 \x00\
t\x00h\x00e\x00\x0a\x00M\x00a\x00r\x00k\x00\
d\x00o\x00w\x00n\x00 \x00v\x00e\x00r\x00\
s\x00i\x00o\x00n\x00 \x00a\x00b\x00o\x00\
v\x00e\x00.\x08\x00\x00\x00\x00\x06\x00\x00\x00\xa6Y\
ou can here indi\
cate the path to\
 an alternative \
CSS file to be u\
sed\x0ato style the\
 Markdown pages.\
 This will only \
work if you have\
 selected the\x0aMa\
rkdown version a\
bove.\x07\x00\x00\x00\x04Form\x01\x03\
\x00\x00\x00\xec\x00C\x00o\x00n\x00t\x00e\x00n\
\x00t\x00s\x00 \x00f\x00o\x00r\x00 \x00t\
\x00h\x00i\x00s\x00 \x00p\x00a\x00g\x00e\
\x00 \x00c\x00o\x00u\x00l\x00d\x00 \x00n\
\x00o\x00t\x00 \x00b\x00e\x00 \x00r\x00e\
\x00t\x00r\x00i\x00e\x00v\x00e\x00d\x00.\
\x00 \x00P\x00l\x00e\x00a\x00s\x00e\x00 \
\x00c\x00h\x00e\x00c\x00k\x00 \x00s\x00e\
\x00t\x00t\x00i\x00n\x00g\x00s\x00 \x00u\
\x00n\x00d\x00e\x00r\x00 \x00m\x00e\x00n\
\x00u\x00 \x00E\x00d\x00i\x00t\x00 \x00-\
\x00>\x00 \x00P\x00r\x00e\x00f\x00e\x00r\
\x00e\x00n\x00c\x00e\x00s\x00 \x00-\x00>\
\x00 \x00G\x00e\x00n\x00e\x00r\x00a\x00l\
\x00 \x00-\x00>\x00 \x00H\x00e\x00l\x00p\
\x08\x00\x00\x00\x00\x06\x00\x00\x00vConten\
ts for this page\
 could not be re\
trieved. Please \
check settings u\
nder menu Edit -\
> Preferences ->\
 General -> Help\
\x07\x00\x00\x00\x04Help\x01\x03\x00\x00\x00\x0a\x00\
A\x00j\x00u\x00d\x00a\x08\x00\x00\x00\x00\x06\x00\
\x00\x00\x04Help\x07\x00\x00\x00\x04Help\
\x01\x03\x00\x00\x00\xe8\x00H\x00e\x00l\x00p\x00 \
\x00f\x00i\x00l\x00e\x00s\x00 \x00l\x00o\
\x00c\x00a\x00t\x00i\x00o\x00n\x00 \x00c\
\x00o\x00u\x00l\x00d\x00 \x00n\x00o\x00t\
\x00 \x00b\x00e\x00 \x00d\x00e\x00t\x00e\
\x00r\x00m\x00i\x00n\x00e\x00d\x00.\x00 \
\x00P\x00l\x00e\x00a\x00s\x00e\x00 \x00c\
\x00h\x00e\x00c\x00k\x00 \x00s\x00e\x00t\
\x00t\x00i\x00n\x00g\x00s\x00 \x00u\x00n\
\x00d\x00e\x00r\x00 \x00m\x00e\x00n\x00u\
\x00 \x00E\x00d\x00i\x00t\x00 \x00-\x00>\
\x00 \x00P\x00r\x00e\x00f\x00e\x00r\x00e\
\x00n\x00c\x00e\x00s\x00 \x00-\x00>\x00 \
\x00G\x00e\x00n\x00e\x00r\x00a\x00l\x00 \
\x00-\x00>\x00 \x00H\x00e\x00l\x00p\x08\x00\
\x00\x00\x00\x06\x00\x00\x00tHelp fil\
es location coul\
d not be determi\
ned. Please chec\
k settings under\
 menu Edit -> Pr\
eferences -> Gen\
eral -> Help\x07\x00\x00\x00\
\x04Help\x01\x03\x00\x00\x00\xc2\x00P\x00y\x00\
S\x00i\x00d\x00e\x00 \x00Q\x00t\x00W\x00\
e\x00b\x00E\x00n\x00g\x00i\x00n\x00e\x00\
W\x00i\x00d\x00g\x00e\x00t\x00s\x00 \x00\
m\x00o\x00d\x00u\x00l\x00e\x00 \x00i\x00\
s\x00 \x00n\x00o\x00t\x00 \x00a\x00v\x00\
a\x00i\x00l\x00a\x00b\x00l\x00e\x00.\x00\
 \x00H\x00e\x00l\x00p\x00 \x00r\x00e\x00\
n\x00d\x00e\x00r\x00i\x00n\x00g\x00 \x00\
i\x00s\x00 \x00d\x00o\x00n\x00e\x00 \x00\
w\x00i\x00t\x00h\x00 \x00t\x00h\x00e\x00\
 \x00s\x00y\x00s\x00t\x00e\x00m\x00 \x00\
b\x00r\x00o\x00w\x00s\x00e\x00r\x08\x00\x00\
\x00\x00\x06\x00\x00\x00aPySide Qt\
WebEngineWidgets\
 module is not a\
vailable. Help r\
endering is done\
 with the system\
 browser\x07\x00\x00\x00\x04Hel\
p\x01\x03\x00\x00\x01p\x00T\x00h\x00e\x00r\x00\
e\x00 \x00i\x00s\x00 \x00n\x00o\x00 \x00\
M\x00a\x00r\x00k\x00d\x00o\x00w\x00n\x00\
 \x00r\x00e\x00n\x00d\x00e\x00r\x00e\x00\
r\x00 \x00i\x00n\x00s\x00t\x00a\x00l\x00\
l\x00e\x00d\x00 \x00o\x00n\x00 \x00y\x00\
o\x00u\x00r\x00 \x00s\x00y\x00s\x00t\x00\
e\x00m\x00,\x00 \x00s\x00o\x00 \x00t\x00\
h\x00i\x00s\x00 \x00h\x00e\x00l\x00p\x00\
 \x00p\x00a\x00g\x00e\x00 \x00i\x00s\x00\
 \x00r\x00e\x00n\x00d\x00e\x00r\x00e\x00\
d\x00 \x00a\x00s\x00 \x00i\x00s\x00.\x00\
 \x00P\x00l\x00e\x00a\x00s\x00e\x00 \x00\
i\x00n\x00s\x00t\x00a\x00l\x00l\x00 \x00\
t\x00h\x00e\x00 \x00M\x00a\x00r\x00k\x00\
d\x00o\x00w\x00n\x00 \x00o\x00r\x00 \x00\
P\x00a\x00n\x00d\x00o\x00c\x00 \x00P\x00\
y\x00t\x00h\x00o\x00n\x00 \x00m\x00o\x00\
d\x00u\x00l\x00e\x00s\x00 \x00t\x00o\x00\
 \x00i\x00m\x00p\x00r\x00o\x00v\x00e\x00\
 \x00t\x00h\x00e\x00 \x00r\x00e\x00n\x00\
d\x00e\x00r\x00i\x00n\x00g\x00 \x00o\x00\
f\x00 \x00t\x00h\x00i\x00s\x00 \x00p\x00\
a\x00g\x00e\x00.\x08\x00\x00\x00\x00\x06\x00\x00\x00\
\xb8There is no Mar\
kdown renderer i\
nstalled on your\
 system, so this\
 help page is re\
ndered as is. Pl\
ease install the\
 Markdown or Pan\
doc Python modul\
es to improve th\
e rendering of t\
his page.\x07\x00\x00\x00\x04He\
lp\x01\x03\x00\x00\x00\x0e\x00G\x00e\x00n\x00e\
\x00r\x00a\x00l\x08\x00\x00\x00\x00\x06\x00\x00\x00\x07\
General\x07\x00\x00\x00\x07QObj\
ect\x01\
"

qt_resource_name = b"\
\x00\x0c\
\x0d\xfc\x11\x13\
\x00t\
\x00r\x00a\x00n\x00s\x00l\x00a\x00t\x00i\x00o\x00n\x00s\
\x00\x0d\
\x08\x9e\xa9\x1d\
\x00H\
\x00e\x00l\x00p\x00_\x00s\x00r\x00-\x00C\x00S\x00.\x00q\x00m\
\x00\x0a\
\x06U\xcd\x1d\
\x00H\
\x00e\x00l\x00p\x00_\x00e\x00n\x00.\x00q\x00m\
\x00\x0a\
\x06Q\xdd\x1d\
\x00H\
\x00e\x00l\x00p\x00_\x00b\x00e\x00.\x00q\x00m\
\x00\x0a\
\x06V\x8d\x1d\
\x00H\
\x00e\x00l\x00p\x00_\x00h\x00r\x00.\x00q\x00m\
\x00\x0a\
\x06U\x9d\x1d\
\x00H\
\x00e\x00l\x00p\x00_\x00f\x00i\x00.\x00q\x00m\
\x00\x0a\
\x06j\xad\x1d\
\x00H\
\x00e\x00l\x00p\x00_\x00l\x00t\x00.\x00q\x00m\
\x00\x0a\
\x06S\xbd\x1d\
\x00H\
\x00e\x00l\x00p\x00_\x00c\x00s\x00.\x00q\x00m\
\x00\x0a\
\x06b\x8d\x1d\
\x00H\
\x00e\x00l\x00p\x00_\x00t\x00r\x00.\x00q\x00m\
\x00\x0a\
\x06`\xfd\x1d\
\x00H\
\x00e\x00l\x00p\x00_\x00r\x00o\x00.\x00q\x00m\
\x00\x0a\
\x06m-\x1d\
\x00H\
\x00e\x00l\x00p\x00_\x00n\x00l\x00.\x00q\x00m\
\x00\x0a\
\x06b=\x1d\
\x00H\
\x00e\x00l\x00p\x00_\x00u\x00k\x00.\x00q\x00m\
\x00\x0a\
\x06V\xad\x1d\
\x00H\
\x00e\x00l\x00p\x00_\x00i\x00d\x00.\x00q\x00m\
\x00\x0a\
\x06T-\x1d\
\x00H\
\x00e\x00l\x00p\x00_\x00g\x00l\x00.\x00q\x00m\
\x00\x0a\
\x06o-\x1d\
\x00H\
\x00e\x00l\x00p\x00_\x00p\x00l\x00.\x00q\x00m\
\x00\x0a\
\x06Q\x1d\x1d\
\x00H\
\x00e\x00l\x00p\x00_\x00c\x00a\x00.\x00q\x00m\
\x00\x0d\
\x0b\x90\x9f\xdd\
\x00H\
\x00e\x00l\x00p\x00_\x00e\x00s\x00-\x00A\x00R\x00.\x00q\x00m\
\x00\x0a\
\x06V\xdd\x1d\
\x00H\
\x00e\x00l\x00p\x00_\x00h\x00u\x00.\x00q\x00m\
\x00\x0a\
\x06j\x1d\x1d\
\x00H\
\x00e\x00l\x00p\x00_\x00j\x00a\x00.\x00q\x00m\
\x00\x0a\
\x06i\x1d\x1d\
\x00H\
\x00e\x00l\x00p\x00_\x00k\x00a\x00.\x00q\x00m\
\x00\x0d\
\x06\x92\xda]\
\x00H\
\x00e\x00l\x00p\x00_\x00z\x00h\x00-\x00C\x00N\x00.\x00q\x00m\
\x00\x0a\
\x06k\xfd\x1d\
\x00H\
\x00e\x00l\x00p\x00_\x00k\x00o\x00.\x00q\x00m\
\x00\x0a\
\x06R-\x1d\
\x00H\
\x00e\x00l\x00p\x00_\x00e\x00l\x00.\x00q\x00m\
\x00\x0d\
\x0b\x9c\xaf\xdd\
\x00H\
\x00e\x00l\x00p\x00_\x00e\x00s\x00-\x00E\x00S\x00.\x00q\x00m\
\x00\x0a\
\x06U\xdd\x1d\
\x00H\
\x00e\x00l\x00p\x00_\x00e\x00u\x00.\x00q\x00m\
\x00\x0a\
\x06S\xdd\x1d\
\x00H\
\x00e\x00l\x00p\x00_\x00d\x00e\x00.\x00q\x00m\
\x00\x0d\
\x0a\xa3\xb8\xbd\
\x00H\
\x00e\x00l\x00p\x00_\x00p\x00t\x00-\x00P\x00T\x00.\x00q\x00m\
\x00\x0d\
\x04\xa1\xc9\x1d\
\x00H\
\x00e\x00l\x00p\x00_\x00s\x00v\x00-\x00S\x00E\x00.\x00q\x00m\
\x00\x0a\
\x06T\x1d\x1d\
\x00H\
\x00e\x00l\x00p\x00_\x00d\x00a\x00.\x00q\x00m\
\x00\x0d\
\x06\xafj]\
\x00H\
\x00e\x00l\x00p\x00_\x00z\x00h\x00-\x00T\x00W\x00.\x00q\x00m\
\x00\x0a\
\x06c\x8d\x1d\
\x00H\
\x00e\x00l\x00p\x00_\x00s\x00r\x00.\x00q\x00m\
\x00\x0a\
\x06m\xbd\x1d\
\x00H\
\x00e\x00l\x00p\x00_\x00m\x00s\x00.\x00q\x00m\
\x00\x0a\
\x06T\x8d\x1d\
\x00H\
\x00e\x00l\x00p\x00_\x00f\x00r\x00.\x00q\x00m\
\x00\x0a\
\x06i\xad\x1d\
\x00H\
\x00e\x00l\x00p\x00_\x00i\x00t\x00.\x00q\x00m\
\x00\x0d\
\x0a\x91\x98\xbd\
\x00H\
\x00e\x00l\x00p\x00_\x00p\x00t\x00-\x00B\x00R\x00.\x00q\x00m\
\x00\x0a\
\x06`\xdd\x1d\
\x00H\
\x00e\x00l\x00p\x00_\x00r\x00u\x00.\x00q\x00m\
\x00\x0a\
\x06`-\x1d\
\x00H\
\x00e\x00l\x00p\x00_\x00s\x00l\x00.\x00q\x00m\
\x00\x0e\
\x07v\xae=\
\x00H\
\x00e\x00l\x00p\x00_\x00v\x00a\x00l\x00-\x00E\x00S\x00.\x00q\x00m\
"

qt_resource_struct = b"\
\x00\x00\x00\x00\x00\x02\x00\x00\x00\x01\x00\x00\x00\x01\
\x00\x00\x01\x9d\x8e\xa2\x0c\xb0\
\x00\x00\x00\x00\x00\x02\x00\x00\x00%\x00\x00\x00\x02\
\x00\x00\x01\x9d\x8e\xa2\x0c\xb0\
\x00\x00\x02\xe0\x00\x00\x00\x00\x00\x01\x00\x03c\xca\
\x00\x00\x01\x9d\x8e\xa2\x0c\xb0\
\x00\x00\x01\x90\x00\x00\x00\x00\x00\x01\x00\x01\xc3\xe0\
\x00\x00\x01\x9d\x8e\xa2\x0c\xb0\
\x00\x00\x00X\x00\x00\x00\x00\x00\x01\x00\x00#\x1c\
\x00\x00\x01\x9d\x8e\xa2\x0c\xb0\
\x00\x00\x02R\x00\x00\x00\x00\x00\x01\x00\x02\xab\x80\
\x00\x00\x01\x9d\x8e\xa2\x0c\xb0\
\x00\x00\x00\xc0\x00\x00\x00\x00\x00\x01\x00\x00\xb0\xce\
\x00\x00\x01\x9d\x8e\xa2\x0c\xb0\
\x00\x00\x02\xa6\x00\x00\x00\x00\x00\x01\x00\x03\x1c\xb1\
\x00\x00\x01\x9d\x8e\xa2\x0c\xb0\
\x00\x00\x03\x00\x00\x00\x00\x00\x00\x01\x00\x03\x87'\
\x00\x00\x01\x9d\x8e\xa2\x0c\xb0\
\x00\x00\x01\x5c\x00\x00\x00\x00\x00\x01\x00\x01\x82\xf0\
\x00\x00\x01\x9d\x8e\xa2\x0c\xb0\
\x00\x00\x03n\x00\x00\x00\x00\x00\x01\x00\x04\x0as\
\x00\x00\x01\x9d\x8e\xa2\x0c\xb0\
\x00\x00\x00\x8c\x00\x00\x00\x00\x00\x01\x00\x00k\xe6\
\x00\x00\x01\x9d\x8e\xa2\x0c\xb0\
\x00\x00\x00>\x00\x00\x00\x00\x00\x01\x00\x00#\x08\
\x00\x00\x01\x9d\x8e\xa2\x0c\xb0\
\x00\x00\x02\x8c\x00\x00\x00\x00\x00\x01\x00\x02\xf9\xbb\
\x00\x00\x01\x9d\x8e\xa2\x0c\xb0\
\x00\x00\x00r\x00\x00\x00\x00\x00\x01\x00\x00Hm\
\x00\x00\x01\x9d\x8e\xa2\x0c\xb0\
\x00\x00\x01B\x00\x00\x00\x00\x00\x01\x00\x01e\xfb\
\x00\x00\x01\x9d\x8e\xa2\x0c\xb0\
\x00\x00\x01\xca\x00\x00\x00\x00\x00\x01\x00\x02\x10O\
\x00\x00\x01\x9d\x8e\xa2\x0c\xb0\
\x00\x00\x03\xdc\x00\x00\x00\x00\x00\x01\x00\x04\xa0?\
\x00\x00\x01\x9d\x8e\xa2\x0c\xb0\
\x00\x00\x03\xc2\x00\x00\x00\x00\x00\x01\x00\x04{&\
\x00\x00\x01\x9d\x8e\xa2\x0c\xb0\
\x00\x00\x00\xf4\x00\x00\x00\x00\x00\x01\x00\x00\xf7\xe5\
\x00\x00\x01\x9d\x8e\xa2\x0c\xb0\
\x00\x00\x01(\x00\x00\x00\x00\x00\x01\x00\x01B\x06\
\x00\x00\x01\x9d\x8e\xa2\x0c\xb0\
\x00\x00\x00\xda\x00\x00\x00\x00\x00\x01\x00\x00\xd3\xa8\
\x00\x00\x01\x9d\x8e\xa2\x0c\xb0\
\x00\x00\x03:\x00\x00\x00\x00\x00\x01\x00\x03\xc7\xb1\
\x00\x00\x01\x9d\x8e\xa2\x0c\xb0\
\x00\x00\x01\xfe\x00\x00\x00\x00\x00\x01\x00\x02N\xdf\
\x00\x00\x01\x9d\x8e\xa2\x0c\xb0\
\x00\x00\x03\x88\x00\x00\x00\x00\x00\x01\x00\x041W\
\x00\x00\x01\x9d\x8e\xa2\x0c\xb0\
\x00\x00\x01\xe4\x00\x00\x00\x00\x00\x01\x00\x024p\
\x00\x00\x01\x9d\x8e\xa2\x0c\xb0\
\x00\x00\x00\xa6\x00\x00\x00\x00\x00\x01\x00\x00\x8e\xd6\
\x00\x00\x01\x9d\x8e\xa2\x0c\xb0\
\x00\x00\x028\x00\x00\x00\x00\x00\x01\x00\x02\x89;\
\x00\x00\x01\x9d\x8e\xa2\x0c\xb0\
\x00\x00\x01\x0e\x00\x00\x00\x00\x00\x01\x00\x01\x1dN\
\x00\x00\x01\x9d\x8e\xa2\x0c\xb0\
\x00\x00\x03T\x00\x00\x00\x00\x00\x01\x00\x03\xea\xa4\
\x00\x00\x01\x9d\x8e\xa2\x0c\xb0\
\x00\x00\x01v\x00\x00\x00\x00\x00\x01\x00\x01\x9f\xb2\
\x00\x00\x01\x9d\x8e\xa2\x0c\xb0\
\x00\x00\x02\x18\x00\x00\x00\x00\x00\x01\x00\x02r\x15\
\x00\x00\x01\x9d\x8e\xa2\x0c\xb0\
\x00\x00\x03\x1a\x00\x00\x00\x00\x00\x01\x00\x03\xaa\xb9\
\x00\x00\x01\x9d\x8e\xa2\x0c\xb0\
\x00\x00\x03\xf6\x00\x00\x00\x00\x00\x01\x00\x04\xc2\xc8\
\x00\x00\x01\x9d\x8e\xa2\x0c\xb0\
\x00\x00\x00\x1e\x00\x00\x00\x00\x00\x01\x00\x00\x00\x00\
\x00\x00\x01\x9d\x8e\xa2\x0c\xb0\
\x00\x00\x03\xa2\x00\x00\x00\x00\x00\x01\x00\x04V-\
\x00\x00\x01\x9d\x8e\xa2\x0c\xb0\
\x00\x00\x02\xc0\x00\x00\x00\x00\x00\x01\x00\x03C\x03\
\x00\x00\x01\x9d\x8e\xa2\x0c\xb0\
\x00\x00\x01\xaa\x00\x00\x00\x00\x00\x01\x00\x01\xe9\xd0\
\x00\x00\x01\x9d\x8e\xa2\x0c\xb0\
\x00\x00\x02l\x00\x00\x00\x00\x00\x01\x00\x02\xd2\xb2\
\x00\x00\x01\x9d\x8e\xa2\x0c\xb0\
"

def qInitResources():
    QtCore.qRegisterResourceData(0x03, qt_resource_struct, qt_resource_name, qt_resource_data)

def qCleanupResources():
    QtCore.qUnregisterResourceData(0x03, qt_resource_struct, qt_resource_name, qt_resource_data)

qInitResources()
