# Resource object code (Python 3)
# Created by: object code
# Created by: The Resource Compiler for Qt version 6.8.3
# WARNING! All changes made in this file will be lost!

from PySide6 import QtCore

qt_resource_data = b"\
\x00\x00\x07\xe9\
<\
\xb8d\x18\xca\xef\x9c\x95\xcd!\x1c\xbf`\xa1\xbd\xdd\xa7\
\x00\x00\x00\x02kaB\x00\x00\x00\xb0\x00\x00V~\x00\
\x00\x03\x80\x00\x05\xb04\x00\x00\x056\x00\x06\x16]\x00\
\x00\x06\xd5\x01\xed(5\x00\x00\x00E\x02V:\xc2\x00\
\x00\x01\x82\x04\x0c!\x0e\x00\x00\x01 \x04\xc1e\x0e\x00\
\x00\x02B\x04\xc3i\x0c\x00\x00\x04M\x05\x96\xa8\xa5\x00\
\x00\x03\xbb\x05\x9c+\xa4\x00\x00\x04\xbe\x06,7%\x00\
\x00\x02\xba\x06\xb7*>\x00\x00\x00\x9d\x06\xc5\xf1\x13\x00\
\x00\x03\xfb\x07\xa1\xdd\xac\x00\x00\x05\xaf\x09Z$\xe5\x00\
\x00\x06M\x09\xf5\x00\x13\x00\x00\x05\xf0\x0adg\xe4\x00\
\x00\x00\x00\x0a\xbc\xb8\xf4\x00\x00\x06\x8a\x0bf;P\x00\
\x00\x05n\x0c\xbb\x01s\x00\x00\x04\xf8\x0f\xa7X\x85\x00\
\x00\x01\xea\x0f\xfbg.\x00\x00\x03\x07i\x00\x00\x07\x11\
\x03\x00\x00\x00\x16\x10\xd9\x10\xdd\x10\xdb\x10\xde\x10\xd0\x10\
\xe5\x10\xe2\x10\xe3\x10\xe0\x10\xd0\x10\xd3\x08\x00\x00\x00\x00\
\x06\x00\x00\x00\x07Compact\x07\x00\x00\x00\
\x13NavigationIndic\
ator\x01\x03\x00\x00\x00\x22\x10\xd7\x10\xd0\x10\xd5\
\x10\xd8\x10\xe1\x10\xe3\x10\xe4\x10\xd0\x10\xda\x10\xd8\x00 \
\x10\xd2\x10\xe0\x10\xe3\x10\xdc\x10\xe2\x10\xd8\x08\x00\x00\x00\
\x00\x06\x00\x00\x00\x0eFree Turnt\
able\x07\x00\x00\x00\x13Navigat\
ionIndicator\x01\x03\x00\x00\
\x00>\x10\xd7\x10\xd0\x10\xd2\x10\xe3\x10\xdc\x10\xd8\x10\xe1\
\x00 \x10\xe8\x10\xe3\x10\xd0\x00 \x10\xe6\x10\xd8\x10\xda\
\x10\xd0\x10\xd9\x10\xd8\x00 \x10\xd0\x10\xdc\x00 \x10\xe6\
\x10\xd8\x10\xda\x10\xd0\x10\xd9\x10\xd8\x00 \x00H\x00.\
\x08\x00\x00\x00\x00\x06\x00\x00\x00\x1dMiddle\
 mouse button or\
 H key.\x07\x00\x00\x00\x13Navi\
gationIndicator\x01\
\x03\x00\x00\x00&\x10\xd7\x10\xd0\x10\xd2\x10\xe3\x10\xdc\x10\
\xd8\x10\xe1\x00 \x10\xe8\x10\xe3\x10\xd0\x00 \x10\xe6\x10\
\xd8\x10\xda\x10\xd0\x10\xd9\x10\xd8\x00.\x08\x00\x00\x00\x00\
\x06\x00\x00\x00\x14Middle mous\
e button.\x07\x00\x00\x00\x13Na\
vigationIndicato\
r\x01\x03\x00\x00\x00,\x10\xdc\x10\xd0\x10\xd5\x10\xd8\x10\
\xd2\x10\xd0\x10\xea\x10\xd8\x10\xd8\x10\xe1\x00 \x10\xdb\x10\
\xd0\x10\xe9\x10\xd5\x10\xd4\x10\xdc\x10\xd4\x10\xd1\x10\xd4\x10\
\xda\x10\xd8\x08\x00\x00\x00\x00\x06\x00\x00\x00\x14Nav\
igation indicato\
r\x07\x00\x00\x00\x13Navigation\
Indicator\x01\x03\x00\x00\x00 \x10\
\xdc\x10\xd0\x10\xd5\x10\xd8\x10\xd2\x10\xd0\x10\xea\x10\xd8\x10\
\xd8\x10\xe1\x00 \x10\xe1\x10\xe2\x10\xd8\x10\xda\x10\xd8\x08\
\x00\x00\x00\x00\x06\x00\x00\x00\x10Navigat\
ion style\x07\x00\x00\x00\x13Na\
vigationIndicato\
r\x01\x03\x00\x00\x000\x10\xdc\x10\xd0\x10\xd5\x10\xd8\x10\
\xd2\x10\xd0\x10\xea\x10\xd8\x10\xd8\x10\xe1\x00 \x10\xe3\x10\
\xea\x10\xdc\x10\xdd\x10\xd1\x10\xd8\x00 \x10\xe1\x10\xe2\x10\
\xd8\x10\xda\x10\xd8\x00.\x08\x00\x00\x00\x00\x06\x00\x00\x00\
 Navigation styl\
e not recognized\
.\x07\x00\x00\x00\x13Navigation\
Indicator\x01\x03\x00\x00\x00\x1a\x10\
\xe2\x10\xe0\x10\xd8\x10\xd0\x10\xda\x10\xd8\x10\xe1\x00 \x10\
\xe1\x10\xe2\x10\xd8\x10\xda\x10\xd8\x08\x00\x00\x00\x00\x06\x00\
\x00\x00\x0bOrbit style\x07\x00\
\x00\x00\x13NavigationInd\
icator\x01\x03\x00\x00\x008\x10\xe6\x10\xd8\
\x10\xda\x10\xd0\x10\xd9\x10\xd4\x10\xd1\x10\xd8\x00 \x00P\
\x00a\x00g\x00e\x00U\x00p\x00 \x10\xd0\x10\xdc\
\x00 \x00P\x00a\x00g\x00e\x00D\x00o\x00w\
\x00n\x00.\x08\x00\x00\x00\x00\x06\x00\x00\x00\x19Pa\
ge Up or Page Do\
wn key.\x07\x00\x00\x00\x13Navi\
gationIndicator\x01\
\x03\x00\x00\x00\x10\x10\xde\x10\xd0\x10\xdc\x10\xdd\x10\xe0\x10\
\xd0\x10\xdb\x10\xd0\x08\x00\x00\x00\x00\x06\x00\x00\x00\x03P\
an\x07\x00\x00\x00\x13Navigatio\
nIndicator\x01\x03\x00\x00\x00\x12\
\x10\xe8\x10\xd4\x10\xd1\x10\xe0\x10\xe3\x10\xdc\x10\xd4\x10\xd1\
\x10\xd0\x08\x00\x00\x00\x00\x06\x00\x00\x00\x06Rota\
te\x07\x00\x00\x00\x13Navigatio\
nIndicator\x01\x03\x00\x00\x00\x1c\
\x10\xe2\x10\xe0\x10\xd8\x10\xd0\x10\xda\x10\xd8\x10\xe1\x00 \
\x10\xea\x10\xd4\x10\xdc\x10\xe2\x10\xe0\x10\xd8\x08\x00\x00\x00\
\x00\x06\x00\x00\x00\x0eRotation f\
ocus\x07\x00\x00\x00\x13Navigat\
ionIndicator\x01\x03\x00\x00\
\x00:\x10\xdb\x10\xdb\x10\xdd\x10\xdb\x10\xe0\x10\xd2\x10\xd5\
\x10\xd0\x10\xda\x10\xd4\x10\xd1\x10\xe3\x10\xda\x10\xd8\x00 \
\x10\xd1\x10\xe3\x10\xe0\x10\xd7\x10\xd8\x10\xe1\x00 \x10\xe1\
\x10\xd4\x10\xe5\x10\xe2\x10\xdd\x10\xe0\x10\xd8\x08\x00\x00\x00\
\x00\x06\x00\x00\x00\x0fRounded Ar\
cball\x07\x00\x00\x00\x13Naviga\
tionIndicator\x01\x03\x00\
\x00\x00\x0c\x10\xd0\x10\xe0\x10\xe9\x10\xd4\x10\xd5\x10\xd0\x08\
\x00\x00\x00\x00\x06\x00\x00\x00\x06Select\x07\
\x00\x00\x00\x13NavigationIn\
dicator\x01\x03\x00\x00\x00\x0e\x10\xdb\x10\
\xdd\x10\xe0\x10\xd2\x10\xd4\x10\xd1\x10\xd0\x08\x00\x00\x00\x00\
\x06\x00\x00\x00\x08Settings\x07\x00\x00\
\x00\x13NavigationIndi\
cator\x01\x03\x00\x00\x00\x0c\x10\xe2\x10\xe0\x10\
\xd8\x10\xd0\x10\xda\x10\xd8\x08\x00\x00\x00\x00\x06\x00\x00\x00\
\x04Tilt\x07\x00\x00\x00\x13Naviga\
tionIndicator\x01\x03\x00\
\x00\x00\x12\x10\xdb\x10\xd8\x10\xdc\x10\xd8\x10\xe8\x10\xdc\x10\
\xd4\x10\xd1\x10\xd0\x08\x00\x00\x00\x00\x06\x00\x00\x00\x07T\
ooltip\x07\x00\x00\x00\x13Navig\
ationIndicator\x01\x03\
\x00\x00\x00\x10\x10\xe2\x10\xe0\x10\xd4\x10\xd9\x10\xd1\x10\xdd\
\x10\xda\x10\xd8\x08\x00\x00\x00\x00\x06\x00\x00\x00\x09Tr\
ackball\x07\x00\x00\x00\x13Navi\
gationIndicator\x01\
\x03\x00\x00\x00$\x10\xd9\x10\xda\x10\xd0\x10\xe1\x10\xd8\x10\
\xd9\x10\xe3\x10\xe0\x10\xd8\x00 \x10\xe2\x10\xe0\x10\xd4\x10\
\xd9\x10\xd1\x10\xdd\x10\xda\x10\xd8\x08\x00\x00\x00\x00\x06\x00\
\x00\x00\x11Trackball Cla\
ssic\x07\x00\x00\x00\x13Navigat\
ionIndicator\x01\x03\x00\x00\
\x00\x0c\x10\xd2\x10\xe0\x10\xe3\x10\xdc\x10\xe2\x10\xd8\x08\x00\
\x00\x00\x00\x06\x00\x00\x00\x09Turntabl\
e\x07\x00\x00\x00\x13Navigation\
Indicator\x01\x03\x00\x00\x00\x1a\x10\
\xd2\x10\xd0\x10\xdc\x10\xe3\x10\xe1\x10\xd0\x10\xd6\x10\xe6\x10\
\xd5\x10\xe0\x10\xd4\x10\xda\x10\xd8\x08\x00\x00\x00\x00\x06\x00\
\x00\x00\x09Undefined\x07\x00\x00\x00\
\x13NavigationIndic\
ator\x01\x03\x00\x00\x00\x10\x10\xd2\x10\xd0\x10\xd3\
\x10\xd8\x10\xd3\x10\xd4\x10\xd1\x10\xd0\x08\x00\x00\x00\x00\x06\
\x00\x00\x00\x04Zoom\x07\x00\x00\x00\x13Nav\
igationIndicator\
\x01\x88\x00\x00\x00\x02\x01\x01\
\x00\x00\x07\xf7\
<\
\xb8d\x18\xca\xef\x9c\x95\xcd!\x1c\xbf`\xa1\xbd\xdd\xa7\
\x00\x00\x00\x02fiB\x00\x00\x00\xb0\x00\x00V~\x00\
\x00\x03\x98\x00\x05\xb04\x00\x00\x058\x00\x06\x16]\x00\
\x00\x06\xe5\x01\xed(5\x00\x00\x00;\x02V:\xc2\x00\
\x00\x01\x82\x04\x0c!\x0e\x00\x00\x01\x1e\x04\xc1e\x0e\x00\
\x00\x02:\x04\xc3i\x0c\x00\x00\x04e\x05\x96\xa8\xa5\x00\
\x00\x03\xd1\x05\x9c+\xa4\x00\x00\x04\xba\x06,7%\x00\
\x00\x02\xc2\x06\xb7*>\x00\x00\x00\x95\x06\xc5\xf1\x13\x00\
\x00\x04\x0d\x07\xa1\xdd\xac\x00\x00\x05\xaf\x09Z$\xe5\x00\
\x00\x06M\x09\xf5\x00\x13\x00\x00\x05\xf2\x0adg\xe4\x00\
\x00\x00\x00\x0a\xbc\xb8\xf4\x00\x00\x06\x96\x0bf;P\x00\
\x00\x05v\x0c\xbb\x01s\x00\x00\x04\xf6\x0f\xa7X\x85\x00\
\x00\x01\xe6\x0f\xfbg.\x00\x00\x03\x17i\x00\x00\x07\x1f\
\x03\x00\x00\x00\x0c\x00T\x00i\x00i\x00v\x00i\x00\
s\x08\x00\x00\x00\x00\x06\x00\x00\x00\x07Compa\
ct\x07\x00\x00\x00\x13Navigatio\
nIndicator\x01\x03\x00\x00\x00$\
\x00V\x00a\x00p\x00a\x00a\x00 \x00k\x00\xe4\
\x00\xe4\x00n\x00t\x00\xf6\x00a\x00l\x00u\x00s\
\x00t\x00a\x08\x00\x00\x00\x00\x06\x00\x00\x00\x0eFr\
ee Turntable\x07\x00\x00\x00\
\x13NavigationIndic\
ator\x01\x03\x00\x00\x00D\x00H\x00i\x00i\
\x00r\x00e\x00n\x00 \x00k\x00e\x00s\x00k\
\x00i\x00p\x00a\x00i\x00n\x00i\x00k\x00e\
\x00 \x00t\x00a\x00i\x00 \x00H\x00-\x00n\
\x00\xe4\x00p\x00p\x00\xe4\x00i\x00n\x00.\x08\x00\
\x00\x00\x00\x06\x00\x00\x00\x1dMiddle m\
ouse button or H\
 key.\x07\x00\x00\x00\x13Naviga\
tionIndicator\x01\x03\x00\
\x00\x00(\x00H\x00i\x00i\x00r\x00e\x00n\x00\
 \x00k\x00e\x00s\x00k\x00i\x00p\x00a\x00\
i\x00n\x00i\x00k\x00e\x00.\x08\x00\x00\x00\x00\
\x06\x00\x00\x00\x14Middle mous\
e button.\x07\x00\x00\x00\x13Na\
vigationIndicato\
r\x01\x03\x00\x00\x00(\x00N\x00a\x00v\x00i\x00\
g\x00a\x00t\x00i\x00o\x00n\x00 \x00i\x00\
n\x00d\x00i\x00c\x00a\x00t\x00o\x00r\x08\
\x00\x00\x00\x00\x06\x00\x00\x00\x14Navigat\
ion indicator\x07\x00\x00\
\x00\x13NavigationIndi\
cator\x01\x03\x00\x00\x00\x1c\x00S\x00i\x00\
i\x00r\x00t\x00y\x00m\x00i\x00s\x00t\x00\
y\x00y\x00l\x00i\x08\x00\x00\x00\x00\x06\x00\x00\x00\
\x10Navigation styl\
e\x07\x00\x00\x00\x13Navigation\
Indicator\x01\x03\x00\x00\x00@\x00\
N\x00a\x00v\x00i\x00g\x00o\x00i\x00n\x00\
t\x00i\x00t\x00y\x00y\x00l\x00i\x00\xe4\x00\
 \x00e\x00i\x00 \x00t\x00u\x00n\x00n\x00\
i\x00s\x00t\x00e\x00t\x00t\x00u\x00.\x08\
\x00\x00\x00\x00\x06\x00\x00\x00 Navigat\
ion style not re\
cognized.\x07\x00\x00\x00\x13Na\
vigationIndicato\
r\x01\x03\x00\x00\x00\x22\x00K\x00i\x00e\x00r\x00\
t\x00o\x00r\x00a\x00d\x00a\x00n\x00 \x00\
t\x00y\x00y\x00l\x00i\x08\x00\x00\x00\x00\x06\x00\
\x00\x00\x0bOrbit style\x07\x00\
\x00\x00\x13NavigationInd\
icator\x01\x03\x00\x00\x00@\x00P\x00a\
\x00g\x00e\x00 \x00U\x00p\x00-\x00 \x00t\
\x00a\x00i\x00 \x00P\x00a\x00g\x00e\x00 \
\x00D\x00o\x00w\x00n\x00 \x00-\x00n\x00\xe4\
\x00p\x00p\x00\xe4\x00i\x00n\x00.\x08\x00\x00\x00\
\x00\x06\x00\x00\x00\x19Page Up or\
 Page Down key.\x07\
\x00\x00\x00\x13NavigationIn\
dicator\x01\x03\x00\x00\x00\x0e\x00P\x00\
a\x00n\x00o\x00r\x00o\x00i\x08\x00\x00\x00\x00\
\x06\x00\x00\x00\x03Pan\x07\x00\x00\x00\x13Nav\
igationIndicator\
\x01\x03\x00\x00\x00\x0e\x00P\x00y\x00\xf6\x00r\x00i\
\x00t\x00\xe4\x08\x00\x00\x00\x00\x06\x00\x00\x00\x06Ro\
tate\x07\x00\x00\x00\x13Navigat\
ionIndicator\x01\x03\x00\x00\
\x00\x22\x00K\x00i\x00e\x00r\x00r\x00o\x00n\
\x00 \x00k\x00o\x00h\x00d\x00i\x00s\x00t\
\x00u\x00s\x08\x00\x00\x00\x00\x06\x00\x00\x00\x0eRo\
tation focus\x07\x00\x00\x00\
\x13NavigationIndic\
ator\x01\x03\x00\x00\x00\x1e\x00R\x00o\x00u\
\x00n\x00d\x00e\x00d\x00 \x00A\x00r\x00c\
\x00b\x00a\x00l\x00l\x08\x00\x00\x00\x00\x06\x00\x00\
\x00\x0fRounded Arcbal\
l\x07\x00\x00\x00\x13Navigation\
Indicator\x01\x03\x00\x00\x00\x0e\x00\
V\x00a\x00l\x00i\x00t\x00s\x00e\x08\x00\x00\
\x00\x00\x06\x00\x00\x00\x06Select\x07\x00\x00\
\x00\x13NavigationIndi\
cator\x01\x03\x00\x00\x00\x12\x00A\x00s\x00\
e\x00t\x00u\x00k\x00s\x00e\x00t\x08\x00\x00\
\x00\x00\x06\x00\x00\x00\x08Settings\x07\
\x00\x00\x00\x13NavigationIn\
dicator\x01\x03\x00\x00\x00\x12\x00K\x00\
a\x00l\x00l\x00i\x00s\x00t\x00u\x00s\x08\
\x00\x00\x00\x00\x06\x00\x00\x00\x04Tilt\x07\x00\x00\
\x00\x13NavigationIndi\
cator\x01\x03\x00\x00\x00\x0a\x00V\x00i\x00\
h\x00j\x00e\x08\x00\x00\x00\x00\x06\x00\x00\x00\x07T\
ooltip\x07\x00\x00\x00\x13Navig\
ationIndicator\x01\x03\
\x00\x00\x00\x12\x00T\x00r\x00a\x00c\x00k\x00b\
\x00a\x00l\x00l\x08\x00\x00\x00\x00\x06\x00\x00\x00\x09\
Trackball\x07\x00\x00\x00\x13Na\
vigationIndicato\
r\x01\x03\x00\x00\x00\x22\x00T\x00r\x00a\x00c\x00\
k\x00b\x00a\x00l\x00l\x00 \x00C\x00l\x00\
a\x00s\x00s\x00i\x00c\x08\x00\x00\x00\x00\x06\x00\
\x00\x00\x11Trackball Cla\
ssic\x07\x00\x00\x00\x13Navigat\
ionIndicator\x01\x03\x00\x00\
\x00\x18\x00L\x00e\x00v\x00y\x00p\x00y\x00\xf6\
\x00r\x00i\x00t\x00y\x00s\x08\x00\x00\x00\x00\x06\
\x00\x00\x00\x09Turntable\x07\x00\x00\
\x00\x13NavigationIndi\
cator\x01\x03\x00\x00\x00\x1e\x00M\x00\xe4\x00\
\xe4\x00r\x00i\x00t\x00t\x00e\x00l\x00e\x00\
m\x00\xe4\x00t\x00\xf6\x00n\x08\x00\x00\x00\x00\x06\x00\
\x00\x00\x09Undefined\x07\x00\x00\x00\
\x13NavigationIndic\
ator\x01\x03\x00\x00\x00\x0e\x00Z\x00o\x00o\
\x00m\x00a\x00u\x00s\x08\x00\x00\x00\x00\x06\x00\x00\
\x00\x04Zoom\x07\x00\x00\x00\x13Navig\
ationIndicator\x01\x88\
\x00\x00\x00\x02\x01\x01\
\x00\x00\x06\xb8\
<\
\xb8d\x18\xca\xef\x9c\x95\xcd!\x1c\xbf`\xa1\xbd\xdd\xa7\
\x00\x00\x00\x02jaB\x00\x00\x00\xb0\x00\x00V~\x00\
\x00\x02\xf2\x00\x05\xb04\x00\x00\x04>\x00\x06\x16]\x00\
\x00\x05\xb5\x01\xed(5\x00\x00\x009\x02V:\xc2\x00\
\x00\x010\x04\x0c!\x0e\x00\x00\x00\xe4\x04\xc1e\x0e\x00\
\x00\x01\xd8\x04\xc3i\x0c\x00\x00\x03\x91\x05\x96\xa8\xa5\x00\
\x00\x03!\x05\x9c+\xa4\x00\x00\x03\xd8\x06,7%\x00\
\x00\x02H\x06\xb7*>\x00\x00\x00\x83\x06\xc5\xf1\x13\x00\
\x00\x03S\x07\xa1\xdd\xac\x00\x00\x04\xab\x09Z$\xe5\x00\
\x00\x05?\x09\xf5\x00\x13\x00\x00\x04\xea\x0adg\xe4\x00\
\x00\x00\x00\x0a\xbc\xb8\xf4\x00\x00\x05~\x0bf;P\x00\
\x00\x04p\x0c\xbb\x01s\x00\x00\x04\x0a\x0f\xa7X\x85\x00\
\x00\x01\x8a\x0f\xfbg.\x00\x00\x02\x87i\x00\x00\x05\xe7\
\x03\x00\x00\x00\x0a0\xb30\xf30\xd10\xaf0\xc8\x08\
\x00\x00\x00\x00\x06\x00\x00\x00\x07Compact\
\x07\x00\x00\x00\x13NavigationI\
ndicator\x01\x03\x00\x00\x00\x140\xd5\
0\xea0\xfc0\xbf0\xfc0\xf30\xc60\xfc0\xd6\
0\xeb\x08\x00\x00\x00\x00\x06\x00\x00\x00\x0eFree\
 Turntable\x07\x00\x00\x00\x13N\
avigationIndicat\
or\x01\x03\x00\x00\x00\x1c0\xde0\xa60\xb9N-\
Y.0\xdc0\xbf0\xf30~0_0o\x00H\
0\xad0\xfc\x08\x00\x00\x00\x00\x06\x00\x00\x00\x1dMi\
ddle mouse butto\
n or H key.\x07\x00\x00\x00\x13\
NavigationIndica\
tor\x01\x03\x00\x00\x00\x100\xde0\xa60\xb9N\
-Y.0\xdc0\xbf0\xf3\x08\x00\x00\x00\x00\x06\x00\
\x00\x00\x14Middle mouse \
button.\x07\x00\x00\x00\x13Navi\
gationIndicator\x01\
\x03\x00\x00\x00\x1e0\xca0\xd30\xb20\xfc0\xb70\
\xe70\xf30\xfb0\xa40\xf30\xb80\xb10\xfc0\
\xbf0\xfc\x08\x00\x00\x00\x00\x06\x00\x00\x00\x14Nav\
igation indicato\
r\x07\x00\x00\x00\x13Navigation\
Indicator\x01\x03\x00\x00\x00\x160\
\xca0\xd30\xb20\xfc0\xb70\xe70\xf30\xb90\
\xbf0\xa40\xeb\x08\x00\x00\x00\x00\x06\x00\x00\x00\x10N\
avigation style\x07\
\x00\x00\x00\x13NavigationIn\
dicator\x01\x03\x00\x00\x00(0\xca0\
\xd30\xb20\xfc0\xb70\xe70\xf30\xb90\xbf0\
\xa40\xeb0L\x8a\x8d\x8bX0U0\x8c0~0\
[0\x930\x02\x08\x00\x00\x00\x00\x06\x00\x00\x00 N\
avigation style \
not recognized.\x07\
\x00\x00\x00\x13NavigationIn\
dicator\x01\x03\x00\x00\x00\x0c\x8e\xcc\x90\
S0\xb90\xbf0\xa40\xeb\x08\x00\x00\x00\x00\x06\x00\
\x00\x00\x0bOrbit style\x07\x00\
\x00\x00\x13NavigationInd\
icator\x01\x03\x00\x00\x00*\x00P\x00a\
\x00g\x00e\x00U\x00p0\xad0\xfc0~0_\
0o\x00P\x00a\x00g\x00e\x00D\x00o\x00w\
\x00n0\xad0\xfc\x08\x00\x00\x00\x00\x06\x00\x00\x00\x19\
Page Up or Page \
Down key.\x07\x00\x00\x00\x13Na\
vigationIndicato\
r\x01\x03\x00\x00\x00\x040\xd10\xf3\x08\x00\x00\x00\x00\
\x06\x00\x00\x00\x03Pan\x07\x00\x00\x00\x13Nav\
igationIndicator\
\x01\x03\x00\x00\x00\x04V\xde\x8e\xe2\x08\x00\x00\x00\x00\x06\
\x00\x00\x00\x06Rotate\x07\x00\x00\x00\x13N\
avigationIndicat\
or\x01\x03\x00\x00\x00\x08V\xde\x8e\xe2N-_\xc3\
\x08\x00\x00\x00\x00\x06\x00\x00\x00\x0eRotati\
on focus\x07\x00\x00\x00\x13Nav\
igationIndicator\
\x01\x03\x00\x00\x00\x10N8W\x8b0\xa20\xfc0\xaf\
0\xdc0\xfc0\xeb\x08\x00\x00\x00\x00\x06\x00\x00\x00\x0f\
Rounded Arcball\x07\
\x00\x00\x00\x13NavigationIn\
dicator\x01\x03\x00\x00\x00\x04\x90xb\
\x9e\x08\x00\x00\x00\x00\x06\x00\x00\x00\x06Selec\
t\x07\x00\x00\x00\x13Navigation\
Indicator\x01\x03\x00\x00\x00\x04\x8a\
-[\x9a\x08\x00\x00\x00\x00\x06\x00\x00\x00\x08Set\
tings\x07\x00\x00\x00\x13Naviga\
tionIndicator\x01\x03\x00\
\x00\x00\x060\xc10\xeb0\xc8\x08\x00\x00\x00\x00\x06\x00\
\x00\x00\x04Tilt\x07\x00\x00\x00\x13Navi\
gationIndicator\x01\
\x03\x00\x00\x00\x0c0\xc40\xfc0\xeb0\xc10\xc30\
\xd7\x08\x00\x00\x00\x00\x06\x00\x00\x00\x07Toolt\
ip\x07\x00\x00\x00\x13Navigatio\
nIndicator\x01\x03\x00\x00\x00\x0e\
0\xc80\xe90\xc30\xaf0\xdc0\xfc0\xeb\x08\x00\
\x00\x00\x00\x06\x00\x00\x00\x09Trackbal\
l\x07\x00\x00\x00\x13Navigation\
Indicator\x01\x03\x00\x00\x00\x1c0\
\xc80\xe90\xc30\xaf0\xdc0\xfc0\xeb\xff\x080\
\xaf0\xe90\xb70\xc30\xaf\xff\x09\x08\x00\x00\x00\x00\
\x06\x00\x00\x00\x11Trackball C\
lassic\x07\x00\x00\x00\x13Navig\
ationIndicator\x01\x03\
\x00\x00\x00\x0e0\xbf0\xfc0\xf30\xc60\xfc0\xd6\
0\xeb\x08\x00\x00\x00\x00\x06\x00\x00\x00\x09Turn\
table\x07\x00\x00\x00\x13Naviga\
tionIndicator\x01\x03\x00\
\x00\x00\x06g*[\x9a\x7f\xa9\x08\x00\x00\x00\x00\x06\x00\
\x00\x00\x09Undefined\x07\x00\x00\x00\
\x13NavigationIndic\
ator\x01\x03\x00\x00\x00\x060\xba0\xfc0\xe0\
\x08\x00\x00\x00\x00\x06\x00\x00\x00\x04Zoom\x07\x00\
\x00\x00\x13NavigationInd\
icator\x01\
\x00\x00\x08#\
<\
\xb8d\x18\xca\xef\x9c\x95\xcd!\x1c\xbf`\xa1\xbd\xdd\xa7\
\x00\x00\x00\x02plB\x00\x00\x00\xb0\x00\x00V~\x00\
\x00\x03\xcc\x00\x05\xb04\x00\x00\x05P\x00\x06\x16]\x00\
\x00\x07\x07\x01\xed(5\x00\x00\x00C\x02V:\xc2\x00\
\x00\x01\x96\x04\x0c!\x0e\x00\x00\x01(\x04\xc1e\x0e\x00\
\x00\x02L\x04\xc3i\x0c\x00\x00\x04\x8b\x05\x96\xa8\xa5\x00\
\x00\x04\x07\x05\x9c+\xa4\x00\x00\x04\xd0\x06,7%\x00\
\x00\x02\xda\x06\xb7*>\x00\x00\x00\x95\x06\xc5\xf1\x13\x00\
\x00\x04?\x07\xa1\xdd\xac\x00\x00\x05\xd3\x09Z$\xe5\x00\
\x00\x06u\x09\xf5\x00\x13\x00\x00\x06\x16\x0adg\xe4\x00\
\x00\x00\x00\x0a\xbc\xb8\xf4\x00\x00\x06\xb8\x0bf;P\x00\
\x00\x05\x90\x0c\xbb\x01s\x00\x00\x05\x0c\x0f\xa7X\x85\x00\
\x00\x01\xf8\x0f\xfbg.\x00\x00\x03=i\x00\x00\x07C\
\x03\x00\x00\x00\x14\x00K\x00o\x00m\x00p\x00a\x00\
k\x00t\x00o\x00w\x00y\x08\x00\x00\x00\x00\x06\x00\
\x00\x00\x07Compact\x07\x00\x00\x00\x13N\
avigationIndicat\
or\x01\x03\x00\x00\x00\x1c\x00F\x00r\x00e\x00e\
\x00 \x00T\x00u\x00r\x00n\x00t\x00a\x00b\
\x00l\x00e\x08\x00\x00\x00\x00\x06\x00\x00\x00\x0eFr\
ee Turntable\x07\x00\x00\x00\
\x13NavigationIndic\
ator\x01\x03\x00\x00\x00N\x01Z\x00r\x00o\
\x00d\x00k\x00o\x00w\x00y\x00 \x00p\x00r\
\x00z\x00y\x00c\x00i\x00s\x00k\x00 \x00m\
\x00y\x00s\x00z\x00k\x00i\x00 \x00l\x00u\
\x00b\x00 \x00k\x00l\x00a\x00w\x00i\x00s\
\x00z\x00 \x00H\x00.\x08\x00\x00\x00\x00\x06\x00\x00\
\x00\x1dMiddle mouse b\
utton or H key.\x07\
\x00\x00\x00\x13NavigationIn\
dicator\x01\x03\x00\x00\x002\x01Z\x00\
r\x00o\x00d\x00k\x00o\x00w\x00y\x00 \x00\
p\x00r\x00z\x00y\x00c\x00i\x00s\x00k\x00\
 \x00m\x00y\x00s\x00z\x00k\x00i\x00.\x08\
\x00\x00\x00\x00\x06\x00\x00\x00\x14Middle \
mouse button.\x07\x00\x00\
\x00\x13NavigationIndi\
cator\x01\x03\x00\x00\x00&\x00\x0a\x00W\x00\
s\x00k\x00a\x01z\x00n\x00i\x00k\x00 \x00\
n\x00a\x00w\x00i\x00g\x00a\x00c\x00j\x00\
i\x08\x00\x00\x00\x00\x06\x00\x00\x00\x14Navig\
ation indicator\x07\
\x00\x00\x00\x13NavigationIn\
dicator\x01\x03\x00\x00\x00\x1c\x00S\x00\
t\x00y\x00l\x00 \x00n\x00a\x00w\x00i\x00\
g\x00a\x00c\x00j\x00i\x08\x00\x00\x00\x00\x06\x00\
\x00\x00\x10Navigation st\
yle\x07\x00\x00\x00\x13Navigati\
onIndicator\x01\x03\x00\x00\x00\
F\x00S\x00t\x00y\x00l\x00 \x00n\x00a\x00\
w\x00i\x00g\x00a\x00c\x00j\x00i\x00 \x00\
n\x00i\x00e\x00 \x00j\x00e\x00s\x00t\x00\
 \x00r\x00o\x00z\x00p\x00o\x00z\x00n\x00\
a\x00n\x00y\x00.\x08\x00\x00\x00\x00\x06\x00\x00\x00\
 Navigation styl\
e not recognized\
.\x07\x00\x00\x00\x13Navigation\
Indicator\x01\x03\x00\x00\x000\x00\
T\x00e\x00c\x00h\x00n\x00i\x00k\x00a\x00\
 \x00o\x00b\x00r\x00o\x00t\x00u\x00 \x00\
w\x00i\x00d\x00o\x00k\x00i\x00e\x00m\x08\
\x00\x00\x00\x00\x06\x00\x00\x00\x0bOrbit s\
tyle\x07\x00\x00\x00\x13Navigat\
ionIndicator\x01\x03\x00\x00\
\x00N\x00K\x00l\x00a\x00w\x00i\x00s\x00z\
\x00 \x00s\x00t\x00r\x00o\x00n\x00a\x00 \
\x00w\x00 \x00g\x00\xf3\x00r\x01\x19\x00 \x00l\
\x00u\x00b\x00 \x00s\x00t\x00r\x00o\x00n\
\x00a\x00 \x00w\x00 \x00d\x00\xf3\x01B\x00.\
\x08\x00\x00\x00\x00\x06\x00\x00\x00\x19Page U\
p or Page Down k\
ey.\x07\x00\x00\x00\x13Navigati\
onIndicator\x01\x03\x00\x00\x00\
\x10\x00P\x00a\x00n\x00o\x00r\x00a\x00m\x00\
a\x08\x00\x00\x00\x00\x06\x00\x00\x00\x03Pan\x07\x00\
\x00\x00\x13NavigationInd\
icator\x01\x03\x00\x00\x00\x0a\x00O\x00b\
\x00r\x00\xf3\x01\x07\x08\x00\x00\x00\x00\x06\x00\x00\x00\x06\
Rotate\x07\x00\x00\x00\x13Navig\
ationIndicator\x01\x03\
\x00\x00\x00\x16\x00T\x00r\x00y\x00b\x00 \x00o\
\x00b\x00r\x00o\x00t\x00u\x08\x00\x00\x00\x00\x06\
\x00\x00\x00\x0eRotation foc\
us\x07\x00\x00\x00\x13Navigatio\
nIndicator\x01\x03\x00\x00\x00\x0e\
\x00A\x00r\x00c\x00b\x00a\x00l\x00l\x08\x00\
\x00\x00\x00\x06\x00\x00\x00\x0fRounded \
Arcball\x07\x00\x00\x00\x13Navi\
gationIndicator\x01\
\x03\x00\x00\x00\x0e\x00W\x00y\x00b\x00i\x00e\x00\
r\x00z\x08\x00\x00\x00\x00\x06\x00\x00\x00\x06Sel\
ect\x07\x00\x00\x00\x13Navigati\
onIndicator\x01\x03\x00\x00\x00\
\x14\x00U\x00s\x00t\x00a\x00w\x00i\x00e\x00\
n\x00i\x00a\x08\x00\x00\x00\x00\x06\x00\x00\x00\x08S\
ettings\x07\x00\x00\x00\x13Navi\
gationIndicator\x01\
\x03\x00\x00\x00\x14\x00N\x00a\x00c\x00h\x00y\x00\
l\x00e\x00n\x00i\x00e\x08\x00\x00\x00\x00\x06\x00\
\x00\x00\x04Tilt\x07\x00\x00\x00\x13Navi\
gationIndicator\x01\
\x03\x00\x00\x00\x14\x00P\x00o\x00d\x00p\x00o\x00\
w\x00i\x00e\x00d\x01z\x08\x00\x00\x00\x00\x06\x00\
\x00\x00\x07Tooltip\x07\x00\x00\x00\x13N\
avigationIndicat\
or\x01\x03\x00\x00\x00\x12\x00T\x00r\x00a\x00c\
\x00k\x00b\x00a\x00l\x00l\x08\x00\x00\x00\x00\x06\
\x00\x00\x00\x09Trackball\x07\x00\x00\
\x00\x13NavigationIndi\
cator\x01\x03\x00\x00\x00&\x00K\x00l\x00\
a\x00s\x00y\x00c\x00z\x00n\x00y\x00 \x00\
T\x00r\x00a\x00c\x00k\x00b\x00a\x00l\x00\
l\x08\x00\x00\x00\x00\x06\x00\x00\x00\x11Track\
ball Classic\x07\x00\x00\x00\
\x13NavigationIndic\
ator\x01\x03\x00\x00\x00\x12\x00T\x00u\x00r\
\x00n\x00t\x00a\x00b\x00l\x00e\x08\x00\x00\x00\
\x00\x06\x00\x00\x00\x09Turntable\x07\
\x00\x00\x00\x13NavigationIn\
dicator\x01\x03\x00\x00\x00\x1e\x00N\x00\
i\x00e\x00z\x00d\x00e\x00f\x00i\x00n\x00\
i\x00o\x00w\x00a\x00n\x00y\x08\x00\x00\x00\x00\
\x06\x00\x00\x00\x09Undefined\x07\x00\
\x00\x00\x13NavigationInd\
icator\x01\x03\x00\x00\x00\x10\x00P\x00o\
\x00w\x00i\x01\x19\x00k\x00s\x00z\x08\x00\x00\x00\
\x00\x06\x00\x00\x00\x04Zoom\x07\x00\x00\x00\x13N\
avigationIndicat\
or\x01\x88\x00\x00\x00\x0a\x01\x01\xff\x14\x02\x04\xfd,\
\x0a\x13\
\x00\x00\x08)\
<\
\xb8d\x18\xca\xef\x9c\x95\xcd!\x1c\xbf`\xa1\xbd\xdd\xa7\
\x00\x00\x00\x02itB\x00\x00\x00\xb0\x00\x00V~\x00\
\x00\x03\xaa\x00\x05\xb04\x00\x00\x05Z\x00\x06\x16]\x00\
\x00\x07\x1d\x01\xed(5\x00\x00\x00?\x02V:\xc2\x00\
\x00\x01\x9a\x04\x0c!\x0e\x00\x00\x01,\x04\xc1e\x0e\x00\
\x00\x02h\x04\xc3i\x0c\x00\x00\x04}\x05\x96\xa8\xa5\x00\
\x00\x03\xe9\x05\x9c+\xa4\x00\x00\x04\xd2\x06,7%\x00\
\x00\x02\xf0\x06\xb7*>\x00\x00\x00\xa1\x06\xc5\xf1\x13\x00\
\x00\x04!\x07\xa1\xdd\xac\x00\x00\x05\xe5\x09Z$\xe5\x00\
\x00\x06\x85\x09\xf5\x00\x13\x00\x00\x06(\x0adg\xe4\x00\
\x00\x00\x00\x0a\xbc\xb8\xf4\x00\x00\x06\xd4\x0bf;P\x00\
\x00\x05\x9e\x0c\xbb\x01s\x00\x00\x05\x12\x0f\xa7X\x85\x00\
\x00\x02\x08\x0f\xfbg.\x00\x00\x03;i\x00\x00\x07Q\
\x03\x00\x00\x00\x10\x00C\x00o\x00m\x00p\x00a\x00\
t\x00t\x00o\x08\x00\x00\x00\x00\x06\x00\x00\x00\x07C\
ompact\x07\x00\x00\x00\x13Navig\
ationIndicator\x01\x03\
\x00\x00\x00,\x00T\x00a\x00v\x00o\x00l\x00a\
\x00 \x00g\x00i\x00r\x00e\x00v\x00o\x00l\
\x00e\x00 \x00l\x00i\x00b\x00e\x00r\x00a\
\x08\x00\x00\x00\x00\x06\x00\x00\x00\x0eFree T\
urntable\x07\x00\x00\x00\x13Nav\
igationIndicator\
\x01\x03\x00\x00\x00F\x00T\x00a\x00s\x00t\x00o\
\x00 \x00c\x00e\x00n\x00t\x00r\x00a\x00l\
\x00e\x00 \x00d\x00e\x00l\x00 \x00m\x00o\
\x00u\x00s\x00e\x00 \x00o\x00 \x00t\x00a\
\x00s\x00t\x00o\x00 \x00H\x00.\x08\x00\x00\x00\
\x00\x06\x00\x00\x00\x1dMiddle mou\
se button or H k\
ey.\x07\x00\x00\x00\x13Navigati\
onIndicator\x01\x03\x00\x00\x00\
2\x00T\x00a\x00s\x00t\x00o\x00 \x00c\x00\
e\x00n\x00t\x00r\x00a\x00l\x00e\x00 \x00\
d\x00e\x00l\x00 \x00m\x00o\x00u\x00s\x00\
e\x00.\x08\x00\x00\x00\x00\x06\x00\x00\x00\x14Mid\
dle mouse button\
.\x07\x00\x00\x00\x13Navigation\
Indicator\x01\x03\x00\x00\x002\x00\
I\x00n\x00d\x00i\x00c\x00a\x00t\x00o\x00\
r\x00e\x00 \x00d\x00i\x00 \x00n\x00a\x00\
v\x00i\x00g\x00a\x00z\x00i\x00o\x00n\x00\
e\x08\x00\x00\x00\x00\x06\x00\x00\x00\x14Navig\
ation indicator\x07\
\x00\x00\x00\x13NavigationIn\
dicator\x01\x03\x00\x00\x00(\x00S\x00\
t\x00i\x00l\x00e\x00 \x00d\x00i\x00 \x00\
n\x00a\x00v\x00i\x00g\x00a\x00z\x00i\x00\
o\x00n\x00e\x08\x00\x00\x00\x00\x06\x00\x00\x00\x10N\
avigation style\x07\
\x00\x00\x00\x13NavigationIn\
dicator\x01\x03\x00\x00\x00@\x00S\x00\
t\x00i\x00l\x00e\x00 \x00d\x00i\x00 \x00\
n\x00a\x00v\x00i\x00g\x00a\x00z\x00i\x00\
o\x00n\x00e\x00 \x00n\x00o\x00n\x00 \x00\
v\x00a\x00l\x00i\x00d\x00o\x00.\x08\x00\x00\
\x00\x00\x06\x00\x00\x00 Navigatio\
n style not reco\
gnized.\x07\x00\x00\x00\x13Navi\
gationIndicator\x01\
\x03\x00\x00\x00\x18\x00S\x00t\x00i\x00l\x00e\x00\
 \x00o\x00r\x00b\x00i\x00t\x00a\x08\x00\x00\
\x00\x00\x06\x00\x00\x00\x0bOrbit sty\
le\x07\x00\x00\x00\x13Navigatio\
nIndicator\x01\x03\x00\x00\x00.\
\x00P\x00a\x00g\x00i\x00n\x00a\x00 \x00s\
\x00u\x00 \x00o\x00 \x00P\x00a\x00g\x00i\
\x00n\x00a\x00 \x00g\x00i\x00\xf9\x00.\x08\x00\
\x00\x00\x00\x06\x00\x00\x00\x19Page Up \
or Page Down key\
.\x07\x00\x00\x00\x13Navigation\
Indicator\x01\x03\x00\x00\x00\x14\x00\
P\x00a\x00n\x00o\x00r\x00a\x00m\x00i\x00\
c\x00a\x08\x00\x00\x00\x00\x06\x00\x00\x00\x03Pan\
\x07\x00\x00\x00\x13NavigationI\
ndicator\x01\x03\x00\x00\x00\x0a\x00R\
\x00u\x00o\x00t\x00a\x08\x00\x00\x00\x00\x06\x00\x00\
\x00\x06Rotate\x07\x00\x00\x00\x13Nav\
igationIndicator\
\x01\x03\x00\x00\x00&\x00C\x00e\x00n\x00t\x00r\
\x00o\x00 \x00d\x00i\x00 \x00r\x00o\x00t\
\x00a\x00z\x00i\x00o\x00n\x00e\x08\x00\x00\x00\
\x00\x06\x00\x00\x00\x0eRotation f\
ocus\x07\x00\x00\x00\x13Navigat\
ionIndicator\x01\x03\x00\x00\
\x00\x1e\x00R\x00o\x00u\x00n\x00d\x00e\x00d\
\x00 \x00A\x00r\x00c\x00b\x00a\x00l\x00l\
\x08\x00\x00\x00\x00\x06\x00\x00\x00\x0fRounde\
d Arcball\x07\x00\x00\x00\x13Na\
vigationIndicato\
r\x01\x03\x00\x00\x00\x12\x00S\x00e\x00l\x00e\x00\
z\x00i\x00o\x00n\x00a\x08\x00\x00\x00\x00\x06\x00\
\x00\x00\x06Select\x07\x00\x00\x00\x13Na\
vigationIndicato\
r\x01\x03\x00\x00\x00\x18\x00I\x00m\x00p\x00o\x00\
s\x00t\x00a\x00z\x00i\x00o\x00n\x00i\x08\
\x00\x00\x00\x00\x06\x00\x00\x00\x08Setting\
s\x07\x00\x00\x00\x13Navigation\
Indicator\x01\x03\x00\x00\x00\x18\x00\
I\x00n\x00c\x00l\x00i\x00n\x00a\x00z\x00\
i\x00o\x00n\x00e\x08\x00\x00\x00\x00\x06\x00\x00\x00\
\x04Tilt\x07\x00\x00\x00\x13Naviga\
tionIndicator\x01\x03\x00\
\x00\x00\x18\x00S\x00u\x00g\x00g\x00e\x00r\x00\
i\x00m\x00e\x00n\x00t\x00o\x08\x00\x00\x00\x00\
\x06\x00\x00\x00\x07Tooltip\x07\x00\x00\x00\
\x13NavigationIndic\
ator\x01\x03\x00\x00\x00\x12\x00T\x00r\x00a\
\x00c\x00k\x00b\x00a\x00l\x00l\x08\x00\x00\x00\
\x00\x06\x00\x00\x00\x09Trackball\x07\
\x00\x00\x00\x13NavigationIn\
dicator\x01\x03\x00\x00\x00$\x00T\x00\
r\x00a\x00c\x00k\x00b\x00a\x00l\x00l\x00\
 \x00c\x00l\x00a\x00s\x00s\x00i\x00c\x00\
o\x08\x00\x00\x00\x00\x06\x00\x00\x00\x11Track\
ball Classic\x07\x00\x00\x00\
\x13NavigationIndic\
ator\x01\x03\x00\x00\x00\x1e\x00T\x00a\x00v\
\x00o\x00l\x00a\x00 \x00g\x00i\x00r\x00e\
\x00v\x00o\x00l\x00e\x08\x00\x00\x00\x00\x06\x00\x00\
\x00\x09Turntable\x07\x00\x00\x00\x13\
NavigationIndica\
tor\x01\x03\x00\x00\x00\x18\x00N\x00o\x00n\x00\
 \x00d\x00e\x00f\x00i\x00n\x00i\x00t\x00\
o\x08\x00\x00\x00\x00\x06\x00\x00\x00\x09Undef\
ined\x07\x00\x00\x00\x13Navigat\
ionIndicator\x01\x03\x00\x00\
\x00\x08\x00Z\x00o\x00o\x00m\x08\x00\x00\x00\x00\x06\
\x00\x00\x00\x04Zoom\x07\x00\x00\x00\x13Nav\
igationIndicator\
\x01\x88\x00\x00\x00\x02\x01\x01\
\x00\x00\x07\xe3\
<\
\xb8d\x18\xca\xef\x9c\x95\xcd!\x1c\xbf`\xa1\xbd\xdd\xa7\
\x00\x00\x00\x02deB\x00\x00\x00\xb0\x00\x00V~\x00\
\x00\x03z\x00\x05\xb04\x00\x00\x05&\x00\x06\x16]\x00\
\x00\x06\xd3\x01\xed(5\x00\x00\x00=\x02V:\xc2\x00\
\x00\x01|\x04\x0c!\x0e\x00\x00\x01\x1a\x04\xc1e\x0e\x00\
\x00\x024\x04\xc3i\x0c\x00\x00\x049\x05\x96\xa8\xa5\x00\
\x00\x03\xb7\x05\x9c+\xa4\x00\x00\x04\x9c\x06,7%\x00\
\x00\x02\xb8\x06\xb7*>\x00\x00\x00\x95\x06\xc5\xf1\x13\x00\
\x00\x03\xf1\x07\xa1\xdd\xac\x00\x00\x05\xa1\x09Z$\xe5\x00\
\x00\x06G\x09\xf5\x00\x13\x00\x00\x05\xe4\x0adg\xe4\x00\
\x00\x00\x00\x0a\xbc\xb8\xf4\x00\x00\x06\x8e\x0bf;P\x00\
\x00\x05^\x0c\xbb\x01s\x00\x00\x04\xdc\x0f\xa7X\x85\x00\
\x00\x01\xde\x0f\xfbg.\x00\x00\x02\xffi\x00\x00\x07\x0b\
\x03\x00\x00\x00\x0e\x00K\x00o\x00m\x00p\x00a\x00\
k\x00t\x08\x00\x00\x00\x00\x06\x00\x00\x00\x07Com\
pact\x07\x00\x00\x00\x13Navigat\
ionIndicator\x01\x03\x00\x00\
\x00\x22\x00F\x00r\x00e\x00i\x00e\x00 \x00D\
\x00r\x00e\x00h\x00s\x00c\x00h\x00e\x00i\
\x00b\x00e\x08\x00\x00\x00\x00\x06\x00\x00\x00\x0eFr\
ee Turntable\x07\x00\x00\x00\
\x13NavigationIndic\
ator\x01\x03\x00\x00\x00@\x00M\x00i\x00t\
\x00t\x00l\x00e\x00r\x00e\x00 \x00M\x00a\
\x00u\x00s\x00t\x00a\x00s\x00t\x00e\x00 \
\x00o\x00d\x00e\x00r\x00 \x00H\x00-\x00T\
\x00a\x00s\x00t\x00e\x00.\x08\x00\x00\x00\x00\x06\
\x00\x00\x00\x1dMiddle mouse\
 button or H key\
.\x07\x00\x00\x00\x13Navigation\
Indicator\x01\x03\x00\x00\x00&\x00\
M\x00i\x00t\x00t\x00l\x00e\x00r\x00e\x00\
 \x00M\x00a\x00u\x00s\x00t\x00a\x00s\x00\
t\x00e\x00.\x08\x00\x00\x00\x00\x06\x00\x00\x00\x14M\
iddle mouse butt\
on.\x07\x00\x00\x00\x13Navigati\
onIndicator\x01\x03\x00\x00\x00\
&\x00N\x00a\x00v\x00i\x00g\x00a\x00t\x00\
i\x00o\x00n\x00s\x00a\x00n\x00z\x00e\x00\
i\x00g\x00e\x00r\x08\x00\x00\x00\x00\x06\x00\x00\x00\
\x14Navigation indi\
cator\x07\x00\x00\x00\x13Naviga\
tionIndicator\x01\x03\x00\
\x00\x00\x1e\x00N\x00a\x00v\x00i\x00g\x00a\x00\
t\x00i\x00o\x00n\x00s\x00s\x00t\x00i\x00\
l\x08\x00\x00\x00\x00\x06\x00\x00\x00\x10Navig\
ation style\x07\x00\x00\x00\x13\
NavigationIndica\
tor\x01\x03\x00\x00\x00<\x00N\x00a\x00v\x00\
i\x00g\x00a\x00t\x00i\x00o\x00n\x00s\x00\
s\x00t\x00i\x00l\x00 \x00n\x00i\x00c\x00\
h\x00t\x00 \x00e\x00r\x00k\x00a\x00n\x00\
n\x00t\x00.\x08\x00\x00\x00\x00\x06\x00\x00\x00 N\
avigation style \
not recognized.\x07\
\x00\x00\x00\x13NavigationIn\
dicator\x01\x03\x00\x00\x00\x14\x00O\x00\
r\x00b\x00i\x00t\x00-\x00S\x00t\x00i\x00\
l\x08\x00\x00\x00\x00\x06\x00\x00\x00\x0bOrbit\
 style\x07\x00\x00\x00\x13Navig\
ationIndicator\x01\x03\
\x00\x00\x00:\x00B\x00i\x00l\x00d\x00-\x00a\
\x00u\x00f\x00-\x00 \x00o\x00d\x00e\x00r\
\x00 \x00B\x00i\x00l\x00d\x00-\x00a\x00b\
\x00-\x00T\x00a\x00s\x00t\x00e\x00.\x08\x00\
\x00\x00\x00\x06\x00\x00\x00\x19Page Up \
or Page Down key\
.\x07\x00\x00\x00\x13Navigation\
Indicator\x01\x03\x00\x00\x00\x12\x00\
S\x00c\x00h\x00w\x00e\x00n\x00k\x00e\x00\
n\x08\x00\x00\x00\x00\x06\x00\x00\x00\x03Pan\x07\x00\
\x00\x00\x13NavigationInd\
icator\x01\x03\x00\x00\x00\x0c\x00D\x00r\
\x00e\x00h\x00e\x00n\x08\x00\x00\x00\x00\x06\x00\x00\
\x00\x06Rotate\x07\x00\x00\x00\x13Nav\
igationIndicator\
\x01\x03\x00\x00\x00\x12\x00D\x00r\x00e\x00h\x00p\
\x00u\x00n\x00k\x00t\x08\x00\x00\x00\x00\x06\x00\x00\
\x00\x0eRotation focus\
\x07\x00\x00\x00\x13NavigationI\
ndicator\x01\x03\x00\x00\x00,\x00A\
\x00b\x00g\x00e\x00r\x00u\x00n\x00d\x00e\
\x00t\x00e\x00r\x00 \x00B\x00o\x00g\x00e\
\x00n\x00b\x00a\x00l\x00l\x08\x00\x00\x00\x00\x06\
\x00\x00\x00\x0fRounded Arcb\
all\x07\x00\x00\x00\x13Navigati\
onIndicator\x01\x03\x00\x00\x00\
\x12\x00A\x00u\x00s\x00w\x00\xe4\x00h\x00l\x00\
e\x00n\x08\x00\x00\x00\x00\x06\x00\x00\x00\x06Sel\
ect\x07\x00\x00\x00\x13Navigati\
onIndicator\x01\x03\x00\x00\x00\
\x1a\x00E\x00i\x00n\x00s\x00t\x00e\x00l\x00\
l\x00u\x00n\x00g\x00e\x00n\x08\x00\x00\x00\x00\
\x06\x00\x00\x00\x08Settings\x07\x00\x00\
\x00\x13NavigationIndi\
cator\x01\x03\x00\x00\x00\x0c\x00N\x00e\x00\
i\x00g\x00e\x00n\x08\x00\x00\x00\x00\x06\x00\x00\x00\
\x04Tilt\x07\x00\x00\x00\x13Naviga\
tionIndicator\x01\x03\x00\
\x00\x00\x14\x00Q\x00u\x00i\x00c\x00k\x00-\x00\
I\x00n\x00f\x00o\x08\x00\x00\x00\x00\x06\x00\x00\x00\
\x07Tooltip\x07\x00\x00\x00\x13Nav\
igationIndicator\
\x01\x03\x00\x00\x00\x12\x00T\x00r\x00a\x00c\x00k\
\x00b\x00a\x00l\x00l\x08\x00\x00\x00\x00\x06\x00\x00\
\x00\x09Trackball\x07\x00\x00\x00\x13\
NavigationIndica\
tor\x01\x03\x00\x00\x00*\x00S\x00t\x00e\x00\
u\x00e\x00r\x00k\x00u\x00g\x00e\x00l\x00\
 \x00k\x00l\x00a\x00s\x00s\x00i\x00s\x00\
c\x00h\x08\x00\x00\x00\x00\x06\x00\x00\x00\x11Tra\
ckball Classic\x07\x00\
\x00\x00\x13NavigationInd\
icator\x01\x03\x00\x00\x00\x16\x00D\x00r\
\x00e\x00h\x00s\x00c\x00h\x00e\x00i\x00b\
\x00e\x08\x00\x00\x00\x00\x06\x00\x00\x00\x09Turn\
table\x07\x00\x00\x00\x13Naviga\
tionIndicator\x01\x03\x00\
\x00\x00\x14\x00U\x00n\x00b\x00e\x00s\x00t\x00\
i\x00m\x00m\x00t\x08\x00\x00\x00\x00\x06\x00\x00\x00\
\x09Undefined\x07\x00\x00\x00\x13N\
avigationIndicat\
or\x01\x03\x00\x00\x00\x0c\x00Z\x00o\x00o\x00m\
\x00e\x00n\x08\x00\x00\x00\x00\x06\x00\x00\x00\x04Zo\
om\x07\x00\x00\x00\x13Navigatio\
nIndicator\x01\x88\x00\x00\x00\x02\
\x01\x01\
\x00\x00\x06\x0e\
<\
\xb8d\x18\xca\xef\x9c\x95\xcd!\x1c\xbf`\xa1\xbd\xdd\xa7\
\x00\x00\x00\x02arB\x00\x00\x00\x90\x00\x00V~\x00\
\x00\x02\x9c\x00\x05\xb04\x00\x00\x03\xdd\x00\x06\x16]\x00\
\x00\x05\x13\x04\x0c!\x0e\x00\x00\x00\xb6\x04\xc1e\x0e\x00\
\x00\x01d\x05\x96\xa8\xa5\x00\x00\x02\xdd\x05\x9c+\xa4\x00\
\x00\x03e\x06,7%\x00\x00\x01\xd6\x06\xb7*>\x00\
\x00\x007\x06\xc5\xf1\x13\x00\x00\x03\x15\x07\xa1\xdd\xac\x00\
\x00\x04L\x09Z$\xe5\x00\x00\x04\x8f\x0adg\xe4\x00\
\x00\x00\x00\x0a\xbc\xb8\xf4\x00\x00\x04\xd2\x0bf;P\x00\
\x00\x04\x13\x0c\xbb\x01s\x00\x00\x03\x9d\x0f\xa7X\x85\x00\
\x00\x01\x18\x0f\xfbg.\x00\x00\x02\x1fi\x00\x00\x05I\
\x03\x00\x00\x00\x08\x06E\x06/\x06E\x06,\x08\x00\x00\
\x00\x00\x06\x00\x00\x00\x07Compact\x07\x00\
\x00\x00\x13NavigationInd\
icator\x01\x03\x00\x00\x00:\x06'\x06D\
\x062\x061\x00 \x06'\x06D\x06#\x06H\x063\
\x067\x00 \x06D\x06D\x06A\x06#\x061\x06G\
\x00 \x06#\x06H\x00 \x06'\x06D\x062\x061\
\x00 \x00H\x00.\x08\x00\x00\x00\x00\x06\x00\x00\x00\x1d\
Middle mouse but\
ton or H key.\x07\x00\x00\
\x00\x13NavigationIndi\
cator\x01\x03\x00\x00\x00&\x06'\x06D\x06\
2\x061\x00 \x06'\x06D\x06#\x06H\x063\x06\
7\x00 \x06D\x06D\x06A\x06#\x061\x06)\x00\
.\x08\x00\x00\x00\x00\x06\x00\x00\x00\x14Middl\
e mouse button.\x07\
\x00\x00\x00\x13NavigationIn\
dicator\x01\x03\x00\x00\x00\x14\x06F\x06\
E\x067\x00 \x06'\x06D\x06*\x06F\x06B\x06\
D\x08\x00\x00\x00\x00\x06\x00\x00\x00\x10Navig\
ation style\x07\x00\x00\x00\x13\
NavigationIndica\
tor\x01\x03\x00\x00\x00*\x06F\x06E\x067\x00\
 \x06'\x06D\x06*\x06F\x06B\x06D\x00 \x06\
:\x06J\x061\x00 \x06E\x069\x061\x06H\x06\
A\x00.\x08\x00\x00\x00\x00\x06\x00\x00\x00 Nav\
igation style no\
t recognized.\x07\x00\x00\
\x00\x13NavigationIndi\
cator\x01\x03\x00\x00\x00\x16\x00O\x00r\x00\
b\x00i\x00t\x00 \x00s\x00t\x00y\x00l\x00\
e\x08\x00\x00\x00\x00\x06\x00\x00\x00\x0bOrbit\
 style\x07\x00\x00\x00\x13Navig\
ationIndicator\x01\x03\
\x00\x00\x00<\x062\x061\x00 \x065\x06A\x06-\
\x06)\x00 \x06D\x06D\x06#\x069\x06D\x06I\
\x00 \x06#\x06H\x00 \x065\x06A\x06-\x06)\
\x00 \x06D\x06D\x06#\x063\x06A\x06D\x00.\
\x08\x00\x00\x00\x00\x06\x00\x00\x00\x19Page U\
p or Page Down k\
ey.\x07\x00\x00\x00\x13Navigati\
onIndicator\x01\x03\x00\x00\x00\
\x16\x06*\x06-\x061\x06J\x06C\x00 \x06,\x06\
'\x06F\x06(\x06J\x08\x00\x00\x00\x00\x06\x00\x00\x00\
\x03Pan\x07\x00\x00\x00\x13Navigat\
ionIndicator\x01\x03\x00\x00\
\x00\x0a\x06*\x06/\x06H\x06J\x061\x08\x00\x00\x00\
\x00\x06\x00\x00\x00\x06Rotate\x07\x00\x00\x00\
\x13NavigationIndic\
ator\x01\x03\x00\x00\x00\x1a\x06*\x061\x06C\
\x06J\x062\x00 \x06'\x06D\x06*\x06/\x06H\
\x06J\x061\x08\x00\x00\x00\x00\x06\x00\x00\x00\x0eRo\
tation focus\x07\x00\x00\x00\
\x13NavigationIndic\
ator\x01\x03\x00\x00\x00\x0a\x06*\x06-\x06/\
\x06J\x06/\x08\x00\x00\x00\x00\x06\x00\x00\x00\x06Se\
lect\x07\x00\x00\x00\x13Navigat\
ionIndicator\x01\x03\x00\x00\
\x00\x10\x00S\x00e\x00t\x00t\x00i\x00n\x00g\
\x00s\x08\x00\x00\x00\x00\x06\x00\x00\x00\x08Sett\
ings\x07\x00\x00\x00\x13Navigat\
ionIndicator\x01\x03\x00\x00\
\x00\x0a\x06%\x06E\x06'\x06D\x06)\x08\x00\x00\x00\
\x00\x06\x00\x00\x00\x04Tilt\x07\x00\x00\x00\x13N\
avigationIndicat\
or\x01\x03\x00\x00\x00\x0a\x06*\x06D\x06E\x06J\
\x06-\x08\x00\x00\x00\x00\x06\x00\x00\x00\x07Tool\
tip\x07\x00\x00\x00\x13Navigati\
onIndicator\x01\x03\x00\x00\x00\
\x12\x00T\x00r\x00a\x00c\x00k\x00b\x00a\x00\
l\x00l\x08\x00\x00\x00\x00\x06\x00\x00\x00\x09Tra\
ckball\x07\x00\x00\x00\x13Navig\
ationIndicator\x01\x03\
\x00\x00\x00\x12\x00T\x00u\x00r\x00n\x00t\x00a\
\x00b\x00l\x00e\x08\x00\x00\x00\x00\x06\x00\x00\x00\x09\
Turntable\x07\x00\x00\x00\x13Na\
vigationIndicato\
r\x01\x03\x00\x00\x00\x10\x06:\x06J\x061\x00 \x06\
E\x069\x061\x06A\x08\x00\x00\x00\x00\x06\x00\x00\x00\
\x09Undefined\x07\x00\x00\x00\x13N\
avigationIndicat\
or\x01\x03\x00\x00\x00\x0a\x06*\x06C\x06(\x06J\
\x061\x08\x00\x00\x00\x00\x06\x00\x00\x00\x04Zoom\
\x07\x00\x00\x00\x13NavigationI\
ndicator\x01\x88\x00\x00\x00\x0f\x01\x00\
\xff\x01\x01\xff\x01\x02\xff$\x03\x0a\xff*\x0b\
\x00\x00\x07\x8c\
<\
\xb8d\x18\xca\xef\x9c\x95\xcd!\x1c\xbf`\xa1\xbd\xdd\xa7\
\x00\x00\x00\x02msB\x00\x00\x00\xb0\x00\x00V~\x00\
\x00\x03n\x00\x05\xb04\x00\x00\x04\xf4\x00\x06\x16]\x00\
\x00\x06\x89\x01\xed(5\x00\x00\x009\x02V:\xc2\x00\
\x00\x01n\x04\x0c!\x0e\x00\x00\x01\x0a\x04\xc1e\x0e\x00\
\x00\x02*\x04\xc3i\x0c\x00\x00\x04)\x05\x96\xa8\xa5\x00\
\x00\x03\x9f\x05\x9c+\xa4\x00\x00\x04~\x06,7%\x00\
\x00\x02\xb2\x06\xb7*>\x00\x00\x00\x8b\x06\xc5\xf1\x13\x00\
\x00\x03\xd7\x07\xa1\xdd\xac\x00\x00\x05e\x09Z$\xe5\x00\
\x00\x06\x03\x09\xf5\x00\x13\x00\x00\x05\xa8\x0adg\xe4\x00\
\x00\x00\x00\x0a\xbc\xb8\xf4\x00\x00\x06F\x0bf;P\x00\
\x00\x05(\x0c\xbb\x01s\x00\x00\x04\xb6\x0f\xa7X\x85\x00\
\x00\x01\xd2\x0f\xfbg.\x00\x00\x02\xfbi\x00\x00\x06\xbb\
\x03\x00\x00\x00\x0a\x00P\x00a\x00d\x00a\x00t\x08\
\x00\x00\x00\x00\x06\x00\x00\x00\x07Compact\
\x07\x00\x00\x00\x13NavigationI\
ndicator\x01\x03\x00\x00\x00\x1c\x00F\
\x00r\x00e\x00e\x00 \x00T\x00u\x00r\x00n\
\x00t\x00a\x00b\x00l\x00e\x08\x00\x00\x00\x00\x06\
\x00\x00\x00\x0eFree Turntab\
le\x07\x00\x00\x00\x13Navigatio\
nIndicator\x01\x03\x00\x00\x00:\
\x00M\x00i\x00d\x00d\x00l\x00e\x00 \x00m\
\x00o\x00u\x00s\x00e\x00 \x00b\x00u\x00t\
\x00t\x00o\x00n\x00 \x00o\x00r\x00 \x00H\
\x00 \x00k\x00e\x00y\x00.\x08\x00\x00\x00\x00\x06\
\x00\x00\x00\x1dMiddle mouse\
 button or H key\
.\x07\x00\x00\x00\x13Navigation\
Indicator\x01\x03\x00\x00\x00(\x00\
M\x00i\x00d\x00d\x00l\x00e\x00 \x00m\x00\
o\x00u\x00s\x00e\x00 \x00b\x00u\x00t\x00\
t\x00o\x00n\x00.\x08\x00\x00\x00\x00\x06\x00\x00\x00\
\x14Middle mouse bu\
tton.\x07\x00\x00\x00\x13Naviga\
tionIndicator\x01\x03\x00\
\x00\x00(\x00N\x00a\x00v\x00i\x00g\x00a\x00\
t\x00i\x00o\x00n\x00 \x00i\x00n\x00d\x00\
i\x00c\x00a\x00t\x00o\x00r\x08\x00\x00\x00\x00\
\x06\x00\x00\x00\x14Navigation \
indicator\x07\x00\x00\x00\x13Na\
vigationIndicato\
r\x01\x03\x00\x00\x00 \x00N\x00a\x00v\x00i\x00\
g\x00a\x00t\x00i\x00o\x00n\x00 \x00s\x00\
t\x00y\x00l\x00e\x08\x00\x00\x00\x00\x06\x00\x00\x00\
\x10Navigation styl\
e\x07\x00\x00\x00\x13Navigation\
Indicator\x01\x03\x00\x00\x00@\x00\
N\x00a\x00v\x00i\x00g\x00a\x00t\x00i\x00\
o\x00n\x00 \x00s\x00t\x00y\x00l\x00e\x00\
 \x00n\x00o\x00t\x00 \x00r\x00e\x00c\x00\
o\x00g\x00n\x00i\x00z\x00e\x00d\x00.\x08\
\x00\x00\x00\x00\x06\x00\x00\x00 Navigat\
ion style not re\
cognized.\x07\x00\x00\x00\x13Na\
vigationIndicato\
r\x01\x03\x00\x00\x00\x16\x00O\x00r\x00b\x00i\x00\
t\x00 \x00s\x00t\x00y\x00l\x00e\x08\x00\x00\
\x00\x00\x06\x00\x00\x00\x0bOrbit sty\
le\x07\x00\x00\x00\x13Navigatio\
nIndicator\x01\x03\x00\x00\x002\
\x00P\x00a\x00g\x00e\x00 \x00U\x00p\x00 \
\x00o\x00r\x00 \x00P\x00a\x00g\x00e\x00 \
\x00D\x00o\x00w\x00n\x00 \x00k\x00e\x00y\
\x00.\x08\x00\x00\x00\x00\x06\x00\x00\x00\x19Page\
 Up or Page Down\
 key.\x07\x00\x00\x00\x13Naviga\
tionIndicator\x01\x03\x00\
\x00\x00\x06\x00P\x00a\x00n\x08\x00\x00\x00\x00\x06\x00\
\x00\x00\x03Pan\x07\x00\x00\x00\x13Navig\
ationIndicator\x01\x03\
\x00\x00\x00\x0a\x00P\x00u\x00t\x00a\x00r\x08\x00\
\x00\x00\x00\x06\x00\x00\x00\x06Rotate\x07\x00\
\x00\x00\x13NavigationInd\
icator\x01\x03\x00\x00\x00\x1c\x00R\x00o\
\x00t\x00a\x00t\x00i\x00o\x00n\x00 \x00f\
\x00o\x00c\x00u\x00s\x08\x00\x00\x00\x00\x06\x00\x00\
\x00\x0eRotation focus\
\x07\x00\x00\x00\x13NavigationI\
ndicator\x01\x03\x00\x00\x00\x1e\x00R\
\x00o\x00u\x00n\x00d\x00e\x00d\x00 \x00A\
\x00r\x00c\x00b\x00a\x00l\x00l\x08\x00\x00\x00\
\x00\x06\x00\x00\x00\x0fRounded Ar\
cball\x07\x00\x00\x00\x13Naviga\
tionIndicator\x01\x03\x00\
\x00\x00\x0a\x00P\x00i\x00l\x00i\x00h\x08\x00\x00\
\x00\x00\x06\x00\x00\x00\x06Select\x07\x00\x00\
\x00\x13NavigationIndi\
cator\x01\x03\x00\x00\x00\x0e\x00T\x00e\x00\
t\x00a\x00p\x00a\x00n\x08\x00\x00\x00\x00\x06\x00\
\x00\x00\x08Settings\x07\x00\x00\x00\x13\
NavigationIndica\
tor\x01\x03\x00\x00\x00\x08\x00T\x00i\x00l\x00\
t\x08\x00\x00\x00\x00\x06\x00\x00\x00\x04Tilt\x07\
\x00\x00\x00\x13NavigationIn\
dicator\x01\x03\x00\x00\x00\x0e\x00T\x00\
o\x00o\x00l\x00t\x00i\x00p\x08\x00\x00\x00\x00\
\x06\x00\x00\x00\x07Tooltip\x07\x00\x00\x00\
\x13NavigationIndic\
ator\x01\x03\x00\x00\x00\x12\x00T\x00r\x00a\
\x00c\x00k\x00b\x00a\x00l\x00l\x08\x00\x00\x00\
\x00\x06\x00\x00\x00\x09Trackball\x07\
\x00\x00\x00\x13NavigationIn\
dicator\x01\x03\x00\x00\x00\x22\x00T\x00\
r\x00a\x00c\x00k\x00b\x00a\x00l\x00l\x00\
 \x00C\x00l\x00a\x00s\x00s\x00i\x00c\x08\
\x00\x00\x00\x00\x06\x00\x00\x00\x11Trackba\
ll Classic\x07\x00\x00\x00\x13N\
avigationIndicat\
or\x01\x03\x00\x00\x00\x12\x00T\x00u\x00r\x00n\
\x00t\x00a\x00b\x00l\x00e\x08\x00\x00\x00\x00\x06\
\x00\x00\x00\x09Turntable\x07\x00\x00\
\x00\x13NavigationIndi\
cator\x01\x03\x00\x00\x00\x12\x00U\x00n\x00\
d\x00e\x00f\x00i\x00n\x00e\x00d\x08\x00\x00\
\x00\x00\x06\x00\x00\x00\x09Undefined\
\x07\x00\x00\x00\x13NavigationI\
ndicator\x01\x03\x00\x00\x00\x06\x00Z\
\x00u\x00m\x08\x00\x00\x00\x00\x06\x00\x00\x00\x04Zo\
om\x07\x00\x00\x00\x13Navigatio\
nIndicator\x01\
\x00\x00\x084\
<\
\xb8d\x18\xca\xef\x9c\x95\xcd!\x1c\xbf`\xa1\xbd\xdd\xa7\
\x00\x00\x00\x05pt-BRB\x00\x00\x00\xb0\x00\x00\
V~\x00\x00\x03\xa6\x00\x05\xb04\x00\x00\x05v\x00\x06\
\x16]\x00\x00\x07\x1f\x01\xed(5\x00\x00\x00?\x02V\
:\xc2\x00\x00\x01\x86\x04\x0c!\x0e\x00\x00\x01\x1c\x04\xc1\
e\x0e\x00\x00\x02L\x04\xc3i\x0c\x00\x00\x04\x8f\x05\x96\
\xa8\xa5\x00\x00\x03\xf9\x05\x9c+\xa4\x00\x00\x04\xec\x06,\
7%\x00\x00\x02\xdc\x06\xb7*>\x00\x00\x00\x93\x06\xc5\
\xf1\x13\x00\x00\x04;\x07\xa1\xdd\xac\x00\x00\x05\xf5\x09Z\
$\xe5\x00\x00\x06\x95\x09\xf5\x00\x13\x00\x00\x068\x0ad\
g\xe4\x00\x00\x00\x00\x0a\xbc\xb8\xf4\x00\x00\x06\xda\x0bf\
;P\x00\x00\x05\xb6\x0c\xbb\x01s\x00\x00\x05,\x0f\xa7\
X\x85\x00\x00\x01\xee\x0f\xfbg.\x00\x00\x03/i\x00\
\x00\x07Y\x03\x00\x00\x00\x10\x00C\x00o\x00m\x00p\
\x00a\x00c\x00t\x00o\x08\x00\x00\x00\x00\x06\x00\x00\
\x00\x07Compact\x07\x00\x00\x00\x13Na\
vigationIndicato\
r\x01\x03\x00\x00\x00\x1e\x00G\x00i\x00r\x00a\x00\
r\x00m\x00e\x00s\x00a\x00 \x00L\x00i\x00\
v\x00r\x00e\x08\x00\x00\x00\x00\x06\x00\x00\x00\x0eF\
ree Turntable\x07\x00\x00\
\x00\x13NavigationIndi\
cator\x01\x03\x00\x00\x00D\x00B\x00o\x00\
t\x00\xe3\x00o\x00 \x00d\x00o\x00 \x00m\x00\
e\x00i\x00o\x00 \x00d\x00o\x00 \x00m\x00\
o\x00u\x00s\x00e\x00 \x00o\x00u\x00 \x00\
t\x00e\x00c\x00l\x00a\x00 \x00H\x00.\x08\
\x00\x00\x00\x00\x06\x00\x00\x00\x1dMiddle \
mouse button or \
H key.\x07\x00\x00\x00\x13Navig\
ationIndicator\x01\x03\
\x00\x00\x00.\x00B\x00o\x00t\x00\xe3\x00o\x00 \
\x00d\x00o\x00 \x00m\x00e\x00i\x00o\x00 \
\x00d\x00o\x00 \x00m\x00o\x00u\x00s\x00e\
\x00.\x08\x00\x00\x00\x00\x06\x00\x00\x00\x14Midd\
le mouse button.\
\x07\x00\x00\x00\x13NavigationI\
ndicator\x01\x03\x00\x00\x00,\x00I\
\x00n\x00d\x00i\x00c\x00a\x00d\x00o\x00r\
\x00 \x00d\x00e\x00 \x00N\x00a\x00v\x00e\
\x00g\x00a\x00\xe7\x00\xe3\x00o\x08\x00\x00\x00\x00\x06\
\x00\x00\x00\x14Navigation i\
ndicator\x07\x00\x00\x00\x13Nav\
igationIndicator\
\x01\x03\x00\x00\x00&\x00E\x00s\x00t\x00i\x00l\
\x00o\x00 \x00d\x00e\x00 \x00n\x00a\x00v\
\x00e\x00g\x00a\x00\xe7\x00\xe3\x00o\x08\x00\x00\x00\
\x00\x06\x00\x00\x00\x10Navigation\
 style\x07\x00\x00\x00\x13Navig\
ationIndicator\x01\x03\
\x00\x00\x00H\x00E\x00s\x00t\x00i\x00l\x00o\
\x00 \x00d\x00e\x00 \x00n\x00a\x00v\x00e\
\x00g\x00a\x00\xe7\x00\xe3\x00o\x00 \x00n\x00\xe3\
\x00o\x00 \x00r\x00e\x00c\x00o\x00n\x00h\
\x00e\x00c\x00i\x00d\x00o\x00.\x08\x00\x00\x00\
\x00\x06\x00\x00\x00 Navigation\
 style not recog\
nized.\x07\x00\x00\x00\x13Navig\
ationIndicator\x01\x03\
\x00\x00\x00 \x00E\x00s\x00t\x00i\x00l\x00o\
\x00 \x00d\x00e\x00 \x00o\x00r\x00b\x00i\
\x00t\x00a\x08\x00\x00\x00\x00\x06\x00\x00\x00\x0bOr\
bit style\x07\x00\x00\x00\x13Na\
vigationIndicato\
r\x01\x03\x00\x00\x006\x00T\x00e\x00c\x00l\x00\
a\x00 \x00P\x00a\x00g\x00e\x00 \x00U\x00\
p\x00 \x00o\x00u\x00 \x00P\x00a\x00g\x00\
e\x00 \x00D\x00o\x00w\x00n\x00.\x08\x00\x00\
\x00\x00\x06\x00\x00\x00\x19Page Up o\
r Page Down key.\
\x07\x00\x00\x00\x13NavigationI\
ndicator\x01\x03\x00\x00\x00(\x00A\
\x00r\x00r\x00a\x00s\x00t\x00a\x00r\x00 \
\x00v\x00i\x00s\x00t\x00a\x00 \x00(\x00p\
\x00a\x00n\x00)\x08\x00\x00\x00\x00\x06\x00\x00\x00\x03\
Pan\x07\x00\x00\x00\x13Navigati\
onIndicator\x01\x03\x00\x00\x00\
\x14\x00R\x00o\x00t\x00a\x00c\x00i\x00o\x00\
n\x00a\x00r\x08\x00\x00\x00\x00\x06\x00\x00\x00\x06R\
otate\x07\x00\x00\x00\x13Naviga\
tionIndicator\x01\x03\x00\
\x00\x00\x1e\x00F\x00o\x00c\x00o\x00 \x00d\x00\
e\x00 \x00r\x00o\x00t\x00a\x00\xe7\x00\xe3\x00\
o\x08\x00\x00\x00\x00\x06\x00\x00\x00\x0eRotat\
ion focus\x07\x00\x00\x00\x13Na\
vigationIndicato\
r\x01\x03\x00\x00\x00&\x00A\x00r\x00c\x00b\x00\
a\x00l\x00l\x00 \x00A\x00r\x00r\x00e\x00\
d\x00o\x00n\x00d\x00a\x00d\x00o\x08\x00\x00\
\x00\x00\x06\x00\x00\x00\x0fRounded A\
rcball\x07\x00\x00\x00\x13Navig\
ationIndicator\x01\x03\
\x00\x00\x00\x12\x00S\x00e\x00l\x00e\x00c\x00i\
\x00o\x00n\x00e\x08\x00\x00\x00\x00\x06\x00\x00\x00\x06\
Select\x07\x00\x00\x00\x13Navig\
ationIndicator\x01\x03\
\x00\x00\x00\x1a\x00C\x00o\x00n\x00f\x00i\x00g\
\x00u\x00r\x00a\x00\xe7\x00\xf5\x00e\x00s\x08\x00\
\x00\x00\x00\x06\x00\x00\x00\x08Settings\
\x07\x00\x00\x00\x13NavigationI\
ndicator\x01\x03\x00\x00\x00\x14\x00I\
\x00n\x00c\x00l\x00i\x00n\x00a\x00\xe7\x00\xe3\
\x00o\x08\x00\x00\x00\x00\x06\x00\x00\x00\x04Tilt\
\x07\x00\x00\x00\x13NavigationI\
ndicator\x01\x03\x00\x00\x00\x10\x00S\
\x00u\x00g\x00e\x00s\x00t\x00\xe3\x00o\x08\x00\
\x00\x00\x00\x06\x00\x00\x00\x07Tooltip\x07\
\x00\x00\x00\x13NavigationIn\
dicator\x01\x03\x00\x00\x00\x12\x00T\x00\
r\x00a\x00c\x00k\x00b\x00a\x00l\x00l\x08\
\x00\x00\x00\x00\x06\x00\x00\x00\x09Trackba\
ll\x07\x00\x00\x00\x13Navigatio\
nIndicator\x01\x03\x00\x00\x00$\
\x00T\x00r\x00a\x00c\x00k\x00b\x00a\x00l\
\x00l\x00 \x00C\x00l\x00\xe1\x00s\x00s\x00i\
\x00c\x00o\x08\x00\x00\x00\x00\x06\x00\x00\x00\x11Tr\
ackball Classic\x07\
\x00\x00\x00\x13NavigationIn\
dicator\x01\x03\x00\x00\x00\x14\x00P\x00\
l\x00a\x00t\x00a\x00f\x00o\x00r\x00m\x00\
a\x08\x00\x00\x00\x00\x06\x00\x00\x00\x09Turnt\
able\x07\x00\x00\x00\x13Navigat\
ionIndicator\x01\x03\x00\x00\
\x00\x14\x00I\x00n\x00d\x00e\x00f\x00i\x00n\
\x00i\x00d\x00o\x08\x00\x00\x00\x00\x06\x00\x00\x00\x09\
Undefined\x07\x00\x00\x00\x13Na\
vigationIndicato\
r\x01\x03\x00\x00\x00\x0e\x00A\x00m\x00p\x00l\x00\
i\x00a\x00r\x08\x00\x00\x00\x00\x06\x00\x00\x00\x04Z\
oom\x07\x00\x00\x00\x13Navigati\
onIndicator\x01\x88\x00\x00\x00\
\x02\x03\x01\
\x00\x00\x08\x03\
<\
\xb8d\x18\xca\xef\x9c\x95\xcd!\x1c\xbf`\xa1\xbd\xdd\xa7\
\x00\x00\x00\x02csB\x00\x00\x00\xb0\x00\x00V~\x00\
\x00\x03\x9c\x00\x05\xb04\x00\x00\x05,\x00\x06\x16]\x00\
\x00\x06\xe7\x01\xed(5\x00\x00\x00A\x02V:\xc2\x00\
\x00\x01\x9c\x04\x0c!\x0e\x00\x00\x01.\x04\xc1e\x0e\x00\
\x00\x02N\x04\xc3i\x0c\x00\x00\x04Y\x05\x96\xa8\xa5\x00\
\x00\x03\xd1\x05\x9c+\xa4\x00\x00\x04\xb0\x06,7%\x00\
\x00\x02\xd2\x06\xb7*>\x00\x00\x00\x99\x06\xc5\xf1\x13\x00\
\x00\x04\x0b\x07\xa1\xdd\xac\x00\x00\x05\xb7\x09Z$\xe5\x00\
\x00\x06W\x09\xf5\x00\x13\x00\x00\x05\xfa\x0adg\xe4\x00\
\x00\x00\x00\x0a\xbc\xb8\xf4\x00\x00\x06\x9e\x0bf;P\x00\
\x00\x05h\x0c\xbb\x01s\x00\x00\x04\xea\x0f\xa7X\x85\x00\
\x00\x01\xfc\x0f\xfbg.\x00\x00\x03\x1bi\x00\x00\x07'\
\x03\x00\x00\x00\x12\x00K\x00o\x00m\x00p\x00a\x00\
k\x00t\x00n\x00\xed\x08\x00\x00\x00\x00\x06\x00\x00\x00\
\x07Compact\x07\x00\x00\x00\x13Nav\
igationIndicator\
\x01\x03\x00\x00\x00\x22\x00V\x00o\x00l\x00n\x00\xfd\
\x00 \x00o\x00t\x00o\x01\x0d\x00n\x00\xfd\x00 \
\x00s\x00t\x01o\x00l\x08\x00\x00\x00\x00\x06\x00\x00\
\x00\x0eFree Turntable\
\x07\x00\x00\x00\x13NavigationI\
ndicator\x01\x03\x00\x00\x00P\x00P\
\x00r\x00o\x00s\x00t\x01Y\x00e\x00d\x00n\
\x00\xed\x00 \x00t\x00l\x00a\x01\x0d\x00\xed\x00t\
\x00k\x00o\x00 \x00m\x00y\x01a\x00i\x00 \
\x00n\x00e\x00b\x00o\x00 \x00k\x00l\x00\xe1\
\x00v\x00e\x00s\x00a\x00 \x00H\x00.\x08\x00\
\x00\x00\x00\x06\x00\x00\x00\x1dMiddle m\
ouse button or H\
 key.\x07\x00\x00\x00\x13Naviga\
tionIndicator\x01\x03\x00\
\x00\x002\x00P\x00r\x00o\x00s\x00t\x01Y\x00\
e\x00d\x00n\x00\xed\x00 \x00t\x00l\x00a\x01\
\x0d\x00\xed\x00t\x00k\x00o\x00 \x00m\x00y\x01\
a\x00i\x00.\x08\x00\x00\x00\x00\x06\x00\x00\x00\x14M\
iddle mouse butt\
on.\x07\x00\x00\x00\x13Navigati\
onIndicator\x01\x03\x00\x00\x00\
$\x00I\x00n\x00d\x00i\x00k\x00\xe1\x00t\x00\
o\x00r\x00 \x00n\x00a\x00v\x00i\x00g\x00\
a\x00c\x00e\x08\x00\x00\x00\x00\x06\x00\x00\x00\x14N\
avigation indica\
tor\x07\x00\x00\x00\x13Navigati\
onIndicator\x01\x03\x00\x00\x00\
\x1a\x00S\x00t\x00y\x00l\x00 \x00n\x00a\x00\
v\x00i\x00g\x00a\x00c\x00e\x08\x00\x00\x00\x00\
\x06\x00\x00\x00\x10Navigation \
style\x07\x00\x00\x00\x13Naviga\
tionIndicator\x01\x03\x00\
\x00\x00<\x00N\x00a\x00v\x00i\x00g\x00a\x01\
\x0d\x00n\x00\xed\x00 \x00s\x00t\x00y\x00l\x00\
 \x00n\x00e\x00b\x00y\x00l\x00 \x00r\x00\
o\x00z\x00e\x00z\x00n\x00\xe1\x00n\x00.\x08\
\x00\x00\x00\x00\x06\x00\x00\x00 Navigat\
ion style not re\
cognized.\x07\x00\x00\x00\x13Na\
vigationIndicato\
r\x01\x03\x00\x00\x00\x16\x00S\x00t\x00y\x00l\x00\
 \x00o\x00r\x00b\x00i\x00t\x00u\x08\x00\x00\
\x00\x00\x06\x00\x00\x00\x0bOrbit sty\
le\x07\x00\x00\x00\x13Navigatio\
nIndicator\x01\x03\x00\x00\x00@\
\x00T\x00l\x00a\x01\x0d\x00\xed\x00t\x00k\x00a\
\x00 \x00P\x00a\x00g\x00e\x00 \x00U\x00p\
\x00 \x00n\x00e\x00b\x00o\x00 \x00P\x00a\
\x00g\x00e\x00 \x00D\x00o\x00w\x00n\x00.\
\x08\x00\x00\x00\x00\x06\x00\x00\x00\x19Page U\
p or Page Down k\
ey.\x07\x00\x00\x00\x13Navigati\
onIndicator\x01\x03\x00\x00\x00\
\x0a\x00P\x00o\x00s\x00u\x00n\x08\x00\x00\x00\x00\
\x06\x00\x00\x00\x03Pan\x07\x00\x00\x00\x13Nav\
igationIndicator\
\x01\x03\x00\x00\x00\x0c\x00O\x00t\x00o\x01\x0d\x00i\
\x00t\x08\x00\x00\x00\x00\x06\x00\x00\x00\x06Rota\
te\x07\x00\x00\x00\x13Navigatio\
nIndicator\x01\x03\x00\x00\x00\x18\
\x00S\x00t\x01Y\x00e\x00d\x00 \x00r\x00o\
\x00t\x00a\x00c\x00e\x08\x00\x00\x00\x00\x06\x00\x00\
\x00\x0eRotation focus\
\x07\x00\x00\x00\x13NavigationI\
ndicator\x01\x03\x00\x00\x00 \x00Z\
\x00a\x00o\x00b\x00l\x00e\x00n\x00\xfd\x00 \
\x00A\x00r\x00c\x00b\x00a\x00l\x00l\x08\x00\
\x00\x00\x00\x06\x00\x00\x00\x0fRounded \
Arcball\x07\x00\x00\x00\x13Navi\
gationIndicator\x01\
\x03\x00\x00\x00\x0c\x00V\x00y\x00b\x00r\x00a\x00\
t\x08\x00\x00\x00\x00\x06\x00\x00\x00\x06Selec\
t\x07\x00\x00\x00\x13Navigation\
Indicator\x01\x03\x00\x00\x00\x12\x00\
N\x00a\x00s\x00t\x00a\x00v\x00e\x00n\x00\
\xed\x08\x00\x00\x00\x00\x06\x00\x00\x00\x08Setti\
ngs\x07\x00\x00\x00\x13Navigati\
onIndicator\x01\x03\x00\x00\x00\
\x10\x00N\x00a\x00k\x00l\x00o\x00n\x00i\x00\
t\x08\x00\x00\x00\x00\x06\x00\x00\x00\x04Tilt\x07\
\x00\x00\x00\x13NavigationIn\
dicator\x01\x03\x00\x00\x00 \x00P\x00\
o\x00p\x00i\x00s\x00e\x00k\x00 \x00n\x00\
\xe1\x00s\x00t\x00r\x00o\x00j\x00e\x08\x00\x00\
\x00\x00\x06\x00\x00\x00\x07Tooltip\x07\x00\
\x00\x00\x13NavigationInd\
icator\x01\x03\x00\x00\x00\x12\x00T\x00r\
\x00a\x00c\x00k\x00b\x00a\x00l\x00l\x08\x00\
\x00\x00\x00\x06\x00\x00\x00\x09Trackbal\
l\x07\x00\x00\x00\x13Navigation\
Indicator\x01\x03\x00\x00\x00$\x00\
K\x00l\x00a\x00s\x00i\x00c\x00k\x00\xfd\x00\
 \x00t\x00r\x00a\x00c\x00k\x00b\x00a\x00\
l\x00l\x08\x00\x00\x00\x00\x06\x00\x00\x00\x11Tra\
ckball Classic\x07\x00\
\x00\x00\x13NavigationInd\
icator\x01\x03\x00\x00\x00\x16\x00O\x00t\
\x00o\x01\x0d\x00n\x00\xfd\x00 \x00s\x00t\x01o\
\x00l\x08\x00\x00\x00\x00\x06\x00\x00\x00\x09Turn\
table\x07\x00\x00\x00\x13Naviga\
tionIndicator\x01\x03\x00\
\x00\x00\x18\x00N\x00e\x00d\x00e\x00f\x00i\x00\
n\x00o\x00v\x00a\x00n\x00\xe1\x08\x00\x00\x00\x00\
\x06\x00\x00\x00\x09Undefined\x07\x00\
\x00\x00\x13NavigationInd\
icator\x01\x03\x00\x00\x00\x14\x00P\x01Y\
\x00i\x00b\x00l\x00\xed\x01~\x00e\x00n\x00\xed\
\x08\x00\x00\x00\x00\x06\x00\x00\x00\x04Zoom\x07\x00\
\x00\x00\x13NavigationInd\
icator\x01\x88\x00\x00\x00\x06\x01\x01\xff\x04\
\x02\x04\
\x00\x00\x08\x96\
<\
\xb8d\x18\xca\xef\x9c\x95\xcd!\x1c\xbf`\xa1\xbd\xdd\xa7\
\x00\x00\x00\x05es-ESB\x00\x00\x00\xb0\x00\x00\
V~\x00\x00\x03\xb8\x00\x05\xb04\x00\x00\x05p\x00\x06\
\x16]\x00\x00\x07w\x01\xed(5\x00\x00\x00?\x02V\
:\xc2\x00\x00\x01\x98\x04\x0c!\x0e\x00\x00\x01,\x04\xc1\
e\x0e\x00\x00\x02b\x04\xc3i\x0c\x00\x00\x04}\x05\x96\
\xa8\xa5\x00\x00\x03\xef\x05\x9c+\xa4\x00\x00\x04\xe2\x06,\
7%\x00\x00\x02\xf0\x06\xb7*>\x00\x00\x00\x9d\x06\xc5\
\xf1\x13\x00\x00\x04'\x07\xa1\xdd\xac\x00\x00\x06\x1d\x09Z\
$\xe5\x00\x00\x06\xe3\x09\xf5\x00\x13\x00\x00\x06t\x0ad\
g\xe4\x00\x00\x00\x00\x0a\xbc\xb8\xf4\x00\x00\x070\x0bf\
;P\x00\x00\x05\xb2\x0c\xbb\x01s\x00\x00\x05&\x0f\xa7\
X\x85\x00\x00\x02\x02\x0f\xfbg.\x00\x00\x03Ci\x00\
\x00\x07\xbb\x03\x00\x00\x00\x10\x00C\x00o\x00m\x00p\
\x00a\x00c\x00t\x00o\x08\x00\x00\x00\x00\x06\x00\x00\
\x00\x07Compact\x07\x00\x00\x00\x13Na\
vigationIndicato\
r\x01\x03\x00\x00\x00(\x00M\x00e\x00s\x00a\x00\
 \x00g\x00i\x00r\x00a\x00t\x00o\x00r\x00\
i\x00a\x00 \x00l\x00i\x00b\x00r\x00e\x08\
\x00\x00\x00\x00\x06\x00\x00\x00\x0eFree Tu\
rntable\x07\x00\x00\x00\x13Navi\
gationIndicator\x01\
\x03\x00\x00\x00J\x00B\x00o\x00t\x00\xf3\x00n\x00\
 \x00c\x00e\x00n\x00t\x00r\x00a\x00l\x00\
 \x00d\x00e\x00l\x00 \x00r\x00a\x00t\x00\
\xf3\x00n\x00 \x00o\x00 \x00l\x00a\x00 \x00\
t\x00e\x00c\x00l\x00a\x00 \x00H\x00.\x08\
\x00\x00\x00\x00\x06\x00\x00\x00\x1dMiddle \
mouse button or \
H key.\x07\x00\x00\x00\x13Navig\
ationIndicator\x01\x03\
\x00\x00\x000\x00B\x00o\x00t\x00\xf3\x00n\x00 \
\x00c\x00e\x00n\x00t\x00r\x00a\x00l\x00 \
\x00d\x00e\x00l\x00 \x00r\x00a\x00t\x00\xf3\
\x00n\x00.\x08\x00\x00\x00\x00\x06\x00\x00\x00\x14Mi\
ddle mouse butto\
n.\x07\x00\x00\x00\x13Navigatio\
nIndicator\x01\x03\x00\x00\x00.\
\x00I\x00n\x00d\x00i\x00c\x00a\x00d\x00o\
\x00r\x00 \x00d\x00e\x00 \x00n\x00a\x00v\
\x00e\x00g\x00a\x00c\x00i\x00\xf3\x00n\x08\x00\
\x00\x00\x00\x06\x00\x00\x00\x14Navigati\
on indicator\x07\x00\x00\x00\
\x13NavigationIndic\
ator\x01\x03\x00\x00\x00(\x00E\x00s\x00t\
\x00i\x00l\x00o\x00 \x00d\x00e\x00 \x00n\
\x00a\x00v\x00e\x00g\x00a\x00c\x00i\x00\xf3\
\x00n\x08\x00\x00\x00\x00\x06\x00\x00\x00\x10Navi\
gation style\x07\x00\x00\x00\
\x13NavigationIndic\
ator\x01\x03\x00\x00\x00F\x00E\x00s\x00t\
\x00i\x00l\x00o\x00 \x00d\x00e\x00 \x00n\
\x00a\x00v\x00e\x00g\x00a\x00c\x00i\x00\xf3\
\x00n\x00 \x00n\x00o\x00 \x00r\x00e\x00c\
\x00o\x00n\x00o\x00c\x00i\x00d\x00o\x00.\
\x08\x00\x00\x00\x00\x06\x00\x00\x00 Naviga\
tion style not r\
ecognized.\x07\x00\x00\x00\x13N\
avigationIndicat\
or\x01\x03\x00\x00\x00 \x00E\x00s\x00t\x00i\
\x00l\x00o\x00 \x00d\x00e\x00 \x00\xf3\x00r\
\x00b\x00i\x00t\x00a\x08\x00\x00\x00\x00\x06\x00\x00\
\x00\x0bOrbit style\x07\x00\x00\
\x00\x13NavigationIndi\
cator\x01\x03\x00\x00\x004\x00T\x00e\x00\
c\x00l\x00a\x00 \x00P\x00a\x00g\x00e\x00\
 \x00U\x00p\x00 \x00o\x00 \x00P\x00a\x00\
g\x00e\x00 \x00D\x00o\x00w\x00n\x00.\x08\
\x00\x00\x00\x00\x06\x00\x00\x00\x19Page Up\
 or Page Down ke\
y.\x07\x00\x00\x00\x13Navigatio\
nIndicator\x01\x03\x00\x00\x00\x0c\
\x00P\x00a\x00n\x00e\x00a\x00r\x08\x00\x00\x00\
\x00\x06\x00\x00\x00\x03Pan\x07\x00\x00\x00\x13Na\
vigationIndicato\
r\x01\x03\x00\x00\x00\x0a\x00R\x00o\x00t\x00a\x00\
r\x08\x00\x00\x00\x00\x06\x00\x00\x00\x06Rotat\
e\x07\x00\x00\x00\x13Navigation\
Indicator\x01\x03\x00\x00\x00 \x00\
F\x00o\x00c\x00o\x00 \x00d\x00e\x00 \x00\
r\x00o\x00t\x00a\x00c\x00i\x00\xf3\x00n\x08\
\x00\x00\x00\x00\x06\x00\x00\x00\x0eRotatio\
n focus\x07\x00\x00\x00\x13Navi\
gationIndicator\x01\
\x03\x00\x00\x00.\x00B\x00o\x00l\x00a\x00 \x00\
d\x00e\x00 \x00a\x00r\x00c\x00o\x00 \x00\
r\x00e\x00d\x00o\x00n\x00d\x00e\x00a\x00\
d\x00a\x08\x00\x00\x00\x00\x06\x00\x00\x00\x0fRou\
nded Arcball\x07\x00\x00\x00\
\x13NavigationIndic\
ator\x01\x03\x00\x00\x00\x16\x00S\x00e\x00l\
\x00e\x00c\x00c\x00i\x00o\x00n\x00a\x00r\
\x08\x00\x00\x00\x00\x06\x00\x00\x00\x06Select\
\x07\x00\x00\x00\x13NavigationI\
ndicator\x01\x03\x00\x00\x00\x1a\x00C\
\x00o\x00n\x00f\x00i\x00g\x00u\x00r\x00a\
\x00c\x00i\x00\xf3\x00n\x08\x00\x00\x00\x00\x06\x00\x00\
\x00\x08Settings\x07\x00\x00\x00\x13N\
avigationIndicat\
or\x01\x03\x00\x00\x00\x16\x00I\x00n\x00c\x00l\
\x00i\x00n\x00a\x00c\x00i\x00\xf3\x00n\x08\x00\
\x00\x00\x00\x06\x00\x00\x00\x04Tilt\x07\x00\x00\x00\
\x13NavigationIndic\
ator\x01\x03\x00\x00\x00<\x00I\x00n\x00f\
\x00o\x00r\x00m\x00a\x00c\x00i\x00\xf3\x00n\
\x00 \x00s\x00o\x00b\x00r\x00e\x00 \x00h\
\x00e\x00r\x00r\x00a\x00m\x00i\x00e\x00n\
\x00t\x00a\x00s\x08\x00\x00\x00\x00\x06\x00\x00\x00\x07\
Tooltip\x07\x00\x00\x00\x13Navi\
gationIndicator\x01\
\x03\x00\x00\x00&\x00B\x00o\x00l\x00a\x00 \x00\
d\x00e\x00 \x00s\x00e\x00g\x00u\x00i\x00\
m\x00i\x00e\x00n\x00t\x00o\x08\x00\x00\x00\x00\
\x06\x00\x00\x00\x09Trackball\x07\x00\
\x00\x00\x13NavigationInd\
icator\x01\x03\x00\x00\x006\x00B\x00o\
\x00l\x00a\x00 \x00d\x00e\x00 \x00s\x00e\
\x00g\x00u\x00i\x00m\x00i\x00e\x00n\x00t\
\x00o\x00 \x00c\x00l\x00\xe1\x00s\x00i\x00c\
\x00a\x08\x00\x00\x00\x00\x06\x00\x00\x00\x11Trac\
kball Classic\x07\x00\x00\
\x00\x13NavigationIndi\
cator\x01\x03\x00\x00\x00\x1c\x00M\x00e\x00\
s\x00a\x00 \x00g\x00i\x00r\x00a\x00t\x00\
o\x00r\x00i\x00a\x08\x00\x00\x00\x00\x06\x00\x00\x00\
\x09Turntable\x07\x00\x00\x00\x13N\
avigationIndicat\
or\x01\x03\x00\x00\x00\x16\x00S\x00i\x00n\x00 \
\x00d\x00e\x00f\x00i\x00n\x00i\x00r\x08\x00\
\x00\x00\x00\x06\x00\x00\x00\x09Undefine\
d\x07\x00\x00\x00\x13Navigation\
Indicator\x01\x03\x00\x00\x00\x18\x00\
A\x00c\x00e\x00r\x00c\x00a\x00m\x00i\x00\
e\x00n\x00t\x00o\x08\x00\x00\x00\x00\x06\x00\x00\x00\
\x04Zoom\x07\x00\x00\x00\x13Naviga\
tionIndicator\x01\x88\x00\
\x00\x00\x02\x01\x01\
\x00\x00\x07\xf6\
<\
\xb8d\x18\xca\xef\x9c\x95\xcd!\x1c\xbf`\xa1\xbd\xdd\xa7\
\x00\x00\x00\x02roB\x00\x00\x00\xb0\x00\x00V~\x00\
\x00\x03\x98\x00\x05\xb04\x00\x00\x058\x00\x06\x16]\x00\
\x00\x06\xe3\x01\xed(5\x00\x00\x00E\x02V:\xc2\x00\
\x00\x01|\x04\x0c!\x0e\x00\x00\x01 \x04\xc1e\x0e\x00\
\x00\x028\x04\xc3i\x0c\x00\x00\x04g\x05\x96\xa8\xa5\x00\
\x00\x03\xd5\x05\x9c+\xa4\x00\x00\x04\xbc\x06,7%\x00\
\x00\x02\xb2\x06\xb7*>\x00\x00\x00\xa3\x06\xc5\xf1\x13\x00\
\x00\x04\x0f\x07\xa1\xdd\xac\x00\x00\x05\xb5\x09Z$\xe5\x00\
\x00\x06S\x09\xf5\x00\x13\x00\x00\x05\xf8\x0adg\xe4\x00\
\x00\x00\x00\x0a\xbc\xb8\xf4\x00\x00\x06\xa0\x0bf;P\x00\
\x00\x05v\x0c\xbb\x01s\x00\x00\x04\xfc\x0f\xa7X\x85\x00\
\x00\x01\xe0\x0f\xfbg.\x00\x00\x03\x03i\x00\x00\x07\x17\
\x03\x00\x00\x00\x16\x00C\x00o\x00m\x00p\x00a\x00\
c\x00t\x00e\x00a\x00z\x01\x03\x08\x00\x00\x00\x00\
\x06\x00\x00\x00\x07Compact\x07\x00\x00\x00\
\x13NavigationIndic\
ator\x01\x03\x00\x00\x00(\x00G\x00r\x00a\
\x00t\x00u\x00i\x00t\x00 \x00d\x00e\x00 \
\x00T\x00u\x00r\x00n\x00t\x00a\x00b\x00l\
\x00e\x08\x00\x00\x00\x00\x06\x00\x00\x00\x0eFree\
 Turntable\x07\x00\x00\x00\x13N\
avigationIndicat\
or\x01\x03\x00\x00\x008\x00R\x00o\x00z\x00e\
\x00t\x00a\x00 \x00m\x00a\x00u\x00s\x00u\
\x00l\x00u\x00i\x00 \x00s\x00a\x00u\x00 \
\x00t\x00a\x00s\x00t\x00a\x00 \x00H\x00.\
\x08\x00\x00\x00\x00\x06\x00\x00\x00\x1dMiddle\
 mouse button or\
 H key.\x07\x00\x00\x00\x13Navi\
gationIndicator\x01\
\x03\x00\x00\x00 \x00R\x00o\x00z\x00e\x00t\x00\
a\x00 \x00m\x00a\x00u\x00s\x00u\x00l\x00\
u\x00i\x00.\x08\x00\x00\x00\x00\x06\x00\x00\x00\x14M\
iddle mouse butt\
on.\x07\x00\x00\x00\x13Navigati\
onIndicator\x01\x03\x00\x00\x00\
(\x00N\x00a\x00v\x00i\x00g\x00a\x00t\x00\
i\x00o\x00n\x00 \x00i\x00n\x00d\x00i\x00\
c\x00a\x00t\x00o\x00r\x08\x00\x00\x00\x00\x06\x00\
\x00\x00\x14Navigation in\
dicator\x07\x00\x00\x00\x13Navi\
gationIndicator\x01\
\x03\x00\x00\x00 \x00S\x00t\x00i\x00l\x00 \x00\
d\x00e\x00 \x00n\x00a\x00v\x00i\x00g\x00\
a\x00r\x00e\x08\x00\x00\x00\x00\x06\x00\x00\x00\x10N\
avigation style\x07\
\x00\x00\x00\x13NavigationIn\
dicator\x01\x03\x00\x00\x002\x00S\x00\
t\x00i\x00l\x00 \x00d\x00e\x00 \x00n\x00\
a\x00v\x00i\x00g\x00a\x00r\x00e\x00 \x00\
i\x00n\x00v\x00a\x00l\x00i\x00d\x00.\x08\
\x00\x00\x00\x00\x06\x00\x00\x00 Navigat\
ion style not re\
cognized.\x07\x00\x00\x00\x13Na\
vigationIndicato\
r\x01\x03\x00\x00\x00\x1e\x00S\x00t\x00i\x00l\x00\
 \x00d\x00e\x00 \x00r\x00o\x00t\x00a\x02\
\x1b\x00i\x00e\x08\x00\x00\x00\x00\x06\x00\x00\x00\x0bO\
rbit style\x07\x00\x00\x00\x13N\
avigationIndicat\
or\x01\x03\x00\x00\x00T\x00A\x00p\x00a\x00s\
\x00a\x02\x1b\x00i\x00 \x00t\x00a\x00s\x00t\
\x00a\x00 \x00P\x00a\x00g\x00e\x00 \x00U\
\x00p\x00 \x00s\x00a\x00u\x00 \x00t\x00a\
\x00s\x00t\x00a\x00 \x00P\x00a\x00g\x00e\
\x00 \x00D\x00o\x00w\x00n\x00.\x08\x00\x00\x00\
\x00\x06\x00\x00\x00\x19Page Up or\
 Page Down key.\x07\
\x00\x00\x00\x13NavigationIn\
dicator\x01\x03\x00\x00\x00\x12\x00P\x00\
a\x00n\x00o\x00r\x00a\x00m\x00i\x00c\x08\
\x00\x00\x00\x00\x06\x00\x00\x00\x03Pan\x07\x00\x00\x00\
\x13NavigationIndic\
ator\x01\x03\x00\x00\x00\x0c\x00R\x00o\x00t\
\x00i\x00r\x00e\x08\x00\x00\x00\x00\x06\x00\x00\x00\x06\
Rotate\x07\x00\x00\x00\x13Navig\
ationIndicator\x01\x03\
\x00\x00\x00\x22\x00R\x00o\x00t\x00a\x02\x1b\x00i\
\x00a\x00 \x00f\x00o\x00c\x00a\x00r\x00u\
\x00l\x00u\x00i\x08\x00\x00\x00\x00\x06\x00\x00\x00\x0e\
Rotation focus\x07\x00\
\x00\x00\x13NavigationInd\
icator\x01\x03\x00\x00\x00\x1e\x00R\x00o\
\x00u\x00n\x00d\x00e\x00d\x00 \x00A\x00r\
\x00c\x00b\x00a\x00l\x00l\x08\x00\x00\x00\x00\x06\
\x00\x00\x00\x0fRounded Arcb\
all\x07\x00\x00\x00\x13Navigati\
onIndicator\x01\x03\x00\x00\x00\
\x12\x00S\x00e\x00l\x00e\x00c\x00t\x00a\x01\
c\x00i\x08\x00\x00\x00\x00\x06\x00\x00\x00\x06Sel\
ect\x07\x00\x00\x00\x13Navigati\
onIndicator\x01\x03\x00\x00\x00\
\x0c\x00S\x00e\x00t\x00a\x00r\x00i\x08\x00\x00\
\x00\x00\x06\x00\x00\x00\x08Settings\x07\
\x00\x00\x00\x13NavigationIn\
dicator\x01\x03\x00\x00\x00\x12\x00\xce\x00\
n\x00c\x00l\x00i\x00n\x00a\x00r\x00e\x08\
\x00\x00\x00\x00\x06\x00\x00\x00\x04Tilt\x07\x00\x00\
\x00\x13NavigationIndi\
cator\x01\x03\x00\x00\x00\x10\x00S\x00u\x00\
g\x00e\x00s\x00t\x00i\x00i\x08\x00\x00\x00\x00\
\x06\x00\x00\x00\x07Tooltip\x07\x00\x00\x00\
\x13NavigationIndic\
ator\x01\x03\x00\x00\x00\x12\x00T\x00r\x00a\
\x00c\x00k\x00b\x00a\x00l\x00l\x08\x00\x00\x00\
\x00\x06\x00\x00\x00\x09Trackball\x07\
\x00\x00\x00\x13NavigationIn\
dicator\x01\x03\x00\x00\x00\x22\x00T\x00\
r\x00a\x00c\x00k\x00b\x00a\x00l\x00l\x00\
 \x00C\x00l\x00a\x00s\x00s\x00i\x00c\x08\
\x00\x00\x00\x00\x06\x00\x00\x00\x11Trackba\
ll Classic\x07\x00\x00\x00\x13N\
avigationIndicat\
or\x01\x03\x00\x00\x00\x1c\x00P\x00l\x00a\x00c\
\x00a\x00 \x00t\x00u\x00r\x00n\x00a\x00n\
\x00t\x01\x03\x08\x00\x00\x00\x00\x06\x00\x00\x00\x09Tu\
rntable\x07\x00\x00\x00\x13Navi\
gationIndicator\x01\
\x03\x00\x00\x00\x12\x00N\x00e\x00d\x00e\x00f\x00\
i\x00n\x00i\x00t\x08\x00\x00\x00\x00\x06\x00\x00\x00\
\x09Undefined\x07\x00\x00\x00\x13N\
avigationIndicat\
or\x01\x03\x00\x00\x00\x08\x00Z\x00o\x00o\x00m\
\x08\x00\x00\x00\x00\x06\x00\x00\x00\x04Zoom\x07\x00\
\x00\x00\x13NavigationInd\
icator\x01\x88\x00\x00\x00\x09\x01\x01\xff\x01\
\x00\xfe$\x01\x13\
\x00\x00\x07\xf8\
<\
\xb8d\x18\xca\xef\x9c\x95\xcd!\x1c\xbf`\xa1\xbd\xdd\xa7\
\x00\x00\x00\x02ruB\x00\x00\x00\xb0\x00\x00V~\x00\
\x00\x03\x92\x00\x05\xb04\x00\x00\x054\x00\x06\x16]\x00\
\x00\x06\xdb\x01\xed(5\x00\x00\x00A\x02V:\xc2\x00\
\x00\x01\x88\x04\x0c!\x0e\x00\x00\x01$\x04\xc1e\x0e\x00\
\x00\x02B\x04\xc3i\x0c\x00\x00\x04Y\x05\x96\xa8\xa5\x00\
\x00\x03\xc7\x05\x9c+\xa4\x00\x00\x04\xb6\x06,7%\x00\
\x00\x02\xc4\x06\xb7*>\x00\x00\x00\x9b\x06\xc5\xf1\x13\x00\
\x00\x04\x07\x07\xa1\xdd\xac\x00\x00\x05\xad\x09Z$\xe5\x00\
\x00\x06O\x09\xf5\x00\x13\x00\x00\x05\xec\x0adg\xe4\x00\
\x00\x00\x00\x0a\xbc\xb8\xf4\x00\x00\x06\x90\x0bf;P\x00\
\x00\x05l\x0c\xbb\x01s\x00\x00\x04\xf2\x0f\xa7X\x85\x00\
\x00\x01\xec\x0f\xfbg.\x00\x00\x03\x15i\x00\x00\x07\x15\
\x03\x00\x00\x00\x12\x04\x1a\x04>\x04<\x04?\x040\x04\
:\x04B\x04=\x04>\x08\x00\x00\x00\x00\x06\x00\x00\x00\
\x07Compact\x07\x00\x00\x00\x13Nav\
igationIndicator\
\x01\x03\x00\x00\x00$\x04!\x042\x04>\x041\x04>\
\x044\x04=\x04>\x045\x00 \x042\x04@\x040\
\x04I\x045\x04=\x048\x045\x08\x00\x00\x00\x00\x06\
\x00\x00\x00\x0eFree Turntab\
le\x07\x00\x00\x00\x13Navigatio\
nIndicator\x01\x03\x00\x00\x00D\
\x04!\x04@\x045\x044\x04=\x04O\x04O\x00 \
\x04:\x04=\x04>\x04?\x04:\x040\x00 \x04<\
\x04K\x04H\x048\x00 \x048\x04;\x048\x00 \
\x04:\x04;\x040\x042\x048\x04H\x040\x00 \
\x00H\x00.\x08\x00\x00\x00\x00\x06\x00\x00\x00\x1dMi\
ddle mouse butto\
n or H key.\x07\x00\x00\x00\x13\
NavigationIndica\
tor\x01\x03\x00\x00\x00(\x04!\x04@\x045\x04\
4\x04=\x04O\x04O\x00 \x04:\x04=\x04>\x04\
?\x04:\x040\x00 \x04<\x04K\x04H\x048\x00\
.\x08\x00\x00\x00\x00\x06\x00\x00\x00\x14Middl\
e mouse button.\x07\
\x00\x00\x00\x13NavigationIn\
dicator\x01\x03\x00\x00\x00(\x04\x18\x04\
=\x044\x048\x04:\x040\x04B\x04>\x04@\x00\
 \x04=\x040\x042\x048\x043\x040\x04F\x04\
8\x048\x00 \x08\x00\x00\x00\x00\x06\x00\x00\x00\x14N\
avigation indica\
tor\x07\x00\x00\x00\x13Navigati\
onIndicator\x01\x03\x00\x00\x00\
\x1e\x04!\x04B\x048\x04;\x04L\x00 \x04=\x04\
0\x042\x048\x043\x040\x04F\x048\x048\x08\
\x00\x00\x00\x00\x06\x00\x00\x00\x10Navigat\
ion style\x07\x00\x00\x00\x13Na\
vigationIndicato\
r\x01\x03\x00\x00\x00:\x04!\x04B\x048\x04;\x04\
L\x00 \x04=\x040\x042\x048\x043\x040\x04\
F\x048\x048\x00 \x04=\x045\x00 \x04@\x04\
0\x04A\x04?\x04>\x047\x04=\x040\x04=\x00\
.\x08\x00\x00\x00\x00\x06\x00\x00\x00 Navig\
ation style not \
recognized.\x07\x00\x00\x00\x13\
NavigationIndica\
tor\x01\x03\x00\x00\x00\x1e\x04!\x04?\x04>\x04\
A\x04>\x041\x00 \x042\x04@\x040\x04I\x04\
5\x04=\x048\x04O\x08\x00\x00\x00\x00\x06\x00\x00\x00\
\x0bOrbit style\x07\x00\x00\x00\
\x13NavigationIndic\
ator\x01\x03\x00\x00\x00<\x04\x1a\x04;\x040\
\x042\x048\x04H\x048\x00 \x00P\x00a\x00g\
\x00e\x00 \x00U\x00p\x00 \x048\x04;\x048\
\x00 \x00P\x00a\x00g\x00e\x00 \x00D\x00o\
\x00w\x00n\x00.\x08\x00\x00\x00\x00\x06\x00\x00\x00\x19\
Page Up or Page \
Down key.\x07\x00\x00\x00\x13Na\
vigationIndicato\
r\x01\x03\x00\x00\x00\x0a\x04!\x044\x042\x048\x04\
3\x08\x00\x00\x00\x00\x06\x00\x00\x00\x03Pan\x07\x00\
\x00\x00\x13NavigationInd\
icator\x01\x03\x00\x00\x00\x12\x04\x1f\x04>\
\x042\x045\x04@\x04=\x04C\x04B\x04L\x08\x00\
\x00\x00\x00\x06\x00\x00\x00\x06Rotate\x07\x00\
\x00\x00\x13NavigationInd\
icator\x01\x03\x00\x00\x00\x1c\x04&\x045\
\x04=\x04B\x04@\x00 \x042\x04@\x040\x04I\
\x045\x04=\x048\x04O\x08\x00\x00\x00\x00\x06\x00\x00\
\x00\x0eRotation focus\
\x07\x00\x00\x00\x13NavigationI\
ndicator\x01\x03\x00\x00\x00&\x04\x1a\
\x04@\x04C\x043\x04;\x04K\x049\x00 \x04A\
\x045\x04:\x04B\x04>\x04@\x00 \x04H\x040\
\x04@\x040\x08\x00\x00\x00\x00\x06\x00\x00\x00\x0fRo\
unded Arcball\x07\x00\x00\
\x00\x13NavigationIndi\
cator\x01\x03\x00\x00\x00\x0e\x04\x12\x04K\x04\
1\x04@\x040\x04B\x04L\x08\x00\x00\x00\x00\x06\x00\
\x00\x00\x06Select\x07\x00\x00\x00\x13Na\
vigationIndicato\
r\x01\x03\x00\x00\x00\x12\x04\x1d\x040\x04A\x04B\x04\
@\x04>\x049\x04:\x048\x08\x00\x00\x00\x00\x06\x00\
\x00\x00\x08Settings\x07\x00\x00\x00\x13\
NavigationIndica\
tor\x01\x03\x00\x00\x00\x0c\x04\x1d\x040\x04:\x04\
;\x04>\x04=\x08\x00\x00\x00\x00\x06\x00\x00\x00\x04T\
ilt\x07\x00\x00\x00\x13Navigati\
onIndicator\x01\x03\x00\x00\x00\
\x12\x04\x1f\x04>\x044\x04A\x04:\x040\x047\x04\
:\x040\x08\x00\x00\x00\x00\x06\x00\x00\x00\x07Too\
ltip\x07\x00\x00\x00\x13Navigat\
ionIndicator\x01\x03\x00\x00\
\x00\x0e\x04\x22\x04@\x045\x04:\x041\x04>\x04;\
\x08\x00\x00\x00\x00\x06\x00\x00\x00\x09Trackb\
all\x07\x00\x00\x00\x13Navigati\
onIndicator\x01\x03\x00\x00\x00\
*\x04\x1a\x04;\x040\x04A\x04A\x048\x04G\x04\
5\x04A\x04:\x048\x049\x00 \x04B\x04@\x04\
5\x04:\x041\x04>\x04;\x00 \x08\x00\x00\x00\x00\
\x06\x00\x00\x00\x11Trackball C\
lassic\x07\x00\x00\x00\x13Navig\
ationIndicator\x01\x03\
\x00\x00\x00\x10\x04\x12\x04@\x040\x04I\x045\x04=\
\x048\x045\x08\x00\x00\x00\x00\x06\x00\x00\x00\x09Tu\
rntable\x07\x00\x00\x00\x13Navi\
gationIndicator\x01\
\x03\x00\x00\x00\x1a\x04\x1d\x045\x00 \x04>\x04?\x04\
@\x045\x044\x045\x04;\x045\x04=\x04>\x08\
\x00\x00\x00\x00\x06\x00\x00\x00\x09Undefin\
ed\x07\x00\x00\x00\x13Navigatio\
nIndicator\x01\x03\x00\x00\x00\x0e\
\x04\x1c\x040\x04A\x04H\x04B\x040\x041\x08\x00\
\x00\x00\x00\x06\x00\x00\x00\x04Zoom\x07\x00\x00\x00\
\x13NavigationIndic\
ator\x01\x88\x00\x00\x00\x0d\x11\x01\xfd)\x0b\xff\
\x14\x02\x04\xfd,\x0a\x13\
\x00\x00\x07\x8d\
<\
\xb8d\x18\xca\xef\x9c\x95\xcd!\x1c\xbf`\xa1\xbd\xdd\xa7\
\x00\x00\x00\x02ltB\x00\x00\x00\x98\x00\x00V~\x00\
\x00\x03\x8c\x00\x05\xb04\x00\x00\x04\xd9\x00\x06\x16]\x00\
\x00\x06u\x01\xed(5\x00\x00\x00u\x04\x0c!\x0e\x00\
\x00\x01\x80\x04\xc1e\x0e\x00\x00\x02D\x05\x96\xa8\xa5\x00\
\x00\x03\xc5\x05\x9c+\xa4\x00\x00\x04U\x06,7%\x00\
\x00\x02\xbc\x06\xb7*>\x00\x00\x00\xe5\x06\xc5\xf1\x13\x00\
\x00\x04\x01\x07\xa1\xdd\xac\x00\x00\x05\x80\x09Z$\xe5\x00\
\x00\x05\xe3\x0adg\xe4\x00\x00\x00\x00\x0a\xbc\xb8\xf4\x00\
\x00\x062\x0bf;P\x00\x00\x05\x15\x0c\xbb\x01s\x00\
\x00\x04\x97\x0f\xa7X\x85\x00\x00\x01\xf2\x0f\xfbg.\x00\
\x00\x03\x19i\x00\x00\x06\xc3\x03\x00\x00\x00F\x00R\x00\
o\x00d\x00y\x00t\x00i\x00 \x00t\x00i\x00\
k\x00 \x00n\x00a\x00r\x01a\x00y\x00m\x00\
o\x00 \x00b\x01k\x00d\x00o\x00 \x00p\x00\
a\x00v\x00e\x00i\x00k\x00s\x00l\x01\x17\x00\
l\x01/\x08\x00\x00\x00\x00\x06\x00\x00\x00\x07Com\
pact\x07\x00\x00\x00\x13Navigat\
ionIndicator\x01\x03\x00\x00\
\x00:\x00L\x00a\x00i\x00s\x00v\x00o\x00j\
\x00i\x00 \x00p\x00e\x00r\x01~\x00i\x01k\
\x00r\x00a\x00 \x00s\x00u\x00k\x00a\x00n\
\x00t\x00 \x00r\x00a\x00t\x00u\x08\x00\x00\x00\
\x00\x06\x00\x00\x00\x0eFree Turnt\
able\x07\x00\x00\x00\x13Navigat\
ionIndicator\x01\x03\x00\x00\
\x00V\x00V\x00i\x00d\x00u\x00r\x00i\x00n\
\x00y\x00s\x00i\x00s\x00 \x00p\x00e\x00l\
\x01\x17\x00s\x00 \x00m\x00y\x00g\x00t\x00u\
\x00k\x00a\x00s\x00 \x00a\x00r\x00b\x00a\
\x00 \x00H\x00 \x00m\x00y\x00g\x00t\x00u\
\x00k\x00a\x00s\x00.\x08\x00\x00\x00\x00\x06\x00\x00\
\x00\x1dMiddle mouse b\
utton or H key.\x07\
\x00\x00\x00\x13NavigationIn\
dicator\x01\x03\x00\x00\x006\x00V\x00\
i\x00d\x00u\x00r\x00i\x00n\x00y\x00s\x00\
i\x00s\x00 \x00p\x00e\x00l\x01\x17\x00s\x00\
 \x00m\x00y\x00g\x00t\x00u\x00k\x00a\x00\
s\x00.\x08\x00\x00\x00\x00\x06\x00\x00\x00\x14Mid\
dle mouse button\
.\x07\x00\x00\x00\x13Navigation\
Indicator\x01\x03\x00\x00\x00\x1a\x00\
N\x00a\x00r\x01a\x00y\x00m\x00o\x00 \x00\
b\x01k\x00d\x00a\x00i\x08\x00\x00\x00\x00\x06\x00\
\x00\x00\x10Navigation st\
yle\x07\x00\x00\x00\x13Navigati\
onIndicator\x01\x03\x00\x00\x00\
0\x00N\x00e\x01~\x00i\x00n\x00o\x00m\x00\
a\x00s\x00 \x00n\x00a\x00r\x01a\x00y\x00\
m\x00o\x00 \x00b\x01k\x00d\x00a\x00s\x00\
.\x08\x00\x00\x00\x00\x06\x00\x00\x00 Navig\
ation style not \
recognized.\x07\x00\x00\x00\x13\
NavigationIndica\
tor\x01\x03\x00\x00\x00*\x00V\x00a\x00i\x00\
z\x00d\x00o\x00 \x00s\x00u\x00k\x00i\x00\
m\x00o\x00 \x01/\x00r\x00a\x00n\x00k\x00\
i\x00s\x08\x00\x00\x00\x00\x06\x00\x00\x00\x0bOrb\
it style\x07\x00\x00\x00\x13Nav\
igationIndicator\
\x01\x03\x00\x00\x002\x00P\x00g\x00U\x00p\x00 \
\x00a\x00r\x00b\x00a\x00 \x00P\x00g\x00D\
\x00n\x00,\x00 \x00m\x00y\x00g\x00t\x00u\
\x00k\x00a\x00i\x00.\x08\x00\x00\x00\x00\x06\x00\x00\
\x00\x19Page Up or Pag\
e Down key.\x07\x00\x00\x00\x13\
NavigationIndica\
tor\x01\x03\x00\x00\x00\x0e\x00T\x00a\x00m\x00\
p\x00y\x00t\x00i\x08\x00\x00\x00\x00\x06\x00\x00\x00\
\x03Pan\x07\x00\x00\x00\x13Navigat\
ionIndicator\x01\x03\x00\x00\
\x00\x0e\x00V\x00a\x00r\x00t\x00y\x00t\x00i\
\x08\x00\x00\x00\x00\x06\x00\x00\x00\x06Rotate\
\x07\x00\x00\x00\x13NavigationI\
ndicator\x01\x03\x00\x00\x00\x1e\x00S\
\x00u\x00k\x00i\x00m\x00o\x00s\x00i\x00 \
\x00t\x00a\x01a\x00k\x00a\x00s\x08\x00\x00\x00\
\x00\x06\x00\x00\x00\x0eRotation f\
ocus\x07\x00\x00\x00\x13Navigat\
ionIndicator\x01\x03\x00\x00\
\x00\x14\x00P\x00a\x00s\x00i\x00r\x00i\x00n\
\x00k\x00t\x00i\x08\x00\x00\x00\x00\x06\x00\x00\x00\x06\
Select\x07\x00\x00\x00\x13Navig\
ationIndicator\x01\x03\
\x00\x00\x00\x12\x00N\x00u\x00o\x00s\x00t\x00a\
\x00t\x00o\x00s\x08\x00\x00\x00\x00\x06\x00\x00\x00\x08\
Settings\x07\x00\x00\x00\x13Nav\
igationIndicator\
\x01\x03\x00\x00\x00\x10\x00P\x00a\x00l\x00e\x00n\
\x00k\x00t\x00i\x08\x00\x00\x00\x00\x06\x00\x00\x00\x04\
Tilt\x07\x00\x00\x00\x13Navigat\
ionIndicator\x01\x03\x00\x00\
\x00<\x00P\x00a\x00t\x00a\x00r\x00i\x00m\
\x00a\x00i\x00,\x00 \x00k\x00a\x00i\x00p\
\x00 \x00n\x00a\x00u\x00d\x00o\x00t\x00i\
\x00 \x01/\x00r\x00a\x00n\x00k\x01/\x08\x00\
\x00\x00\x00\x06\x00\x00\x00\x07Tooltip\x07\
\x00\x00\x00\x13NavigationIn\
dicator\x01\x03\x00\x00\x002\x00R\x00\
u\x00t\x00u\x00l\x00i\x00n\x00i\x00s\x00\
 \x00m\x00a\x00n\x00i\x00p\x00u\x00l\x00\
i\x00a\x00t\x00o\x00r\x00i\x00u\x00s\x08\
\x00\x00\x00\x00\x06\x00\x00\x00\x09Trackba\
ll\x07\x00\x00\x00\x13Navigatio\
nIndicator\x01\x03\x00\x00\x00\x1e\
\x00P\x00e\x00r\x01~\x00i\x01k\x00r\x00a\
\x00 \x00s\x00u\x00k\x00a\x00n\x00t\x08\x00\
\x00\x00\x00\x06\x00\x00\x00\x09Turntabl\
e\x07\x00\x00\x00\x13Navigation\
Indicator\x01\x03\x00\x00\x00\x12\x00\
N\x00e\x01~\x00i\x00n\x00o\x00m\x00a\x00\
s\x08\x00\x00\x00\x00\x06\x00\x00\x00\x09Undef\
ined\x07\x00\x00\x00\x13Navigat\
ionIndicator\x01\x03\x00\x00\
\x00\x22\x00M\x00a\x00s\x00t\x00e\x00l\x00i\
\x00o\x00 \x00k\x00e\x00i\x00t\x00i\x00m\
\x00a\x00s\x08\x00\x00\x00\x00\x06\x00\x00\x00\x04Zo\
om\x07\x00\x00\x00\x13Navigatio\
nIndicator\x01\x88\x00\x00\x00\x0c\
\x11\x01\xfd)\x0b\xff\x19\x00\xfd,\x0a\x13\
\x00\x00\x09W\
<\
\xb8d\x18\xca\xef\x9c\x95\xcd!\x1c\xbf`\xa1\xbd\xdd\xa7\
\x00\x00\x00\x02elB\x00\x00\x00\xb0\x00\x00V~\x00\
\x00\x04\x22\x00\x05\xb04\x00\x00\x06,\x00\x06\x16]\x00\
\x00\x08E\x01\xed(5\x00\x00\x00?\x02V:\xc2\x00\
\x00\x01\xb8\x04\x0c!\x0e\x00\x00\x01B\x04\xc1e\x0e\x00\
\x00\x02l\x04\xc3i\x0c\x00\x00\x05\x1b\x05\x96\xa8\xa5\x00\
\x00\x04\x7f\x05\x9c+\xa4\x00\x00\x05\xac\x06,7%\x00\
\x00\x02\xfc\x06\xb7*>\x00\x00\x00\xab\x06\xc5\xf1\x13\x00\
\x00\x04\xc1\x07\xa1\xdd\xac\x00\x00\x06\xd9\x09Z$\xe5\x00\
\x00\x07\xa3\x09\xf5\x00\x13\x00\x00\x07\x1e\x0adg\xe4\x00\
\x00\x00\x00\x0a\xbc\xb8\xf4\x00\x00\x07\xfa\x0bf;P\x00\
\x00\x06\x84\x0c\xbb\x01s\x00\x00\x05\xea\x0f\xa7X\x85\x00\
\x00\x02\x16\x0f\xfbg.\x00\x00\x03ci\x00\x00\x08\x7f\
\x03\x00\x00\x00\x10\x03\xa3\x03\xc5\x03\xbc\x03\xc0\x03\xb1\x03\
\xb3\x03\xae\x03\xc2\x08\x00\x00\x00\x00\x06\x00\x00\x00\x07C\
ompact\x07\x00\x00\x00\x13Navig\
ationIndicator\x01\x03\
\x00\x00\x006\x03\x95\x03\xbb\x03\xb5\x03\xcd\x03\xb8\x03\xb5\
\x03\xc1\x03\xb7\x00 \x03\xa0\x03\xb5\x03\xc1\x03\xb9\x03\xc3\
\x03\xc4\x03\xc1\x03\xbf\x03\xc6\x03\xb9\x03\xba\x03\xae\x00 \
\x03\xc0\x03\xbb\x03\xac\x03\xba\x03\xb1\x08\x00\x00\x00\x00\x06\
\x00\x00\x00\x0eFree Turntab\
le\x07\x00\x00\x00\x13Navigatio\
nIndicator\x01\x03\x00\x00\x00R\
\x03\x9c\x03\xb5\x03\xc3\x03\xb1\x03\xaf\x03\xbf\x00 \x03\xc0\
\x03\xbb\x03\xae\x03\xba\x03\xc4\x03\xc1\x03\xbf\x00 \x03\xc4\
\x03\xbf\x03\xc5\x00 \x03\xc0\x03\xbf\x03\xbd\x03\xc4\x03\xb9\
\x03\xba\x03\xb9\x03\xbf\x03\xcd\x00 \x03\xae\x00 \x03\xc0\
\x03\xbb\x03\xae\x03\xba\x03\xc4\x03\xc1\x03\xbf\x00 \x00H\
\x00.\x08\x00\x00\x00\x00\x06\x00\x00\x00\x1dMidd\
le mouse button \
or H key.\x07\x00\x00\x00\x13Na\
vigationIndicato\
r\x01\x03\x00\x00\x00:\x03\x9c\x03\xb5\x03\xc3\x03\xb1\x03\
\xaf\x03\xbf\x00 \x03\xc0\x03\xbb\x03\xae\x03\xba\x03\xc4\x03\
\xc1\x03\xbf\x00 \x03\xc4\x03\xbf\x03\xc5\x00 \x03\xc0\x03\
\xbf\x03\xbd\x03\xc4\x03\xb9\x03\xba\x03\xb9\x03\xbf\x03\xcd\x00\
.\x08\x00\x00\x00\x00\x06\x00\x00\x00\x14Middl\
e mouse button.\x07\
\x00\x00\x00\x13NavigationIn\
dicator\x01\x03\x00\x00\x00\x22\x03\x88\x03\
\xbd\x03\xb4\x03\xb5\x03\xb9\x03\xbe\x03\xb7\x00 \x03\xc0\x03\
\xbb\x03\xbf\x03\xae\x03\xb3\x03\xb7\x03\xc3\x03\xb7\x03\xc2\x08\
\x00\x00\x00\x00\x06\x00\x00\x00\x14Navigat\
ion indicator\x07\x00\x00\
\x00\x13NavigationIndi\
cator\x01\x03\x00\x00\x00\x1e\x03\xa4\x03\xcd\x03\
\xc0\x03\xbf\x03\xc2\x00 \x03\xa0\x03\xbb\x03\xbf\x03\xae\x03\
\xb3\x03\xb7\x03\xc3\x03\xb7\x03\xc2\x08\x00\x00\x00\x00\x06\x00\
\x00\x00\x10Navigation st\
yle\x07\x00\x00\x00\x13Navigati\
onIndicator\x01\x03\x00\x00\x00\
H\x03\x9f\x00 \x03\xc4\x03\xcd\x03\xc0\x03\xbf\x03\xc2\x00\
 \x03\xc0\x03\xbb\x03\xbf\x03\xae\x03\xb3\x03\xb7\x03\xc3\x03\
\xb7\x03\xc2\x00 \x03\xb4\x03\xb5\x03\xbd\x00 \x03\xb1\x03\
\xbd\x03\xb1\x03\xb3\x03\xbd\x03\xc9\x03\xc1\x03\xaf\x03\xb6\x03\
\xb5\x03\xc4\x03\xb1\x03\xb9\x00.\x08\x00\x00\x00\x00\x06\x00\
\x00\x00 Navigation st\
yle not recogniz\
ed.\x07\x00\x00\x00\x13Navigati\
onIndicator\x01\x03\x00\x00\x00\
4\x03\xa4\x03\xcd\x03\xc0\x03\xbf\x03\xc2\x00 \x03\xbc\x03\
\xbf\x03\xc1\x03\xc6\x03\xbf\x03\xc0\x03\xbf\x03\xaf\x03\xb7\x03\
\xc3\x03\xb7\x03\xc2\x00 \x03\xc4\x03\xc1\x03\xbf\x03\xc7\x03\
\xb9\x03\xac\x03\xc2\x08\x00\x00\x00\x00\x06\x00\x00\x00\x0bO\
rbit style\x07\x00\x00\x00\x13N\
avigationIndicat\
or\x01\x03\x00\x00\x00~\x03\xa4\x03\xbf\x00 \x03\xc0\
\x03\xbb\x03\xae\x03\xba\x03\xc4\x03\xc1\x03\xbf\x00 \x03\x9c\
\x03\xb5\x03\xc4\x03\xb1\x03\xba\x03\xaf\x03\xbd\x03\xb7\x03\xc3\
\x03\xb7\x03\xc2\x00 \x03\xc4\x03\xb7\x03\xc2\x00 \x03\xa3\
\x03\xb5\x03\xbb\x03\xaf\x03\xb4\x03\xb1\x03\xc2\x00 \x03\xc0\
\x03\xc1\x03\xbf\x03\xc2\x00 \x03\xc4\x03\xb1\x00 \x03\xa0\
\x03\xac\x03\xbd\x03\xc9\x00 \x03\xae\x00 \x03\xc0\x03\xc1\
\x03\xbf\x03\xc2\x00 \x03\xc4\x03\xb1\x00 \x03\x9a\x03\xac\
\x03\xc4\x03\xc9\x00.\x08\x00\x00\x00\x00\x06\x00\x00\x00\x19\
Page Up or Page \
Down key.\x07\x00\x00\x00\x13Na\
vigationIndicato\
r\x01\x03\x00\x00\x002\x03\x9c\x03\xb5\x03\xc4\x03\xb1\x03\
\xc6\x03\xbf\x03\xc1\x03\xb9\x03\xba\x03\xae\x00 \x03\x9a\x03\
\xaf\x03\xbd\x03\xb7\x03\xc3\x03\xb7\x00 \x03\x9a\x03\xac\x03\
\xbc\x03\xb5\x03\xc1\x03\xb1\x03\xc2\x08\x00\x00\x00\x00\x06\x00\
\x00\x00\x03Pan\x07\x00\x00\x00\x13Navig\
ationIndicator\x01\x03\
\x00\x00\x00\x14\x03\xa0\x03\xb5\x03\xc1\x03\xb9\x03\xc3\x03\xc4\
\x03\xc1\x03\xbf\x03\xc6\x03\xae\x08\x00\x00\x00\x00\x06\x00\x00\
\x00\x06Rotate\x07\x00\x00\x00\x13Nav\
igationIndicator\
\x01\x03\x00\x00\x00$\x03\x86\x03\xbe\x03\xbf\x03\xbd\x03\xb1\
\x03\xc2\x00 \x03\xc0\x03\xb5\x03\xc1\x03\xb9\x03\xc3\x03\xc4\
\x03\xc1\x03\xbf\x03\xc6\x03\xae\x03\xc2\x08\x00\x00\x00\x00\x06\
\x00\x00\x00\x0eRotation foc\
us\x07\x00\x00\x00\x13Navigatio\
nIndicator\x01\x03\x00\x00\x00Z\
\x03\xa3\x03\xc4\x03\xc5\x03\xbb\x00 \x03\xc0\x03\xbb\x03\xbf\
\x03\xae\x03\xb3\x03\xb7\x03\xc3\x03\xb7\x00 \x00A\x00r\
\x00c\x00b\x00a\x00l\x00l\x00 \x00(\x03\xc0\
\x03\xb5\x03\xc1\x03\xb9\x03\xc3\x03\xc4\x03\xc1\x03\xbf\x03\xc6\
\x03\xae\x00 \x003\x006\x000\x00 \x03\xbc\x03\xbf\
\x03\xb9\x03\xc1\x03\xce\x03\xbd\x00)\x08\x00\x00\x00\x00\x06\
\x00\x00\x00\x0fRounded Arcb\
all\x07\x00\x00\x00\x13Navigati\
onIndicator\x01\x03\x00\x00\x00\
\x10\x03\x95\x03\xc0\x03\xb9\x03\xbb\x03\xad\x03\xbe\x03\xc4\x03\
\xb5\x08\x00\x00\x00\x00\x06\x00\x00\x00\x06Selec\
t\x07\x00\x00\x00\x13Navigation\
Indicator\x01\x03\x00\x00\x00\x12\x03\
\xa1\x03\xc5\x03\xb8\x03\xbc\x03\xaf\x03\xc3\x03\xb5\x03\xb9\x03\
\xc2\x08\x00\x00\x00\x00\x06\x00\x00\x00\x08Setti\
ngs\x07\x00\x00\x00\x13Navigati\
onIndicator\x01\x03\x00\x00\x00\
,\x03\xa1\x03\xcd\x03\xb8\x03\xbc\x03\xb9\x03\xc3\x03\xb7\x00\
 \x03\x9a\x03\xbb\x03\xaf\x03\xc3\x03\xb7\x03\xc2\x00 \x03\
\x9a\x03\xac\x03\xbc\x03\xb5\x03\xc1\x03\xb1\x03\xc2\x08\x00\x00\
\x00\x00\x06\x00\x00\x00\x04Tilt\x07\x00\x00\x00\x13\
NavigationIndica\
tor\x01\x03\x00\x00\x00&\x03\x95\x03\xc0\x03\xb5\x03\
\xbe\x03\xae\x03\xb3\x03\xb7\x03\xc3\x03\xb7\x00 \x03\xb5\x03\
\xc1\x03\xb3\x03\xb1\x03\xbb\x03\xb5\x03\xaf\x03\xbf\x03\xc5\x08\
\x00\x00\x00\x00\x06\x00\x00\x00\x07Tooltip\
\x07\x00\x00\x00\x13NavigationI\
ndicator\x01\x03\x00\x00\x00\x14\x03\x99\
\x03\xc7\x03\xbd\x03\xcc\x03\xc3\x03\xc6\x03\xb1\x03\xb9\x03\xc1\
\x03\xb1\x08\x00\x00\x00\x00\x06\x00\x00\x00\x09Trac\
kball\x07\x00\x00\x00\x13Naviga\
tionIndicator\x01\x03\x00\
\x00\x00L\x03\x9a\x03\xbb\x03\xb1\x03\xc3\x03\xb9\x03\xba\x03\
\xcc\x00 \x00T\x00r\x00a\x00c\x00k\x00b\x00\
a\x00l\x00l\x00 \x00(\x03\xc3\x03\xc5\x03\xc3\x03\
\xba\x03\xb5\x03\xc5\x03\xae\x00 \x03\xba\x03\xb1\x03\xc4\x03\
\xac\x03\xb4\x03\xb5\x03\xb9\x03\xbe\x03\xb7\x03\xc2\x00)\x08\
\x00\x00\x00\x00\x06\x00\x00\x00\x11Trackba\
ll Classic\x07\x00\x00\x00\x13N\
avigationIndicat\
or\x01\x03\x00\x00\x00&\x03\xa0\x03\xb5\x03\xc1\x03\xb9\
\x03\xc3\x03\xc4\x03\xc1\x03\xb5\x03\xc6\x03\xcc\x03\xbc\x03\xb5\
\x03\xbd\x03\xb7\x00 \x03\xb2\x03\xac\x03\xc3\x03\xb7\x08\x00\
\x00\x00\x00\x06\x00\x00\x00\x09Turntabl\
e\x07\x00\x00\x00\x13Navigation\
Indicator\x01\x03\x00\x00\x00\x1a\x03\
\x91\x03\xc0\x03\xc1\x03\xbf\x03\xc3\x03\xb4\x03\xb9\x03\xcc\x03\
\xc1\x03\xb9\x03\xc3\x03\xc4\x03\xbf\x08\x00\x00\x00\x00\x06\x00\
\x00\x00\x09Undefined\x07\x00\x00\x00\
\x13NavigationIndic\
ator\x01\x03\x00\x00\x00\x0e\x03\x95\x03\xc3\x03\xc4\
\x03\xaf\x03\xb1\x03\xc3\x03\xb7\x08\x00\x00\x00\x00\x06\x00\x00\
\x00\x04Zoom\x07\x00\x00\x00\x13Navig\
ationIndicator\x01\x88\
\x00\x00\x00\x02\x01\x01\
\x00\x00\x07\xd6\
<\
\xb8d\x18\xca\xef\x9c\x95\xcd!\x1c\xbf`\xa1\xbd\xdd\xa7\
\x00\x00\x00\x05sv-SEB\x00\x00\x00\xb0\x00\x00\
V~\x00\x00\x03\x94\x00\x05\xb04\x00\x00\x05.\x00\x06\
\x16]\x00\x00\x06\xc5\x01\xed(5\x00\x00\x00=\x02V\
:\xc2\x00\x00\x01\x80\x04\x0c!\x0e\x00\x00\x01\x1a\x04\xc1\
e\x0e\x00\x00\x02:\x04\xc3i\x0c\x00\x00\x04[\x05\x96\
\xa8\xa5\x00\x00\x03\xcf\x05\x9c+\xa4\x00\x00\x04\xae\x06,\
7%\x00\x00\x02\xc6\x06\xb7*>\x00\x00\x00\x91\x06\xc5\
\xf1\x13\x00\x00\x04\x09\x07\xa1\xdd\xac\x00\x00\x05\x99\x09Z\
$\xe5\x00\x00\x067\x09\xf5\x00\x13\x00\x00\x05\xdc\x0ad\
g\xe4\x00\x00\x00\x00\x0a\xbc\xb8\xf4\x00\x00\x06~\x0bf\
;P\x00\x00\x05b\x0c\xbb\x01s\x00\x00\x04\xe4\x0f\xa7\
X\x85\x00\x00\x01\xe4\x0f\xfbg.\x00\x00\x03\x0di\x00\
\x00\x06\xfb\x03\x00\x00\x00\x0e\x00K\x00o\x00m\x00p\
\x00a\x00k\x00t\x08\x00\x00\x00\x00\x06\x00\x00\x00\x07\
Compact\x07\x00\x00\x00\x13Navi\
gationIndicator\x01\
\x03\x00\x00\x00\x1e\x00F\x00r\x00i\x00 \x00s\x00\
n\x00u\x00r\x00r\x00p\x00l\x00a\x00t\x00\
t\x00a\x08\x00\x00\x00\x00\x06\x00\x00\x00\x0eFre\
e Turntable\x07\x00\x00\x00\x13\
NavigationIndica\
tor\x01\x03\x00\x00\x00D\x00M\x00i\x00t\x00\
t\x00e\x00n\x00 \x00m\x00u\x00s\x00k\x00\
n\x00a\x00p\x00p\x00 \x00e\x00l\x00l\x00\
e\x00r\x00 \x00H\x00-\x00t\x00a\x00n\x00\
g\x00e\x00n\x00t\x00e\x00n\x00.\x08\x00\x00\
\x00\x00\x06\x00\x00\x00\x1dMiddle mo\
use button or H \
key.\x07\x00\x00\x00\x13Navigat\
ionIndicator\x01\x03\x00\x00\
\x00*\x00M\x00i\x00t\x00t\x00e\x00n\x00 \
\x00a\x00v\x00 \x00m\x00u\x00s\x00k\x00n\
\x00a\x00p\x00p\x00e\x00n\x00.\x08\x00\x00\x00\
\x00\x06\x00\x00\x00\x14Middle mou\
se button.\x07\x00\x00\x00\x13N\
avigationIndicat\
or\x01\x03\x00\x00\x00(\x00N\x00a\x00v\x00i\
\x00g\x00a\x00t\x00i\x00o\x00n\x00s\x00i\
\x00n\x00d\x00i\x00k\x00a\x00t\x00o\x00r\
\x08\x00\x00\x00\x00\x06\x00\x00\x00\x14Naviga\
tion indicator\x07\x00\
\x00\x00\x13NavigationInd\
icator\x01\x03\x00\x00\x00\x1e\x00N\x00a\
\x00v\x00i\x00g\x00e\x00r\x00i\x00n\x00g\
\x00s\x00s\x00t\x00i\x00l\x08\x00\x00\x00\x00\x06\
\x00\x00\x00\x10Navigation s\
tyle\x07\x00\x00\x00\x13Navigat\
ionIndicator\x01\x03\x00\x00\
\x00D\x00N\x00a\x00v\x00i\x00g\x00a\x00t\
\x00i\x00o\x00n\x00s\x00s\x00t\x00i\x00l\
\x00e\x00n\x00 \x00k\x00\xe4\x00n\x00n\x00s\
\x00 \x00i\x00n\x00t\x00e\x00 \x00i\x00g\
\x00e\x00n\x00.\x08\x00\x00\x00\x00\x06\x00\x00\x00 \
Navigation style\
 not recognized.\
\x07\x00\x00\x00\x13NavigationI\
ndicator\x01\x03\x00\x00\x00\x14\x00O\
\x00r\x00b\x00i\x00t\x00-\x00s\x00t\x00i\
\x00l\x08\x00\x00\x00\x00\x06\x00\x00\x00\x0bOrbi\
t style\x07\x00\x00\x00\x13Navi\
gationIndicator\x01\
\x03\x00\x00\x00F\x00P\x00a\x00g\x00e\x00 \x00\
U\x00p\x00-\x00 \x00e\x00l\x00l\x00e\x00\
r\x00 \x00P\x00a\x00g\x00e\x00 \x00D\x00\
o\x00w\x00n\x00-\x00t\x00a\x00n\x00g\x00\
e\x00n\x00t\x00e\x00n\x00.\x08\x00\x00\x00\x00\
\x06\x00\x00\x00\x19Page Up or \
Page Down key.\x07\x00\
\x00\x00\x13NavigationInd\
icator\x01\x03\x00\x00\x00\x10\x00P\x00a\
\x00n\x00o\x00r\x00e\x00r\x00a\x08\x00\x00\x00\
\x00\x06\x00\x00\x00\x03Pan\x07\x00\x00\x00\x13Na\
vigationIndicato\
r\x01\x03\x00\x00\x00\x0c\x00R\x00o\x00t\x00e\x00\
r\x00a\x08\x00\x00\x00\x00\x06\x00\x00\x00\x06Rot\
ate\x07\x00\x00\x00\x13Navigati\
onIndicator\x01\x03\x00\x00\x00\
\x1c\x00R\x00o\x00t\x00a\x00t\x00i\x00o\x00\
n\x00s\x00f\x00o\x00k\x00u\x00s\x08\x00\x00\
\x00\x00\x06\x00\x00\x00\x0eRotation \
focus\x07\x00\x00\x00\x13Naviga\
tionIndicator\x01\x03\x00\
\x00\x00\x1c\x00R\x00u\x00n\x00d\x00a\x00d\x00\
 \x00b\x00\xe5\x00g\x00b\x00o\x00l\x00l\x08\
\x00\x00\x00\x00\x06\x00\x00\x00\x0fRounded\
 Arcball\x07\x00\x00\x00\x13Nav\
igationIndicator\
\x01\x03\x00\x00\x00\x08\x00V\x00\xe4\x00l\x00j\x08\x00\
\x00\x00\x00\x06\x00\x00\x00\x06Select\x07\x00\
\x00\x00\x13NavigationInd\
icator\x01\x03\x00\x00\x00\x1a\x00I\x00n\
\x00s\x00t\x00\xe4\x00l\x00l\x00n\x00i\x00n\
\x00g\x00a\x00r\x08\x00\x00\x00\x00\x06\x00\x00\x00\x08\
Settings\x07\x00\x00\x00\x13Nav\
igationIndicator\
\x01\x03\x00\x00\x00\x08\x00L\x00u\x00t\x00a\x08\x00\
\x00\x00\x00\x06\x00\x00\x00\x04Tilt\x07\x00\x00\x00\
\x13NavigationIndic\
ator\x01\x03\x00\x00\x00\x08\x00T\x00i\x00p\
\x00s\x08\x00\x00\x00\x00\x06\x00\x00\x00\x07Tool\
tip\x07\x00\x00\x00\x13Navigati\
onIndicator\x01\x03\x00\x00\x00\
\x12\x00T\x00r\x00a\x00c\x00k\x00b\x00a\x00\
l\x00l\x08\x00\x00\x00\x00\x06\x00\x00\x00\x09Tra\
ckball\x07\x00\x00\x00\x13Navig\
ationIndicator\x01\x03\
\x00\x00\x00\x22\x00T\x00r\x00a\x00c\x00k\x00b\
\x00a\x00l\x00l\x00 \x00C\x00l\x00a\x00s\
\x00s\x00i\x00c\x08\x00\x00\x00\x00\x06\x00\x00\x00\x11\
Trackball Classi\
c\x07\x00\x00\x00\x13Navigation\
Indicator\x01\x03\x00\x00\x00\x16\x00\
S\x00n\x00u\x00r\x00r\x00p\x00l\x00a\x00\
t\x00t\x00a\x08\x00\x00\x00\x00\x06\x00\x00\x00\x09T\
urntable\x07\x00\x00\x00\x13Nav\
igationIndicator\
\x01\x03\x00\x00\x00\x16\x00O\x00d\x00e\x00f\x00i\
\x00n\x00i\x00e\x00r\x00a\x00d\x08\x00\x00\x00\
\x00\x06\x00\x00\x00\x09Undefined\x07\
\x00\x00\x00\x13NavigationIn\
dicator\x01\x03\x00\x00\x00\x0a\x00Z\x00\
o\x00o\x00m\x00a\x08\x00\x00\x00\x00\x06\x00\x00\x00\
\x04Zoom\x07\x00\x00\x00\x13Naviga\
tionIndicator\x01\x88\x00\
\x00\x00\x02\x01\x01\
\x00\x00\x06!\
<\
\xb8d\x18\xca\xef\x9c\x95\xcd!\x1c\xbf`\xa1\xbd\xdd\xa7\
\x00\x00\x00\x02afB\x00\x00\x00\x90\x00\x00V~\x00\
\x00\x02\xc2\x00\x05\xb04\x00\x00\x03\xfb\x00\x06\x16]\x00\
\x00\x055\x04\x0c!\x0e\x00\x00\x00\xbc\x04\xc1e\x0e\x00\
\x00\x01x\x05\x96\xa8\xa5\x00\x00\x02\xf3\x05\x9c+\xa4\x00\
\x00\x03\x7f\x06,7%\x00\x00\x02\x00\x06\xb7*>\x00\
\x00\x00=\x06\xc5\xf1\x13\x00\x00\x03-\x07\xa1\xdd\xac\x00\
\x00\x04l\x09Z$\xe5\x00\x00\x04\xad\x0adg\xe4\x00\
\x00\x00\x00\x0a\xbc\xb8\xf4\x00\x00\x04\xf2\x0bf;P\x00\
\x00\x04/\x0c\xbb\x01s\x00\x00\x03\xb5\x0f\xa7X\x85\x00\
\x00\x01 \x0f\xfbg.\x00\x00\x02Oi\x00\x00\x05i\
\x03\x00\x00\x00\x0e\x00C\x00o\x00m\x00p\x00a\x00\
c\x00t\x08\x00\x00\x00\x00\x06\x00\x00\x00\x07Com\
pact\x07\x00\x00\x00\x13Navigat\
ionIndicator\x01\x03\x00\x00\
\x00:\x00M\x00i\x00d\x00d\x00l\x00e\x00 \
\x00m\x00o\x00u\x00s\x00e\x00 \x00b\x00u\
\x00t\x00t\x00o\x00n\x00 \x00o\x00r\x00 \
\x00H\x00 \x00k\x00e\x00y\x00.\x08\x00\x00\x00\
\x00\x06\x00\x00\x00\x1dMiddle mou\
se button or H k\
ey.\x07\x00\x00\x00\x13Navigati\
onIndicator\x01\x03\x00\x00\x00\
(\x00M\x00i\x00d\x00d\x00l\x00e\x00 \x00\
m\x00o\x00u\x00s\x00e\x00 \x00b\x00u\x00\
t\x00t\x00o\x00n\x00.\x08\x00\x00\x00\x00\x06\x00\
\x00\x00\x14Middle mouse \
button.\x07\x00\x00\x00\x13Navi\
gationIndicator\x01\
\x03\x00\x00\x00 \x00N\x00a\x00v\x00i\x00g\x00\
a\x00t\x00i\x00o\x00n\x00 \x00s\x00t\x00\
y\x00l\x00e\x08\x00\x00\x00\x00\x06\x00\x00\x00\x10N\
avigation style\x07\
\x00\x00\x00\x13NavigationIn\
dicator\x01\x03\x00\x00\x00@\x00N\x00\
a\x00v\x00i\x00g\x00a\x00t\x00i\x00o\x00\
n\x00 \x00s\x00t\x00y\x00l\x00e\x00 \x00\
n\x00o\x00t\x00 \x00r\x00e\x00c\x00o\x00\
g\x00n\x00i\x00z\x00e\x00d\x00.\x08\x00\x00\
\x00\x00\x06\x00\x00\x00 Navigatio\
n style not reco\
gnized.\x07\x00\x00\x00\x13Navi\
gationIndicator\x01\
\x03\x00\x00\x00\x1c\x00W\x00e\x00n\x00t\x00e\x00\
l\x00b\x00a\x00a\x00n\x00s\x00t\x00y\x00\
l\x08\x00\x00\x00\x00\x06\x00\x00\x00\x0bOrbit\
 style\x07\x00\x00\x00\x13Navig\
ationIndicator\x01\x03\
\x00\x00\x002\x00P\x00a\x00g\x00e\x00 \x00U\
\x00p\x00 \x00o\x00r\x00 \x00P\x00a\x00g\
\x00e\x00 \x00D\x00o\x00w\x00n\x00 \x00k\
\x00e\x00y\x00.\x08\x00\x00\x00\x00\x06\x00\x00\x00\x19\
Page Up or Page \
Down key.\x07\x00\x00\x00\x13Na\
vigationIndicato\
r\x01\x03\x00\x00\x00\x06\x00P\x00a\x00n\x08\x00\x00\
\x00\x00\x06\x00\x00\x00\x03Pan\x07\x00\x00\x00\x13N\
avigationIndicat\
or\x01\x03\x00\x00\x00\x0c\x00R\x00o\x00t\x00e\
\x00e\x00r\x08\x00\x00\x00\x00\x06\x00\x00\x00\x06Ro\
tate\x07\x00\x00\x00\x13Navigat\
ionIndicator\x01\x03\x00\x00\
\x00\x1c\x00R\x00o\x00t\x00a\x00t\x00i\x00o\
\x00n\x00 \x00f\x00o\x00c\x00u\x00s\x08\x00\
\x00\x00\x00\x06\x00\x00\x00\x0eRotation\
 focus\x07\x00\x00\x00\x13Navig\
ationIndicator\x01\x03\
\x00\x00\x00\x08\x00K\x00i\x00e\x00s\x08\x00\x00\x00\
\x00\x06\x00\x00\x00\x06Select\x07\x00\x00\x00\
\x13NavigationIndic\
ator\x01\x03\x00\x00\x00\x16\x00I\x00n\x00s\
\x00t\x00e\x00l\x00l\x00i\x00n\x00g\x00s\
\x08\x00\x00\x00\x00\x06\x00\x00\x00\x08Settin\
gs\x07\x00\x00\x00\x13Navigatio\
nIndicator\x01\x03\x00\x00\x00\x08\
\x00T\x00i\x00l\x00t\x08\x00\x00\x00\x00\x06\x00\x00\
\x00\x04Tilt\x07\x00\x00\x00\x13Navig\
ationIndicator\x01\x03\
\x00\x00\x00\x0e\x00T\x00o\x00o\x00l\x00t\x00i\
\x00p\x08\x00\x00\x00\x00\x06\x00\x00\x00\x07Tool\
tip\x07\x00\x00\x00\x13Navigati\
onIndicator\x01\x03\x00\x00\x00\
\x10\x00S\x00p\x00o\x00o\x00r\x00b\x00a\x00\
l\x08\x00\x00\x00\x00\x06\x00\x00\x00\x09Track\
ball\x07\x00\x00\x00\x13Navigat\
ionIndicator\x01\x03\x00\x00\
\x00\x14\x00D\x00r\x00a\x00a\x00i\x00t\x00a\
\x00f\x00e\x00l\x08\x00\x00\x00\x00\x06\x00\x00\x00\x09\
Turntable\x07\x00\x00\x00\x13Na\
vigationIndicato\
r\x01\x03\x00\x00\x00\x12\x00U\x00n\x00d\x00e\x00\
f\x00i\x00n\x00e\x00d\x08\x00\x00\x00\x00\x06\x00\
\x00\x00\x09Undefined\x07\x00\x00\x00\
\x13NavigationIndic\
ator\x01\x03\x00\x00\x00\x08\x00Z\x00o\x00o\
\x00m\x08\x00\x00\x00\x00\x06\x00\x00\x00\x04Zoom\
\x07\x00\x00\x00\x13NavigationI\
ndicator\x01\x88\x00\x00\x00\x02\x01\x01\
\
\x00\x00\x07\xcd\
<\
\xb8d\x18\xca\xef\x9c\x95\xcd!\x1c\xbf`\xa1\xbd\xdd\xa7\
\x00\x00\x00\x02daB\x00\x00\x00\xb0\x00\x00V~\x00\
\x00\x03\x86\x00\x05\xb04\x00\x00\x05\x1e\x00\x06\x16]\x00\
\x00\x06\xc1\x01\xed(5\x00\x00\x00=\x02V:\xc2\x00\
\x00\x01v\x04\x0c!\x0e\x00\x00\x01\x14\x04\xc1e\x0e\x00\
\x00\x020\x04\xc3i\x0c\x00\x00\x04I\x05\x96\xa8\xa5\x00\
\x00\x03\xbf\x05\x9c+\xa4\x00\x00\x04\x9e\x06,7%\x00\
\x00\x02\xba\x06\xb7*>\x00\x00\x00\x8f\x06\xc5\xf1\x13\x00\
\x00\x03\xf7\x07\xa1\xdd\xac\x00\x00\x05\x97\x09Z$\xe5\x00\
\x00\x067\x09\xf5\x00\x13\x00\x00\x05\xda\x0adg\xe4\x00\
\x00\x00\x00\x0a\xbc\xb8\xf4\x00\x00\x06|\x0bf;P\x00\
\x00\x05R\x0c\xbb\x01s\x00\x00\x04\xd4\x0f\xa7X\x85\x00\
\x00\x01\xda\x0f\xfbg.\x00\x00\x03\x0bi\x00\x00\x06\xf5\
\x03\x00\x00\x00\x0e\x00K\x00o\x00m\x00p\x00a\x00\
k\x00t\x08\x00\x00\x00\x00\x06\x00\x00\x00\x07Com\
pact\x07\x00\x00\x00\x13Navigat\
ionIndicator\x01\x03\x00\x00\
\x00\x1c\x00F\x00r\x00i\x00 \x00d\x00r\x00e\
\x00j\x00e\x00s\x00k\x00i\x00v\x00e\x08\x00\
\x00\x00\x00\x06\x00\x00\x00\x0eFree Tur\
ntable\x07\x00\x00\x00\x13Navig\
ationIndicator\x01\x03\
\x00\x00\x00@\x00M\x00i\x00d\x00t\x00e\x00r\
\x00s\x00t\x00e\x00 \x00m\x00u\x00s\x00e\
\x00k\x00n\x00a\x00p\x00 \x00e\x00l\x00l\
\x00e\x00r\x00 \x00H\x00-\x00t\x00a\x00s\
\x00t\x00.\x08\x00\x00\x00\x00\x06\x00\x00\x00\x1dMi\
ddle mouse butto\
n or H key.\x07\x00\x00\x00\x13\
NavigationIndica\
tor\x01\x03\x00\x00\x00&\x00M\x00i\x00d\x00\
t\x00e\x00r\x00s\x00t\x00e\x00 \x00m\x00\
u\x00s\x00e\x00k\x00n\x00a\x00p\x00.\x08\
\x00\x00\x00\x00\x06\x00\x00\x00\x14Middle \
mouse button.\x07\x00\x00\
\x00\x13NavigationIndi\
cator\x01\x03\x00\x00\x00(\x00N\x00a\x00\
v\x00i\x00g\x00a\x00t\x00i\x00o\x00n\x00\
s\x00i\x00n\x00d\x00i\x00k\x00a\x00t\x00\
o\x00r\x08\x00\x00\x00\x00\x06\x00\x00\x00\x14Nav\
igation indicato\
r\x07\x00\x00\x00\x13Navigation\
Indicator\x01\x03\x00\x00\x00\x1e\x00\
N\x00a\x00v\x00i\x00g\x00a\x00t\x00i\x00\
o\x00n\x00s\x00t\x00y\x00p\x00e\x08\x00\x00\
\x00\x00\x06\x00\x00\x00\x10Navigatio\
n style\x07\x00\x00\x00\x13Navi\
gationIndicator\x01\
\x03\x00\x00\x00B\x00N\x00a\x00v\x00i\x00g\x00\
a\x00t\x00i\x00o\x00n\x00s\x00t\x00y\x00\
p\x00e\x00 \x00e\x00r\x00 \x00i\x00k\x00\
k\x00e\x00 \x00g\x00e\x00n\x00k\x00e\x00\
n\x00d\x00t\x00.\x08\x00\x00\x00\x00\x06\x00\x00\x00\
 Navigation styl\
e not recognized\
.\x07\x00\x00\x00\x13Navigation\
Indicator\x01\x03\x00\x00\x00\x1e\x00\
R\x00o\x00t\x00a\x00t\x00i\x00o\x00n\x00\
s\x00m\x00e\x00t\x00o\x00d\x00e\x08\x00\x00\
\x00\x00\x06\x00\x00\x00\x0bOrbit sty\
le\x07\x00\x00\x00\x13Navigatio\
nIndicator\x01\x03\x00\x00\x00:\
\x00P\x00a\x00g\x00e\x00 \x00U\x00p\x00 \
\x00e\x00l\x00l\x00e\x00r\x00 \x00P\x00a\
\x00g\x00e\x00 \x00D\x00o\x00w\x00n\x00 \
\x00t\x00a\x00s\x00t\x00.\x08\x00\x00\x00\x00\x06\
\x00\x00\x00\x19Page Up or P\
age Down key.\x07\x00\x00\
\x00\x13NavigationIndi\
cator\x01\x03\x00\x00\x00\x0e\x00P\x00a\x00\
n\x00o\x00r\x00e\x00r\x08\x00\x00\x00\x00\x06\x00\
\x00\x00\x03Pan\x07\x00\x00\x00\x13Navig\
ationIndicator\x01\x03\
\x00\x00\x00\x0a\x00R\x00o\x00t\x00e\x00r\x08\x00\
\x00\x00\x00\x06\x00\x00\x00\x06Rotate\x07\x00\
\x00\x00\x13NavigationInd\
icator\x01\x03\x00\x00\x00\x1c\x00R\x00o\
\x00t\x00a\x00t\x00i\x00o\x00n\x00s\x00f\
\x00o\x00k\x00u\x00s\x08\x00\x00\x00\x00\x06\x00\x00\
\x00\x0eRotation focus\
\x07\x00\x00\x00\x13NavigationI\
ndicator\x01\x03\x00\x00\x00\x1e\x00R\
\x00o\x00u\x00n\x00d\x00e\x00d\x00 \x00A\
\x00r\x00c\x00b\x00a\x00l\x00l\x08\x00\x00\x00\
\x00\x06\x00\x00\x00\x0fRounded Ar\
cball\x07\x00\x00\x00\x13Naviga\
tionIndicator\x01\x03\x00\
\x00\x00\x08\x00V\x00\xe6\x00l\x00g\x08\x00\x00\x00\x00\
\x06\x00\x00\x00\x06Select\x07\x00\x00\x00\x13\
NavigationIndica\
tor\x01\x03\x00\x00\x00\x1a\x00I\x00n\x00d\x00\
s\x00t\x00i\x00l\x00l\x00i\x00n\x00g\x00\
e\x00r\x08\x00\x00\x00\x00\x06\x00\x00\x00\x08Set\
tings\x07\x00\x00\x00\x13Naviga\
tionIndicator\x01\x03\x00\
\x00\x00\x08\x00T\x00i\x00l\x00t\x08\x00\x00\x00\x00\
\x06\x00\x00\x00\x04Tilt\x07\x00\x00\x00\x13Na\
vigationIndicato\
r\x01\x03\x00\x00\x00\x16\x00V\x00\xe6\x00r\x00k\x00\
t\x00\xf8\x00j\x00s\x00t\x00i\x00p\x08\x00\x00\
\x00\x00\x06\x00\x00\x00\x07Tooltip\x07\x00\
\x00\x00\x13NavigationInd\
icator\x01\x03\x00\x00\x00\x12\x00T\x00r\
\x00a\x00c\x00k\x00b\x00a\x00l\x00l\x08\x00\
\x00\x00\x00\x06\x00\x00\x00\x09Trackbal\
l\x07\x00\x00\x00\x13Navigation\
Indicator\x01\x03\x00\x00\x00$\x00\
K\x00l\x00a\x00s\x00s\x00i\x00s\x00k\x00\
 \x00t\x00r\x00a\x00c\x00k\x00b\x00a\x00\
l\x00l\x08\x00\x00\x00\x00\x06\x00\x00\x00\x11Tra\
ckball Classic\x07\x00\
\x00\x00\x13NavigationInd\
icator\x01\x03\x00\x00\x00\x14\x00D\x00r\
\x00e\x00j\x00e\x00s\x00k\x00i\x00v\x00e\
\x08\x00\x00\x00\x00\x06\x00\x00\x00\x09Turnta\
ble\x07\x00\x00\x00\x13Navigati\
onIndicator\x01\x03\x00\x00\x00\
\x14\x00U\x00d\x00e\x00f\x00i\x00n\x00e\x00\
r\x00e\x00t\x08\x00\x00\x00\x00\x06\x00\x00\x00\x09U\
ndefined\x07\x00\x00\x00\x13Nav\
igationIndicator\
\x01\x03\x00\x00\x00\x08\x00Z\x00o\x00o\x00m\x08\x00\
\x00\x00\x00\x06\x00\x00\x00\x04Zoom\x07\x00\x00\x00\
\x13NavigationIndic\
ator\x01\x88\x00\x00\x00\x02\x01\x01\
\x00\x00\x08L\
<\
\xb8d\x18\xca\xef\x9c\x95\xcd!\x1c\xbf`\xa1\xbd\xdd\xa7\
\x00\x00\x00\x05es-ARB\x00\x00\x00\xb0\x00\x00\
V~\x00\x00\x03\xba\x00\x05\xb04\x00\x00\x05r\x00\x06\
\x16]\x00\x00\x07=\x01\xed(5\x00\x00\x00A\x02V\
:\xc2\x00\x00\x01\x9a\x04\x0c!\x0e\x00\x00\x01.\x04\xc1\
e\x0e\x00\x00\x02d\x04\xc3i\x0c\x00\x00\x04\x7f\x05\x96\
\xa8\xa5\x00\x00\x03\xf1\x05\x9c+\xa4\x00\x00\x04\xe4\x06,\
7%\x00\x00\x02\xf2\x06\xb7*>\x00\x00\x00\x9f\x06\xc5\
\xf1\x13\x00\x00\x04)\x07\xa1\xdd\xac\x00\x00\x05\xf9\x09Z\
$\xe5\x00\x00\x06\xab\x09\xf5\x00\x13\x00\x00\x06<\x0ad\
g\xe4\x00\x00\x00\x00\x0a\xbc\xb8\xf4\x00\x00\x06\xf8\x0bf\
;P\x00\x00\x05\xb4\x0c\xbb\x01s\x00\x00\x05(\x0f\xa7\
X\x85\x00\x00\x02\x04\x0f\xfbg.\x00\x00\x03Ei\x00\
\x00\x07q\x03\x00\x00\x00\x12\x00C\x00o\x00m\x00p\
\x00a\x00c\x00t\x00a\x00r\x08\x00\x00\x00\x00\x06\
\x00\x00\x00\x07Compact\x07\x00\x00\x00\x13\
NavigationIndica\
tor\x01\x03\x00\x00\x00(\x00M\x00e\x00s\x00\
a\x00 \x00g\x00i\x00r\x00a\x00t\x00o\x00\
r\x00i\x00a\x00 \x00l\x00i\x00b\x00r\x00\
e\x08\x00\x00\x00\x00\x06\x00\x00\x00\x0eFree \
Turntable\x07\x00\x00\x00\x13Na\
vigationIndicato\
r\x01\x03\x00\x00\x00J\x00B\x00o\x00t\x00\xf3\x00\
n\x00 \x00c\x00e\x00n\x00t\x00r\x00a\x00\
l\x00 \x00d\x00e\x00l\x00 \x00r\x00a\x00\
t\x00\xf3\x00n\x00 \x00o\x00 \x00l\x00a\x00\
 \x00t\x00e\x00c\x00l\x00a\x00 \x00H\x00\
.\x08\x00\x00\x00\x00\x06\x00\x00\x00\x1dMiddl\
e mouse button o\
r H key.\x07\x00\x00\x00\x13Nav\
igationIndicator\
\x01\x03\x00\x00\x000\x00B\x00o\x00t\x00\xf3\x00n\
\x00 \x00c\x00e\x00n\x00t\x00r\x00a\x00l\
\x00 \x00d\x00e\x00l\x00 \x00r\x00a\x00t\
\x00\xf3\x00n\x00.\x08\x00\x00\x00\x00\x06\x00\x00\x00\x14\
Middle mouse but\
ton.\x07\x00\x00\x00\x13Navigat\
ionIndicator\x01\x03\x00\x00\
\x00.\x00I\x00n\x00d\x00i\x00c\x00a\x00d\
\x00o\x00r\x00 \x00d\x00e\x00 \x00n\x00a\
\x00v\x00e\x00g\x00a\x00c\x00i\x00\xf3\x00n\
\x08\x00\x00\x00\x00\x06\x00\x00\x00\x14Naviga\
tion indicator\x07\x00\
\x00\x00\x13NavigationInd\
icator\x01\x03\x00\x00\x00(\x00E\x00s\
\x00t\x00i\x00l\x00o\x00 \x00d\x00e\x00 \
\x00n\x00a\x00v\x00e\x00g\x00a\x00c\x00i\
\x00\xf3\x00n\x08\x00\x00\x00\x00\x06\x00\x00\x00\x10Na\
vigation style\x07\x00\
\x00\x00\x13NavigationInd\
icator\x01\x03\x00\x00\x00F\x00E\x00s\
\x00t\x00i\x00l\x00o\x00 \x00d\x00e\x00 \
\x00n\x00a\x00v\x00e\x00g\x00a\x00c\x00i\
\x00\xf3\x00n\x00 \x00n\x00o\x00 \x00r\x00e\
\x00c\x00o\x00n\x00o\x00c\x00i\x00d\x00o\
\x00.\x08\x00\x00\x00\x00\x06\x00\x00\x00 Navi\
gation style not\
 recognized.\x07\x00\x00\x00\
\x13NavigationIndic\
ator\x01\x03\x00\x00\x00 \x00E\x00s\x00t\
\x00i\x00l\x00o\x00 \x00d\x00e\x00 \x00\xf3\
\x00r\x00b\x00i\x00t\x00a\x08\x00\x00\x00\x00\x06\
\x00\x00\x00\x0bOrbit style\x07\
\x00\x00\x00\x13NavigationIn\
dicator\x01\x03\x00\x00\x004\x00T\x00\
e\x00c\x00l\x00a\x00 \x00P\x00a\x00g\x00\
e\x00 \x00U\x00p\x00 \x00o\x00 \x00P\x00\
a\x00g\x00e\x00 \x00D\x00o\x00w\x00n\x00\
.\x08\x00\x00\x00\x00\x06\x00\x00\x00\x19Page \
Up or Page Down \
key.\x07\x00\x00\x00\x13Navigat\
ionIndicator\x01\x03\x00\x00\
\x00\x0c\x00P\x00a\x00n\x00e\x00a\x00r\x08\x00\
\x00\x00\x00\x06\x00\x00\x00\x03Pan\x07\x00\x00\x00\x13\
NavigationIndica\
tor\x01\x03\x00\x00\x00\x0a\x00R\x00o\x00t\x00\
a\x00r\x08\x00\x00\x00\x00\x06\x00\x00\x00\x06Rot\
ate\x07\x00\x00\x00\x13Navigati\
onIndicator\x01\x03\x00\x00\x00\
 \x00F\x00o\x00c\x00o\x00 \x00d\x00e\x00\
 \x00r\x00o\x00t\x00a\x00c\x00i\x00\xf3\x00\
n\x08\x00\x00\x00\x00\x06\x00\x00\x00\x0eRotat\
ion focus\x07\x00\x00\x00\x13Na\
vigationIndicato\
r\x01\x03\x00\x00\x00.\x00B\x00o\x00l\x00a\x00\
 \x00d\x00e\x00 \x00a\x00r\x00c\x00o\x00\
 \x00r\x00e\x00d\x00o\x00n\x00d\x00e\x00\
a\x00d\x00a\x08\x00\x00\x00\x00\x06\x00\x00\x00\x0fR\
ounded Arcball\x07\x00\
\x00\x00\x13NavigationInd\
icator\x01\x03\x00\x00\x00\x16\x00S\x00e\
\x00l\x00e\x00c\x00c\x00i\x00o\x00n\x00a\
\x00r\x08\x00\x00\x00\x00\x06\x00\x00\x00\x06Sele\
ct\x07\x00\x00\x00\x13Navigatio\
nIndicator\x01\x03\x00\x00\x00\x1a\
\x00C\x00o\x00n\x00f\x00i\x00g\x00u\x00r\
\x00a\x00c\x00i\x00\xf3\x00n\x08\x00\x00\x00\x00\x06\
\x00\x00\x00\x08Settings\x07\x00\x00\x00\
\x13NavigationIndic\
ator\x01\x03\x00\x00\x00\x16\x00I\x00n\x00c\
\x00l\x00i\x00n\x00a\x00c\x00i\x00\xf3\x00n\
\x08\x00\x00\x00\x00\x06\x00\x00\x00\x04Tilt\x07\x00\
\x00\x00\x13NavigationInd\
icator\x01\x03\x00\x00\x00\x16\x00D\x00e\
\x00s\x00c\x00r\x00i\x00p\x00c\x00i\x00\xf3\
\x00n\x08\x00\x00\x00\x00\x06\x00\x00\x00\x07Tool\
tip\x07\x00\x00\x00\x13Navigati\
onIndicator\x01\x03\x00\x00\x00\
\x12\x00T\x00r\x00a\x00c\x00k\x00b\x00a\x00\
l\x00l\x08\x00\x00\x00\x00\x06\x00\x00\x00\x09Tra\
ckball\x07\x00\x00\x00\x13Navig\
ationIndicator\x01\x03\
\x00\x00\x006\x00B\x00o\x00l\x00a\x00 \x00d\
\x00e\x00 \x00s\x00e\x00g\x00u\x00i\x00m\
\x00i\x00e\x00n\x00t\x00o\x00 \x00c\x00l\
\x00\xe1\x00s\x00i\x00c\x00a\x08\x00\x00\x00\x00\x06\
\x00\x00\x00\x11Trackball Cl\
assic\x07\x00\x00\x00\x13Naviga\
tionIndicator\x01\x03\x00\
\x00\x00\x1c\x00M\x00e\x00s\x00a\x00 \x00g\x00\
i\x00r\x00a\x00t\x00o\x00r\x00i\x00a\x08\
\x00\x00\x00\x00\x06\x00\x00\x00\x09Turntab\
le\x07\x00\x00\x00\x13Navigatio\
nIndicator\x01\x03\x00\x00\x00\x14\
\x00I\x00n\x00d\x00e\x00f\x00i\x00n\x00i\
\x00d\x00o\x08\x00\x00\x00\x00\x06\x00\x00\x00\x09Un\
defined\x07\x00\x00\x00\x13Navi\
gationIndicator\x01\
\x03\x00\x00\x00\x08\x00Z\x00o\x00o\x00m\x08\x00\x00\
\x00\x00\x06\x00\x00\x00\x04Zoom\x07\x00\x00\x00\x13\
NavigationIndica\
tor\x01\x88\x00\x00\x00\x02\x01\x01\
\x00\x00\x06\x7f\
<\
\xb8d\x18\xca\xef\x9c\x95\xcd!\x1c\xbf`\xa1\xbd\xdd\xa7\
\x00\x00\x00\x05zh-TWB\x00\x00\x00\xb0\x00\x00\
V~\x00\x00\x02\xba\x00\x05\xb04\x00\x00\x04\x14\x00\x06\
\x16]\x00\x00\x05{\x01\xed(5\x00\x00\x003\x02V\
:\xc2\x00\x00\x01\x10\x04\x0c!\x0e\x00\x00\x00\xca\x04\xc1\
e\x0e\x00\x00\x01\xb6\x04\xc3i\x0c\x00\x00\x03Y\x05\x96\
\xa8\xa5\x00\x00\x02\xe9\x05\x9c+\xa4\x00\x00\x03\xae\x06,\
7%\x00\x00\x02\x10\x06\xb7*>\x00\x00\x00s\x06\xc5\
\xf1\x13\x00\x00\x03\x1b\x07\xa1\xdd\xac\x00\x00\x04{\x09Z\
$\xe5\x00\x00\x05\x0d\x09\xf5\x00\x13\x00\x00\x04\xb2\x0ad\
g\xe4\x00\x00\x00\x00\x0a\xbc\xb8\xf4\x00\x00\x05D\x0bf\
;P\x00\x00\x04D\x0c\xbb\x01s\x00\x00\x03\xe0\x0f\xa7\
X\x85\x00\x00\x01t\x0f\xfbg.\x00\x00\x02Ki\x00\
\x00\x05\xab\x03\x00\x00\x00\x04}\xcanJ\x08\x00\x00\x00\
\x00\x06\x00\x00\x00\x07Compact\x07\x00\x00\
\x00\x13NavigationIndi\
cator\x01\x03\x00\x00\x00\x0a\x81\xeau1e\
\xcb\x8fIS\xf0\x08\x00\x00\x00\x00\x06\x00\x00\x00\x0eF\
ree Turntable\x07\x00\x00\
\x00\x13NavigationIndi\
cator\x01\x03\x00\x00\x00\x12n\xd1\x9f N\
-\x93ub\x16\x00 \x00H\x00 \x93u\x08\x00\x00\
\x00\x00\x06\x00\x00\x00\x1dMiddle mo\
use button or H \
key.\x07\x00\x00\x00\x13Navigat\
ionIndicator\x01\x03\x00\x00\
\x00\x0an\xd1\x9f N-\x93u0\x02\x08\x00\x00\x00\
\x00\x06\x00\x00\x00\x14Middle mou\
se button.\x07\x00\x00\x00\x13N\
avigationIndicat\
or\x01\x03\x00\x00\x00(\x00N\x00a\x00v\x00i\
\x00g\x00a\x00t\x00i\x00o\x00n\x00 \x00i\
\x00n\x00d\x00i\x00c\x00a\x00t\x00o\x00r\
\x08\x00\x00\x00\x00\x06\x00\x00\x00\x14Naviga\
tion indicator\x07\x00\
\x00\x00\x13NavigationInd\
icator\x01\x03\x00\x00\x00\x0a\x5c\x0e\x89\xbd\
R\x17j#_\x0f\x08\x00\x00\x00\x00\x06\x00\x00\x00\x10\
Navigation style\
\x07\x00\x00\x00\x13NavigationI\
ndicator\x01\x03\x00\x00\x00\x12q!\
l\xd5\x8f\xa8\x8bX\x5c\x0e\x89\xbdR\x17j#_\x0f\
\x08\x00\x00\x00\x00\x06\x00\x00\x00 Naviga\
tion style not r\
ecognized.\x07\x00\x00\x00\x13N\
avigationIndicat\
or\x01\x03\x00\x00\x00\x08t\xb0~^j!_\x0f\
\x08\x00\x00\x00\x00\x06\x00\x00\x00\x0bOrbit \
style\x07\x00\x00\x00\x13Naviga\
tionIndicator\x01\x03\x00\
\x00\x00.\x00P\x00a\x00g\x00e\x00 \x00U\x00\
p\x00 b\x16\x00 \x00P\x00a\x00g\x00e\x00\
 \x00D\x00o\x00w\x00n\x00 c\x09\x93u0\
\x02\x08\x00\x00\x00\x00\x06\x00\x00\x00\x19Page \
Up or Page Down \
key.\x07\x00\x00\x00\x13Navigat\
ionIndicator\x01\x03\x00\x00\
\x00\x04^sy\xfb\x08\x00\x00\x00\x00\x06\x00\x00\x00\x03\
Pan\x07\x00\x00\x00\x13Navigati\
onIndicator\x01\x03\x00\x00\x00\
\x04e\xcb\x8fI\x08\x00\x00\x00\x00\x06\x00\x00\x00\x06R\
otate\x07\x00\x00\x00\x13Naviga\
tionIndicator\x01\x03\x00\
\x00\x00\x08e\xcb\x8fIN-_\xc3\x08\x00\x00\x00\x00\
\x06\x00\x00\x00\x0eRotation fo\
cus\x07\x00\x00\x00\x13Navigati\
onIndicator\x01\x03\x00\x00\x00\
\x1e\x00R\x00o\x00u\x00n\x00d\x00e\x00d\x00\
 \x00A\x00r\x00c\x00b\x00a\x00l\x00l\x08\
\x00\x00\x00\x00\x06\x00\x00\x00\x0fRounded\
 Arcball\x07\x00\x00\x00\x13Nav\
igationIndicator\
\x01\x03\x00\x00\x00\x04\x90xd\xc7\x08\x00\x00\x00\x00\x06\
\x00\x00\x00\x06Select\x07\x00\x00\x00\x13N\
avigationIndicat\
or\x01\x03\x00\x00\x00\x04\x8a-[\x9a\x08\x00\x00\x00\
\x00\x06\x00\x00\x00\x08Settings\x07\x00\
\x00\x00\x13NavigationInd\
icator\x01\x03\x00\x00\x00\x04P\xbee\x9c\
\x08\x00\x00\x00\x00\x06\x00\x00\x00\x04Tilt\x07\x00\
\x00\x00\x13NavigationInd\
icator\x01\x03\x00\x00\x00\x08]\xe5Qw\
c\xd0y:\x08\x00\x00\x00\x00\x06\x00\x00\x00\x07To\
oltip\x07\x00\x00\x00\x13Naviga\
tionIndicator\x01\x03\x00\
\x00\x00\x06\x8e\xcc\x8d\xe1t\x03\x08\x00\x00\x00\x00\x06\x00\
\x00\x00\x09Trackball\x07\x00\x00\x00\
\x13NavigationIndic\
ator\x01\x03\x00\x00\x00\x22\x00T\x00r\x00a\
\x00c\x00k\x00b\x00a\x00l\x00l\x00 \x00C\
\x00l\x00a\x00s\x00s\x00i\x00c\x08\x00\x00\x00\
\x00\x06\x00\x00\x00\x11Trackball \
Classic\x07\x00\x00\x00\x13Navi\
gationIndicator\x01\
\x03\x00\x00\x00\x06e\xcb\x8fIS\xf0\x08\x00\x00\x00\x00\
\x06\x00\x00\x00\x09Turntable\x07\x00\
\x00\x00\x13NavigationInd\
icator\x01\x03\x00\x00\x00\x06g*[\x9a\
\x7f\xa9\x08\x00\x00\x00\x00\x06\x00\x00\x00\x09Unde\
fined\x07\x00\x00\x00\x13Naviga\
tionIndicator\x01\x03\x00\
\x00\x00\x04~.e>\x08\x00\x00\x00\x00\x06\x00\x00\x00\
\x04Zoom\x07\x00\x00\x00\x13Naviga\
tionIndicator\x01\
\x00\x00\x06[\
<\
\xb8d\x18\xca\xef\x9c\x95\xcd!\x1c\xbf`\xa1\xbd\xdd\xa7\
\x00\x00\x00\x02skB\x00\x00\x00\x90\x00\x00V~\x00\
\x00\x02\xda\x00\x05\xb04\x00\x00\x04\x19\x00\x06\x16]\x00\
\x00\x05]\x04\x0c!\x0e\x00\x00\x00\xd0\x04\xc1e\x0e\x00\
\x00\x01\x8c\x05\x96\xa8\xa5\x00\x00\x03\x0b\x05\x9c+\xa4\x00\
\x00\x03\x9d\x06,7%\x00\x00\x02\x14\x06\xb7*>\x00\
\x00\x00A\x06\xc5\xf1\x13\x00\x00\x03E\x07\xa1\xdd\xac\x00\
\x00\x04\x96\x09Z$\xe5\x00\x00\x04\xd9\x0adg\xe4\x00\
\x00\x00\x00\x0a\xbc\xb8\xf4\x00\x00\x05\x14\x0bf;P\x00\
\x00\x04Y\x0c\xbb\x01s\x00\x00\x03\xd5\x0f\xa7X\x85\x00\
\x00\x018\x0f\xfbg.\x00\x00\x02[i\x00\x00\x05\x9f\
\x03\x00\x00\x00\x12\x00K\x00o\x00m\x00p\x00a\x00\
k\x00t\x00n\x00\xe9\x08\x00\x00\x00\x00\x06\x00\x00\x00\
\x07Compact\x07\x00\x00\x00\x13Nav\
igationIndicator\
\x01\x03\x00\x00\x00J\x00S\x00t\x00r\x00e\x00d\
\x00n\x00\xe9\x00 \x00t\x00l\x00a\x01\x0d\x00i\
\x00d\x00l\x00o\x00 \x00m\x00y\x01a\x00i\
\x00 \x00a\x00l\x00e\x00b\x00o\x00 \x00k\
\x00l\x00\xe1\x00v\x00e\x00s\x00 \x00H\x00.\
\x08\x00\x00\x00\x00\x06\x00\x00\x00\x1dMiddle\
 mouse button or\
 H key.\x07\x00\x00\x00\x13Navi\
gationIndicator\x01\
\x03\x00\x00\x00,\x00S\x00t\x00r\x00e\x00d\x00\
n\x00\xe9\x00 \x00t\x00l\x00a\x01\x0d\x00i\x00\
d\x00l\x00o\x00 \x00m\x00y\x01a\x00i\x00\
.\x08\x00\x00\x00\x00\x06\x00\x00\x00\x14Middl\
e mouse button.\x07\
\x00\x00\x00\x13NavigationIn\
dicator\x01\x03\x00\x00\x00\x1c\x01`\x00\
t\x00\xfd\x00l\x00 \x00n\x00a\x00v\x00i\x00\
g\x00\xe1\x00c\x00i\x00e\x08\x00\x00\x00\x00\x06\x00\
\x00\x00\x10Navigation st\
yle\x07\x00\x00\x00\x13Navigati\
onIndicator\x01\x03\x00\x00\x00\
@\x01`\x00t\x00\xfd\x00l\x00 \x00n\x00a\x00\
v\x00i\x00g\x00\xe1\x00c\x00i\x00e\x00 \x00\
n\x00e\x00b\x00o\x00l\x00 \x00r\x00o\x00\
z\x00p\x00o\x00z\x00n\x00a\x00n\x00\xfd\x00\
.\x08\x00\x00\x00\x00\x06\x00\x00\x00 Navig\
ation style not \
recognized.\x07\x00\x00\x00\x13\
NavigationIndica\
tor\x01\x03\x00\x00\x00\x14\x01`\x00t\x00\xfd\x00\
l\x00 \x00O\x00r\x00b\x00i\x00t\x08\x00\x00\
\x00\x00\x06\x00\x00\x00\x0bOrbit sty\
le\x07\x00\x00\x00\x13Navigatio\
nIndicator\x01\x03\x00\x00\x00>\
\x00K\x00l\x00\xe1\x00v\x00e\x00s\x00 \x00P\
\x00a\x00g\x00e\x00 \x00U\x00p\x00 \x00a\
\x00l\x00e\x00b\x00o\x00 \x00P\x00a\x00g\
\x00e\x00 \x00D\x00o\x00w\x00n\x00.\x08\x00\
\x00\x00\x00\x06\x00\x00\x00\x19Page Up \
or Page Down key\
.\x07\x00\x00\x00\x13Navigation\
Indicator\x01\x03\x00\x00\x00\x06\x00\
P\x00a\x00n\x08\x00\x00\x00\x00\x06\x00\x00\x00\x03P\
an\x07\x00\x00\x00\x13Navigatio\
nIndicator\x01\x03\x00\x00\x00\x0c\
\x00O\x00t\x00o\x01\x0d\x00i\x01e\x08\x00\x00\x00\
\x00\x06\x00\x00\x00\x06Rotate\x07\x00\x00\x00\
\x13NavigationIndic\
ator\x01\x03\x00\x00\x00\x22\x00Z\x00a\x00m\
\x00e\x00r\x00a\x00n\x00i\x00e\x00 \x00r\
\x00o\x00t\x00\xe1\x00c\x00i\x00e\x08\x00\x00\x00\
\x00\x06\x00\x00\x00\x0eRotation f\
ocus\x07\x00\x00\x00\x13Navigat\
ionIndicator\x01\x03\x00\x00\
\x00\x0a\x00V\x00\xfd\x00b\x00e\x00r\x08\x00\x00\x00\
\x00\x06\x00\x00\x00\x06Select\x07\x00\x00\x00\
\x13NavigationIndic\
ator\x01\x03\x00\x00\x00\x14\x00N\x00a\x00s\
\x00t\x00a\x00v\x00e\x00n\x00i\x00a\x08\x00\
\x00\x00\x00\x06\x00\x00\x00\x08Settings\
\x07\x00\x00\x00\x13NavigationI\
ndicator\x01\x03\x00\x00\x00\x14\x00N\
\x00a\x00k\x00l\x00o\x00n\x00e\x00n\x00i\
\x00e\x08\x00\x00\x00\x00\x06\x00\x00\x00\x04Tilt\
\x07\x00\x00\x00\x13NavigationI\
ndicator\x01\x03\x00\x00\x00\x0e\x00P\
\x00o\x00p\x00i\x00s\x00o\x00k\x08\x00\x00\x00\
\x00\x06\x00\x00\x00\x07Tooltip\x07\x00\x00\
\x00\x13NavigationIndi\
cator\x01\x03\x00\x00\x00\x12\x00T\x00r\x00\
a\x00c\x00k\x00b\x00a\x00l\x00l\x08\x00\x00\
\x00\x00\x06\x00\x00\x00\x09Trackball\
\x07\x00\x00\x00\x13NavigationI\
ndicator\x01\x03\x00\x00\x00\x0a\x00T\
\x00o\x01\x0d\x01H\x00a\x08\x00\x00\x00\x00\x06\x00\x00\
\x00\x09Turntable\x07\x00\x00\x00\x13\
NavigationIndica\
tor\x01\x03\x00\x00\x00\x18\x00N\x00e\x00d\x00\
e\x00f\x00i\x00n\x00o\x00v\x00a\x00n\x00\
\xe9\x08\x00\x00\x00\x00\x06\x00\x00\x00\x09Undef\
ined\x07\x00\x00\x00\x13Navigat\
ionIndicator\x01\x03\x00\x00\
\x00\x16\x00P\x00r\x00i\x00b\x00l\x00\xed\x01~\
\x00e\x00n\x00i\x00e\x08\x00\x00\x00\x00\x06\x00\x00\
\x00\x04Zoom\x07\x00\x00\x00\x13Navig\
ationIndicator\x01\x88\
\x00\x00\x00\x06\x01\x01\xff\x04\x02\x04\
\x00\x00\x06\xd2\
<\
\xb8d\x18\xca\xef\x9c\x95\xcd!\x1c\xbf`\xa1\xbd\xdd\xa7\
\x00\x00\x00\x02koB\x00\x00\x00\xb0\x00\x00V~\x00\
\x00\x02\xf4\x00\x05\xb04\x00\x00\x04\x5c\x00\x06\x16]\x00\
\x00\x05\xcb\x01\xed(5\x00\x00\x003\x02V:\xc2\x00\
\x00\x01:\x04\x0c!\x0e\x00\x00\x00\xea\x04\xc1e\x0e\x00\
\x00\x01\xe8\x04\xc3i\x0c\x00\x00\x03\x9d\x05\x96\xa8\xa5\x00\
\x00\x03'\x05\x9c+\xa4\x00\x00\x03\xf2\x06,7%\x00\
\x00\x02T\x06\xb7*>\x00\x00\x00u\x06\xc5\xf1\x13\x00\
\x00\x03]\x07\xa1\xdd\xac\x00\x00\x04\xc9\x09Z$\xe5\x00\
\x00\x05[\x09\xf5\x00\x13\x00\x00\x05\x00\x0adg\xe4\x00\
\x00\x00\x00\x0a\xbc\xb8\xf4\x00\x00\x05\x94\x0bf;P\x00\
\x00\x04\x90\x0c\xbb\x01s\x00\x00\x04(\x0f\xa7X\x85\x00\
\x00\x01\x9e\x0f\xfbg.\x00\x00\x02\x93i\x00\x00\x06\x01\
\x03\x00\x00\x00\x04\xc1\x8c\xd6\x15\x08\x00\x00\x00\x00\x06\x00\
\x00\x00\x07Compact\x07\x00\x00\x00\x13N\
avigationIndicat\
or\x01\x03\x00\x00\x00\x0c\xc7\x90\xc7 \x00 \xd6\x8c\
\xc8\x04\xbc\x18\x08\x00\x00\x00\x00\x06\x00\x00\x00\x0eFr\
ee Turntable\x07\x00\x00\x00\
\x13NavigationIndic\
ator\x01\x03\x00\x00\x000\xb9\xc8\xc6\xb0\xc2\xa4\
\x00 \xac\x00\xc6\xb4\xb3p\x00 \xbc\x84\xd2\xbc\x00 \
\xb6\x10\xb2\x94\x00 \x00H\x00 \xd0\xa4\xb9|\x00 \
\xb2\x04\xb9\x85\xb2\xc8\xb2\xe4\x00.\x08\x00\x00\x00\x00\x06\
\x00\x00\x00\x1dMiddle mouse\
 button or H key\
.\x07\x00\x00\x00\x13Navigation\
Indicator\x01\x03\x00\x00\x00\x14\xb9\
\xc8\xc6\xb0\xc2\xa4\x00 \xac\x00\xc6\xb4\xb3p\x00 \xbc\
\x84\xd2\xbc\x08\x00\x00\x00\x00\x06\x00\x00\x00\x14Mid\
dle mouse button\
.\x07\x00\x00\x00\x13Navigation\
Indicator\x01\x03\x00\x00\x00(\x00\
N\x00a\x00v\x00i\x00g\x00a\x00t\x00i\x00\
o\x00n\x00 \x00i\x00n\x00d\x00i\x00c\x00\
a\x00t\x00o\x00r\x08\x00\x00\x00\x00\x06\x00\x00\x00\
\x14Navigation indi\
cator\x07\x00\x00\x00\x13Naviga\
tionIndicator\x01\x03\x00\
\x00\x00\x12\xb0\xb4\xbeD\xac\x8c\xc7t\xc1X\x00 \xc2\
\xa4\xd0\xc0\xc7|\x08\x00\x00\x00\x00\x06\x00\x00\x00\x10N\
avigation style\x07\
\x00\x00\x00\x13NavigationIn\
dicator\x01\x03\x00\x00\x00$\xd0\xd0\xc0\
\xc9\x00 \xc2\xa4\xd0\xc0\xc7|\xc7t\x00 \xc7x\xc2\
\xdd\xb4\x18\xc9\xc0\x00 \xc5J\xc2\xb5\xb2\xc8\xb2\xe4\x00\
.\x08\x00\x00\x00\x00\x06\x00\x00\x00 Navig\
ation style not \
recognized.\x07\x00\x00\x00\x13\
NavigationIndica\
tor\x01\x03\x00\x00\x00\x0c\xad\xa4\xb3\xc4\x00 \xc2\
\xa4\xd0\xc0\xc7|\x08\x00\x00\x00\x00\x06\x00\x00\x00\x0bO\
rbit style\x07\x00\x00\x00\x13N\
avigationIndicat\
or\x01\x03\x00\x00\x00 \x00P\x00a\x00g\x00e\
\x00 \x00U\x00p\x00 \x00/\x00 \x00D\x00o\
\x00w\x00n\x00 \xd0\xa4\x08\x00\x00\x00\x00\x06\x00\x00\
\x00\x19Page Up or Pag\
e Down key.\x07\x00\x00\x00\x13\
NavigationIndica\
tor\x01\x03\x00\x00\x00\x08\xc8\x8c\xc6\xb0\xd6\x8c\xc8\
\x04\x08\x00\x00\x00\x00\x06\x00\x00\x00\x03Pan\x07\x00\
\x00\x00\x13NavigationInd\
icator\x01\x03\x00\x00\x00\x08\xd6\x8c\xc8\x04\
\xd5X\xae0\x08\x00\x00\x00\x00\x06\x00\x00\x00\x06Ro\
tate\x07\x00\x00\x00\x13Navigat\
ionIndicator\x01\x03\x00\x00\
\x00\x0a\xd6\x8c\xc8\x04\x00 \xc2\xdc\xc8\x10\x08\x00\x00\x00\
\x00\x06\x00\x00\x00\x0eRotation f\
ocus\x07\x00\x00\x00\x13Navigat\
ionIndicator\x01\x03\x00\x00\
\x00\x1e\x00R\x00o\x00u\x00n\x00d\x00e\x00d\
\x00 \x00A\x00r\x00c\x00b\x00a\x00l\x00l\
\x08\x00\x00\x00\x00\x06\x00\x00\x00\x0fRounde\
d Arcball\x07\x00\x00\x00\x13Na\
vigationIndicato\
r\x01\x03\x00\x00\x00\x08\xc1 \xd0\xdd\xd5X\xae0\x08\
\x00\x00\x00\x00\x06\x00\x00\x00\x06Select\x07\
\x00\x00\x00\x13NavigationIn\
dicator\x01\x03\x00\x00\x00\x04\xc1$\xc8\
\x15\x08\x00\x00\x00\x00\x06\x00\x00\x00\x08Setti\
ngs\x07\x00\x00\x00\x13Navigati\
onIndicator\x01\x03\x00\x00\x00\
\x08\xc0\xc1\xd5X\xd6\x8c\xc8\x04\x08\x00\x00\x00\x00\x06\x00\
\x00\x00\x04Tilt\x07\x00\x00\x00\x13Navi\
gationIndicator\x01\
\x03\x00\x00\x00\x0a\xb3\xc4\xadl\x00 \xc1$\xba\x85\x08\
\x00\x00\x00\x00\x06\x00\x00\x00\x07Tooltip\
\x07\x00\x00\x00\x13NavigationI\
ndicator\x01\x03\x00\x00\x00\x06\xd2\xb8\
\xb7\x99\xbc\xfc\x08\x00\x00\x00\x00\x06\x00\x00\x00\x09Tr\
ackball\x07\x00\x00\x00\x13Navi\
gationIndicator\x01\
\x03\x00\x00\x00\x22\x00T\x00r\x00a\x00c\x00k\x00\
b\x00a\x00l\x00l\x00 \x00C\x00l\x00a\x00\
s\x00s\x00i\x00c\x08\x00\x00\x00\x00\x06\x00\x00\x00\
\x11Trackball Class\
ic\x07\x00\x00\x00\x13Navigatio\
nIndicator\x01\x03\x00\x00\x00\x08\
\xd14\xd1L\xc7t\xbe\x14\x08\x00\x00\x00\x00\x06\x00\x00\
\x00\x09Turntable\x07\x00\x00\x00\x13\
NavigationIndica\
tor\x01\x03\x00\x00\x00\x06\xbb\xf8\xc8\x15\xc7X\x08\
\x00\x00\x00\x00\x06\x00\x00\x00\x09Undefin\
ed\x07\x00\x00\x00\x13Navigatio\
nIndicator\x01\x03\x00\x00\x00\x0a\
\xd6U\xb3\x00\x00/\xcd\x95\xc1\x8c\x08\x00\x00\x00\x00\x06\
\x00\x00\x00\x04Zoom\x07\x00\x00\x00\x13Nav\
igationIndicator\
\x01\
\x00\x00\x06\x94\
<\
\xb8d\x18\xca\xef\x9c\x95\xcd!\x1c\xbf`\xa1\xbd\xdd\xa7\
\x00\x00\x00\x02viB\x00\x00\x00\x98\x00\x00V~\x00\
\x00\x03\x12\x00\x05\xb04\x00\x00\x045\x00\x06\x16]\x00\
\x00\x05\x8f\x01\xed(5\x00\x00\x00=\x04\x0c!\x0e\x00\
\x00\x01\x0c\x04\xc1e\x0e\x00\x00\x01\xbc\x05\x96\xa8\xa5\x00\
\x00\x03C\x05\x9c+\xa4\x00\x00\x03\xbf\x06,7%\x00\
\x00\x02N\x06\xb7*>\x00\x00\x00\x8f\x06\xc5\xf1\x13\x00\
\x00\x03y\x07\xa1\xdd\xac\x00\x00\x04\xbe\x09Z$\xe5\x00\
\x00\x05\x01\x0adg\xe4\x00\x00\x00\x00\x0a\xbc\xb8\xf4\x00\
\x00\x05B\x0bf;P\x00\x00\x04o\x0c\xbb\x01s\x00\
\x00\x03\xf5\x0f\xa7X\x85\x00\x00\x01f\x0f\xfbg.\x00\
\x00\x02\x99i\x00\x00\x05\xdb\x03\x00\x00\x00\x0e\x00\xc9\x00\
p\x00 \x00c\x00h\x1e\xb7\x00t\x08\x00\x00\x00\x00\
\x06\x00\x00\x00\x07Compact\x07\x00\x00\x00\
\x13NavigationIndic\
ator\x01\x03\x00\x00\x00\x1c\x00F\x00r\x00e\
\x00e\x00 \x00T\x00u\x00r\x00n\x00t\x00a\
\x00b\x00l\x00e\x08\x00\x00\x00\x00\x06\x00\x00\x00\x0e\
Free Turntable\x07\x00\
\x00\x00\x13NavigationInd\
icator\x01\x03\x00\x00\x008\x00N\x00h\
\x1e\xa5\x00n\x00 \x00c\x00h\x00u\x1e\xd9\x00t\
\x00 \x00g\x00i\x1e\xef\x00a\x00 \x00h\x00o\
\x1e\xb7\x00c\x00 \x00p\x00h\x00\xed\x00m\x00 \
\x00H\x00.\x08\x00\x00\x00\x00\x06\x00\x00\x00\x1dMi\
ddle mouse butto\
n or H key.\x07\x00\x00\x00\x13\
NavigationIndica\
tor\x01\x03\x00\x00\x00\x1e\x00N\x00\xfa\x00t\x00\
 \x00c\x00h\x00u\x1e\xd9\x00t\x00 \x00g\x00\
i\x1e\xef\x00a\x00.\x08\x00\x00\x00\x00\x06\x00\x00\x00\
\x14Middle mouse bu\
tton.\x07\x00\x00\x00\x13Naviga\
tionIndicator\x01\x03\x00\
\x00\x00\x1e\x00K\x00i\x1e\xc3\x00u\x00 \x01\x11\x00\
i\x1e\xc1\x00u\x00 \x00h\x01\xb0\x1e\xdb\x00n\x00\
g\x08\x00\x00\x00\x00\x06\x00\x00\x00\x10Navig\
ation style\x07\x00\x00\x00\x13\
NavigationIndica\
tor\x01\x03\x00\x00\x00J\x00K\x00i\x1e\xc3\x00\
u\x00 \x01\x11\x00i\x1e\xc1\x00u\x00 \x00h\x01\
\xb0\x1e\xdb\x00n\x00g\x00 \x00k\x00h\x00\xf4\x00\
n\x00g\x00 \x01\x11\x01\xb0\x1e\xe3\x00c\x00 \x00\
c\x00h\x1e\xa5\x00p\x00 \x00n\x00h\x1e\xad\x00\
n\x00.\x08\x00\x00\x00\x00\x06\x00\x00\x00 Nav\
igation style no\
t recognized.\x07\x00\x00\
\x00\x13NavigationIndi\
cator\x01\x03\x00\x00\x00\x18\x00K\x00i\x1e\
\xc3\x00u\x00 \x00q\x00u\x1e\xf9\x00 \x01\x11\x1e\
\xa1\x00o\x08\x00\x00\x00\x00\x06\x00\x00\x00\x0bOrb\
it style\x07\x00\x00\x00\x13Nav\
igationIndicator\
\x01\x03\x00\x00\x008\x00P\x00h\x00\xed\x00m\x00 \
\x00P\x00a\x00g\x00e\x00 \x00U\x00p\x00 \
\x00h\x00o\x1e\xb7\x00c\x00 \x00P\x00a\x00g\
\x00e\x00 \x00D\x00o\x00w\x00n\x00.\x08\x00\
\x00\x00\x00\x06\x00\x00\x00\x19Page Up \
or Page Down key\
.\x07\x00\x00\x00\x13Navigation\
Indicator\x01\x03\x00\x00\x00\x06\x00\
N\x1e\xd3\x00i\x08\x00\x00\x00\x00\x06\x00\x00\x00\x03P\
an\x07\x00\x00\x00\x13Navigatio\
nIndicator\x01\x03\x00\x00\x00\x08\
\x00X\x00o\x00a\x00y\x08\x00\x00\x00\x00\x06\x00\x00\
\x00\x06Rotate\x07\x00\x00\x00\x13Nav\
igationIndicator\
\x01\x03\x00\x00\x00\x10\x00T\x00\xe2\x00m\x00 \x00x\
\x00o\x00a\x00y\x08\x00\x00\x00\x00\x06\x00\x00\x00\x0e\
Rotation focus\x07\x00\
\x00\x00\x13NavigationInd\
icator\x01\x03\x00\x00\x00\x08\x00C\x00h\
\x1e\xcd\x00n\x08\x00\x00\x00\x00\x06\x00\x00\x00\x06Se\
lect\x07\x00\x00\x00\x13Navigat\
ionIndicator\x01\x03\x00\x00\
\x00\x10\x00S\x00e\x00t\x00t\x00i\x00n\x00g\
\x00s\x08\x00\x00\x00\x00\x06\x00\x00\x00\x08Sett\
ings\x07\x00\x00\x00\x13Navigat\
ionIndicator\x01\x03\x00\x00\
\x00\x0e\x00M\x00u\x00i\x00 \x00c\x00h\x00e\
\x08\x00\x00\x00\x00\x06\x00\x00\x00\x04Tilt\x07\x00\
\x00\x00\x13NavigationInd\
icator\x01\x03\x00\x00\x00 \x00C\x00h\
\x00\xfa\x00 \x00g\x00i\x1e\xa3\x00i\x00 \x00c\
\x00\xf4\x00n\x00g\x00 \x00c\x1e\xe5\x08\x00\x00\x00\
\x00\x06\x00\x00\x00\x07Tooltip\x07\x00\x00\
\x00\x13NavigationIndi\
cator\x01\x03\x00\x00\x00\x12\x00T\x00r\x00\
a\x00c\x00k\x00b\x00a\x00l\x00l\x08\x00\x00\
\x00\x00\x06\x00\x00\x00\x09Trackball\
\x07\x00\x00\x00\x13NavigationI\
ndicator\x01\x03\x00\x00\x00\x10\x00B\
\x00\xe0\x00n\x00 \x00x\x00o\x00a\x00y\x08\x00\
\x00\x00\x00\x06\x00\x00\x00\x09Turntabl\
e\x07\x00\x00\x00\x13Navigation\
Indicator\x01\x03\x00\x00\x00\x1c\x00\
K\x00h\x00\xf4\x00n\x00g\x00 \x00x\x00\xe1\x00\
c\x00 \x01\x11\x1e\xcb\x00n\x00h\x08\x00\x00\x00\x00\
\x06\x00\x00\x00\x09Undefined\x07\x00\
\x00\x00\x13NavigationInd\
icator\x01\x03\x00\x00\x00 \x00P\x00h\
\x00\xf3\x00n\x00g\x00 \x00t\x00o\x00/\x00t\
\x00h\x00u\x00 \x00n\x00h\x1e\xcf\x08\x00\x00\x00\
\x00\x06\x00\x00\x00\x04Zoom\x07\x00\x00\x00\x13N\
avigationIndicat\
or\x01\
\x00\x00\x086\
<\
\xb8d\x18\xca\xef\x9c\x95\xcd!\x1c\xbf`\xa1\xbd\xdd\xa7\
\x00\x00\x00\x05pt-PTB\x00\x00\x00\xb0\x00\x00\
V~\x00\x00\x03\xb8\x00\x05\xb04\x00\x00\x05l\x00\x06\
\x16]\x00\x00\x07'\x01\xed(5\x00\x00\x00?\x02V\
:\xc2\x00\x00\x01\x9c\x04\x0c!\x0e\x00\x00\x014\x04\xc1\
e\x0e\x00\x00\x02^\x04\xc3i\x0c\x00\x00\x04\x97\x05\x96\
\xa8\xa5\x00\x00\x04\x0b\x05\x9c+\xa4\x00\x00\x04\xec\x06,\
7%\x00\x00\x02\xee\x06\xb7*>\x00\x00\x00\xa9\x06\xc5\
\xf1\x13\x00\x00\x04C\x07\xa1\xdd\xac\x00\x00\x05\xeb\x09Z\
$\xe5\x00\x00\x06\x89\x09\xf5\x00\x13\x00\x00\x06.\x0ad\
g\xe4\x00\x00\x00\x00\x0a\xbc\xb8\xf4\x00\x00\x06\xe2\x0bf\
;P\x00\x00\x05\xac\x0c\xbb\x01s\x00\x00\x05.\x0f\xa7\
X\x85\x00\x00\x02\x00\x0f\xfbg.\x00\x00\x03Ai\x00\
\x00\x07[\x03\x00\x00\x00\x10\x00C\x00o\x00m\x00p\
\x00a\x00c\x00t\x00o\x08\x00\x00\x00\x00\x06\x00\x00\
\x00\x07Compact\x07\x00\x00\x00\x13Na\
vigationIndicato\
r\x01\x03\x00\x00\x004\x00P\x00l\x00a\x00t\x00\
a\x00f\x00o\x00r\x00m\x00a\x00 \x00g\x00\
i\x00r\x00a\x00t\x00\xf3\x00r\x00i\x00a\x00\
 \x00l\x00i\x00v\x00r\x00e\x08\x00\x00\x00\x00\
\x06\x00\x00\x00\x0eFree Turnta\
ble\x07\x00\x00\x00\x13Navigati\
onIndicator\x01\x03\x00\x00\x00\
F\x00B\x00o\x00t\x00\xe3\x00o\x00 \x00d\x00\
o\x00 \x00m\x00e\x00i\x00o\x00 \x00d\x00\
o\x00 \x00r\x00a\x00t\x00o\x00 \x00o\x00\
u\x00 \x00a\x00 \x00t\x00e\x00c\x00l\x00\
a\x00 \x00H\x00.\x08\x00\x00\x00\x00\x06\x00\x00\x00\
\x1dMiddle mouse bu\
tton or H key.\x07\x00\
\x00\x00\x13NavigationInd\
icator\x01\x03\x00\x00\x00,\x00B\x00o\
\x00t\x00\xe3\x00o\x00 \x00d\x00o\x00 \x00m\
\x00e\x00i\x00o\x00 \x00d\x00o\x00 \x00r\
\x00a\x00t\x00o\x00.\x08\x00\x00\x00\x00\x06\x00\x00\
\x00\x14Middle mouse b\
utton.\x07\x00\x00\x00\x13Navig\
ationIndicator\x01\x03\
\x00\x00\x00(\x00N\x00a\x00v\x00i\x00g\x00a\
\x00t\x00i\x00o\x00n\x00 \x00i\x00n\x00d\
\x00i\x00c\x00a\x00t\x00o\x00r\x08\x00\x00\x00\
\x00\x06\x00\x00\x00\x14Navigation\
 indicator\x07\x00\x00\x00\x13N\
avigationIndicat\
or\x01\x03\x00\x00\x00&\x00E\x00s\x00t\x00i\
\x00l\x00o\x00 \x00d\x00e\x00 \x00n\x00a\
\x00v\x00e\x00g\x00a\x00\xe7\x00\xe3\x00o\x08\x00\
\x00\x00\x00\x06\x00\x00\x00\x10Navigati\
on style\x07\x00\x00\x00\x13Nav\
igationIndicator\
\x01\x03\x00\x00\x00H\x00E\x00s\x00t\x00i\x00l\
\x00o\x00 \x00d\x00e\x00 \x00n\x00a\x00v\
\x00e\x00g\x00a\x00\xe7\x00\xe3\x00o\x00 \x00n\
\x00\xe3\x00o\x00 \x00r\x00e\x00c\x00o\x00n\
\x00h\x00e\x00c\x00i\x00d\x00o\x00.\x08\x00\
\x00\x00\x00\x06\x00\x00\x00 Navigati\
on style not rec\
ognized.\x07\x00\x00\x00\x13Nav\
igationIndicator\
\x01\x03\x00\x00\x00 \x00E\x00s\x00t\x00i\x00l\
\x00o\x00 \x00d\x00a\x00 \x00\xd3\x00r\x00b\
\x00i\x00t\x00a\x08\x00\x00\x00\x00\x06\x00\x00\x00\x0b\
Orbit style\x07\x00\x00\x00\x13\
NavigationIndica\
tor\x01\x03\x00\x00\x006\x00T\x00e\x00c\x00\
l\x00a\x00 \x00P\x00a\x00g\x00e\x00 \x00\
U\x00p\x00 \x00o\x00u\x00 \x00P\x00a\x00\
g\x00e\x00 \x00D\x00o\x00w\x00n\x00.\x08\
\x00\x00\x00\x00\x06\x00\x00\x00\x19Page Up\
 or Page Down ke\
y.\x07\x00\x00\x00\x13Navigatio\
nIndicator\x01\x03\x00\x00\x00(\
\x00A\x00r\x00r\x00a\x00s\x00t\x00a\x00r\
\x00 \x00v\x00i\x00s\x00t\x00a\x00 \x00(\
\x00p\x00a\x00n\x00)\x08\x00\x00\x00\x00\x06\x00\x00\
\x00\x03Pan\x07\x00\x00\x00\x13Naviga\
tionIndicator\x01\x03\x00\
\x00\x00\x0a\x00R\x00o\x00d\x00a\x00r\x08\x00\x00\
\x00\x00\x06\x00\x00\x00\x06Rotate\x07\x00\x00\
\x00\x13NavigationIndi\
cator\x01\x03\x00\x00\x00\x1e\x00F\x00o\x00\
c\x00o\x00 \x00d\x00e\x00 \x00r\x00o\x00\
t\x00a\x00\xe7\x00\xe3\x00o\x08\x00\x00\x00\x00\x06\x00\
\x00\x00\x0eRotation focu\
s\x07\x00\x00\x00\x13Navigation\
Indicator\x01\x03\x00\x00\x00\x1e\x00\
R\x00o\x00u\x00n\x00d\x00e\x00d\x00 \x00\
A\x00r\x00c\x00b\x00a\x00l\x00l\x08\x00\x00\
\x00\x00\x06\x00\x00\x00\x0fRounded A\
rcball\x07\x00\x00\x00\x13Navig\
ationIndicator\x01\x03\
\x00\x00\x00\x14\x00S\x00e\x00l\x00e\x00c\x00i\
\x00o\x00n\x00a\x00r\x08\x00\x00\x00\x00\x06\x00\x00\
\x00\x06Select\x07\x00\x00\x00\x13Nav\
igationIndicator\
\x01\x03\x00\x00\x00\x0e\x00A\x00j\x00u\x00s\x00t\
\x00e\x00s\x08\x00\x00\x00\x00\x06\x00\x00\x00\x08Se\
ttings\x07\x00\x00\x00\x13Navig\
ationIndicator\x01\x03\
\x00\x00\x00\x14\x00I\x00n\x00c\x00l\x00i\x00n\
\x00a\x00\xe7\x00\xe3\x00o\x08\x00\x00\x00\x00\x06\x00\x00\
\x00\x04Tilt\x07\x00\x00\x00\x13Navig\
ationIndicator\x01\x03\
\x00\x00\x00\x10\x00S\x00u\x00g\x00e\x00s\x00t\
\x00\xe3\x00o\x08\x00\x00\x00\x00\x06\x00\x00\x00\x07To\
oltip\x07\x00\x00\x00\x13Naviga\
tionIndicator\x01\x03\x00\
\x00\x00\x12\x00T\x00r\x00a\x00c\x00k\x00b\x00\
a\x00l\x00l\x08\x00\x00\x00\x00\x06\x00\x00\x00\x09T\
rackball\x07\x00\x00\x00\x13Nav\
igationIndicator\
\x01\x03\x00\x00\x00\x22\x00T\x00r\x00a\x00c\x00k\
\x00b\x00a\x00l\x00l\x00 \x00C\x00l\x00a\
\x00s\x00s\x00i\x00c\x08\x00\x00\x00\x00\x06\x00\x00\
\x00\x11Trackball Clas\
sic\x07\x00\x00\x00\x13Navigati\
onIndicator\x01\x03\x00\x00\x00\
(\x00P\x00l\x00a\x00t\x00a\x00f\x00o\x00\
r\x00m\x00a\x00 \x00g\x00i\x00r\x00a\x00\
t\x00\xf3\x00r\x00i\x00a\x08\x00\x00\x00\x00\x06\x00\
\x00\x00\x09Turntable\x07\x00\x00\x00\
\x13NavigationIndic\
ator\x01\x03\x00\x00\x00\x14\x00I\x00n\x00d\
\x00e\x00f\x00i\x00n\x00i\x00d\x00o\x08\x00\
\x00\x00\x00\x06\x00\x00\x00\x09Undefine\
d\x07\x00\x00\x00\x13Navigation\
Indicator\x01\x03\x00\x00\x00\x08\x00\
Z\x00o\x00o\x00m\x08\x00\x00\x00\x00\x06\x00\x00\x00\
\x04Zoom\x07\x00\x00\x00\x13Naviga\
tionIndicator\x01\x88\x00\
\x00\x00\x02\x01\x01\
\x00\x00\x07\xf5\
<\
\xb8d\x18\xca\xef\x9c\x95\xcd!\x1c\xbf`\xa1\xbd\xdd\xa7\
\x00\x00\x00\x02euB\x00\x00\x00\xb0\x00\x00V~\x00\
\x00\x03\x90\x00\x05\xb04\x00\x00\x05@\x00\x06\x16]\x00\
\x00\x06\xe7\x01\xed(5\x00\x00\x00=\x02V:\xc2\x00\
\x00\x01\x80\x04\x0c!\x0e\x00\x00\x01\x16\x04\xc1e\x0e\x00\
\x00\x02>\x04\xc3i\x0c\x00\x00\x04m\x05\x96\xa8\xa5\x00\
\x00\x03\xe1\x05\x9c+\xa4\x00\x00\x04\xc2\x06,7%\x00\
\x00\x02\xc8\x06\xb7*>\x00\x00\x00\x8b\x06\xc5\xf1\x13\x00\
\x00\x04\x1b\x07\xa1\xdd\xac\x00\x00\x05\xbf\x09Z$\xe5\x00\
\x00\x06]\x09\xf5\x00\x13\x00\x00\x06\x02\x0adg\xe4\x00\
\x00\x00\x00\x0a\xbc\xb8\xf4\x00\x00\x06\x9a\x0bf;P\x00\
\x00\x05~\x0c\xbb\x01s\x00\x00\x04\xfe\x0f\xa7X\x85\x00\
\x00\x01\xe4\x0f\xfbg.\x00\x00\x03\x17i\x00\x00\x07\x1d\
\x03\x00\x00\x00\x0e\x00T\x00r\x00i\x00n\x00k\x00\
o\x00a\x08\x00\x00\x00\x00\x06\x00\x00\x00\x07Com\
pact\x07\x00\x00\x00\x13Navigat\
ionIndicator\x01\x03\x00\x00\
\x00\x18\x00T\x00o\x00r\x00n\x00u\x00 \x00l\
\x00i\x00b\x00r\x00e\x00a\x08\x00\x00\x00\x00\x06\
\x00\x00\x00\x0eFree Turntab\
le\x07\x00\x00\x00\x13Navigatio\
nIndicator\x01\x03\x00\x00\x00F\
\x00S\x00a\x00g\x00u\x00a\x00r\x00e\x00n\
\x00 \x00e\x00r\x00d\x00i\x00k\x00o\x00 \
\x00b\x00o\x00t\x00o\x00i\x00a\x00 \x00e\
\x00d\x00o\x00 \x00H\x00 \x00t\x00e\x00k\
\x00l\x00a\x00.\x08\x00\x00\x00\x00\x06\x00\x00\x00\x1d\
Middle mouse but\
ton or H key.\x07\x00\x00\
\x00\x13NavigationIndi\
cator\x01\x03\x00\x00\x00.\x00S\x00a\x00\
g\x00u\x00a\x00r\x00e\x00n\x00 \x00e\x00\
r\x00d\x00i\x00k\x00o\x00 \x00b\x00o\x00\
t\x00o\x00i\x00a\x00.\x08\x00\x00\x00\x00\x06\x00\
\x00\x00\x14Middle mouse \
button.\x07\x00\x00\x00\x13Navi\
gationIndicator\x01\
\x03\x00\x00\x00(\x00N\x00a\x00v\x00i\x00g\x00\
a\x00t\x00i\x00o\x00n\x00 \x00i\x00n\x00\
d\x00i\x00c\x00a\x00t\x00o\x00r\x08\x00\x00\
\x00\x00\x06\x00\x00\x00\x14Navigatio\
n indicator\x07\x00\x00\x00\x13\
NavigationIndica\
tor\x01\x03\x00\x00\x00\x22\x00N\x00a\x00b\x00\
i\x00g\x00a\x00z\x00i\x00o\x00-\x00e\x00\
s\x00t\x00i\x00l\x00o\x00a\x08\x00\x00\x00\x00\
\x06\x00\x00\x00\x10Navigation \
style\x07\x00\x00\x00\x13Naviga\
tionIndicator\x01\x03\x00\
\x00\x00B\x00N\x00a\x00b\x00i\x00g\x00a\x00\
z\x00i\x00o\x00-\x00e\x00s\x00t\x00i\x00\
l\x00o\x00a\x00 \x00e\x00z\x00 \x00d\x00\
a\x00 \x00o\x00n\x00a\x00r\x00t\x00z\x00\
e\x00n\x00.\x08\x00\x00\x00\x00\x06\x00\x00\x00 N\
avigation style \
not recognized.\x07\
\x00\x00\x00\x13NavigationIn\
dicator\x01\x03\x00\x00\x00\x1c\x00O\x00\
r\x00b\x00i\x00t\x00a\x00-\x00e\x00s\x00\
t\x00i\x00l\x00o\x00a\x08\x00\x00\x00\x00\x06\x00\
\x00\x00\x0bOrbit style\x07\x00\
\x00\x00\x13NavigationInd\
icator\x01\x03\x00\x00\x008\x00P\x00a\
\x00g\x00e\x00 \x00U\x00p\x00 \x00e\x00d\
\x00o\x00 \x00P\x00a\x00g\x00e\x00 \x00D\
\x00o\x00w\x00n\x00 \x00t\x00e\x00k\x00l\
\x00a\x00.\x08\x00\x00\x00\x00\x06\x00\x00\x00\x19Pa\
ge Up or Page Do\
wn key.\x07\x00\x00\x00\x13Navi\
gationIndicator\x01\
\x03\x00\x00\x00&\x00M\x00u\x00g\x00i\x00t\x00\
u\x00 \x00e\x00z\x00k\x00e\x00r\x00-\x00\
e\x00s\x00k\x00u\x00i\x00n\x08\x00\x00\x00\x00\
\x06\x00\x00\x00\x03Pan\x07\x00\x00\x00\x13Nav\
igationIndicator\
\x01\x03\x00\x00\x00\x0c\x00B\x00i\x00r\x00a\x00t\
\x00u\x08\x00\x00\x00\x00\x06\x00\x00\x00\x06Rota\
te\x07\x00\x00\x00\x13Navigatio\
nIndicator\x01\x03\x00\x00\x00\x1c\
\x00B\x00i\x00r\x00a\x00k\x00e\x00t\x00a\
\x00-\x00f\x00o\x00k\x00u\x00a\x08\x00\x00\x00\
\x00\x06\x00\x00\x00\x0eRotation f\
ocus\x07\x00\x00\x00\x13Navigat\
ionIndicator\x01\x03\x00\x00\
\x00\x1e\x00R\x00o\x00u\x00n\x00d\x00e\x00d\
\x00 \x00A\x00r\x00c\x00b\x00a\x00l\x00l\
\x08\x00\x00\x00\x00\x06\x00\x00\x00\x0fRounde\
d Arcball\x07\x00\x00\x00\x13Na\
vigationIndicato\
r\x01\x03\x00\x00\x00\x0e\x00H\x00a\x00u\x00t\x00\
a\x00t\x00u\x08\x00\x00\x00\x00\x06\x00\x00\x00\x06S\
elect\x07\x00\x00\x00\x13Naviga\
tionIndicator\x01\x03\x00\
\x00\x00\x12\x00E\x00z\x00a\x00r\x00p\x00e\x00\
n\x00a\x00k\x08\x00\x00\x00\x00\x06\x00\x00\x00\x08S\
ettings\x07\x00\x00\x00\x13Navi\
gationIndicator\x01\
\x03\x00\x00\x00\x12\x00I\x00n\x00k\x00l\x00i\x00\
n\x00a\x00t\x00u\x08\x00\x00\x00\x00\x06\x00\x00\x00\
\x04Tilt\x07\x00\x00\x00\x13Naviga\
tionIndicator\x01\x03\x00\
\x00\x00\x12\x00A\x00r\x00g\x00i\x00b\x00i\x00\
d\x00e\x00a\x08\x00\x00\x00\x00\x06\x00\x00\x00\x07T\
ooltip\x07\x00\x00\x00\x13Navig\
ationIndicator\x01\x03\
\x00\x00\x00\x12\x00T\x00r\x00a\x00c\x00k\x00b\
\x00a\x00l\x00l\x08\x00\x00\x00\x00\x06\x00\x00\x00\x09\
Trackball\x07\x00\x00\x00\x13Na\
vigationIndicato\
r\x01\x03\x00\x00\x00\x22\x00T\x00r\x00a\x00c\x00\
k\x00b\x00a\x00l\x00l\x00 \x00C\x00l\x00\
a\x00s\x00s\x00i\x00c\x08\x00\x00\x00\x00\x06\x00\
\x00\x00\x11Trackball Cla\
ssic\x07\x00\x00\x00\x13Navigat\
ionIndicator\x01\x03\x00\x00\
\x00\x0c\x00T\x00o\x00r\x00n\x00u\x00a\x08\x00\
\x00\x00\x00\x06\x00\x00\x00\x09Turntabl\
e\x07\x00\x00\x00\x13Navigation\
Indicator\x01\x03\x00\x00\x00\x1c\x00\
D\x00e\x00f\x00i\x00n\x00i\x00t\x00u\x00\
 \x00g\x00a\x00b\x00e\x00a\x08\x00\x00\x00\x00\
\x06\x00\x00\x00\x09Undefined\x07\x00\
\x00\x00\x13NavigationInd\
icator\x01\x03\x00\x00\x00\x0a\x00Z\x00o\
\x00o\x00m\x00a\x08\x00\x00\x00\x00\x06\x00\x00\x00\x04\
Zoom\x07\x00\x00\x00\x13Navigat\
ionIndicator\x01\x88\x00\x00\
\x00\x02\x01\x01\
\x00\x00\x06\x91\
<\
\xb8d\x18\xca\xef\x9c\x95\xcd!\x1c\xbf`\xa1\xbd\xdd\xa7\
\x00\x00\x00\x02bgB\x00\x00\x00\x90\x00\x00V~\x00\
\x00\x02\xf8\x00\x05\xb04\x00\x00\x04Q\x00\x06\x16]\x00\
\x00\x05\x97\x04\x0c!\x0e\x00\x00\x00\xe4\x04\xc1e\x0e\x00\
\x00\x01\xaa\x05\x96\xa8\xa5\x00\x00\x03;\x05\x9c+\xa4\x00\
\x00\x03\xd1\x06,7%\x00\x00\x02.\x06\xb7*>\x00\
\x00\x009\x06\xc5\xf1\x13\x00\x00\x03{\x07\xa1\xdd\xac\x00\
\x00\x04\xca\x09Z$\xe5\x00\x00\x05\x0d\x0adg\xe4\x00\
\x00\x00\x00\x0a\xbc\xb8\xf4\x00\x00\x05P\x0bf;P\x00\
\x00\x04\x89\x0c\xbb\x01s\x00\x00\x04\x0f\x0f\xa7X\x85\x00\
\x00\x01P\x0f\xfbg.\x00\x00\x02wi\x00\x00\x05\xd9\
\x03\x00\x00\x00\x0a\x04!\x041\x048\x04B\x04>\x08\
\x00\x00\x00\x00\x06\x00\x00\x00\x07Compact\
\x07\x00\x00\x00\x13NavigationI\
ndicator\x01\x03\x00\x00\x00f\x04!\
\x04@\x045\x044\x04=\x04>\x04B\x04>\x00 \
\x04:\x04>\x04?\x04G\x045\x00 \x04=\x040\
\x00 \x04<\x048\x04H\x04:\x040\x04B\x040\
\x00 \x048\x04;\x048\x00 \x04:\x04;\x040\
\x042\x048\x04H\x00 \x04=\x040\x00 \x04;\
\x040\x04B\x048\x04=\x048\x04F\x040\x00 \
\x00H\x00.\x08\x00\x00\x00\x00\x06\x00\x00\x00\x1dMi\
ddle mouse butto\
n or H key.\x07\x00\x00\x00\x13\
NavigationIndica\
tor\x01\x03\x00\x00\x000\x04!\x04@\x045\x04\
4\x04=\x04>\x00 \x04:\x04>\x04?\x04G\x04\
5\x00 \x04=\x040\x00 \x04<\x048\x04H\x04\
:\x040\x04B\x040\x00.\x08\x00\x00\x00\x00\x06\x00\
\x00\x00\x14Middle mouse \
button.\x07\x00\x00\x00\x13Navi\
gationIndicator\x01\
\x03\x00\x00\x00\x22\x04!\x04B\x048\x04;\x00 \x04\
7\x040\x00 \x04=\x040\x042\x048\x043\x04\
0\x04F\x048\x04O\x08\x00\x00\x00\x00\x06\x00\x00\x00\
\x10Navigation styl\
e\x07\x00\x00\x00\x13Navigation\
Indicator\x01\x03\x00\x00\x00<\x04\
\x1d\x045\x04@\x040\x047\x04?\x04>\x047\x04\
=\x040\x04B\x00 \x04A\x04B\x048\x04;\x00\
 \x047\x040\x00 \x04=\x040\x042\x048\x04\
3\x040\x04F\x048\x04O\x00.\x08\x00\x00\x00\x00\
\x06\x00\x00\x00 Navigation \
style not recogn\
ized.\x07\x00\x00\x00\x13Naviga\
tionIndicator\x01\x03\x00\
\x00\x00\x16\x00O\x00r\x00b\x00i\x00t\x00 \x00\
s\x00t\x00y\x00l\x00e\x08\x00\x00\x00\x00\x06\x00\
\x00\x00\x0bOrbit style\x07\x00\
\x00\x00\x13NavigationInd\
icator\x01\x03\x00\x00\x00@\x04\x1a\x04;\
\x040\x042\x048\x04H\x048\x04B\x045\x00 \
\x00p\x00a\x00g\x00e\x00 \x00u\x00p\x00 \
\x048\x04;\x048\x00 \x00p\x00a\x00g\x00e\
\x00 \x00d\x00o\x00w\x00n\x00.\x08\x00\x00\x00\
\x00\x06\x00\x00\x00\x19Page Up or\
 Page Down key.\x07\
\x00\x00\x00\x13NavigationIn\
dicator\x01\x03\x00\x00\x00\x18\x04\x1f\x04\
0\x04=\x04>\x04@\x040\x04<\x048\x04@\x04\
0\x04=\x045\x08\x00\x00\x00\x00\x06\x00\x00\x00\x03P\
an\x07\x00\x00\x00\x13Navigatio\
nIndicator\x01\x03\x00\x00\x00\x12\
\x04\x17\x040\x042\x04J\x04@\x04B\x040\x04=\
\x045\x08\x00\x00\x00\x00\x06\x00\x00\x00\x06Rota\
te\x07\x00\x00\x00\x13Navigatio\
nIndicator\x01\x03\x00\x00\x00 \
\x04$\x04>\x04:\x04C\x04A\x00 \x04=\x040\
\x00 \x042\x04J\x04@\x04B\x045\x04=\x045\
\x08\x00\x00\x00\x00\x06\x00\x00\x00\x0eRotati\
on focus\x07\x00\x00\x00\x13Nav\
igationIndicator\
\x01\x03\x00\x00\x00\x10\x04\x18\x047\x041\x045\x04@\
\x045\x04B\x045\x08\x00\x00\x00\x00\x06\x00\x00\x00\x06\
Select\x07\x00\x00\x00\x13Navig\
ationIndicator\x01\x03\
\x00\x00\x00\x12\x04\x1d\x040\x04A\x04B\x04@\x04>\
\x049\x04:\x048\x08\x00\x00\x00\x00\x06\x00\x00\x00\x08\
Settings\x07\x00\x00\x00\x13Nav\
igationIndicator\
\x01\x03\x00\x00\x00\x0c\x04\x1d\x040\x04:\x04;\x04>\
\x04=\x08\x00\x00\x00\x00\x06\x00\x00\x00\x04Tilt\
\x07\x00\x00\x00\x13NavigationI\
ndicator\x01\x03\x00\x00\x00\x12\x04\x1f\
\x04>\x044\x04A\x04:\x040\x047\x04:\x040\
\x08\x00\x00\x00\x00\x06\x00\x00\x00\x07Toolti\
p\x07\x00\x00\x00\x13Navigation\
Indicator\x01\x03\x00\x00\x00\x12\x00\
T\x00r\x00a\x00c\x00k\x00b\x00a\x00l\x00\
l\x08\x00\x00\x00\x00\x06\x00\x00\x00\x09Track\
ball\x07\x00\x00\x00\x13Navigat\
ionIndicator\x01\x03\x00\x00\
\x00\x12\x00T\x00u\x00r\x00n\x00t\x00a\x00b\
\x00l\x00e\x08\x00\x00\x00\x00\x06\x00\x00\x00\x09Tu\
rntable\x07\x00\x00\x00\x13Navi\
gationIndicator\x01\
\x03\x00\x00\x00\x16\x04\x1d\x045\x04>\x04?\x04@\x04\
5\x044\x045\x04;\x045\x04=\x08\x00\x00\x00\x00\
\x06\x00\x00\x00\x09Undefined\x07\x00\
\x00\x00\x13NavigationInd\
icator\x01\x03\x00\x00\x00\x16\x04\x1f\x04@\
\x048\x041\x04;\x048\x046\x045\x04=\x048\
\x045\x08\x00\x00\x00\x00\x06\x00\x00\x00\x04Zoom\
\x07\x00\x00\x00\x13NavigationI\
ndicator\x01\x88\x00\x00\x00\x02\x01\x01\
\
\x00\x00\x08C\
<\
\xb8d\x18\xca\xef\x9c\x95\xcd!\x1c\xbf`\xa1\xbd\xdd\xa7\
\x00\x00\x00\x02frB\x00\x00\x00\xb0\x00\x00V~\x00\
\x00\x03\xca\x00\x05\xb04\x00\x00\x05~\x00\x06\x16]\x00\
\x00\x077\x01\xed(5\x00\x00\x00=\x02V:\xc2\x00\
\x00\x01\x98\x04\x0c!\x0e\x00\x00\x01$\x04\xc1e\x0e\x00\
\x00\x02b\x04\xc3i\x0c\x00\x00\x04\x9f\x05\x96\xa8\xa5\x00\
\x00\x04\x0b\x05\x9c+\xa4\x00\x00\x04\xf4\x06,7%\x00\
\x00\x02\xea\x06\xb7*>\x00\x00\x00\x9d\x06\xc5\xf1\x13\x00\
\x00\x04G\x07\xa1\xdd\xac\x00\x00\x06\x01\x09Z$\xe5\x00\
\x00\x06\xa3\x09\xf5\x00\x13\x00\x00\x06D\x0adg\xe4\x00\
\x00\x00\x00\x0a\xbc\xb8\xf4\x00\x00\x06\xf2\x0bf;P\x00\
\x00\x05\xc0\x0c\xbb\x01s\x00\x00\x05:\x0f\xa7X\x85\x00\
\x00\x02\x04\x0f\xfbg.\x00\x00\x039i\x00\x00\x07k\
\x03\x00\x00\x00\x0e\x00C\x00o\x00m\x00p\x00a\x00\
c\x00t\x08\x00\x00\x00\x00\x06\x00\x00\x00\x07Com\
pact\x07\x00\x00\x00\x13Navigat\
ionIndicator\x01\x03\x00\x00\
\x00*\x00V\x00u\x00e\x00 \x00e\x00n\x00 \
\x00r\x00o\x00t\x00a\x00t\x00i\x00o\x00n\
\x00 \x00l\x00i\x00b\x00r\x00e\x08\x00\x00\x00\
\x00\x06\x00\x00\x00\x0eFree Turnt\
able\x07\x00\x00\x00\x13Navigat\
ionIndicator\x01\x03\x00\x00\
\x00B\x00m\x00o\x00l\x00e\x00t\x00t\x00e\
\x00 \x00d\x00e\x00 \x00l\x00a\x00 \x00s\
\x00o\x00u\x00r\x00i\x00s\x00 \x00o\x00u\
\x00 \x00t\x00o\x00u\x00c\x00h\x00e\x00 \
\x00H\x00.\x08\x00\x00\x00\x00\x06\x00\x00\x00\x1dMi\
ddle mouse butto\
n or H key.\x07\x00\x00\x00\x13\
NavigationIndica\
tor\x01\x03\x00\x00\x008\x00B\x00o\x00u\x00\
t\x00o\x00n\x00 \x00c\x00e\x00n\x00t\x00\
r\x00a\x00l\x00 \x00d\x00e\x00 \x00l\x00\
a\x00 \x00s\x00o\x00u\x00r\x00i\x00s\x00\
.\x08\x00\x00\x00\x00\x06\x00\x00\x00\x14Middl\
e mouse button.\x07\
\x00\x00\x00\x13NavigationIn\
dicator\x01\x03\x00\x00\x000\x00I\x00\
n\x00d\x00i\x00c\x00a\x00t\x00e\x00u\x00\
r\x00 \x00d\x00e\x00 \x00n\x00a\x00v\x00\
i\x00g\x00a\x00t\x00i\x00o\x00n\x08\x00\x00\
\x00\x00\x06\x00\x00\x00\x14Navigatio\
n indicator\x07\x00\x00\x00\x13\
NavigationIndica\
tor\x01\x03\x00\x00\x00&\x00S\x00t\x00y\x00\
l\x00e\x00 \x00d\x00e\x00 \x00n\x00a\x00\
v\x00i\x00g\x00a\x00t\x00i\x00o\x00n\x08\
\x00\x00\x00\x00\x06\x00\x00\x00\x10Navigat\
ion style\x07\x00\x00\x00\x13Na\
vigationIndicato\
r\x01\x03\x00\x00\x00@\x00S\x00t\x00y\x00l\x00\
e\x00 \x00d\x00e\x00 \x00n\x00a\x00v\x00\
i\x00g\x00a\x00t\x00i\x00o\x00n\x00 \x00\
n\x00o\x00n\x00 \x00r\x00e\x00c\x00o\x00\
n\x00n\x00u\x00.\x08\x00\x00\x00\x00\x06\x00\x00\x00\
 Navigation styl\
e not recognized\
.\x07\x00\x00\x00\x13Navigation\
Indicator\x01\x03\x00\x00\x00\x1c\x00\
S\x00t\x00y\x00l\x00e\x00 \x00d\x00'\x00\
o\x00r\x00b\x00i\x00t\x00e\x08\x00\x00\x00\x00\
\x06\x00\x00\x00\x0bOrbit style\
\x07\x00\x00\x00\x13NavigationI\
ndicator\x01\x03\x00\x00\x00P\x00t\
\x00o\x00u\x00c\x00h\x00e\x00 \x00d\x00u\
\x00 \x00c\x00l\x00a\x00v\x00i\x00e\x00r\
\x00 \x00P\x00a\x00g\x00e\x00 \x00h\x00a\
\x00u\x00t\x00 \x00o\x00u\x00 \x00P\x00a\
\x00g\x00e\x00 \x00b\x00a\x00s\x00.\x08\x00\
\x00\x00\x00\x06\x00\x00\x00\x19Page Up \
or Page Down key\
.\x07\x00\x00\x00\x13Navigation\
Indicator\x01\x03\x00\x00\x00\x16\x00\
P\x00a\x00n\x00o\x00r\x00a\x00m\x00i\x00\
q\x00u\x00e\x08\x00\x00\x00\x00\x06\x00\x00\x00\x03P\
an\x07\x00\x00\x00\x13Navigatio\
nIndicator\x01\x03\x00\x00\x00\x0e\
\x00P\x00i\x00v\x00o\x00t\x00e\x00r\x08\x00\
\x00\x00\x00\x06\x00\x00\x00\x06Rotate\x07\x00\
\x00\x00\x13NavigationInd\
icator\x01\x03\x00\x00\x00\x22\x00F\x00o\
\x00y\x00e\x00r\x00 \x00d\x00e\x00 \x00r\
\x00o\x00t\x00a\x00t\x00i\x00o\x00n\x08\x00\
\x00\x00\x00\x06\x00\x00\x00\x0eRotation\
 focus\x07\x00\x00\x00\x13Navig\
ationIndicator\x01\x03\
\x00\x00\x00\x1e\x00R\x00o\x00u\x00n\x00d\x00e\
\x00d\x00 \x00A\x00r\x00c\x00b\x00a\x00l\
\x00l\x08\x00\x00\x00\x00\x06\x00\x00\x00\x0fRoun\
ded Arcball\x07\x00\x00\x00\x13\
NavigationIndica\
tor\x01\x03\x00\x00\x00\x18\x00S\x00\xe9\x00l\x00\
e\x00c\x00t\x00i\x00o\x00n\x00n\x00e\x00\
r\x08\x00\x00\x00\x00\x06\x00\x00\x00\x06Selec\
t\x07\x00\x00\x00\x13Navigation\
Indicator\x01\x03\x00\x00\x00\x14\x00\
P\x00a\x00r\x00a\x00m\x00\xe8\x00t\x00r\x00\
e\x00s\x08\x00\x00\x00\x00\x06\x00\x00\x00\x08Set\
tings\x07\x00\x00\x00\x13Naviga\
tionIndicator\x01\x03\x00\
\x00\x00\x16\x00I\x00n\x00c\x00l\x00i\x00n\x00\
a\x00i\x00s\x00o\x00n\x08\x00\x00\x00\x00\x06\x00\
\x00\x00\x04Tilt\x07\x00\x00\x00\x13Navi\
gationIndicator\x01\
\x03\x00\x00\x00\x12\x00I\x00n\x00f\x00o\x00b\x00\
u\x00l\x00l\x00e\x08\x00\x00\x00\x00\x06\x00\x00\x00\
\x07Tooltip\x07\x00\x00\x00\x13Nav\
igationIndicator\
\x01\x03\x00\x00\x00\x12\x00T\x00r\x00a\x00c\x00k\
\x00b\x00a\x00l\x00l\x08\x00\x00\x00\x00\x06\x00\x00\
\x00\x09Trackball\x07\x00\x00\x00\x13\
NavigationIndica\
tor\x01\x03\x00\x00\x00&\x00T\x00r\x00a\x00\
c\x00k\x00b\x00a\x00l\x00l\x00 \x00c\x00\
l\x00a\x00s\x00s\x00i\x00q\x00u\x00e\x08\
\x00\x00\x00\x00\x06\x00\x00\x00\x11Trackba\
ll Classic\x07\x00\x00\x00\x13N\
avigationIndicat\
or\x01\x03\x00\x00\x00\x1e\x00V\x00u\x00e\x00 \
\x00e\x00n\x00 \x00r\x00o\x00t\x00a\x00t\
\x00i\x00o\x00n\x08\x00\x00\x00\x00\x06\x00\x00\x00\x09\
Turntable\x07\x00\x00\x00\x13Na\
vigationIndicato\
r\x01\x03\x00\x00\x00\x14\x00N\x00o\x00n\x00 \x00\
d\x00\xe9\x00f\x00i\x00n\x00i\x08\x00\x00\x00\x00\
\x06\x00\x00\x00\x09Undefined\x07\x00\
\x00\x00\x13NavigationInd\
icator\x01\x03\x00\x00\x00\x08\x00Z\x00o\
\x00o\x00m\x08\x00\x00\x00\x00\x06\x00\x00\x00\x04Zo\
om\x07\x00\x00\x00\x13Navigatio\
nIndicator\x01\x88\x00\x00\x00\x02\
\x03\x01\
\x00\x00\x08\x22\
<\
\xb8d\x18\xca\xef\x9c\x95\xcd!\x1c\xbf`\xa1\xbd\xdd\xa7\
\x00\x00\x00\x02srB\x00\x00\x00\xb0\x00\x00V~\x00\
\x00\x03\xb2\x00\x05\xb04\x00\x00\x05N\x00\x06\x16]\x00\
\x00\x07\x05\x01\xed(5\x00\x00\x00=\x02V:\xc2\x00\
\x00\x01\x9e\x04\x0c!\x0e\x00\x00\x01<\x04\xc1e\x0e\x00\
\x00\x02X\x04\xc3i\x0c\x00\x00\x04w\x05\x96\xa8\xa5\x00\
\x00\x03\xe9\x05\x9c+\xa4\x00\x00\x04\xce\x06,7%\x00\
\x00\x02\xde\x06\xb7*>\x00\x00\x00\x99\x06\xc5\xf1\x13\x00\
\x00\x04#\x07\xa1\xdd\xac\x00\x00\x05\xd7\x09Z$\xe5\x00\
\x00\x06w\x09\xf5\x00\x13\x00\x00\x06\x1a\x0adg\xe4\x00\
\x00\x00\x00\x0a\xbc\xb8\xf4\x00\x00\x06\xbc\x0bf;P\x00\
\x00\x05\x84\x0c\xbb\x01s\x00\x00\x05\x0a\x0f\xa7X\x85\x00\
\x00\x02\x02\x0f\xfbg.\x00\x00\x039i\x00\x00\x07?\
\x03\x00\x00\x00\x0e\x04\x17\x041\x048\x04X\x045\x04\
=\x04>\x08\x00\x00\x00\x00\x06\x00\x00\x00\x07Com\
pact\x07\x00\x00\x00\x13Navigat\
ionIndicator\x01\x03\x00\x00\
\x00&\x04!\x04;\x04>\x041\x04>\x044\x04=\
\x048\x00 \x04>\x041\x04@\x04B\x04=\x048\
\x00 \x04A\x04B\x04>\x08\x00\x00\x00\x00\x06\x00\x00\
\x00\x0eFree Turntable\
\x07\x00\x00\x00\x13NavigationI\
ndicator\x01\x03\x00\x00\x00^\x04!\
\x04@\x045\x044\x04Z\x048\x00 \x04B\x040\
\x04A\x04B\x045\x04@\x00 \x04<\x048\x04H\
\x040\x00 \x048\x04;\x048\x00 \x04B\x040\
\x04A\x04B\x045\x04@\x00  \x1e\x00H \x1c\
\x00 \x04=\x040\x00 \x04B\x040\x04A\x04B\
\x040\x04B\x04C\x04@\x048\x00.\x08\x00\x00\x00\
\x00\x06\x00\x00\x00\x1dMiddle mou\
se button or H k\
ey.\x07\x00\x00\x00\x13Navigati\
onIndicator\x01\x03\x00\x00\x00\
&\x04!\x04@\x045\x044\x04Z\x048\x00 \x04\
B\x040\x04A\x04B\x045\x04@\x00 \x04<\x04\
8\x04H\x040\x00.\x08\x00\x00\x00\x00\x06\x00\x00\x00\
\x14Middle mouse bu\
tton.\x07\x00\x00\x00\x13Naviga\
tionIndicator\x01\x03\x00\
\x00\x00(\x04\x1f\x04>\x04:\x040\x047\x048\x04\
2\x040\x04G\x00 \x04=\x040\x042\x048\x04\
3\x040\x04F\x048\x04X\x045\x08\x00\x00\x00\x00\
\x06\x00\x00\x00\x14Navigation \
indicator\x07\x00\x00\x00\x13Na\
vigationIndicato\
r\x01\x03\x00\x00\x00\x1e\x04!\x04B\x048\x04;\x00\
 \x04=\x040\x042\x048\x043\x040\x04F\x04\
8\x04X\x045\x08\x00\x00\x00\x00\x06\x00\x00\x00\x10N\
avigation style\x07\
\x00\x00\x00\x13NavigationIn\
dicator\x01\x03\x00\x00\x00>\x04!\x04\
B\x048\x04;\x00 \x04=\x040\x042\x048\x04\
3\x040\x04F\x048\x04X\x045\x00 \x04=\x04\
8\x04X\x045\x00 \x04?\x04@\x045\x04?\x04\
>\x047\x04=\x040\x04B\x00.\x08\x00\x00\x00\x00\
\x06\x00\x00\x00 Navigation \
style not recogn\
ized.\x07\x00\x00\x00\x13Naviga\
tionIndicator\x01\x03\x00\
\x00\x00(\x04\x1d\x040\x04G\x048\x04=\x00 \x04\
>\x04:\x04@\x045\x04B\x040\x04Z\x040\x00\
 \x04>\x04@\x041\x048\x04B\x08\x00\x00\x00\x00\
\x06\x00\x00\x00\x0bOrbit style\
\x07\x00\x00\x00\x13NavigationI\
ndicator\x01\x03\x00\x00\x008\x04\x22\
\x048\x04?\x04:\x045\x00 \x00P\x00a\x00g\
\x00e\x00 \x00U\x00p\x00 \x048\x04;\x048\
\x00 \x00P\x00a\x00g\x00e\x00 \x00D\x00o\
\x00w\x00n\x00.\x08\x00\x00\x00\x00\x06\x00\x00\x00\x19\
Page Up or Page \
Down key.\x07\x00\x00\x00\x13Na\
vigationIndicato\
r\x01\x03\x00\x00\x00\x0c\x04\x1f\x04>\x04<\x045\x04\
@\x048\x08\x00\x00\x00\x00\x06\x00\x00\x00\x03Pan\
\x07\x00\x00\x00\x13NavigationI\
ndicator\x01\x03\x00\x00\x00\x0c\x04\x1e\
\x04:\x04@\x045\x04=\x048\x08\x00\x00\x00\x00\x06\
\x00\x00\x00\x06Rotate\x07\x00\x00\x00\x13N\
avigationIndicat\
or\x01\x03\x00\x00\x00\x1e\x04&\x045\x04=\x04B\
\x040\x04@\x00 \x04@\x04>\x04B\x040\x04F\
\x048\x04X\x045\x08\x00\x00\x00\x00\x06\x00\x00\x00\x0e\
Rotation focus\x07\x00\
\x00\x00\x13NavigationInd\
icator\x01\x03\x00\x00\x00 \x04\x17\x040\
\x04>\x041\x04Y\x045\x04=\x048\x00 \x00A\
\x00r\x00c\x00b\x00a\x00l\x00l\x08\x00\x00\x00\
\x00\x06\x00\x00\x00\x0fRounded Ar\
cball\x07\x00\x00\x00\x13Naviga\
tionIndicator\x01\x03\x00\
\x00\x00\x0e\x04\x18\x047\x040\x041\x045\x04@\x04\
8\x08\x00\x00\x00\x00\x06\x00\x00\x00\x06Selec\
t\x07\x00\x00\x00\x13Navigation\
Indicator\x01\x03\x00\x00\x00\x14\x04\
\x1f\x04>\x044\x045\x04H\x040\x042\x040\x04\
Z\x040\x08\x00\x00\x00\x00\x06\x00\x00\x00\x08Set\
tings\x07\x00\x00\x00\x13Naviga\
tionIndicator\x01\x03\x00\
\x00\x00\x0a\x04\x1d\x040\x043\x04=\x048\x08\x00\x00\
\x00\x00\x06\x00\x00\x00\x04Tilt\x07\x00\x00\x00\x13\
NavigationIndica\
tor\x01\x03\x00\x00\x00$\x04\x1a\x04@\x040\x04\
B\x040\x04:\x00 \x04>\x04?\x048\x04A\x00\
 \x040\x04;\x040\x04B\x04:\x045\x08\x00\x00\
\x00\x00\x06\x00\x00\x00\x07Tooltip\x07\x00\
\x00\x00\x13NavigationInd\
icator\x01\x03\x00\x00\x00\x12\x00T\x00r\
\x00a\x00c\x00k\x00b\x00a\x00l\x00l\x08\x00\
\x00\x00\x00\x06\x00\x00\x00\x09Trackbal\
l\x07\x00\x00\x00\x13Navigation\
Indicator\x01\x03\x00\x00\x00$\x04\
\x1a\x04;\x040\x04A\x048\x04G\x04=\x048\x00\
 \x00T\x00r\x00a\x00c\x00k\x00b\x00a\x00\
l\x00l\x08\x00\x00\x00\x00\x06\x00\x00\x00\x11Tra\
ckball Classic\x07\x00\
\x00\x00\x13NavigationInd\
icator\x01\x03\x00\x00\x00\x14\x04\x1e\x041\
\x04@\x04B\x04=\x048\x00 \x04A\x04B\x04>\
\x08\x00\x00\x00\x00\x06\x00\x00\x00\x09Turnta\
ble\x07\x00\x00\x00\x13Navigati\
onIndicator\x01\x03\x00\x00\x00\
\x18\x04\x1d\x045\x044\x045\x04D\x048\x04=\x04\
8\x04A\x040\x04=\x04>\x08\x00\x00\x00\x00\x06\x00\
\x00\x00\x09Undefined\x07\x00\x00\x00\
\x13NavigationIndic\
ator\x01\x03\x00\x00\x00\x0e\x04\x17\x04C\x04<\
\x048\x04@\x040\x04X\x08\x00\x00\x00\x00\x06\x00\x00\
\x00\x04Zoom\x07\x00\x00\x00\x13Navig\
ationIndicator\x01\x88\
\x00\x00\x00\x0d\x11\x01\xfd)\x0b\xff\x14\x02\x04\xfd,\x0a\
\x13\
\x00\x00\x08/\
<\
\xb8d\x18\xca\xef\x9c\x95\xcd!\x1c\xbf`\xa1\xbd\xdd\xa7\
\x00\x00\x00\x05sr-CSB\x00\x00\x00\xb0\x00\x00\
V~\x00\x00\x03\xb8\x00\x05\xb04\x00\x00\x05X\x00\x06\
\x16]\x00\x00\x07\x0f\x01\xed(5\x00\x00\x00=\x02V\
:\xc2\x00\x00\x01\xa2\x04\x0c!\x0e\x00\x00\x01>\x04\xc1\
e\x0e\x00\x00\x02\x5c\x04\xc3i\x0c\x00\x00\x04}\x05\x96\
\xa8\xa5\x00\x00\x03\xef\x05\x9c+\xa4\x00\x00\x04\xd6\x06,\
7%\x00\x00\x02\xe2\x06\xb7*>\x00\x00\x00\x99\x06\xc5\
\xf1\x13\x00\x00\x04)\x07\xa1\xdd\xac\x00\x00\x05\xe1\x09Z\
$\xe5\x00\x00\x06\x81\x09\xf5\x00\x13\x00\x00\x06$\x0ad\
g\xe4\x00\x00\x00\x00\x0a\xbc\xb8\xf4\x00\x00\x06\xc6\x0bf\
;P\x00\x00\x05\x8e\x0c\xbb\x01s\x00\x00\x05\x12\x0f\xa7\
X\x85\x00\x00\x02\x06\x0f\xfbg.\x00\x00\x03?i\x00\
\x00\x07I\x03\x00\x00\x00\x0e\x00Z\x00b\x00i\x00j\
\x00e\x00n\x00o\x08\x00\x00\x00\x00\x06\x00\x00\x00\x07\
Compact\x07\x00\x00\x00\x13Navi\
gationIndicator\x01\
\x03\x00\x00\x00&\x00S\x00l\x00o\x00b\x00o\x00\
d\x00n\x00i\x00 \x00o\x00b\x00r\x00t\x00\
n\x00i\x00 \x00s\x00t\x00o\x08\x00\x00\x00\x00\
\x06\x00\x00\x00\x0eFree Turnta\
ble\x07\x00\x00\x00\x13Navigati\
onIndicator\x01\x03\x00\x00\x00\
`\x00S\x00r\x00e\x00d\x00n\x00j\x00i\x00\
 \x00t\x00a\x00s\x00t\x00e\x00r\x00 \x00\
m\x00i\x01a\x00a\x00 \x00i\x00l\x00i\x00\
 \x00t\x00a\x00s\x00t\x00e\x00r\x00  \
\x1e\x00H \x1c\x00 \x00n\x00a\x00 \x00t\x00\
a\x00s\x00t\x00a\x00t\x00u\x00r\x00i\x00\
.\x08\x00\x00\x00\x00\x06\x00\x00\x00\x1dMiddl\
e mouse button o\
r H key.\x07\x00\x00\x00\x13Nav\
igationIndicator\
\x01\x03\x00\x00\x00(\x00S\x00r\x00e\x00d\x00n\
\x00j\x00i\x00 \x00t\x00a\x00s\x00t\x00e\
\x00r\x00 \x00m\x00i\x01a\x00a\x00.\x08\x00\
\x00\x00\x00\x06\x00\x00\x00\x14Middle m\
ouse button.\x07\x00\x00\x00\
\x13NavigationIndic\
ator\x01\x03\x00\x00\x00(\x00P\x00o\x00k\
\x00a\x00z\x00i\x00v\x00a\x01\x0d\x00 \x00n\
\x00a\x00v\x00i\x00g\x00a\x00c\x00i\x00j\
\x00e\x08\x00\x00\x00\x00\x06\x00\x00\x00\x14Navi\
gation indicator\
\x07\x00\x00\x00\x13NavigationI\
ndicator\x01\x03\x00\x00\x00\x1e\x00S\
\x00t\x00i\x00l\x00 \x00n\x00a\x00v\x00i\
\x00g\x00a\x00c\x00i\x00j\x00e\x08\x00\x00\x00\
\x00\x06\x00\x00\x00\x10Navigation\
 style\x07\x00\x00\x00\x13Navig\
ationIndicator\x01\x03\
\x00\x00\x00>\x00S\x00t\x00i\x00l\x00 \x00n\
\x00a\x00v\x00i\x00g\x00a\x00c\x00i\x00j\
\x00e\x00 \x00n\x00i\x00j\x00e\x00 \x00p\
\x00r\x00e\x00p\x00o\x00z\x00n\x00a\x00t\
\x00.\x08\x00\x00\x00\x00\x06\x00\x00\x00 Navi\
gation style not\
 recognized.\x07\x00\x00\x00\
\x13NavigationIndic\
ator\x01\x03\x00\x00\x00*\x00N\x00a\x01\x0d\
\x00i\x00n\x00 \x00o\x00k\x00r\x00e\x00t\
\x00a\x00n\x00j\x00a\x00 \x00o\x00r\x00b\
\x00i\x00t\x08\x00\x00\x00\x00\x06\x00\x00\x00\x0bOr\
bit style\x07\x00\x00\x00\x13Na\
vigationIndicato\
r\x01\x03\x00\x00\x008\x00T\x00i\x00p\x00k\x00\
e\x00 \x00P\x00a\x00g\x00e\x00 \x00U\x00\
p\x00 \x00i\x00l\x00i\x00 \x00P\x00a\x00\
g\x00e\x00 \x00D\x00o\x00w\x00n\x00.\x08\
\x00\x00\x00\x00\x06\x00\x00\x00\x19Page Up\
 or Page Down ke\
y.\x07\x00\x00\x00\x13Navigatio\
nIndicator\x01\x03\x00\x00\x00\x0c\
\x00P\x00o\x00m\x00e\x00r\x00i\x08\x00\x00\x00\
\x00\x06\x00\x00\x00\x03Pan\x07\x00\x00\x00\x13Na\
vigationIndicato\
r\x01\x03\x00\x00\x00\x0c\x00O\x00k\x00r\x00e\x00\
n\x00i\x08\x00\x00\x00\x00\x06\x00\x00\x00\x06Rot\
ate\x07\x00\x00\x00\x13Navigati\
onIndicator\x01\x03\x00\x00\x00\
\x1e\x00C\x00e\x00n\x00t\x00a\x00r\x00 \x00\
r\x00o\x00t\x00a\x00c\x00i\x00j\x00e\x08\
\x00\x00\x00\x00\x06\x00\x00\x00\x0eRotatio\
n focus\x07\x00\x00\x00\x13Navi\
gationIndicator\x01\
\x03\x00\x00\x00\x22\x00Z\x00a\x00o\x00b\x00l\x00\
j\x00e\x00n\x00i\x00 \x00A\x00r\x00c\x00\
b\x00a\x00l\x00l\x08\x00\x00\x00\x00\x06\x00\x00\x00\
\x0fRounded Arcball\
\x07\x00\x00\x00\x13NavigationI\
ndicator\x01\x03\x00\x00\x00\x0e\x00I\
\x00z\x00a\x00b\x00e\x00r\x00i\x08\x00\x00\x00\
\x00\x06\x00\x00\x00\x06Select\x07\x00\x00\x00\
\x13NavigationIndic\
ator\x01\x03\x00\x00\x00\x16\x00P\x00o\x00d\
\x00e\x01a\x00a\x00v\x00a\x00n\x00j\x00a\
\x08\x00\x00\x00\x00\x06\x00\x00\x00\x08Settin\
gs\x07\x00\x00\x00\x13Navigatio\
nIndicator\x01\x03\x00\x00\x00\x0a\
\x00N\x00a\x00g\x00n\x00i\x08\x00\x00\x00\x00\x06\
\x00\x00\x00\x04Tilt\x07\x00\x00\x00\x13Nav\
igationIndicator\
\x01\x03\x00\x00\x00$\x00K\x00r\x00a\x00t\x00a\
\x00k\x00 \x00o\x00p\x00i\x00s\x00 \x00a\
\x00l\x00a\x00t\x00k\x00e\x08\x00\x00\x00\x00\x06\
\x00\x00\x00\x07Tooltip\x07\x00\x00\x00\x13\
NavigationIndica\
tor\x01\x03\x00\x00\x00\x12\x00T\x00r\x00a\x00\
c\x00k\x00b\x00a\x00l\x00l\x08\x00\x00\x00\x00\
\x06\x00\x00\x00\x09Trackball\x07\x00\
\x00\x00\x13NavigationInd\
icator\x01\x03\x00\x00\x00$\x00K\x00l\
\x00a\x00s\x00i\x01\x0d\x00n\x00i\x00 \x00T\
\x00r\x00a\x00c\x00k\x00b\x00a\x00l\x00l\
\x08\x00\x00\x00\x00\x06\x00\x00\x00\x11Trackb\
all Classic\x07\x00\x00\x00\x13\
NavigationIndica\
tor\x01\x03\x00\x00\x00\x14\x00O\x00b\x00r\x00\
t\x00n\x00i\x00 \x00s\x00t\x00o\x08\x00\x00\
\x00\x00\x06\x00\x00\x00\x09Turntable\
\x07\x00\x00\x00\x13NavigationI\
ndicator\x01\x03\x00\x00\x00\x18\x00N\
\x00e\x00d\x00e\x00f\x00i\x00n\x00i\x00s\
\x00a\x00n\x00o\x08\x00\x00\x00\x00\x06\x00\x00\x00\x09\
Undefined\x07\x00\x00\x00\x13Na\
vigationIndicato\
r\x01\x03\x00\x00\x00\x0e\x00Z\x00u\x00m\x00i\x00\
r\x00a\x00j\x08\x00\x00\x00\x00\x06\x00\x00\x00\x04Z\
oom\x07\x00\x00\x00\x13Navigati\
onIndicator\x01\x88\x00\x00\x00\
\x0d\x11\x01\xfd)\x0b\xff\x14\x02\x04\xfd,\x0a\x13\
\x00\x00\x08/\
<\
\xb8d\x18\xca\xef\x9c\x95\xcd!\x1c\xbf`\xa1\xbd\xdd\xa7\
\x00\x00\x00\x02caB\x00\x00\x00\xb0\x00\x00V~\x00\
\x00\x03\xc8\x00\x05\xb04\x00\x00\x05\x82\x00\x06\x16]\x00\
\x00\x07#\x01\xed(5\x00\x00\x00?\x02V:\xc2\x00\
\x00\x01\xba\x04\x0c!\x0e\x00\x00\x014\x04\xc1e\x0e\x00\
\x00\x02~\x04\xc3i\x0c\x00\x00\x04\xa3\x05\x96\xa8\xa5\x00\
\x00\x04\x07\x05\x9c+\xa4\x00\x00\x04\xfc\x06,7%\x00\
\x00\x03\x06\x06\xb7*>\x00\x00\x00\xab\x06\xc5\xf1\x13\x00\
\x00\x04C\x07\xa1\xdd\xac\x00\x00\x05\xff\x09Z$\xe5\x00\
\x00\x06\xa7\x09\xf5\x00\x13\x00\x00\x06L\x0adg\xe4\x00\
\x00\x00\x00\x0a\xbc\xb8\xf4\x00\x00\x06\xe0\x0bf;P\x00\
\x00\x05\xc2\x0c\xbb\x01s\x00\x00\x05>\x0f\xa7X\x85\x00\
\x00\x02\x22\x0f\xfbg.\x00\x00\x03Ui\x00\x00\x07W\
\x03\x00\x00\x00\x10\x00C\x00o\x00m\x00p\x00a\x00\
c\x00t\x00e\x08\x00\x00\x00\x00\x06\x00\x00\x00\x07C\
ompact\x07\x00\x00\x00\x13Navig\
ationIndicator\x01\x03\
\x00\x00\x006\x00P\x00l\x00a\x00t\x00a\x00f\
\x00o\x00r\x00m\x00a\x00 \x00g\x00i\x00r\
\x00a\x00t\x00\xf2\x00r\x00i\x00a\x00 \x00l\
\x00l\x00i\x00u\x00r\x00e\x08\x00\x00\x00\x00\x06\
\x00\x00\x00\x0eFree Turntab\
le\x07\x00\x00\x00\x13Navigatio\
nIndicator\x01\x03\x00\x00\x00D\
\x00B\x00o\x00t\x00\xf3\x00 \x00c\x00e\x00n\
\x00t\x00r\x00a\x00l\x00 \x00d\x00e\x00l\
\x00 \x00r\x00a\x00t\x00o\x00l\x00\xed\x00 \
\x00o\x00 \x00t\x00e\x00c\x00l\x00a\x00 \
\x00H\x00.\x08\x00\x00\x00\x00\x06\x00\x00\x00\x1dMi\
ddle mouse butto\
n or H key.\x07\x00\x00\x00\x13\
NavigationIndica\
tor\x01\x03\x00\x00\x00J\x00F\x00e\x00u\x00\
 \x00r\x00o\x00d\x00a\x00r\x00 \x00e\x00\
l\x00 \x00b\x00o\x00t\x00\xf3\x00 \x00c\x00\
e\x00n\x00t\x00r\x00a\x00l\x00 \x00d\x00\
e\x00l\x00 \x00r\x00a\x00t\x00o\x00l\x00\
\xed\x00.\x08\x00\x00\x00\x00\x06\x00\x00\x00\x14Mid\
dle mouse button\
.\x07\x00\x00\x00\x13Navigation\
Indicator\x01\x03\x00\x00\x00,\x00\
I\x00n\x00d\x00i\x00c\x00a\x00d\x00o\x00\
r\x00 \x00d\x00e\x00 \x00n\x00a\x00v\x00\
e\x00g\x00a\x00c\x00i\x00\xf3\x08\x00\x00\x00\x00\
\x06\x00\x00\x00\x14Navigation \
indicator\x07\x00\x00\x00\x13Na\
vigationIndicato\
r\x01\x03\x00\x00\x00$\x00E\x00s\x00t\x00i\x00\
l\x00 \x00d\x00e\x00 \x00n\x00a\x00v\x00\
e\x00g\x00a\x00c\x00i\x00\xf3\x08\x00\x00\x00\x00\
\x06\x00\x00\x00\x10Navigation \
style\x07\x00\x00\x00\x13Naviga\
tionIndicator\x01\x03\x00\
\x00\x00@\x00E\x00s\x00t\x00i\x00l\x00 \x00\
d\x00e\x00 \x00n\x00a\x00v\x00e\x00g\x00\
a\x00c\x00i\x00\xf3\x00 \x00n\x00o\x00 \x00\
r\x00e\x00c\x00o\x00n\x00e\x00g\x00u\x00\
t\x00.\x08\x00\x00\x00\x00\x06\x00\x00\x00 Nav\
igation style no\
t recognized.\x07\x00\x00\
\x00\x13NavigationIndi\
cator\x01\x03\x00\x00\x00\x1c\x00E\x00s\x00\
t\x00i\x00l\x00 \x00d\x00'\x00\xf2\x00r\x00\
b\x00i\x00t\x00a\x08\x00\x00\x00\x00\x06\x00\x00\x00\
\x0bOrbit style\x07\x00\x00\x00\
\x13NavigationIndic\
ator\x01\x03\x00\x00\x002\x00T\x00e\x00c\
\x00l\x00a\x00 \x00d\x00e\x00 \x00R\x00e\
\x00 \x00P\x00\xe0\x00g\x00 \x00o\x00 \x00A\
\x00v\x00 \x00P\x00\xe0\x00g\x00.\x08\x00\x00\x00\
\x00\x06\x00\x00\x00\x19Page Up or\
 Page Down key.\x07\
\x00\x00\x00\x13NavigationIn\
dicator\x01\x03\x00\x00\x00\x14\x00P\x00\
a\x00n\x00o\x00r\x00\xe0\x00m\x00i\x00c\x00\
a\x08\x00\x00\x00\x00\x06\x00\x00\x00\x03Pan\x07\x00\
\x00\x00\x13NavigationInd\
icator\x01\x03\x00\x00\x00\x0e\x00R\x00o\
\x00t\x00a\x00c\x00i\x00\xf3\x08\x00\x00\x00\x00\x06\
\x00\x00\x00\x06Rotate\x07\x00\x00\x00\x13N\
avigationIndicat\
or\x01\x03\x00\x00\x00*\x00E\x00n\x00f\x00o\
\x00c\x00a\x00m\x00e\x00n\x00t\x00 \x00d\
\x00e\x00 \x00r\x00o\x00t\x00a\x00c\x00i\
\x00\xf3\x08\x00\x00\x00\x00\x06\x00\x00\x00\x0eRota\
tion focus\x07\x00\x00\x00\x13N\
avigationIndicat\
or\x01\x03\x00\x00\x00\x22\x00A\x00r\x00c\x00B\
\x00a\x00l\x00l\x00 \x00a\x00r\x00r\x00o\
\x00d\x00o\x00n\x00i\x00t\x08\x00\x00\x00\x00\x06\
\x00\x00\x00\x0fRounded Arcb\
all\x07\x00\x00\x00\x13Navigati\
onIndicator\x01\x03\x00\x00\x00\
\x14\x00S\x00e\x00l\x00e\x00c\x00c\x00i\x00\
o\x00n\x00a\x08\x00\x00\x00\x00\x06\x00\x00\x00\x06S\
elect\x07\x00\x00\x00\x13Naviga\
tionIndicator\x01\x03\x00\
\x00\x00\x14\x00P\x00a\x00r\x00\xe0\x00m\x00e\x00\
t\x00r\x00e\x00s\x08\x00\x00\x00\x00\x06\x00\x00\x00\
\x08Settings\x07\x00\x00\x00\x13Na\
vigationIndicato\
r\x01\x03\x00\x00\x00\x14\x00I\x00n\x00c\x00l\x00\
i\x00n\x00a\x00c\x00i\x00\xf3\x08\x00\x00\x00\x00\
\x06\x00\x00\x00\x04Tilt\x07\x00\x00\x00\x13Na\
vigationIndicato\
r\x01\x03\x00\x00\x00\x0e\x00C\x00o\x00n\x00s\x00\
e\x00l\x00l\x08\x00\x00\x00\x00\x06\x00\x00\x00\x07T\
ooltip\x07\x00\x00\x00\x13Navig\
ationIndicator\x01\x03\
\x00\x00\x00\x1c\x00R\x00a\x00t\x00o\x00l\x00\xed\
\x00 \x00d\x00e\x00 \x00b\x00o\x00l\x00a\
\x08\x00\x00\x00\x00\x06\x00\x00\x00\x09Trackb\
all\x07\x00\x00\x00\x13Navigati\
onIndicator\x01\x03\x00\x00\x00\
\x22\x00T\x00r\x00a\x00c\x00k\x00b\x00a\x00\
l\x00l\x00 \x00c\x00l\x00\xe0\x00s\x00s\x00\
i\x00c\x08\x00\x00\x00\x00\x06\x00\x00\x00\x11Tra\
ckball Classic\x07\x00\
\x00\x00\x13NavigationInd\
icator\x01\x03\x00\x00\x00\x08\x00T\x00o\
\x00r\x00n\x08\x00\x00\x00\x00\x06\x00\x00\x00\x09Tu\
rntable\x07\x00\x00\x00\x13Navi\
gationIndicator\x01\
\x03\x00\x00\x00\x12\x00I\x00n\x00d\x00e\x00f\x00\
i\x00n\x00i\x00t\x08\x00\x00\x00\x00\x06\x00\x00\x00\
\x09Undefined\x07\x00\x00\x00\x13N\
avigationIndicat\
or\x01\x03\x00\x00\x00\x08\x00L\x00u\x00p\x00a\
\x08\x00\x00\x00\x00\x06\x00\x00\x00\x04Zoom\x07\x00\
\x00\x00\x13NavigationInd\
icator\x01\x88\x00\x00\x00\x02\x01\x01\
\x00\x00\x06\xee\
<\
\xb8d\x18\xca\xef\x9c\x95\xcd!\x1c\xbf`\xa1\xbd\xdd\xa7\
\x00\x00\x00\x06val-ESB\x00\x00\x00\x98\x00\
\x00V~\x00\x00\x03:\x00\x05\xb04\x00\x00\x04\x8b\x00\
\x06\x16]\x00\x00\x05\xfd\x01\xed(5\x00\x00\x00?\x04\
\x0c!\x0e\x00\x00\x01 \x04\xc1e\x0e\x00\x00\x01\xe8\x05\
\x96\xa8\xa5\x00\x00\x03y\x05\x9c+\xa4\x00\x00\x04\x05\x06\
,7%\x00\x00\x02x\x06\xb7*>\x00\x00\x00\x91\x06\
\xc5\xf1\x13\x00\x00\x03\xaf\x07\xa1\xdd\xac\x00\x00\x05 \x09\
Z$\xe5\x00\x00\x05m\x0adg\xe4\x00\x00\x00\x00\x0a\
\xbc\xb8\xf4\x00\x00\x05\xb2\x0bf;P\x00\x00\x04\xcb\x0c\
\xbb\x01s\x00\x00\x04G\x0f\xa7X\x85\x00\x00\x01\x8c\x0f\
\xfbg.\x00\x00\x02\xc7i\x00\x00\x061\x03\x00\x00\x00\
\x10\x00C\x00o\x00m\x00p\x00a\x00c\x00t\x00\
e\x08\x00\x00\x00\x00\x06\x00\x00\x00\x07Compa\
ct\x07\x00\x00\x00\x13Navigatio\
nIndicator\x01\x03\x00\x00\x00\x1c\
\x00F\x00r\x00e\x00e\x00 \x00T\x00u\x00r\
\x00n\x00t\x00a\x00b\x00l\x00e\x08\x00\x00\x00\
\x00\x06\x00\x00\x00\x0eFree Turnt\
able\x07\x00\x00\x00\x13Navigat\
ionIndicator\x01\x03\x00\x00\
\x00J\x00B\x00o\x00t\x00\xf3\x00 \x00c\x00e\
\x00n\x00t\x00r\x00a\x00l\x00 \x00d\x00e\
\x00l\x00 \x00r\x00a\x00t\x00o\x00l\x00\xed\
\x00 \x00o\x00 \x00l\x00a\x00 \x00t\x00e\
\x00c\x00l\x00a\x00 \x00H\x00.\x08\x00\x00\x00\
\x00\x06\x00\x00\x00\x1dMiddle mou\
se button or H k\
ey.\x07\x00\x00\x00\x13Navigati\
onIndicator\x01\x03\x00\x00\x00\
0\x00B\x00o\x00t\x00\xf3\x00 \x00c\x00e\x00\
n\x00t\x00r\x00a\x00l\x00 \x00d\x00e\x00\
l\x00 \x00r\x00a\x00t\x00o\x00l\x00\xed\x00\
.\x08\x00\x00\x00\x00\x06\x00\x00\x00\x14Middl\
e mouse button.\x07\
\x00\x00\x00\x13NavigationIn\
dicator\x01\x03\x00\x00\x00$\x00E\x00\
s\x00t\x00i\x00l\x00 \x00d\x00e\x00 \x00\
n\x00a\x00v\x00e\x00g\x00a\x00c\x00i\x00\
\xf3\x08\x00\x00\x00\x00\x06\x00\x00\x00\x10Navig\
ation style\x07\x00\x00\x00\x13\
NavigationIndica\
tor\x01\x03\x00\x00\x00H\x00N\x00o\x00 \x00\
e\x00s\x00 \x00r\x00e\x00c\x00o\x00n\x00\
e\x00i\x00x\x00 \x00l\x00'\x00e\x00s\x00\
t\x00i\x00l\x00 \x00d\x00e\x00 \x00n\x00\
a\x00v\x00e\x00g\x00a\x00c\x00i\x00\xf3\x00\
.\x08\x00\x00\x00\x00\x06\x00\x00\x00 Navig\
ation style not \
recognized.\x07\x00\x00\x00\x13\
NavigationIndica\
tor\x01\x03\x00\x00\x00\x1c\x00E\x00s\x00t\x00\
i\x00l\x00 \x00d\x00'\x00\xf2\x00r\x00b\x00\
i\x00t\x00a\x08\x00\x00\x00\x00\x06\x00\x00\x00\x0bO\
rbit style\x07\x00\x00\x00\x13N\
avigationIndicat\
or\x01\x03\x00\x00\x002\x00T\x00e\x00c\x00l\
\x00a\x00 \x00d\x00e\x00 \x00R\x00e\x00 \
\x00P\x00\xe0\x00g\x00 \x00o\x00 \x00A\x00v\
\x00 \x00P\x00\xe0\x00g\x00.\x08\x00\x00\x00\x00\x06\
\x00\x00\x00\x19Page Up or P\
age Down key.\x07\x00\x00\
\x00\x13NavigationIndi\
cator\x01\x03\x00\x00\x00\x14\x00P\x00a\x00\
n\x00o\x00r\x00\xe0\x00m\x00i\x00c\x00a\x08\
\x00\x00\x00\x00\x06\x00\x00\x00\x03Pan\x07\x00\x00\x00\
\x13NavigationIndic\
ator\x01\x03\x00\x00\x00\x08\x00G\x00i\x00r\
\x00a\x08\x00\x00\x00\x00\x06\x00\x00\x00\x06Rota\
te\x07\x00\x00\x00\x13Navigatio\
nIndicator\x01\x03\x00\x00\x00 \
\x00F\x00o\x00c\x00u\x00s\x00 \x00d\x00e\
\x00 \x00r\x00o\x00t\x00a\x00c\x00i\x00\xf3\
\x08\x00\x00\x00\x00\x06\x00\x00\x00\x0eRotati\
on focus\x07\x00\x00\x00\x13Nav\
igationIndicator\
\x01\x03\x00\x00\x00\x14\x00S\x00e\x00l\x00e\x00c\
\x00c\x00i\x00o\x00n\x00a\x08\x00\x00\x00\x00\x06\
\x00\x00\x00\x06Select\x07\x00\x00\x00\x13N\
avigationIndicat\
or\x01\x03\x00\x00\x00\x14\x00P\x00a\x00r\x00\xe0\
\x00m\x00e\x00t\x00r\x00e\x00s\x08\x00\x00\x00\
\x00\x06\x00\x00\x00\x08Settings\x07\x00\
\x00\x00\x13NavigationInd\
icator\x01\x03\x00\x00\x00\x14\x00I\x00n\
\x00c\x00l\x00i\x00n\x00a\x00c\x00i\x00\xf3\
\x08\x00\x00\x00\x00\x06\x00\x00\x00\x04Tilt\x07\x00\
\x00\x00\x13NavigationInd\
icator\x01\x03\x00\x00\x00&\x00I\x00n\
\x00d\x00i\x00c\x00a\x00d\x00o\x00r\x00 \
\x00d\x00e\x00 \x00f\x00u\x00n\x00c\x00i\
\x00\xf3\x08\x00\x00\x00\x00\x06\x00\x00\x00\x07Tool\
tip\x07\x00\x00\x00\x13Navigati\
onIndicator\x01\x03\x00\x00\x00\
\x1c\x00R\x00a\x00t\x00o\x00l\x00\xed\x00 \x00\
d\x00e\x00 \x00b\x00o\x00l\x00a\x08\x00\x00\
\x00\x00\x06\x00\x00\x00\x09Trackball\
\x07\x00\x00\x00\x13NavigationI\
ndicator\x01\x03\x00\x00\x00\x14\x00E\
\x00n\x00 \x00r\x00o\x00t\x00a\x00c\x00i\
\x00\xf3\x08\x00\x00\x00\x00\x06\x00\x00\x00\x09Turn\
table\x07\x00\x00\x00\x13Naviga\
tionIndicator\x01\x03\x00\
\x00\x00\x1a\x00S\x00e\x00n\x00s\x00e\x00 \x00\
d\x00e\x00f\x00i\x00n\x00i\x00r\x08\x00\x00\
\x00\x00\x06\x00\x00\x00\x09Undefined\
\x07\x00\x00\x00\x13NavigationI\
ndicator\x01\x03\x00\x00\x00\x08\x00Z\
\x00o\x00o\x00m\x08\x00\x00\x00\x00\x06\x00\x00\x00\x04\
Zoom\x07\x00\x00\x00\x13Navigat\
ionIndicator\x01\
\x00\x00\x08*\
<\
\xb8d\x18\xca\xef\x9c\x95\xcd!\x1c\xbf`\xa1\xbd\xdd\xa7\
\x00\x00\x00\x02huB\x00\x00\x00\xb0\x00\x00V~\x00\
\x00\x03\x8c\x00\x05\xb04\x00\x00\x05N\x00\x06\x16]\x00\
\x00\x07\x1d\x01\xed(5\x00\x00\x00C\x02V:\xc2\x00\
\x00\x01z\x04\x0c!\x0e\x00\x00\x01\x1a\x04\xc1e\x0e\x00\
\x00\x020\x04\xc3i\x0c\x00\x00\x04i\x05\x96\xa8\xa5\x00\
\x00\x03\xc7\x05\x9c+\xa4\x00\x00\x04\xc8\x06,7%\x00\
\x00\x02\xbe\x06\xb7*>\x00\x00\x00\x8f\x06\xc5\xf1\x13\x00\
\x00\x04\x05\x07\xa1\xdd\xac\x00\x00\x05\xe1\x09Z$\xe5\x00\
\x00\x06\x89\x09\xf5\x00\x13\x00\x00\x06$\x0adg\xe4\x00\
\x00\x00\x00\x0a\xbc\xb8\xf4\x00\x00\x06\xd2\x0bf;P\x00\
\x00\x05\x9c\x0c\xbb\x01s\x00\x00\x05\x08\x0f\xa7X\x85\x00\
\x00\x01\xd6\x0f\xfbg.\x00\x00\x03\x09i\x00\x00\x07Y\
\x03\x00\x00\x00\x14\x00T\x00\xf6\x00m\x00\xf6\x00r\x00\
\xed\x00t\x00e\x00t\x00t\x08\x00\x00\x00\x00\x06\x00\
\x00\x00\x07Compact\x07\x00\x00\x00\x13N\
avigationIndicat\
or\x01\x03\x00\x00\x00\x16\x00F\x00o\x00r\x00g\
\x00\xf3\x00a\x00s\x00z\x00t\x00a\x00l\x08\x00\
\x00\x00\x00\x06\x00\x00\x00\x0eFree Tur\
ntable\x07\x00\x00\x00\x13Navig\
ationIndicator\x01\x03\
\x00\x00\x00F\x00K\x00\xf6\x00z\x00\xe9\x00p\x00s\
\x01Q\x00 \x00e\x00g\x00\xe9\x00r\x00 \x00g\
\x00o\x00m\x00b\x00 \x00v\x00a\x00g\x00y\
\x00 \x00H\x00 \x00b\x00i\x00l\x00l\x00e\
\x00n\x00t\x00y\x01q\x00.\x08\x00\x00\x00\x00\x06\
\x00\x00\x00\x1dMiddle mouse\
 button or H key\
.\x07\x00\x00\x00\x13Navigation\
Indicator\x01\x03\x00\x00\x00$\x00\
K\x00\xf6\x00z\x00\xe9\x00p\x00s\x01Q\x00 \x00\
e\x00g\x00\xe9\x00r\x00 \x00g\x00o\x00m\x00\
b\x00.\x08\x00\x00\x00\x00\x06\x00\x00\x00\x14Mid\
dle mouse button\
.\x07\x00\x00\x00\x13Navigation\
Indicator\x01\x03\x00\x00\x00 \x00\
N\x00a\x00v\x00i\x00g\x00\xe1\x00c\x00i\x00\
\xf3\x00 \x00m\x00u\x00t\x00a\x00t\x00\xf3\x08\
\x00\x00\x00\x00\x06\x00\x00\x00\x14Navigat\
ion indicator\x07\x00\x00\
\x00\x13NavigationIndi\
cator\x01\x03\x00\x00\x00\x22\x00N\x00a\x00\
v\x00i\x00g\x00\xe1\x00c\x00i\x00\xf3\x00s\x00\
 \x00s\x00t\x00\xed\x00l\x00u\x00s\x08\x00\x00\
\x00\x00\x06\x00\x00\x00\x10Navigatio\
n style\x07\x00\x00\x00\x13Navi\
gationIndicator\x01\
\x03\x00\x00\x00F\x00N\x00a\x00v\x00i\x00g\x00\
\xe1\x00c\x00i\x00\xf3\x00s\x00 \x00s\x00t\x00\
\xed\x00l\x00u\x00s\x00 \x00n\x00e\x00m\x00\
 \x00f\x00e\x00l\x00i\x00s\x00m\x00e\x00\
r\x00h\x00e\x00t\x01Q\x00.\x08\x00\x00\x00\x00\
\x06\x00\x00\x00 Navigation \
style not recogn\
ized.\x07\x00\x00\x00\x13Naviga\
tionIndicator\x01\x03\x00\
\x00\x00\x18\x00O\x00r\x00b\x00i\x00t\x00 \x00\
s\x00t\x00\xed\x00l\x00u\x00s\x08\x00\x00\x00\x00\
\x06\x00\x00\x00\x0bOrbit style\
\x07\x00\x00\x00\x13NavigationI\
ndicator\x01\x03\x00\x00\x00B\x00P\
\x00a\x00g\x00e\x00 \x00U\x00p\x00 \x00v\
\x00a\x00g\x00y\x00 \x00P\x00a\x00g\x00e\
\x00 \x00D\x00o\x00w\x00n\x00 \x00b\x00i\
\x00l\x00l\x00e\x00n\x00t\x00y\x01q\x00.\
\x08\x00\x00\x00\x00\x06\x00\x00\x00\x19Page U\
p or Page Down k\
ey.\x07\x00\x00\x00\x13Navigati\
onIndicator\x01\x03\x00\x00\x00\
\x10\x00M\x00o\x00z\x00g\x00a\x00t\x00\xe1\x00\
s\x08\x00\x00\x00\x00\x06\x00\x00\x00\x03Pan\x07\x00\
\x00\x00\x13NavigationInd\
icator\x01\x03\x00\x00\x00\x10\x00F\x00o\
\x00r\x00g\x00a\x00t\x00\xe1\x00s\x08\x00\x00\x00\
\x00\x06\x00\x00\x00\x06Rotate\x07\x00\x00\x00\
\x13NavigationIndic\
ator\x01\x03\x00\x00\x00.\x00E\x00l\x00f\
\x00o\x00r\x00g\x00a\x00t\x00\xe1\x00s\x00i\
\x00 \x00k\x00\xf6\x00z\x00\xe9\x00p\x00p\x00o\
\x00n\x00t\x00j\x00a\x08\x00\x00\x00\x00\x06\x00\x00\
\x00\x0eRotation focus\
\x07\x00\x00\x00\x13NavigationI\
ndicator\x01\x03\x00\x00\x00(\x00L\
\x00e\x00k\x00e\x00r\x00e\x00k\x00\xed\x00t\
\x00e\x00t\x00t\x00 \x00\xed\x00v\x00l\x00a\
\x00b\x00d\x00a\x08\x00\x00\x00\x00\x06\x00\x00\x00\x0f\
Rounded Arcball\x07\
\x00\x00\x00\x13NavigationIn\
dicator\x01\x03\x00\x00\x00\x12\x00K\x00\
i\x00v\x00\xe1\x00l\x00a\x00s\x00z\x00t\x08\
\x00\x00\x00\x00\x06\x00\x00\x00\x06Select\x07\
\x00\x00\x00\x13NavigationIn\
dicator\x01\x03\x00\x00\x00\x16\x00B\x00\
e\x00\xe1\x00l\x00l\x00\xed\x00t\x00\xe1\x00s\x00\
o\x00k\x08\x00\x00\x00\x00\x06\x00\x00\x00\x08Set\
tings\x07\x00\x00\x00\x13Naviga\
tionIndicator\x01\x03\x00\
\x00\x00\x22\x00F\x00\xfc\x00g\x00g\x01Q\x00l\x00\
e\x00g\x00e\x00s\x00 \x00d\x00\xf6\x00n\x00\
t\x00\xe9\x00s\x08\x00\x00\x00\x00\x06\x00\x00\x00\x04T\
ilt\x07\x00\x00\x00\x13Navigati\
onIndicator\x01\x03\x00\x00\x00\
\x16\x00B\x00u\x00b\x00o\x00r\x00\xe9\x00k\x00\
s\x00\xfa\x00g\x00\xf3\x08\x00\x00\x00\x00\x06\x00\x00\x00\
\x07Tooltip\x07\x00\x00\x00\x13Nav\
igationIndicator\
\x01\x03\x00\x00\x00\x12\x00T\x00r\x00a\x00c\x00k\
\x00b\x00a\x00l\x00l\x08\x00\x00\x00\x00\x06\x00\x00\
\x00\x09Trackball\x07\x00\x00\x00\x13\
NavigationIndica\
tor\x01\x03\x00\x00\x00,\x00K\x00l\x00a\x00\
s\x00s\x00z\x00i\x00k\x00u\x00s\x00 \x00\
h\x00a\x00n\x00y\x00a\x00t\x00t\x00e\x00\
g\x00\xe9\x00r\x08\x00\x00\x00\x00\x06\x00\x00\x00\x11T\
rackball Classic\
\x07\x00\x00\x00\x13NavigationI\
ndicator\x01\x03\x00\x00\x00\x18\x00F\
\x00o\x00r\x00d\x00\xed\x00t\x00\xf3\x00t\x00\xe1\
\x00b\x00l\x00a\x08\x00\x00\x00\x00\x06\x00\x00\x00\x09\
Turntable\x07\x00\x00\x00\x13Na\
vigationIndicato\
r\x01\x03\x00\x00\x00\x1a\x00N\x00e\x00m\x00 \x00\
d\x00e\x00f\x00i\x00n\x00i\x00\xe1\x00l\x00\
t\x08\x00\x00\x00\x00\x06\x00\x00\x00\x09Undef\
ined\x07\x00\x00\x00\x13Navigat\
ionIndicator\x01\x03\x00\x00\
\x00\x10\x00N\x00a\x00g\x00y\x00\xed\x00t\x00\xe1\
\x00s\x08\x00\x00\x00\x00\x06\x00\x00\x00\x04Zoom\
\x07\x00\x00\x00\x13NavigationI\
ndicator\x01\
\x00\x00\x07\xe1\
<\
\xb8d\x18\xca\xef\x9c\x95\xcd!\x1c\xbf`\xa1\xbd\xdd\xa7\
\x00\x00\x00\x02nlB\x00\x00\x00\xb0\x00\x00V~\x00\
\x00\x03\x84\x00\x05\xb04\x00\x00\x05\x1e\x00\x06\x16]\x00\
\x00\x06\xcd\x01\xed(5\x00\x00\x00=\x02V:\xc2\x00\
\x00\x01v\x04\x0c!\x0e\x00\x00\x01\x14\x04\xc1e\x0e\x00\
\x00\x020\x04\xc3i\x0c\x00\x00\x04A\x05\x96\xa8\xa5\x00\
\x00\x03\xb5\x05\x9c+\xa4\x00\x00\x04\x96\x06,7%\x00\
\x00\x02\xb8\x06\xb7*>\x00\x00\x00\x93\x06\xc5\xf1\x13\x00\
\x00\x03\xf1\x07\xa1\xdd\xac\x00\x00\x05\x97\x09Z$\xe5\x00\
\x00\x065\x09\xf5\x00\x13\x00\x00\x05\xda\x0adg\xe4\x00\
\x00\x00\x00\x0a\xbc\xb8\xf4\x00\x00\x06z\x0bf;P\x00\
\x00\x05Z\x0c\xbb\x01s\x00\x00\x04\xd6\x0f\xa7X\x85\x00\
\x00\x01\xda\x0f\xfbg.\x00\x00\x03\x0di\x00\x00\x07\x09\
\x03\x00\x00\x00\x0e\x00C\x00o\x00m\x00p\x00a\x00\
c\x00t\x08\x00\x00\x00\x00\x06\x00\x00\x00\x07Com\
pact\x07\x00\x00\x00\x13Navigat\
ionIndicator\x01\x03\x00\x00\
\x00 \x00V\x00r\x00i\x00j\x00e\x00 \x00d\
\x00r\x00a\x00a\x00i\x00t\x00a\x00f\x00e\
\x00l\x08\x00\x00\x00\x00\x06\x00\x00\x00\x0eFree\
 Turntable\x07\x00\x00\x00\x13N\
avigationIndicat\
or\x01\x03\x00\x00\x00<\x00M\x00i\x00d\x00d\
\x00e\x00l\x00s\x00t\x00e\x00 \x00m\x00u\
\x00i\x00s\x00k\x00n\x00o\x00p\x00 \x00o\
\x00f\x00 \x00t\x00o\x00e\x00t\x00s\x00 \
\x00H\x00.\x08\x00\x00\x00\x00\x06\x00\x00\x00\x1dMi\
ddle mouse butto\
n or H key.\x07\x00\x00\x00\x13\
NavigationIndica\
tor\x01\x03\x00\x00\x00&\x00M\x00i\x00d\x00\
d\x00e\x00l\x00s\x00t\x00e\x00 \x00m\x00\
u\x00i\x00s\x00k\x00n\x00o\x00p\x00.\x08\
\x00\x00\x00\x00\x06\x00\x00\x00\x14Middle \
mouse button.\x07\x00\x00\
\x00\x13NavigationIndi\
cator\x01\x03\x00\x00\x00(\x00N\x00a\x00\
v\x00i\x00g\x00a\x00t\x00i\x00o\x00n\x00\
 \x00i\x00n\x00d\x00i\x00c\x00a\x00t\x00\
o\x00r\x08\x00\x00\x00\x00\x06\x00\x00\x00\x14Nav\
igation indicato\
r\x07\x00\x00\x00\x13Navigation\
Indicator\x01\x03\x00\x00\x00\x1e\x00\
N\x00a\x00v\x00i\x00g\x00a\x00t\x00i\x00\
e\x00 \x00s\x00t\x00i\x00j\x00l\x08\x00\x00\
\x00\x00\x06\x00\x00\x00\x10Navigatio\
n style\x07\x00\x00\x00\x13Navi\
gationIndicator\x01\
\x03\x00\x00\x00@\x00N\x00a\x00v\x00i\x00g\x00\
a\x00t\x00i\x00e\x00 \x00s\x00t\x00i\x00\
j\x00l\x00 \x00i\x00s\x00 \x00n\x00i\x00\
e\x00t\x00 \x00h\x00e\x00r\x00k\x00e\x00\
n\x00d\x00.\x08\x00\x00\x00\x00\x06\x00\x00\x00 N\
avigation style \
not recognized.\x07\
\x00\x00\x00\x13NavigationIn\
dicator\x01\x03\x00\x00\x00\x22\x00R\x00\
o\x00t\x00a\x00t\x00i\x00e\x00b\x00a\x00\
a\x00n\x00 \x00s\x00t\x00i\x00j\x00l\x08\
\x00\x00\x00\x00\x06\x00\x00\x00\x0bOrbit s\
tyle\x07\x00\x00\x00\x13Navigat\
ionIndicator\x01\x03\x00\x00\
\x006\x00P\x00a\x00g\x00e\x00 \x00U\x00p\
\x00 \x00o\x00f\x00 \x00P\x00a\x00g\x00e\
\x00 \x00D\x00o\x00w\x00n\x00 \x00t\x00o\
\x00e\x00t\x00s\x00.\x08\x00\x00\x00\x00\x06\x00\x00\
\x00\x19Page Up or Pag\
e Down key.\x07\x00\x00\x00\x13\
NavigationIndica\
tor\x01\x03\x00\x00\x00\x06\x00P\x00a\x00n\x08\
\x00\x00\x00\x00\x06\x00\x00\x00\x03Pan\x07\x00\x00\x00\
\x13NavigationIndic\
ator\x01\x03\x00\x00\x00\x0e\x00D\x00r\x00a\
\x00a\x00i\x00e\x00n\x08\x00\x00\x00\x00\x06\x00\x00\
\x00\x06Rotate\x07\x00\x00\x00\x13Nav\
igationIndicator\
\x01\x03\x00\x00\x00\x1a\x00R\x00o\x00t\x00a\x00t\
\x00i\x00e\x00 \x00f\x00o\x00c\x00u\x00s\
\x08\x00\x00\x00\x00\x06\x00\x00\x00\x0eRotati\
on focus\x07\x00\x00\x00\x13Nav\
igationIndicator\
\x01\x03\x00\x00\x00\x1e\x00R\x00o\x00u\x00n\x00d\
\x00e\x00d\x00 \x00A\x00r\x00c\x00b\x00a\
\x00l\x00l\x08\x00\x00\x00\x00\x06\x00\x00\x00\x0fRo\
unded Arcball\x07\x00\x00\
\x00\x13NavigationIndi\
cator\x01\x03\x00\x00\x00\x12\x00S\x00e\x00\
l\x00e\x00c\x00t\x00e\x00e\x00r\x08\x00\x00\
\x00\x00\x06\x00\x00\x00\x06Select\x07\x00\x00\
\x00\x13NavigationIndi\
cator\x01\x03\x00\x00\x00\x18\x00I\x00n\x00\
s\x00t\x00e\x00l\x00l\x00i\x00n\x00g\x00\
e\x00n\x08\x00\x00\x00\x00\x06\x00\x00\x00\x08Set\
tings\x07\x00\x00\x00\x13Naviga\
tionIndicator\x01\x03\x00\
\x00\x00\x10\x00K\x00a\x00n\x00t\x00e\x00l\x00\
e\x00n\x08\x00\x00\x00\x00\x06\x00\x00\x00\x04Til\
t\x07\x00\x00\x00\x13Navigation\
Indicator\x01\x03\x00\x00\x00\x0e\x00\
T\x00o\x00o\x00l\x00t\x00i\x00p\x08\x00\x00\
\x00\x00\x06\x00\x00\x00\x07Tooltip\x07\x00\
\x00\x00\x13NavigationInd\
icator\x01\x03\x00\x00\x00\x12\x00T\x00r\
\x00a\x00c\x00k\x00b\x00a\x00l\x00l\x08\x00\
\x00\x00\x00\x06\x00\x00\x00\x09Trackbal\
l\x07\x00\x00\x00\x13Navigation\
Indicator\x01\x03\x00\x00\x00\x22\x00\
T\x00r\x00a\x00c\x00k\x00b\x00a\x00l\x00\
l\x00 \x00C\x00l\x00a\x00s\x00s\x00i\x00\
c\x08\x00\x00\x00\x00\x06\x00\x00\x00\x11Track\
ball Classic\x07\x00\x00\x00\
\x13NavigationIndic\
ator\x01\x03\x00\x00\x00\x14\x00D\x00r\x00a\
\x00a\x00i\x00t\x00a\x00f\x00e\x00l\x08\x00\
\x00\x00\x00\x06\x00\x00\x00\x09Turntabl\
e\x07\x00\x00\x00\x13Navigation\
Indicator\x01\x03\x00\x00\x00\x22\x00\
n\x00i\x00e\x00t\x00 \x00g\x00e\x00d\x00\
e\x00f\x00i\x00n\x00i\x00e\x00e\x00r\x00\
d\x08\x00\x00\x00\x00\x06\x00\x00\x00\x09Undef\
ined\x07\x00\x00\x00\x13Navigat\
ionIndicator\x01\x03\x00\x00\
\x00\x10\x00I\x00n\x00z\x00o\x00o\x00m\x00e\
\x00n\x08\x00\x00\x00\x00\x06\x00\x00\x00\x04Zoom\
\x07\x00\x00\x00\x13NavigationI\
ndicator\x01\x88\x00\x00\x00\x02\x01\x01\
\
\x00\x00\x07\xea\
<\
\xb8d\x18\xca\xef\x9c\x95\xcd!\x1c\xbf`\xa1\xbd\xdd\xa7\
\x00\x00\x00\x02ukB\x00\x00\x00\xb0\x00\x00V~\x00\
\x00\x03\x8c\x00\x05\xb04\x00\x00\x05.\x00\x06\x16]\x00\
\x00\x06\xc7\x01\xed(5\x00\x00\x00?\x02V:\xc2\x00\
\x00\x01\x88\x04\x0c!\x0e\x00\x00\x01$\x04\xc1e\x0e\x00\
\x00\x02@\x04\xc3i\x0c\x00\x00\x04[\x05\x96\xa8\xa5\x00\
\x00\x03\xc7\x05\x9c+\xa4\x00\x00\x04\xb2\x06,7%\x00\
\x00\x02\xc4\x06\xb7*>\x00\x00\x00\x9b\x06\xc5\xf1\x13\x00\
\x00\x04\x07\x07\xa1\xdd\xac\x00\x00\x05\xa3\x09Z$\xe5\x00\
\x00\x06=\x09\xf5\x00\x13\x00\x00\x05\xe2\x0adg\xe4\x00\
\x00\x00\x00\x0a\xbc\xb8\xf4\x00\x00\x06\x80\x0bf;P\x00\
\x00\x05d\x0c\xbb\x01s\x00\x00\x04\xec\x0f\xa7X\x85\x00\
\x00\x01\xea\x0f\xfbg.\x00\x00\x03\x0fi\x00\x00\x07\x07\
\x03\x00\x00\x00\x10\x04\x17\x04<\x045\x04=\x04H\x04\
8\x04B\x048\x08\x00\x00\x00\x00\x06\x00\x00\x00\x07C\
ompact\x07\x00\x00\x00\x13Navig\
ationIndicator\x01\x03\
\x00\x00\x00&\x04\x1f\x04>\x042\x04>\x04@\x04>\
\x04B\x04=\x048\x049\x00 \x04?\x045\x04@\
\x045\x043\x04;\x04O\x044\x08\x00\x00\x00\x00\x06\
\x00\x00\x00\x0eFree Turntab\
le\x07\x00\x00\x00\x13Navigatio\
nIndicator\x01\x03\x00\x00\x00D\
\x04!\x045\x04@\x045\x044\x04=\x04O\x00 \
\x04:\x04=\x04>\x04?\x04:\x040\x00 \x04<\
\x048\x04H\x04V\x00 \x040\x041\x04>\x00 \
\x04:\x04;\x040\x042\x04V\x04H\x040\x00 \
\x00H\x00.\x08\x00\x00\x00\x00\x06\x00\x00\x00\x1dMi\
ddle mouse butto\
n or H key.\x07\x00\x00\x00\x13\
NavigationIndica\
tor\x01\x03\x00\x00\x00(\x04!\x045\x04@\x04\
5\x044\x04=\x04O\x00 \x04:\x04=\x04>\x04\
?\x04:\x040\x00 \x04<\x048\x04H\x04V\x00\
.\x08\x00\x00\x00\x00\x06\x00\x00\x00\x14Middl\
e mouse button.\x07\
\x00\x00\x00\x13NavigationIn\
dicator\x01\x03\x00\x00\x00&\x04\x12\x04\
:\x040\x047\x04V\x042\x04=\x048\x04:\x00\
 \x04=\x040\x042\x04V\x043\x040\x04F\x04\
V\x04W\x08\x00\x00\x00\x00\x06\x00\x00\x00\x14Nav\
igation indicato\
r\x07\x00\x00\x00\x13Navigation\
Indicator\x01\x03\x00\x00\x00\x1e\x04\
!\x04B\x048\x04;\x04L\x00 \x04=\x040\x04\
2\x04V\x043\x040\x04F\x04V\x04W\x08\x00\x00\
\x00\x00\x06\x00\x00\x00\x10Navigatio\
n style\x07\x00\x00\x00\x13Navi\
gationIndicator\x01\
\x03\x00\x00\x00<\x04!\x04B\x048\x04;\x04L\x00\
 \x04=\x040\x042\x04V\x043\x040\x04F\x04\
V\x04W\x00 \x04=\x045\x00 \x042\x048\x04\
7\x04=\x040\x04G\x045\x04=\x048\x049\x00\
.\x08\x00\x00\x00\x00\x06\x00\x00\x00 Navig\
ation style not \
recognized.\x07\x00\x00\x00\x13\
NavigationIndica\
tor\x01\x03\x00\x00\x00\x18\x04!\x04B\x048\x04\
;\x04L\x00 \x04>\x04@\x041\x04V\x04B\x04\
8\x08\x00\x00\x00\x00\x06\x00\x00\x00\x0bOrbit\
 style\x07\x00\x00\x00\x13Navig\
ationIndicator\x01\x03\
\x00\x00\x00<\x04\x1a\x04;\x040\x042\x04V\x04H\
\x040\x00 \x00P\x00a\x00g\x00e\x00 \x00U\
\x00p\x00 \x040\x041\x04>\x00 \x00P\x00a\
\x00g\x00e\x00 \x00D\x00o\x00w\x00n\x00.\
\x08\x00\x00\x00\x00\x06\x00\x00\x00\x19Page U\
p or Page Down k\
ey.\x07\x00\x00\x00\x13Navigati\
onIndicator\x01\x03\x00\x00\x00\
\x10\x04\x1f\x04>\x04A\x04C\x04=\x04C\x04B\x04\
8\x08\x00\x00\x00\x00\x06\x00\x00\x00\x03Pan\x07\x00\
\x00\x00\x13NavigationInd\
icator\x01\x03\x00\x00\x00\x12\x04\x1e\x041\
\x045\x04@\x04B\x040\x04=\x04=\x04O\x08\x00\
\x00\x00\x00\x06\x00\x00\x00\x06Rotate\x07\x00\
\x00\x00\x13NavigationInd\
icator\x01\x03\x00\x00\x00\x1e\x04$\x04>\
\x04:\x04C\x04A\x00 \x04>\x041\x045\x04@\
\x04B\x040\x04=\x04=\x04O\x08\x00\x00\x00\x00\x06\
\x00\x00\x00\x0eRotation foc\
us\x07\x00\x00\x00\x13Navigatio\
nIndicator\x01\x03\x00\x00\x00 \
\x04\x17\x040\x04>\x04:\x04@\x04C\x043\x04;\
\x045\x04=\x040\x00 \x044\x04C\x043\x040\
\x08\x00\x00\x00\x00\x06\x00\x00\x00\x0fRounde\
d Arcball\x07\x00\x00\x00\x13Na\
vigationIndicato\
r\x01\x03\x00\x00\x00\x0c\x04\x1e\x041\x04@\x040\x04\
B\x048\x08\x00\x00\x00\x00\x06\x00\x00\x00\x06Sel\
ect\x07\x00\x00\x00\x13Navigati\
onIndicator\x01\x03\x00\x00\x00\
\x12\x04\x1f\x040\x04@\x040\x04<\x045\x04B\x04\
@\x048\x08\x00\x00\x00\x00\x06\x00\x00\x00\x08Set\
tings\x07\x00\x00\x00\x13Naviga\
tionIndicator\x01\x03\x00\
\x00\x00\x0a\x04\x1d\x040\x04E\x048\x04;\x08\x00\x00\
\x00\x00\x06\x00\x00\x00\x04Tilt\x07\x00\x00\x00\x13\
NavigationIndica\
tor\x01\x03\x00\x00\x00\x10\x04\x1f\x04V\x044\x04\
:\x040\x047\x04:\x040\x08\x00\x00\x00\x00\x06\x00\
\x00\x00\x07Tooltip\x07\x00\x00\x00\x13N\
avigationIndicat\
or\x01\x03\x00\x00\x00\x0e\x04\x22\x04@\x045\x04:\
\x041\x04>\x04;\x08\x00\x00\x00\x00\x06\x00\x00\x00\x09\
Trackball\x07\x00\x00\x00\x13Na\
vigationIndicato\
r\x01\x03\x00\x00\x00\x22\x04\x1a\x04;\x040\x04A\x04\
8\x04G\x04=\x048\x049\x00 \x04B\x04@\x04\
5\x04:\x041\x04>\x04;\x08\x00\x00\x00\x00\x06\x00\
\x00\x00\x11Trackball Cla\
ssic\x07\x00\x00\x00\x13Navigat\
ionIndicator\x01\x03\x00\x00\
\x00\x12\x04\x1f\x04>\x042\x04>\x04@\x04>\x04B\
\x04=\x040\x08\x00\x00\x00\x00\x06\x00\x00\x00\x09Tu\
rntable\x07\x00\x00\x00\x13Navi\
gationIndicator\x01\
\x03\x00\x00\x00\x16\x04\x1d\x045\x042\x048\x047\x04\
=\x040\x04G\x045\x04=\x04>\x08\x00\x00\x00\x00\
\x06\x00\x00\x00\x09Undefined\x07\x00\
\x00\x00\x13NavigationInd\
icator\x01\x03\x00\x00\x00\x14\x04\x17\x041\
\x04V\x04;\x04L\x04H\x045\x04=\x04=\x04O\
\x08\x00\x00\x00\x00\x06\x00\x00\x00\x04Zoom\x07\x00\
\x00\x00\x13NavigationInd\
icator\x01\x88\x00\x00\x00\x0d\x11\x01\xfd)\
\x0b\xff\x14\x02\x04\xfd,\x0a\x13\
\x00\x00\x07\xd4\
<\
\xb8d\x18\xca\xef\x9c\x95\xcd!\x1c\xbf`\xa1\xbd\xdd\xa7\
\x00\x00\x00\x02trB\x00\x00\x00\xb0\x00\x00V~\x00\
\x00\x03\x90\x00\x05\xb04\x00\x00\x05\x1a\x00\x06\x16]\x00\
\x00\x06\xc1\x01\xed(5\x00\x00\x00=\x02V:\xc2\x00\
\x00\x01\x80\x04\x0c!\x0e\x00\x00\x01 \x04\xc1e\x0e\x00\
\x00\x026\x04\xc3i\x0c\x00\x00\x04S\x05\x96\xa8\xa5\x00\
\x00\x03\xc7\x05\x9c+\xa4\x00\x00\x04\xa8\x06,7%\x00\
\x00\x02\xb6\x06\xb7*>\x00\x00\x00\x99\x06\xc5\xf1\x13\x00\
\x00\x04\x01\x07\xa1\xdd\xac\x00\x00\x05\x95\x09Z$\xe5\x00\
\x00\x06/\x09\xf5\x00\x13\x00\x00\x05\xd4\x0adg\xe4\x00\
\x00\x00\x00\x0a\xbc\xb8\xf4\x00\x00\x06v\x0bf;P\x00\
\x00\x05R\x0c\xbb\x01s\x00\x00\x04\xdc\x0f\xa7X\x85\x00\
\x00\x01\xe4\x0f\xfbg.\x00\x00\x03\x03i\x00\x00\x07\x03\
\x03\x00\x00\x00\x0e\x00S\x011\x00k\x011\x01_\x01\
1\x00k\x08\x00\x00\x00\x00\x06\x00\x00\x00\x07Com\
pact\x07\x00\x00\x00\x13Navigat\
ionIndicator\x01\x03\x00\x00\
\x00&\x00S\x00e\x00r\x00b\x00e\x00s\x00t\
\x00 \x00d\x00\xf6\x00n\x00e\x00r\x00 \x00t\
\x00a\x00b\x00l\x00a\x08\x00\x00\x00\x00\x06\x00\x00\
\x00\x0eFree Turntable\
\x07\x00\x00\x00\x13NavigationI\
ndicator\x01\x03\x00\x00\x00B\x00O\
\x00r\x00t\x00a\x00 \x00f\x00a\x00r\x00e\
\x00 \x00d\x00\xfc\x01\x1f\x00m\x00e\x00s\x00i\
\x00 \x00v\x00e\x00y\x00a\x00 \x00H\x00 \
\x00d\x00\xfc\x01\x1f\x00m\x00e\x00s\x00i\x00.\
\x08\x00\x00\x00\x00\x06\x00\x00\x00\x1dMiddle\
 mouse button or\
 H key.\x07\x00\x00\x00\x13Navi\
gationIndicator\x01\
\x03\x00\x00\x00$\x00O\x00r\x00t\x00a\x00 \x00\
f\x00a\x00r\x00e\x00 \x00d\x00\xfc\x01\x1f\x00\
m\x00e\x00s\x00i\x00.\x08\x00\x00\x00\x00\x06\x00\
\x00\x00\x14Middle mouse \
button.\x07\x00\x00\x00\x13Navi\
gationIndicator\x01\
\x03\x00\x00\x00(\x00N\x00a\x00v\x00i\x00g\x00\
a\x00t\x00i\x00o\x00n\x00 \x00i\x00n\x00\
d\x00i\x00c\x00a\x00t\x00o\x00r\x08\x00\x00\
\x00\x00\x06\x00\x00\x00\x14Navigatio\
n indicator\x07\x00\x00\x00\x13\
NavigationIndica\
tor\x01\x03\x00\x00\x00\x1a\x00D\x00o\x00l\x00\
a\x01_\x011\x00m\x00 \x00t\x00a\x00r\x00\
z\x011\x08\x00\x00\x00\x00\x06\x00\x00\x00\x10Nav\
igation style\x07\x00\x00\
\x00\x13NavigationIndi\
cator\x01\x03\x00\x00\x008\x00D\x00o\x00\
l\x00a\x01_\x011\x00m\x00 \x00t\x00a\x00\
r\x00z\x011\x00 \x00t\x00a\x00n\x011\x00\
m\x00l\x00a\x00n\x00a\x00m\x00a\x00d\x01\
1\x00.\x08\x00\x00\x00\x00\x06\x00\x00\x00 Nav\
igation style no\
t recognized.\x07\x00\x00\
\x00\x13NavigationIndi\
cator\x01\x03\x00\x00\x00\x1a\x00Y\x00\xf6\x00\
r\x00\xfc\x00n\x00g\x00e\x00 \x00s\x00t\x00\
i\x00l\x00i\x08\x00\x00\x00\x00\x06\x00\x00\x00\x0bO\
rbit style\x07\x00\x00\x00\x13N\
avigationIndicat\
or\x01\x03\x00\x00\x00L\x00S\x00a\x00y\x00f\
\x00a\x00 \x00Y\x00u\x00k\x00a\x00r\x011\
\x00 \x00v\x00e\x00y\x00a\x00 \x00S\x00a\
\x00y\x00f\x00a\x00 \x00A\x01_\x00a\x01\x1f\
\x011\x00 \x00d\x00\xfc\x01\x1f\x00m\x00e\x00s\
\x00i\x00.\x08\x00\x00\x00\x00\x06\x00\x00\x00\x19Pa\
ge Up or Page Do\
wn key.\x07\x00\x00\x00\x13Navi\
gationIndicator\x01\
\x03\x00\x00\x00\x0c\x00K\x00a\x00y\x00d\x011\x00\
r\x08\x00\x00\x00\x00\x06\x00\x00\x00\x03Pan\x07\x00\
\x00\x00\x13NavigationInd\
icator\x01\x03\x00\x00\x00\x0c\x00D\x00\xf6\
\x00n\x00d\x00\xfc\x00r\x08\x00\x00\x00\x00\x06\x00\x00\
\x00\x06Rotate\x07\x00\x00\x00\x13Nav\
igationIndicator\
\x01\x03\x00\x00\x00\x1c\x00D\x00\xf6\x00n\x00d\x00\xfc\
\x00r\x00m\x00e\x00 \x00o\x00d\x00a\x01\x1f\
\x011\x08\x00\x00\x00\x00\x06\x00\x00\x00\x0eRota\
tion focus\x07\x00\x00\x00\x13N\
avigationIndicat\
or\x01\x03\x00\x00\x00\x1e\x00R\x00o\x00u\x00n\
\x00d\x00e\x00d\x00 \x00A\x00r\x00c\x00b\
\x00a\x00l\x00l\x08\x00\x00\x00\x00\x06\x00\x00\x00\x0f\
Rounded Arcball\x07\
\x00\x00\x00\x13NavigationIn\
dicator\x01\x03\x00\x00\x00\x06\x00S\x00\
e\x00\xe7\x08\x00\x00\x00\x00\x06\x00\x00\x00\x06Sel\
ect\x07\x00\x00\x00\x13Navigati\
onIndicator\x01\x03\x00\x00\x00\
\x0e\x00A\x00y\x00a\x00r\x00l\x00a\x00r\x08\
\x00\x00\x00\x00\x06\x00\x00\x00\x08Setting\
s\x07\x00\x00\x00\x13Navigation\
Indicator\x01\x03\x00\x00\x00\x0c\x00\
E\x01\x1f\x00i\x00l\x00i\x00m\x08\x00\x00\x00\x00\
\x06\x00\x00\x00\x04Tilt\x07\x00\x00\x00\x13Na\
vigationIndicato\
r\x01\x03\x00\x00\x00\x14\x00A\x00r\x00a\x00\xe7\x00\
 \x00i\x00p\x00u\x00c\x00u\x08\x00\x00\x00\x00\
\x06\x00\x00\x00\x07Tooltip\x07\x00\x00\x00\
\x13NavigationIndic\
ator\x01\x03\x00\x00\x00\x0e\x010\x00z\x00 \
\x00t\x00o\x00p\x00u\x08\x00\x00\x00\x00\x06\x00\x00\
\x00\x09Trackball\x07\x00\x00\x00\x13\
NavigationIndica\
tor\x01\x03\x00\x00\x00\x22\x00T\x00r\x00a\x00\
c\x00k\x00b\x00a\x00l\x00l\x00 \x00C\x00\
l\x00a\x00s\x00s\x00i\x00c\x08\x00\x00\x00\x00\
\x06\x00\x00\x00\x11Trackball C\
lassic\x07\x00\x00\x00\x13Navig\
ationIndicator\x01\x03\
\x00\x00\x00\x16\x00D\x00\xf6\x00n\x00e\x00r\x00 \
\x00t\x00a\x00b\x00l\x00a\x08\x00\x00\x00\x00\x06\
\x00\x00\x00\x09Turntable\x07\x00\x00\
\x00\x13NavigationIndi\
cator\x01\x03\x00\x00\x00\x1a\x00T\x00a\x00\
n\x011\x00m\x00l\x00a\x00n\x00m\x00a\x00\
m\x011\x01_\x08\x00\x00\x00\x00\x06\x00\x00\x00\x09U\
ndefined\x07\x00\x00\x00\x13Nav\
igationIndicator\
\x01\x03\x00\x00\x00\x16\x00Y\x00a\x00k\x011\x00n\
\x00l\x00a\x01_\x00t\x011\x00r\x08\x00\x00\x00\
\x00\x06\x00\x00\x00\x04Zoom\x07\x00\x00\x00\x13N\
avigationIndicat\
or\x01\
\x00\x00\x06\x1b\
<\
\xb8d\x18\xca\xef\x9c\x95\xcd!\x1c\xbf`\xa1\xbd\xdd\xa7\
\x00\x00\x00\x02noB\x00\x00\x00\x90\x00\x00V~\x00\
\x00\x02\xb6\x00\x05\xb04\x00\x00\x03\xf1\x00\x06\x16]\x00\
\x00\x05/\x04\x0c!\x0e\x00\x00\x00\xbc\x04\xc1e\x0e\x00\
\x00\x01x\x05\x96\xa8\xa5\x00\x00\x02\xe7\x05\x9c+\xa4\x00\
\x00\x03q\x06,7%\x00\x00\x02\x00\x06\xb7*>\x00\
\x00\x00=\x06\xc5\xf1\x13\x00\x00\x03\x1f\x07\xa1\xdd\xac\x00\
\x00\x04b\x09Z$\xe5\x00\x00\x04\xa7\x0adg\xe4\x00\
\x00\x00\x00\x0a\xbc\xb8\xf4\x00\x00\x04\xec\x0bf;P\x00\
\x00\x04%\x0c\xbb\x01s\x00\x00\x03\xa7\x0f\xa7X\x85\x00\
\x00\x01 \x0f\xfbg.\x00\x00\x02Ci\x00\x00\x05c\
\x03\x00\x00\x00\x0e\x00C\x00o\x00m\x00p\x00a\x00\
c\x00t\x08\x00\x00\x00\x00\x06\x00\x00\x00\x07Com\
pact\x07\x00\x00\x00\x13Navigat\
ionIndicator\x01\x03\x00\x00\
\x00:\x00M\x00i\x00d\x00d\x00l\x00e\x00 \
\x00m\x00o\x00u\x00s\x00e\x00 \x00b\x00u\
\x00t\x00t\x00o\x00n\x00 \x00o\x00r\x00 \
\x00H\x00 \x00k\x00e\x00y\x00.\x08\x00\x00\x00\
\x00\x06\x00\x00\x00\x1dMiddle mou\
se button or H k\
ey.\x07\x00\x00\x00\x13Navigati\
onIndicator\x01\x03\x00\x00\x00\
(\x00M\x00i\x00d\x00d\x00l\x00e\x00 \x00\
m\x00o\x00u\x00s\x00e\x00 \x00b\x00u\x00\
t\x00t\x00o\x00n\x00.\x08\x00\x00\x00\x00\x06\x00\
\x00\x00\x14Middle mouse \
button.\x07\x00\x00\x00\x13Navi\
gationIndicator\x01\
\x03\x00\x00\x00 \x00N\x00a\x00v\x00i\x00g\x00\
a\x00t\x00i\x00o\x00n\x00 \x00s\x00t\x00\
y\x00l\x00e\x08\x00\x00\x00\x00\x06\x00\x00\x00\x10N\
avigation style\x07\
\x00\x00\x00\x13NavigationIn\
dicator\x01\x03\x00\x00\x00@\x00N\x00\
a\x00v\x00i\x00g\x00a\x00t\x00i\x00o\x00\
n\x00 \x00s\x00t\x00y\x00l\x00e\x00 \x00\
n\x00o\x00t\x00 \x00r\x00e\x00c\x00o\x00\
g\x00n\x00i\x00z\x00e\x00d\x00.\x08\x00\x00\
\x00\x00\x06\x00\x00\x00 Navigatio\
n style not reco\
gnized.\x07\x00\x00\x00\x13Navi\
gationIndicator\x01\
\x03\x00\x00\x00\x10\x00B\x00a\x00n\x00e\x00s\x00\
t\x00i\x00l\x08\x00\x00\x00\x00\x06\x00\x00\x00\x0bO\
rbit style\x07\x00\x00\x00\x13N\
avigationIndicat\
or\x01\x03\x00\x00\x002\x00P\x00a\x00g\x00e\
\x00 \x00U\x00p\x00 \x00o\x00r\x00 \x00P\
\x00a\x00g\x00e\x00 \x00D\x00o\x00w\x00n\
\x00 \x00k\x00e\x00y\x00.\x08\x00\x00\x00\x00\x06\
\x00\x00\x00\x19Page Up or P\
age Down key.\x07\x00\x00\
\x00\x13NavigationIndi\
cator\x01\x03\x00\x00\x00\x06\x00P\x00a\x00\
n\x08\x00\x00\x00\x00\x06\x00\x00\x00\x03Pan\x07\x00\
\x00\x00\x13NavigationInd\
icator\x01\x03\x00\x00\x00\x0a\x00R\x00o\
\x00t\x00e\x00r\x08\x00\x00\x00\x00\x06\x00\x00\x00\x06\
Rotate\x07\x00\x00\x00\x13Navig\
ationIndicator\x01\x03\
\x00\x00\x00\x1c\x00R\x00o\x00t\x00a\x00t\x00i\
\x00o\x00n\x00 \x00f\x00o\x00c\x00u\x00s\
\x08\x00\x00\x00\x00\x06\x00\x00\x00\x0eRotati\
on focus\x07\x00\x00\x00\x13Nav\
igationIndicator\
\x01\x03\x00\x00\x00\x08\x00V\x00e\x00l\x00g\x08\x00\
\x00\x00\x00\x06\x00\x00\x00\x06Select\x07\x00\
\x00\x00\x13NavigationInd\
icator\x01\x03\x00\x00\x00\x1a\x00I\x00n\
\x00n\x00s\x00t\x00i\x00l\x00l\x00i\x00n\
\x00g\x00e\x00r\x08\x00\x00\x00\x00\x06\x00\x00\x00\x08\
Settings\x07\x00\x00\x00\x13Nav\
igationIndicator\
\x01\x03\x00\x00\x00\x08\x00T\x00i\x00l\x00t\x08\x00\
\x00\x00\x00\x06\x00\x00\x00\x04Tilt\x07\x00\x00\x00\
\x13NavigationIndic\
ator\x01\x03\x00\x00\x00\x0e\x00T\x00o\x00o\
\x00l\x00t\x00i\x00p\x08\x00\x00\x00\x00\x06\x00\x00\
\x00\x07Tooltip\x07\x00\x00\x00\x13Na\
vigationIndicato\
r\x01\x03\x00\x00\x00\x14\x00S\x00t\x00y\x00r\x00\
e\x00k\x00u\x00l\x00e\x00n\x08\x00\x00\x00\x00\
\x06\x00\x00\x00\x09Trackball\x07\x00\
\x00\x00\x13NavigationInd\
icator\x01\x03\x00\x00\x00\x14\x00D\x00r\
\x00e\x00i\x00e\x00s\x00k\x00i\x00v\x00e\
\x08\x00\x00\x00\x00\x06\x00\x00\x00\x09Turnta\
ble\x07\x00\x00\x00\x13Navigati\
onIndicator\x01\x03\x00\x00\x00\
\x12\x00U\x00d\x00e\x00f\x00i\x00n\x00e\x00\
r\x00t\x08\x00\x00\x00\x00\x06\x00\x00\x00\x09Und\
efined\x07\x00\x00\x00\x13Navig\
ationIndicator\x01\x03\
\x00\x00\x00\x08\x00Z\x00o\x00o\x00m\x08\x00\x00\x00\
\x00\x06\x00\x00\x00\x04Zoom\x07\x00\x00\x00\x13N\
avigationIndicat\
or\x01\x88\x00\x00\x00\x02\x01\x01\
\x00\x00\x065\
<\
\xb8d\x18\xca\xef\x9c\x95\xcd!\x1c\xbf`\xa1\xbd\xdd\xa7\
\x00\x00\x00\x03kabB\x00\x00\x00\x90\x00\x00V~\
\x00\x00\x02\xc2\x00\x05\xb04\x00\x00\x04\x07\x00\x06\x16]\
\x00\x00\x05O\x04\x0c!\x0e\x00\x00\x00\xbc\x04\xc1e\x0e\
\x00\x00\x01x\x05\x96\xa8\xa5\x00\x00\x02\xf3\x05\x9c+\xa4\
\x00\x00\x03\x81\x06,7%\x00\x00\x02\x00\x06\xb7*>\
\x00\x00\x00=\x06\xc5\xf1\x13\x00\x00\x03/\x07\xa1\xdd\xac\
\x00\x00\x04x\x09Z$\xe5\x00\x00\x04\xbb\x0adg\xe4\
\x00\x00\x00\x00\x0a\xbc\xb8\xf4\x00\x00\x05\x0a\x0bf;P\
\x00\x00\x04;\x0c\xbb\x01s\x00\x00\x03\xc7\x0f\xa7X\x85\
\x00\x00\x01 \x0f\xfbg.\x00\x00\x02Oi\x00\x00\x05\
\x83\x03\x00\x00\x00\x0e\x00C\x00o\x00m\x00p\x00a\
\x00c\x00t\x08\x00\x00\x00\x00\x06\x00\x00\x00\x07Co\
mpact\x07\x00\x00\x00\x13Naviga\
tionIndicator\x01\x03\x00\
\x00\x00:\x00M\x00i\x00d\x00d\x00l\x00e\x00\
 \x00m\x00o\x00u\x00s\x00e\x00 \x00b\x00\
u\x00t\x00t\x00o\x00n\x00 \x00o\x00r\x00\
 \x00H\x00 \x00k\x00e\x00y\x00.\x08\x00\x00\
\x00\x00\x06\x00\x00\x00\x1dMiddle mo\
use button or H \
key.\x07\x00\x00\x00\x13Navigat\
ionIndicator\x01\x03\x00\x00\
\x00(\x00M\x00i\x00d\x00d\x00l\x00e\x00 \
\x00m\x00o\x00u\x00s\x00e\x00 \x00b\x00u\
\x00t\x00t\x00o\x00n\x00.\x08\x00\x00\x00\x00\x06\
\x00\x00\x00\x14Middle mouse\
 button.\x07\x00\x00\x00\x13Nav\
igationIndicator\
\x01\x03\x00\x00\x00 \x00N\x00a\x00v\x00i\x00g\
\x00a\x00t\x00i\x00o\x00n\x00 \x00s\x00t\
\x00y\x00l\x00e\x08\x00\x00\x00\x00\x06\x00\x00\x00\x10\
Navigation style\
\x07\x00\x00\x00\x13NavigationI\
ndicator\x01\x03\x00\x00\x00@\x00N\
\x00a\x00v\x00i\x00g\x00a\x00t\x00i\x00o\
\x00n\x00 \x00s\x00t\x00y\x00l\x00e\x00 \
\x00n\x00o\x00t\x00 \x00r\x00e\x00c\x00o\
\x00g\x00n\x00i\x00z\x00e\x00d\x00.\x08\x00\
\x00\x00\x00\x06\x00\x00\x00 Navigati\
on style not rec\
ognized.\x07\x00\x00\x00\x13Nav\
igationIndicator\
\x01\x03\x00\x00\x00\x1c\x00S\x00t\x00y\x00l\x00e\
\x00 \x00d\x00'\x00o\x00r\x00b\x00i\x00t\
\x00e\x08\x00\x00\x00\x00\x06\x00\x00\x00\x0bOrbi\
t style\x07\x00\x00\x00\x13Navi\
gationIndicator\x01\
\x03\x00\x00\x002\x00P\x00a\x00g\x00e\x00 \x00\
U\x00p\x00 \x00o\x00r\x00 \x00P\x00a\x00\
g\x00e\x00 \x00D\x00o\x00w\x00n\x00 \x00\
k\x00e\x00y\x00.\x08\x00\x00\x00\x00\x06\x00\x00\x00\
\x19Page Up or Page\
 Down key.\x07\x00\x00\x00\x13N\
avigationIndicat\
or\x01\x03\x00\x00\x00\x06\x00P\x00a\x00n\x08\x00\
\x00\x00\x00\x06\x00\x00\x00\x03Pan\x07\x00\x00\x00\x13\
NavigationIndica\
tor\x01\x03\x00\x00\x00\x0e\x00P\x00i\x00v\x00\
o\x00t\x00e\x00r\x08\x00\x00\x00\x00\x06\x00\x00\x00\
\x06Rotate\x07\x00\x00\x00\x13Navi\
gationIndicator\x01\
\x03\x00\x00\x00\x1c\x00R\x00o\x00t\x00a\x00t\x00\
i\x00o\x00n\x00 \x00f\x00o\x00c\x00u\x00\
s\x08\x00\x00\x00\x00\x06\x00\x00\x00\x0eRotat\
ion focus\x07\x00\x00\x00\x13Na\
vigationIndicato\
r\x01\x03\x00\x00\x00\x18\x00S\x00\xe9\x00l\x00e\x00\
c\x00t\x00i\x00o\x00n\x00n\x00e\x00r\x08\
\x00\x00\x00\x00\x06\x00\x00\x00\x06Select\x07\
\x00\x00\x00\x13NavigationIn\
dicator\x01\x03\x00\x00\x00\x10\x00S\x00\
e\x00t\x00t\x00i\x00n\x00g\x00s\x08\x00\x00\
\x00\x00\x06\x00\x00\x00\x08Settings\x07\
\x00\x00\x00\x13NavigationIn\
dicator\x01\x03\x00\x00\x00\x08\x00T\x00\
i\x00l\x00t\x08\x00\x00\x00\x00\x06\x00\x00\x00\x04T\
ilt\x07\x00\x00\x00\x13Navigati\
onIndicator\x01\x03\x00\x00\x00\
\x0e\x00T\x00o\x00o\x00l\x00t\x00i\x00p\x08\
\x00\x00\x00\x00\x06\x00\x00\x00\x07Tooltip\
\x07\x00\x00\x00\x13NavigationI\
ndicator\x01\x03\x00\x00\x00\x12\x00T\
\x00r\x00a\x00c\x00k\x00b\x00a\x00l\x00l\
\x08\x00\x00\x00\x00\x06\x00\x00\x00\x09Trackb\
all\x07\x00\x00\x00\x13Navigati\
onIndicator\x01\x03\x00\x00\x00\
\x1e\x00T\x00a\x00b\x00l\x00e\x00 \x00t\x00\
o\x00u\x00r\x00n\x00a\x00n\x00t\x00e\x08\
\x00\x00\x00\x00\x06\x00\x00\x00\x09Turntab\
le\x07\x00\x00\x00\x13Navigatio\
nIndicator\x01\x03\x00\x00\x00\x14\
\x00N\x00o\x00n\x00 \x00d\x00\xe9\x00f\x00i\
\x00n\x00i\x08\x00\x00\x00\x00\x06\x00\x00\x00\x09Un\
defined\x07\x00\x00\x00\x13Navi\
gationIndicator\x01\
\x03\x00\x00\x00\x08\x00Z\x00o\x00o\x00m\x08\x00\x00\
\x00\x00\x06\x00\x00\x00\x04Zoom\x07\x00\x00\x00\x13\
NavigationIndica\
tor\x01\
\x00\x00\x06\x82\
<\
\xb8d\x18\xca\xef\x9c\x95\xcd!\x1c\xbf`\xa1\xbd\xdd\xa7\
\x00\x00\x00\x03filB\x00\x00\x00\x90\x00\x00V~\
\x00\x00\x03\x00\x00\x05\xb04\x00\x00\x04=\x00\x06\x16]\
\x00\x00\x05\x8b\x04\x0c!\x0e\x00\x00\x00\xbc\x04\xc1e\x0e\
\x00\x00\x01\x82\x05\x96\xa8\xa5\x00\x00\x031\x05\x9c+\xa4\
\x00\x00\x03\xc3\x06,7%\x00\x00\x02$\x06\xb7*>\
\x00\x00\x00=\x06\xc5\xf1\x13\x00\x00\x03k\x07\xa1\xdd\xac\
\x00\x00\x04\xae\x09Z$\xe5\x00\x00\x04\xed\x0adg\xe4\
\x00\x00\x00\x00\x0a\xbc\xb8\xf4\x00\x00\x05H\x0bf;P\
\x00\x00\x04q\x0c\xbb\x01s\x00\x00\x03\xfd\x0f\xa7X\x85\
\x00\x00\x01\x22\x0f\xfbg.\x00\x00\x02wi\x00\x00\x05\
\xc9\x03\x00\x00\x00\x0e\x00C\x00o\x00m\x00p\x00a\
\x00c\x00t\x08\x00\x00\x00\x00\x06\x00\x00\x00\x07Co\
mpact\x07\x00\x00\x00\x13Naviga\
tionIndicator\x01\x03\x00\
\x00\x00:\x00M\x00i\x00d\x00d\x00l\x00e\x00\
 \x00m\x00o\x00u\x00s\x00e\x00 \x00b\x00\
u\x00t\x00t\x00o\x00n\x00 \x00o\x00r\x00\
 \x00H\x00 \x00k\x00e\x00y\x00.\x08\x00\x00\
\x00\x00\x06\x00\x00\x00\x1dMiddle mo\
use button or H \
key.\x07\x00\x00\x00\x13Navigat\
ionIndicator\x01\x03\x00\x00\
\x00*\x00G\x00i\x00t\x00n\x00a\x00n\x00g\
\x00 \x00m\x00o\x00u\x00s\x00e\x00 \x00b\
\x00u\x00t\x00t\x00o\x00n\x00.\x08\x00\x00\x00\
\x00\x06\x00\x00\x00\x14Middle mou\
se button.\x07\x00\x00\x00\x13N\
avigationIndicat\
or\x01\x03\x00\x00\x00(\x00E\x00s\x00t\x00i\
\x00l\x00o\x00 \x00n\x00g\x00 \x00N\x00a\
\x00b\x00i\x00g\x00a\x00s\x00y\x00o\x00n\
\x08\x00\x00\x00\x00\x06\x00\x00\x00\x10Naviga\
tion style\x07\x00\x00\x00\x13N\
avigationIndicat\
or\x01\x03\x00\x00\x00Z\x00A\x00n\x00g\x00 \
\x00e\x00s\x00t\x00i\x00l\x00o\x00 \x00n\
\x00g\x00 \x00n\x00a\x00b\x00i\x00g\x00a\
\x00s\x00y\x00o\x00n\x00 \x00a\x00y\x00 \
\x00h\x00i\x00n\x00d\x00i\x00 \x00k\x00i\
\x00n\x00i\x00k\x00i\x00l\x00a\x00l\x00a\
\x00.\x08\x00\x00\x00\x00\x06\x00\x00\x00 Navi\
gation style not\
 recognized.\x07\x00\x00\x00\
\x13NavigationIndic\
ator\x01\x03\x00\x00\x00 \x00E\x00s\x00t\
\x00i\x00l\x00o\x00 \x00n\x00g\x00 \x00o\
\x00r\x00b\x00i\x00t\x00a\x08\x00\x00\x00\x00\x06\
\x00\x00\x00\x0bOrbit style\x07\
\x00\x00\x00\x13NavigationIn\
dicator\x01\x03\x00\x00\x00H\x00K\x00\
e\x00y\x00 \x00p\x00a\x00r\x00a\x00 \x00\
s\x00a\x00 \x00P\x00a\x00g\x00 \x00t\x00\
a\x00a\x00s\x00 \x00o\x00 \x00b\x00a\x00\
b\x00a\x00 \x00n\x00g\x00 \x00p\x00a\x00\
g\x00e\x00.\x08\x00\x00\x00\x00\x06\x00\x00\x00\x19P\
age Up or Page D\
own key.\x07\x00\x00\x00\x13Nav\
igationIndicator\
\x01\x03\x00\x00\x00\x06\x00P\x00a\x00n\x08\x00\x00\x00\
\x00\x06\x00\x00\x00\x03Pan\x07\x00\x00\x00\x13Na\
vigationIndicato\
r\x01\x03\x00\x00\x00\x0c\x00I\x00-\x00i\x00k\x00\
o\x00t\x08\x00\x00\x00\x00\x06\x00\x00\x00\x06Rot\
ate\x07\x00\x00\x00\x13Navigati\
onIndicator\x01\x03\x00\x00\x00\
\x22\x00P\x00o\x00k\x00u\x00s\x00 \x00n\x00\
g\x00 \x00R\x00o\x00t\x00a\x00s\x00y\x00\
o\x00n\x08\x00\x00\x00\x00\x06\x00\x00\x00\x0eRot\
ation focus\x07\x00\x00\x00\x13\
NavigationIndica\
tor\x01\x03\x00\x00\x00\x0c\x00P\x00i\x00l\x00\
i\x00i\x00n\x08\x00\x00\x00\x00\x06\x00\x00\x00\x06S\
elect\x07\x00\x00\x00\x13Naviga\
tionIndicator\x01\x03\x00\
\x00\x00\x10\x00S\x00e\x00t\x00t\x00i\x00n\x00\
g\x00s\x08\x00\x00\x00\x00\x06\x00\x00\x00\x08Set\
tings\x07\x00\x00\x00\x13Naviga\
tionIndicator\x01\x03\x00\
\x00\x00\x08\x00T\x00i\x00l\x00t\x08\x00\x00\x00\x00\
\x06\x00\x00\x00\x04Tilt\x07\x00\x00\x00\x13Na\
vigationIndicato\
r\x01\x03\x00\x00\x00\x0e\x00T\x00o\x00o\x00l\x00\
t\x00i\x00p\x08\x00\x00\x00\x00\x06\x00\x00\x00\x07T\
ooltip\x07\x00\x00\x00\x13Navig\
ationIndicator\x01\x03\
\x00\x00\x00\x0e\x00T\x00r\x00a\x00k\x00b\x00o\
\x00l\x08\x00\x00\x00\x00\x06\x00\x00\x00\x09Trac\
kball\x07\x00\x00\x00\x13Naviga\
tionIndicator\x01\x03\x00\
\x00\x00*\x00B\x00a\x00l\x00i\x00k\x00t\x00\
a\x00r\x00i\x00n\x00 \x00a\x00n\x00g\x00\
 \x00l\x00a\x00m\x00e\x00s\x00a\x08\x00\x00\
\x00\x00\x06\x00\x00\x00\x09Turntable\
\x07\x00\x00\x00\x13NavigationI\
ndicator\x01\x03\x00\x00\x00\x12\x00U\
\x00n\x00d\x00e\x00f\x00i\x00n\x00e\x00d\
\x08\x00\x00\x00\x00\x06\x00\x00\x00\x09Undefi\
ned\x07\x00\x00\x00\x13Navigati\
onIndicator\x01\x03\x00\x00\x00\
\x12\x00P\x00a\x00l\x00a\x00k\x00i\x00h\x00\
i\x00n\x08\x00\x00\x00\x00\x06\x00\x00\x00\x04Zoo\
m\x07\x00\x00\x00\x13Navigation\
Indicator\x01\x88\x00\x00\x00\x02\x03\
\x01\
\x00\x00\x06\xa8\
<\
\xb8d\x18\xca\xef\x9c\x95\xcd!\x1c\xbf`\xa1\xbd\xdd\xa7\
\x00\x00\x00\x02idB\x00\x00\x00\x98\x00\x00V~\x00\
\x00\x03\x1c\x00\x05\xb04\x00\x00\x04Q\x00\x06\x16]\x00\
\x00\x05\xaf\x01\xed(5\x00\x00\x00=\x04\x0c!\x0e\x00\
\x00\x01\x1c\x04\xc1e\x0e\x00\x00\x01\xd6\x05\x96\xa8\xa5\x00\
\x00\x03Q\x05\x9c+\xa4\x00\x00\x03\xd7\x06,7%\x00\
\x00\x02X\x06\xb7*>\x00\x00\x00\x8f\x06\xc5\xf1\x13\x00\
\x00\x03\x89\x07\xa1\xdd\xac\x00\x00\x04\xd6\x09Z$\xe5\x00\
\x00\x05\x19\x0adg\xe4\x00\x00\x00\x00\x0a\xbc\xb8\xf4\x00\
\x00\x05\x5c\x0bf;P\x00\x00\x04\x89\x0c\xbb\x01s\x00\
\x00\x04\x13\x0f\xa7X\x85\x00\x00\x01\x84\x0f\xfbg.\x00\
\x00\x02\x9fi\x00\x00\x05\xef\x03\x00\x00\x00\x0e\x00R\x00\
i\x00n\x00g\x00k\x00a\x00s\x08\x00\x00\x00\x00\
\x06\x00\x00\x00\x07Compact\x07\x00\x00\x00\
\x13NavigationIndic\
ator\x01\x03\x00\x00\x00\x1c\x00F\x00r\x00e\
\x00e\x00 \x00T\x00u\x00r\x00n\x00t\x00a\
\x00b\x00l\x00e\x08\x00\x00\x00\x00\x06\x00\x00\x00\x0e\
Free Turntable\x07\x00\
\x00\x00\x13NavigationInd\
icator\x01\x03\x00\x00\x00H\x00T\x00o\
\x00m\x00b\x00o\x00l\x00 \x00t\x00e\x00n\
\x00g\x00a\x00h\x00 \x00t\x00e\x00t\x00i\
\x00k\x00u\x00s\x00 \x00a\x00t\x00a\x00u\
\x00 \x00t\x00o\x00m\x00b\x00o\x00l\x00 \
\x00H\x00.\x08\x00\x00\x00\x00\x06\x00\x00\x00\x1dMi\
ddle mouse butto\
n or H key.\x07\x00\x00\x00\x13\
NavigationIndica\
tor\x01\x03\x00\x00\x00,\x00T\x00o\x00m\x00\
b\x00o\x00l\x00 \x00t\x00e\x00n\x00g\x00\
a\x00h\x00 \x00t\x00e\x00t\x00i\x00k\x00\
u\x00s\x00.\x08\x00\x00\x00\x00\x06\x00\x00\x00\x14M\
iddle mouse butt\
on.\x07\x00\x00\x00\x13Navigati\
onIndicator\x01\x03\x00\x00\x00\
\x1a\x00G\x00a\x00y\x00a\x00 \x00n\x00a\x00\
v\x00i\x00g\x00a\x00s\x00i\x08\x00\x00\x00\x00\
\x06\x00\x00\x00\x10Navigation \
style\x07\x00\x00\x00\x13Naviga\
tionIndicator\x01\x03\x00\
\x00\x00:\x00G\x00a\x00y\x00a\x00 \x00n\x00\
a\x00v\x00i\x00g\x00a\x00s\x00i\x00 \x00\
t\x00i\x00d\x00a\x00k\x00 \x00d\x00i\x00\
k\x00e\x00n\x00a\x00l\x00i\x00.\x08\x00\x00\
\x00\x00\x06\x00\x00\x00 Navigatio\
n style not reco\
gnized.\x07\x00\x00\x00\x13Navi\
gationIndicator\x01\
\x03\x00\x00\x00\x14\x00G\x00a\x00y\x00a\x00 \x00\
O\x00r\x00b\x00i\x00t\x08\x00\x00\x00\x00\x06\x00\
\x00\x00\x0bOrbit style\x07\x00\
\x00\x00\x13NavigationInd\
icator\x01\x03\x00\x00\x00<\x00T\x00o\
\x00m\x00b\x00o\x00l\x00 \x00P\x00a\x00g\
\x00e\x00 \x00U\x00p\x00 \x00a\x00t\x00a\
\x00u\x00 \x00P\x00a\x00g\x00e\x00 \x00D\
\x00o\x00w\x00n\x00.\x08\x00\x00\x00\x00\x06\x00\x00\
\x00\x19Page Up or Pag\
e Down key.\x07\x00\x00\x00\x13\
NavigationIndica\
tor\x01\x03\x00\x00\x00\x0a\x00G\x00e\x00s\x00\
e\x00r\x08\x00\x00\x00\x00\x06\x00\x00\x00\x03Pan\
\x07\x00\x00\x00\x13NavigationI\
ndicator\x01\x03\x00\x00\x00\x0a\x00P\
\x00u\x00t\x00a\x00r\x08\x00\x00\x00\x00\x06\x00\x00\
\x00\x06Rotate\x07\x00\x00\x00\x13Nav\
igationIndicator\
\x01\x03\x00\x00\x00\x18\x00F\x00o\x00k\x00u\x00s\
\x00 \x00r\x00o\x00t\x00a\x00s\x00i\x08\x00\
\x00\x00\x00\x06\x00\x00\x00\x0eRotation\
 focus\x07\x00\x00\x00\x13Navig\
ationIndicator\x01\x03\
\x00\x00\x00\x0e\x00M\x00e\x00m\x00i\x00l\x00i\
\x00h\x08\x00\x00\x00\x00\x06\x00\x00\x00\x06Sele\
ct\x07\x00\x00\x00\x13Navigatio\
nIndicator\x01\x03\x00\x00\x00\x0e\
\x00S\x00e\x00t\x00e\x00l\x00a\x00n\x08\x00\
\x00\x00\x00\x06\x00\x00\x00\x08Settings\
\x07\x00\x00\x00\x13NavigationI\
ndicator\x01\x03\x00\x00\x00\x0c\x00M\
\x00i\x00r\x00i\x00n\x00g\x08\x00\x00\x00\x00\x06\
\x00\x00\x00\x04Tilt\x07\x00\x00\x00\x13Nav\
igationIndicator\
\x01\x03\x00\x00\x00\x1e\x00K\x00e\x00t\x00e\x00r\
\x00a\x00n\x00g\x00a\x00n\x00 \x00a\x00l\
\x00a\x00t\x08\x00\x00\x00\x00\x06\x00\x00\x00\x07To\
oltip\x07\x00\x00\x00\x13Naviga\
tionIndicator\x01\x03\x00\
\x00\x00\x12\x00T\x00r\x00a\x00c\x00k\x00b\x00\
a\x00l\x00l\x08\x00\x00\x00\x00\x06\x00\x00\x00\x09T\
rackball\x07\x00\x00\x00\x13Nav\
igationIndicator\
\x01\x03\x00\x00\x00\x12\x00T\x00u\x00r\x00n\x00t\
\x00a\x00b\x00l\x00e\x08\x00\x00\x00\x00\x06\x00\x00\
\x00\x09Turntable\x07\x00\x00\x00\x13\
NavigationIndica\
tor\x01\x03\x00\x00\x00\x22\x00T\x00i\x00d\x00\
a\x00k\x00 \x00t\x00e\x00r\x00d\x00e\x00\
f\x00i\x00n\x00i\x00s\x00i\x08\x00\x00\x00\x00\
\x06\x00\x00\x00\x09Undefined\x07\x00\
\x00\x00\x13NavigationInd\
icator\x01\x03\x00\x00\x00\x14\x00P\x00e\
\x00r\x00b\x00e\x00s\x00a\x00r\x00a\x00n\
\x08\x00\x00\x00\x00\x06\x00\x00\x00\x04Zoom\x07\x00\
\x00\x00\x13NavigationInd\
icator\x01\
\x00\x00\x08\x02\
<\
\xb8d\x18\xca\xef\x9c\x95\xcd!\x1c\xbf`\xa1\xbd\xdd\xa7\
\x00\x00\x00\x02beB\x00\x00\x00\xb0\x00\x00V~\x00\
\x00\x03\xa8\x00\x05\xb04\x00\x00\x05H\x00\x06\x16]\x00\
\x00\x06\xe7\x01\xed(5\x00\x00\x00;\x02V:\xc2\x00\
\x00\x01\x9a\x04\x0c!\x0e\x00\x00\x010\x04\xc1e\x0e\x00\
\x00\x02V\x04\xc3i\x0c\x00\x00\x04m\x05\x96\xa8\xa5\x00\
\x00\x03\xdb\x05\x9c+\xa4\x00\x00\x04\xd2\x06,7%\x00\
\x00\x02\xda\x06\xb7*>\x00\x00\x00\x9f\x06\xc5\xf1\x13\x00\
\x00\x04\x1b\x07\xa1\xdd\xac\x00\x00\x05\xb9\x09Z$\xe5\x00\
\x00\x06Q\x09\xf5\x00\x13\x00\x00\x05\xf8\x0adg\xe4\x00\
\x00\x00\x00\x0a\xbc\xb8\xf4\x00\x00\x06\x9e\x0bf;P\x00\
\x00\x05~\x0c\xbb\x01s\x00\x00\x05\x0c\x0f\xa7X\x85\x00\
\x00\x02\x00\x0f\xfbg.\x00\x00\x03%i\x00\x00\x07\x1f\
\x03\x00\x00\x00\x0c\x04!\x04F\x04V\x04A\x04;\x04\
K\x08\x00\x00\x00\x00\x06\x00\x00\x00\x07Compa\
ct\x07\x00\x00\x00\x13Navigatio\
nIndicator\x01\x03\x00\x00\x00.\
\x04!\x042\x040\x041\x04>\x044\x04=\x04K\
\x00 \x04?\x040\x042\x040\x04@\x04>\x04B\
\x04=\x04K\x00 \x04:\x04@\x04C\x043\x08\x00\
\x00\x00\x00\x06\x00\x00\x00\x0eFree Tur\
ntable\x07\x00\x00\x00\x13Navig\
ationIndicator\x01\x03\
\x00\x00\x00L\x00<\x04!\x04O\x04@\x04M\x044\
\x04=\x04O\x04O\x00 \x04:\x04=\x04>\x04?\
\x04:\x040\x00 \x04<\x04K\x04H\x04K\x00>\
\x00 \x04F\x04V\x00 \x04:\x04;\x040\x042\
\x04V\x04H\x040\x00 \x00<\x00H\x00>\x00.\
\x08\x00\x00\x00\x00\x06\x00\x00\x00\x1dMiddle\
 mouse button or\
 H key.\x07\x00\x00\x00\x13Navi\
gationIndicator\x01\
\x03\x00\x00\x00.\x00<\x04!\x04O\x04@\x04M\x04\
4\x04=\x04O\x04O\x00 \x04:\x04=\x04>\x04\
?\x04:\x040\x00 \x04<\x04K\x04H\x04K\x00\
>\x00.\x08\x00\x00\x00\x00\x06\x00\x00\x00\x14Mid\
dle mouse button\
.\x07\x00\x00\x00\x13Navigation\
Indicator\x01\x03\x00\x00\x00*\x04\
\x1d\x040\x042\x04V\x043\x040\x04F\x04K\x04\
9\x04=\x04K\x00 \x04V\x04=\x044\x04K\x04\
:\x040\x04B\x040\x04@\x08\x00\x00\x00\x00\x06\x00\
\x00\x00\x14Navigation in\
dicator\x07\x00\x00\x00\x13Navi\
gationIndicator\x01\
\x03\x00\x00\x00\x1e\x04!\x04B\x04K\x04;\x04L\x00\
 \x04=\x040\x042\x04V\x043\x040\x04F\x04\
K\x04V\x08\x00\x00\x00\x00\x06\x00\x00\x00\x10Nav\
igation style\x07\x00\x00\
\x00\x13NavigationIndi\
cator\x01\x03\x00\x00\x00<\x04!\x04B\x04\
K\x04;\x04L\x00 \x04=\x040\x042\x04V\x04\
3\x040\x04F\x04K\x04V\x00 \x04=\x045\x00\
 \x04@\x040\x04A\x04?\x040\x047\x04=\x04\
0\x04=\x04K\x00.\x08\x00\x00\x00\x00\x06\x00\x00\x00\
 Navigation styl\
e not recognized\
.\x07\x00\x00\x00\x13Navigation\
Indicator\x01\x03\x00\x00\x00\x18\x04\
!\x04B\x04K\x04;\x04L\x00 \x040\x04@\x04\
1\x04V\x04B\x04K\x08\x00\x00\x00\x00\x06\x00\x00\x00\
\x0bOrbit style\x07\x00\x00\x00\
\x13NavigationIndic\
ator\x01\x03\x00\x00\x00B\x04\x1a\x04;\x040\
\x042\x04V\x04H\x040\x00 \x00<\x00P\x00a\
\x00g\x00e\x00 \x00U\x00p\x00>\x00 \x04F\
\x04V\x00 \x00<\x00P\x00a\x00g\x00e\x00 \
\x00d\x00o\x00w\x00n\x00>\x00.\x08\x00\x00\x00\
\x00\x06\x00\x00\x00\x19Page Up or\
 Page Down key.\x07\
\x00\x00\x00\x13NavigationIn\
dicator\x01\x03\x00\x00\x00\x08\x04\x17\x04\
@\x04C\x04E\x08\x00\x00\x00\x00\x06\x00\x00\x00\x03P\
an\x07\x00\x00\x00\x13Navigatio\
nIndicator\x01\x03\x00\x00\x00\x12\
\x04\x1f\x040\x042\x04O\x04@\x04=\x04C\x04F\
\x04L\x08\x00\x00\x00\x00\x06\x00\x00\x00\x06Rota\
te\x07\x00\x00\x00\x13Navigatio\
nIndicator\x01\x03\x00\x00\x00\x1c\
\x04$\x04>\x04:\x04C\x04A\x00 \x04:\x04@\
\x04C\x04G\x04M\x04=\x04=\x04O\x08\x00\x00\x00\
\x00\x06\x00\x00\x00\x0eRotation f\
ocus\x07\x00\x00\x00\x13Navigat\
ionIndicator\x01\x03\x00\x00\
\x00.\x04(\x040\x04@\x00 \x047\x00 \x047\
\x040\x04:\x04@\x04C\x043\x04;\x045\x04=\
\x040\x049\x00 \x044\x04C\x043\x04>\x049\
\x08\x00\x00\x00\x00\x06\x00\x00\x00\x0fRounde\
d Arcball\x07\x00\x00\x00\x13Na\
vigationIndicato\
r\x01\x03\x00\x00\x00\x0c\x04\x10\x041\x04@\x040\x04\
F\x04L\x08\x00\x00\x00\x00\x06\x00\x00\x00\x06Sel\
ect\x07\x00\x00\x00\x13Navigati\
onIndicator\x01\x03\x00\x00\x00\
\x0c\x04\x1d\x040\x04;\x040\x044\x04K\x08\x00\x00\
\x00\x00\x06\x00\x00\x00\x08Settings\x07\
\x00\x00\x00\x13NavigationIn\
dicator\x01\x03\x00\x00\x00\x0a\x04\x1d\x04\
0\x04E\x04V\x04;\x08\x00\x00\x00\x00\x06\x00\x00\x00\
\x04Tilt\x07\x00\x00\x00\x13Naviga\
tionIndicator\x01\x03\x00\
\x00\x00\x0c\x04\x1f\x040\x04@\x040\x044\x040\x08\
\x00\x00\x00\x00\x06\x00\x00\x00\x07Tooltip\
\x07\x00\x00\x00\x13NavigationI\
ndicator\x01\x03\x00\x00\x00\x0e\x04\x22\
\x04@\x04M\x04:\x041\x04>\x04;\x08\x00\x00\x00\
\x00\x06\x00\x00\x00\x09Trackball\x07\
\x00\x00\x00\x13NavigationIn\
dicator\x01\x03\x00\x00\x00 \x04\x1a\x04\
;\x040\x04A\x04V\x04G\x04=\x04K\x00 \x04\
B\x04@\x04M\x04:\x041\x04>\x04;\x08\x00\x00\
\x00\x00\x06\x00\x00\x00\x11Trackball\
 Classic\x07\x00\x00\x00\x13Nav\
igationIndicator\
\x01\x03\x00\x00\x00\x1c\x04\x1f\x040\x042\x040\x04@\
\x04>\x04B\x04=\x04K\x00 \x04:\x04@\x04C\
\x043\x08\x00\x00\x00\x00\x06\x00\x00\x00\x09Turn\
table\x07\x00\x00\x00\x13Naviga\
tionIndicator\x01\x03\x00\
\x00\x00\x18\x04\x1d\x045\x00 \x042\x04K\x047\x04\
=\x040\x04G\x040\x04=\x040\x08\x00\x00\x00\x00\
\x06\x00\x00\x00\x09Undefined\x07\x00\
\x00\x00\x13NavigationInd\
icator\x01\x03\x00\x00\x00\x0c\x04\x1c\x040\
\x04H\x04B\x040\x041\x08\x00\x00\x00\x00\x06\x00\x00\
\x00\x04Zoom\x07\x00\x00\x00\x13Navig\
ationIndicator\x01\x88\
\x00\x00\x00\x0d\x11\x01\xfd)\x0b\xff\x14\x02\x04\xfd,\x0a\
\x13\
\x00\x00\x08\x1a\
<\
\xb8d\x18\xca\xef\x9c\x95\xcd!\x1c\xbf`\xa1\xbd\xdd\xa7\
\x00\x00\x00\x02hrB\x00\x00\x00\xb0\x00\x00V~\x00\
\x00\x03\xa8\x00\x05\xb04\x00\x00\x05T\x00\x06\x16]\x00\
\x00\x06\xff\x01\xed(5\x00\x00\x00A\x02V:\xc2\x00\
\x00\x01\x86\x04\x0c!\x0e\x00\x00\x01&\x04\xc1e\x0e\x00\
\x00\x02@\x04\xc3i\x0c\x00\x00\x04y\x05\x96\xa8\xa5\x00\
\x00\x03\xe5\x05\x9c+\xa4\x00\x00\x04\xd4\x06,7%\x00\
\x00\x02\xc6\x06\xb7*>\x00\x00\x00\xa3\x06\xc5\xf1\x13\x00\
\x00\x04!\x07\xa1\xdd\xac\x00\x00\x05\xd9\x09Z$\xe5\x00\
\x00\x06u\x09\xf5\x00\x13\x00\x00\x06\x18\x0adg\xe4\x00\
\x00\x00\x00\x0a\xbc\xb8\xf4\x00\x00\x06\xb6\x0bf;P\x00\
\x00\x05\x94\x0c\xbb\x01s\x00\x00\x05\x14\x0f\xa7X\x85\x00\
\x00\x01\xea\x0f\xfbg.\x00\x00\x03\x17i\x00\x00\x077\
\x03\x00\x00\x00\x12\x00K\x00o\x00m\x00p\x00a\x00\
k\x00t\x00a\x00n\x08\x00\x00\x00\x00\x06\x00\x00\x00\
\x07Compact\x07\x00\x00\x00\x13Nav\
igationIndicator\
\x01\x03\x00\x00\x00,\x00S\x00l\x00o\x00b\x00o\
\x00d\x00n\x00a\x00 \x00o\x00k\x00r\x00e\
\x00t\x00n\x00a\x00 \x00p\x00l\x00o\x01\x0d\
\x00a\x08\x00\x00\x00\x00\x06\x00\x00\x00\x0eFree\
 Turntable\x07\x00\x00\x00\x13N\
avigationIndicat\
or\x01\x03\x00\x00\x00>\x00S\x00r\x00e\x00d\
\x00n\x00j\x00a\x00 \x00t\x00i\x00p\x00k\
\x00a\x00 \x00m\x00i\x01a\x00a\x00 \x00i\
\x00l\x00i\x00 \x00t\x00i\x00p\x00k\x00a\
\x00 \x00H\x00.\x08\x00\x00\x00\x00\x06\x00\x00\x00\x1d\
Middle mouse but\
ton or H key.\x07\x00\x00\
\x00\x13NavigationIndi\
cator\x01\x03\x00\x00\x00$\x00S\x00r\x00\
e\x00d\x00n\x00j\x00a\x00 \x00t\x00i\x00\
k\x00a\x00 \x00m\x00i\x01a\x00a\x00.\x08\
\x00\x00\x00\x00\x06\x00\x00\x00\x14Middle \
mouse button.\x07\x00\x00\
\x00\x13NavigationIndi\
cator\x01\x03\x00\x00\x00(\x00P\x00o\x00\
k\x00a\x00z\x00i\x00v\x00a\x01\x0d\x00 \x00\
n\x00a\x00v\x00i\x00g\x00a\x00c\x00i\x00\
j\x00e\x08\x00\x00\x00\x00\x06\x00\x00\x00\x14Nav\
igation indicato\
r\x07\x00\x00\x00\x13Navigation\
Indicator\x01\x03\x00\x00\x00\x1e\x00\
S\x00t\x00i\x00l\x00 \x00n\x00a\x00v\x00\
i\x00g\x00a\x00c\x00i\x00j\x00e\x08\x00\x00\
\x00\x00\x06\x00\x00\x00\x10Navigatio\
n style\x07\x00\x00\x00\x13Navi\
gationIndicator\x01\
\x03\x00\x00\x00>\x00S\x00t\x00i\x00l\x00 \x00\
n\x00a\x00v\x00i\x00g\x00a\x00c\x00i\x00\
j\x00e\x00 \x00n\x00i\x00j\x00e\x00 \x00\
p\x00r\x00e\x00p\x00o\x00z\x00n\x00a\x00\
t\x00.\x08\x00\x00\x00\x00\x06\x00\x00\x00 Nav\
igation style no\
t recognized.\x07\x00\x00\
\x00\x13NavigationIndi\
cator\x01\x03\x00\x00\x00\x1e\x00N\x00a\x01\
\x0d\x00i\x00n\x00 \x00o\x00k\x00r\x00e\x00\
t\x00a\x00n\x00j\x00a\x08\x00\x00\x00\x00\x06\x00\
\x00\x00\x0bOrbit style\x07\x00\
\x00\x00\x13NavigationInd\
icator\x01\x03\x00\x00\x00P\x00T\x00i\
\x00p\x00k\x00e\x00 \x00S\x00t\x00r\x00a\
\x00n\x00i\x00c\x00a\x00 \x00i\x00z\x00n\
\x00a\x00d\x00 \x00i\x00l\x00i\x00 \x00S\
\x00t\x00r\x00a\x00n\x00i\x00c\x00a\x00 \
\x00i\x00s\x00p\x00o\x00d\x00.\x08\x00\x00\x00\
\x00\x06\x00\x00\x00\x19Page Up or\
 Page Down key.\x07\
\x00\x00\x00\x13NavigationIn\
dicator\x01\x03\x00\x00\x00\x12\x00P\x00\
o\x00m\x00i\x00c\x00a\x00n\x00j\x00e\x08\
\x00\x00\x00\x00\x06\x00\x00\x00\x03Pan\x07\x00\x00\x00\
\x13NavigationIndic\
ator\x01\x03\x00\x00\x00\x0e\x00R\x00o\x00t\
\x00i\x00r\x00a\x00j\x08\x00\x00\x00\x00\x06\x00\x00\
\x00\x06Rotate\x07\x00\x00\x00\x13Nav\
igationIndicator\
\x01\x03\x00\x00\x00\x22\x00S\x00r\x00e\x00d\x00i\
\x01a\x00t\x00e\x00 \x00r\x00o\x00t\x00a\
\x00c\x00i\x00j\x00e\x08\x00\x00\x00\x00\x06\x00\x00\
\x00\x0eRotation focus\
\x07\x00\x00\x00\x13NavigationI\
ndicator\x01\x03\x00\x00\x00$\x00\x0a\
\x00Z\x00a\x00o\x00b\x00l\x00j\x00e\x00n\
\x00i\x00 \x00A\x00r\x00c\x00b\x00a\x00l\
\x00l\x08\x00\x00\x00\x00\x06\x00\x00\x00\x0fRoun\
ded Arcball\x07\x00\x00\x00\x13\
NavigationIndica\
tor\x01\x03\x00\x00\x00\x12\x00O\x00d\x00a\x00\
b\x00e\x00r\x00i\x00t\x00e\x08\x00\x00\x00\x00\
\x06\x00\x00\x00\x06Select\x07\x00\x00\x00\x13\
NavigationIndica\
tor\x01\x03\x00\x00\x00\x10\x00P\x00o\x00s\x00\
t\x00a\x00v\x00k\x00e\x08\x00\x00\x00\x00\x06\x00\
\x00\x00\x08Settings\x07\x00\x00\x00\x13\
NavigationIndica\
tor\x01\x03\x00\x00\x00\x14\x00N\x00a\x00g\x00\
i\x00n\x00j\x00a\x00n\x00j\x00e\x08\x00\x00\
\x00\x00\x06\x00\x00\x00\x04Tilt\x07\x00\x00\x00\x13\
NavigationIndica\
tor\x01\x03\x00\x00\x00\x16\x00N\x00a\x00z\x00\
i\x00v\x00 \x00a\x00l\x00a\x00t\x00a\x08\
\x00\x00\x00\x00\x06\x00\x00\x00\x07Tooltip\
\x07\x00\x00\x00\x13NavigationI\
ndicator\x01\x03\x00\x00\x00\x0e\x00P\
\x00r\x00e\x01\x07\x00e\x00n\x00o\x08\x00\x00\x00\
\x00\x06\x00\x00\x00\x09Trackball\x07\
\x00\x00\x00\x13NavigationIn\
dicator\x01\x03\x00\x00\x00$\x00K\x00\
l\x00a\x00s\x00i\x01\x0d\x00n\x00i\x00 \x00\
T\x00r\x00a\x00c\x00k\x00b\x00a\x00l\x00\
l\x08\x00\x00\x00\x00\x06\x00\x00\x00\x11Track\
ball Classic\x07\x00\x00\x00\
\x13NavigationIndic\
ator\x01\x03\x00\x00\x00\x10\x00O\x00k\x00r\
\x00e\x00t\x00a\x00n\x00o\x08\x00\x00\x00\x00\x06\
\x00\x00\x00\x09Turntable\x07\x00\x00\
\x00\x13NavigationIndi\
cator\x01\x03\x00\x00\x00\x18\x00N\x00e\x00\
d\x00e\x00f\x00i\x00n\x00i\x00r\x00a\x00\
n\x00o\x08\x00\x00\x00\x00\x06\x00\x00\x00\x09Und\
efined\x07\x00\x00\x00\x13Navig\
ationIndicator\x01\x03\
\x00\x00\x00\x0c\x00U\x00v\x00e\x01\x07\x00a\x00j\
\x08\x00\x00\x00\x00\x06\x00\x00\x00\x04Zoom\x07\x00\
\x00\x00\x13NavigationInd\
icator\x01\x88\x00\x00\x00\x0d\x11\x01\xfd)\
\x0b\xff\x14\x02\x04\xfd,\x0a\x13\
\x00\x00\x06\xd1\
<\
\xb8d\x18\xca\xef\x9c\x95\xcd!\x1c\xbf`\xa1\xbd\xdd\xa7\
\x00\x00\x00\x02glB\x00\x00\x00\x98\x00\x00V~\x00\
\x00\x030\x00\x05\xb04\x00\x00\x04y\x00\x06\x16]\x00\
\x00\x05\xdd\x01\xed(5\x00\x00\x00?\x04\x0c!\x0e\x00\
\x00\x01\x18\x04\xc1e\x0e\x00\x00\x01\xe0\x05\x96\xa8\xa5\x00\
\x00\x03o\x05\x9c+\xa4\x00\x00\x03\xfd\x06,7%\x00\
\x00\x02p\x06\xb7*>\x00\x00\x00\x91\x06\xc5\xf1\x13\x00\
\x00\x03\xa7\x07\xa1\xdd\xac\x00\x00\x04\xf6\x09Z$\xe5\x00\
\x00\x059\x0adg\xe4\x00\x00\x00\x00\x0a\xbc\xb8\xf4\x00\
\x00\x05\x92\x0bf;P\x00\x00\x04\xb5\x0c\xbb\x01s\x00\
\x00\x04;\x0f\xa7X\x85\x00\x00\x01\x80\x0f\xfbg.\x00\
\x00\x02\xbfi\x00\x00\x06\x11\x03\x00\x00\x00\x10\x00C\x00\
o\x00m\x00p\x00a\x00c\x00t\x00o\x08\x00\x00\
\x00\x00\x06\x00\x00\x00\x07Compact\x07\x00\
\x00\x00\x13NavigationInd\
icator\x01\x03\x00\x00\x00\x1c\x00F\x00r\
\x00e\x00e\x00 \x00T\x00u\x00r\x00n\x00t\
\x00a\x00b\x00l\x00e\x08\x00\x00\x00\x00\x06\x00\x00\
\x00\x0eFree Turntable\
\x07\x00\x00\x00\x13NavigationI\
ndicator\x01\x03\x00\x00\x00B\x00B\
\x00o\x00t\x00\xf3\x00n\x00 \x00c\x00e\x00n\
\x00t\x00r\x00a\x00l\x00 \x00d\x00o\x00 \
\x00r\x00a\x00t\x00o\x00 \x00o\x00u\x00 \
\x00t\x00e\x00c\x00l\x00a\x00 \x00H\x00.\
\x08\x00\x00\x00\x00\x06\x00\x00\x00\x1dMiddle\
 mouse button or\
 H key.\x07\x00\x00\x00\x13Navi\
gationIndicator\x01\
\x03\x00\x00\x00,\x00B\x00o\x00t\x00\xf3\x00n\x00\
 \x00c\x00e\x00n\x00t\x00r\x00a\x00l\x00\
 \x00d\x00o\x00 \x00r\x00a\x00t\x00o\x00\
.\x08\x00\x00\x00\x00\x06\x00\x00\x00\x14Middl\
e mouse button.\x07\
\x00\x00\x00\x13NavigationIn\
dicator\x01\x03\x00\x00\x00(\x00E\x00\
s\x00t\x00i\x00l\x00o\x00 \x00d\x00e\x00\
 \x00N\x00a\x00v\x00e\x00g\x00a\x00c\x00\
i\x00\xf3\x00n\x08\x00\x00\x00\x00\x06\x00\x00\x00\x10N\
avigation style\x07\
\x00\x00\x00\x13NavigationIn\
dicator\x01\x03\x00\x00\x00H\x00E\x00\
s\x00t\x00i\x00l\x00o\x00 \x00d\x00e\x00\
 \x00n\x00a\x00v\x00e\x00g\x00a\x00c\x00\
i\x00\xf3\x00n\x00 \x00n\x00o\x00n\x00 \x00\
r\x00e\x00c\x00o\x00\xf1\x00e\x00c\x00i\x00\
d\x00o\x00.\x08\x00\x00\x00\x00\x06\x00\x00\x00 N\
avigation style \
not recognized.\x07\
\x00\x00\x00\x13NavigationIn\
dicator\x01\x03\x00\x00\x00\x1c\x00E\x00\
s\x00t\x00i\x00l\x00o\x00 \x00o\x00r\x00\
b\x00i\x00t\x00a\x00l\x08\x00\x00\x00\x00\x06\x00\
\x00\x00\x0bOrbit style\x07\x00\
\x00\x00\x13NavigationInd\
icator\x01\x03\x00\x00\x000\x00T\x00e\
\x00c\x00l\x00a\x00 \x00A\x00v\x00 \x00P\
\x00\xe1\x00x\x00 \x00o\x00u\x00 \x00R\x00e\
\x00t\x00 \x00P\x00\xe1\x00x\x00.\x08\x00\x00\x00\
\x00\x06\x00\x00\x00\x19Page Up or\
 Page Down key.\x07\
\x00\x00\x00\x13NavigationIn\
dicator\x01\x03\x00\x00\x00\x14\x00P\x00\
a\x00n\x00o\x00r\x00\xe1\x00m\x00i\x00c\x00\
a\x08\x00\x00\x00\x00\x06\x00\x00\x00\x03Pan\x07\x00\
\x00\x00\x13NavigationInd\
icator\x01\x03\x00\x00\x00\x0a\x00X\x00i\
\x00r\x00a\x00r\x08\x00\x00\x00\x00\x06\x00\x00\x00\x06\
Rotate\x07\x00\x00\x00\x13Navig\
ationIndicator\x01\x03\
\x00\x00\x00 \x00F\x00o\x00c\x00o\x00 \x00d\
\x00e\x00 \x00r\x00o\x00t\x00a\x00c\x00i\
\x00\xf3\x00n\x08\x00\x00\x00\x00\x06\x00\x00\x00\x0eRo\
tation focus\x07\x00\x00\x00\
\x13NavigationIndic\
ator\x01\x03\x00\x00\x00\x10\x00E\x00s\x00c\
\x00o\x00l\x00m\x00a\x00r\x08\x00\x00\x00\x00\x06\
\x00\x00\x00\x06Select\x07\x00\x00\x00\x13N\
avigationIndicat\
or\x01\x03\x00\x00\x00\x0e\x00A\x00x\x00u\x00s\
\x00t\x00e\x00s\x08\x00\x00\x00\x00\x06\x00\x00\x00\x08\
Settings\x07\x00\x00\x00\x13Nav\
igationIndicator\
\x01\x03\x00\x00\x00\x10\x00I\x00n\x00c\x00l\x00i\
\x00n\x00a\x00r\x08\x00\x00\x00\x00\x06\x00\x00\x00\x04\
Tilt\x07\x00\x00\x00\x13Navigat\
ionIndicator\x01\x03\x00\x00\
\x00\x12\x00S\x00u\x00x\x00e\x00s\x00t\x00i\
\x00\xf3\x00n\x08\x00\x00\x00\x00\x06\x00\x00\x00\x07To\
oltip\x07\x00\x00\x00\x13Naviga\
tionIndicator\x01\x03\x00\
\x00\x00\x12\x00T\x00r\x00a\x00c\x00k\x00b\x00\
a\x00l\x00l\x08\x00\x00\x00\x00\x06\x00\x00\x00\x09T\
rackball\x07\x00\x00\x00\x13Nav\
igationIndicator\
\x01\x03\x00\x00\x00(\x00P\x00l\x00a\x00t\x00a\
\x00f\x00o\x00r\x00m\x00a\x00 \x00x\x00i\
\x00r\x00a\x00t\x00o\x00r\x00i\x00a\x08\x00\
\x00\x00\x00\x06\x00\x00\x00\x09Turntabl\
e\x07\x00\x00\x00\x13Navigation\
Indicator\x01\x03\x00\x00\x00\x1a\x00\
I\x00n\x00d\x00e\x00t\x00e\x00r\x00m\x00\
i\x00n\x00a\x00d\x00o\x08\x00\x00\x00\x00\x06\x00\
\x00\x00\x09Undefined\x07\x00\x00\x00\
\x13NavigationIndic\
ator\x01\x03\x00\x00\x00\x08\x00Z\x00o\x00o\
\x00m\x08\x00\x00\x00\x00\x06\x00\x00\x00\x04Zoom\
\x07\x00\x00\x00\x13NavigationI\
ndicator\x01\x88\x00\x00\x00\x02\x01\x01\
\
\x00\x00\x08@\
<\
\xb8d\x18\xca\xef\x9c\x95\xcd!\x1c\xbf`\xa1\xbd\xdd\xa7\
\x00\x00\x00\x02slB\x00\x00\x00\xb0\x00\x00V~\x00\
\x00\x03\xa4\x00\x05\xb04\x00\x00\x05T\x00\x06\x16]\x00\
\x00\x07\x13\x01\xed(5\x00\x00\x00A\x02V:\xc2\x00\
\x00\x01\x92\x04\x0c!\x0e\x00\x00\x01*\x04\xc1e\x0e\x00\
\x00\x02L\x04\xc3i\x0c\x00\x00\x04\x81\x05\x96\xa8\xa5\x00\
\x00\x03\xdb\x05\x9c+\xa4\x00\x00\x04\xd6\x06,7%\x00\
\x00\x02\xe0\x06\xb7*>\x00\x00\x00\xa1\x06\xc5\xf1\x13\x00\
\x00\x04\x15\x07\xa1\xdd\xac\x00\x00\x05\xd1\x09Z$\xe5\x00\
\x00\x06\x7f\x09\xf5\x00\x13\x00\x00\x06$\x0adg\xe4\x00\
\x00\x00\x00\x0a\xbc\xb8\xf4\x00\x00\x06\xce\x0bf;P\x00\
\x00\x05\x8a\x0c\xbb\x01s\x00\x00\x05\x10\x0f\xa7X\x85\x00\
\x00\x01\xf6\x0f\xfbg.\x00\x00\x03+i\x00\x00\x07a\
\x03\x00\x00\x00\x12\x00K\x00o\x00m\x00p\x00a\x00\
k\x00t\x00e\x00n\x08\x00\x00\x00\x00\x06\x00\x00\x00\
\x07Compact\x07\x00\x00\x00\x13Nav\
igationIndicator\
\x01\x03\x00\x00\x00*\x00P\x00r\x00o\x00s\x00t\
\x00o\x00s\x00u\x00k\x00a\x00j\x00o\x01\x0d\
\x00a\x00 \x00p\x00l\x00o\x01a\x01\x0d\x00a\
\x08\x00\x00\x00\x00\x06\x00\x00\x00\x0eFree T\
urntable\x07\x00\x00\x00\x13Nav\
igationIndicator\
\x01\x03\x00\x00\x00D\x00S\x00r\x00e\x00d\x00n\
\x00j\x00a\x00 \x00m\x00i\x01a\x00k\x00i\
\x00n\x00a\x00 \x00t\x00i\x00p\x00k\x00a\
\x00 \x00a\x00l\x00i\x00 \x00t\x00i\x00p\
\x00k\x00a\x00 \x00H\x00.\x08\x00\x00\x00\x00\x06\
\x00\x00\x00\x1dMiddle mouse\
 button or H key\
.\x07\x00\x00\x00\x13Navigation\
Indicator\x01\x03\x00\x00\x00,\x00\
S\x00r\x00e\x00d\x00n\x00j\x00a\x00 \x00\
m\x00i\x01a\x00k\x00i\x00n\x00a\x00 \x00\
t\x00i\x00p\x00k\x00a\x00.\x08\x00\x00\x00\x00\
\x06\x00\x00\x00\x14Middle mous\
e button.\x07\x00\x00\x00\x13Na\
vigationIndicato\
r\x01\x03\x00\x00\x00(\x00N\x00a\x00v\x00i\x00\
g\x00a\x00t\x00i\x00o\x00n\x00 \x00i\x00\
n\x00d\x00i\x00c\x00a\x00t\x00o\x00r\x08\
\x00\x00\x00\x00\x06\x00\x00\x00\x14Navigat\
ion indicator\x07\x00\x00\
\x00\x13NavigationIndi\
cator\x01\x03\x00\x00\x00\x1e\x00S\x00l\x00\
o\x00g\x00 \x00k\x00r\x00m\x00a\x00r\x00\
j\x00e\x00n\x00j\x00a\x08\x00\x00\x00\x00\x06\x00\
\x00\x00\x10Navigation st\
yle\x07\x00\x00\x00\x13Navigati\
onIndicator\x01\x03\x00\x00\x00\
L\x00S\x00l\x00o\x00g\x00a\x00 \x00k\x00\
r\x00m\x00a\x00r\x00j\x00e\x00n\x00j\x00\
a\x00 \x00n\x00i\x00 \x00m\x00o\x00g\x00\
o\x01\x0d\x00e\x00 \x00p\x00r\x00e\x00p\x00\
o\x00z\x00n\x00a\x00t\x00i\x00.\x08\x00\x00\
\x00\x00\x06\x00\x00\x00 Navigatio\
n style not reco\
gnized.\x07\x00\x00\x00\x13Navi\
gationIndicator\x01\
\x03\x00\x00\x00\x18\x00S\x00l\x00o\x00g\x00 \x00\
v\x00r\x00t\x00e\x00n\x00j\x00a\x08\x00\x00\
\x00\x00\x06\x00\x00\x00\x0bOrbit sty\
le\x07\x00\x00\x00\x13Navigatio\
nIndicator\x01\x03\x00\x00\x008\
\x00T\x00i\x00p\x00k\x00a\x00 \x00P\x00a\
\x00g\x00e\x00 \x00U\x00p\x00 \x00a\x00l\
\x00i\x00 \x00P\x00a\x00g\x00e\x00 \x00D\
\x00o\x00w\x00n\x00.\x08\x00\x00\x00\x00\x06\x00\x00\
\x00\x19Page Up or Pag\
e Down key.\x07\x00\x00\x00\x13\
NavigationIndica\
tor\x01\x03\x00\x00\x00\x0c\x00P\x00r\x00e\x00\
m\x00i\x00k\x08\x00\x00\x00\x00\x06\x00\x00\x00\x03P\
an\x07\x00\x00\x00\x13Navigatio\
nIndicator\x01\x03\x00\x00\x00\x0c\
\x00Z\x00a\x00v\x00r\x00t\x00i\x08\x00\x00\x00\
\x00\x06\x00\x00\x00\x06Rotate\x07\x00\x00\x00\
\x13NavigationIndic\
ator\x01\x03\x00\x00\x006\x00O\x00s\x00r\
\x00e\x00d\x00o\x00t\x00o\x01\x0d\x00i\x00 \
\x00v\x00r\x00t\x00i\x00l\x00n\x00o\x00 \
\x00s\x00r\x00e\x00d\x00i\x01a\x01\x0d\x00e\
\x08\x00\x00\x00\x00\x06\x00\x00\x00\x0eRotati\
on focus\x07\x00\x00\x00\x13Nav\
igationIndicator\
\x01\x03\x00\x00\x00\x1e\x00R\x00o\x00u\x00n\x00d\
\x00e\x00d\x00 \x00A\x00r\x00c\x00b\x00a\
\x00l\x00l\x08\x00\x00\x00\x00\x06\x00\x00\x00\x0fRo\
unded Arcball\x07\x00\x00\
\x00\x13NavigationIndi\
cator\x01\x03\x00\x00\x00\x0c\x00I\x00z\x00\
b\x00e\x00r\x00i\x08\x00\x00\x00\x00\x06\x00\x00\x00\
\x06Select\x07\x00\x00\x00\x13Navi\
gationIndicator\x01\
\x03\x00\x00\x00\x14\x00N\x00a\x00s\x00t\x00a\x00\
v\x00i\x00t\x00v\x00e\x08\x00\x00\x00\x00\x06\x00\
\x00\x00\x08Settings\x07\x00\x00\x00\x13\
NavigationIndica\
tor\x01\x03\x00\x00\x00\x0a\x00N\x00a\x00g\x00\
i\x00b\x08\x00\x00\x00\x00\x06\x00\x00\x00\x04Til\
t\x07\x00\x00\x00\x13Navigation\
Indicator\x01\x03\x00\x00\x00\x18\x00\
N\x00a\x00m\x00i\x00g\x00 \x00o\x00r\x00\
o\x00d\x00j\x00a\x08\x00\x00\x00\x00\x06\x00\x00\x00\
\x07Tooltip\x07\x00\x00\x00\x13Nav\
igationIndicator\
\x01\x03\x00\x00\x00\x22\x00S\x00l\x00e\x00d\x00i\
\x00l\x00n\x00a\x00 \x00k\x00r\x00o\x00g\
\x00l\x00i\x00c\x00a\x08\x00\x00\x00\x00\x06\x00\x00\
\x00\x09Trackball\x07\x00\x00\x00\x13\
NavigationIndica\
tor\x01\x03\x00\x00\x00\x22\x00T\x00r\x00a\x00\
c\x00k\x00b\x00a\x00l\x00l\x00 \x00C\x00\
l\x00a\x00s\x00s\x00i\x00c\x08\x00\x00\x00\x00\
\x06\x00\x00\x00\x11Trackball C\
lassic\x07\x00\x00\x00\x13Navig\
ationIndicator\x01\x03\
\x00\x00\x00\x1e\x00S\x00u\x00k\x00a\x00j\x00o\
\x01\x0d\x00i\x00 \x00p\x00o\x00g\x00l\x00e\
\x00d\x08\x00\x00\x00\x00\x06\x00\x00\x00\x09Turn\
table\x07\x00\x00\x00\x13Naviga\
tionIndicator\x01\x03\x00\
\x00\x00\x14\x00N\x00e\x00d\x00o\x00l\x00o\x01\
\x0d\x00e\x00n\x00o\x08\x00\x00\x00\x00\x06\x00\x00\x00\
\x09Undefined\x07\x00\x00\x00\x13N\
avigationIndicat\
or\x01\x03\x00\x00\x00\x22\x00P\x00r\x00i\x00b\
\x00l\x00i\x01~\x00a\x00j\x00/\x00O\x00d\
\x00d\x00a\x00l\x00j\x00i\x08\x00\x00\x00\x00\x06\
\x00\x00\x00\x04Zoom\x07\x00\x00\x00\x13Nav\
igationIndicator\
\x01\x88\x00\x00\x00\x09!\x01\xff!\x02\xff$\x03\x04\
\x00\x00\x06\x1d\
<\
\xb8d\x18\xca\xef\x9c\x95\xcd!\x1c\xbf`\xa1\xbd\xdd\xa7\
\x00\x00\x00\x05zh-CNB\x00\x00\x00\xb0\x00\x00\
V~\x00\x00\x02\x88\x00\x05\xb04\x00\x00\x03\xcc\x00\x06\
\x16]\x00\x00\x05\x19\x01\xed(5\x00\x00\x003\x02V\
:\xc2\x00\x00\x01\x10\x04\x0c!\x0e\x00\x00\x00\xca\x04\xc1\
e\x0e\x00\x00\x01\x96\x04\xc3i\x0c\x00\x00\x03'\x05\x96\
\xa8\xa5\x00\x00\x02\xb7\x05\x9c+\xa4\x00\x00\x03f\x06,\
7%\x00\x00\x01\xf0\x06\xb7*>\x00\x00\x00q\x06\xc5\
\xf1\x13\x00\x00\x02\xe9\x07\xa1\xdd\xac\x00\x00\x043\x09Z\
$\xe5\x00\x00\x04\xad\x09\xf5\x00\x13\x00\x00\x04j\x0ad\
g\xe4\x00\x00\x00\x00\x0a\xbc\xb8\xf4\x00\x00\x04\xe2\x0bf\
;P\x00\x00\x03\xfc\x0c\xbb\x01s\x00\x00\x03\x98\x0f\xa7\
X\x85\x00\x00\x01V\x0f\xfbg.\x00\x00\x02+i\x00\
\x00\x05I\x03\x00\x00\x00\x04S\x8b\x7f)\x08\x00\x00\x00\
\x00\x06\x00\x00\x00\x07Compact\x07\x00\x00\
\x00\x13NavigationIndi\
cator\x01\x03\x00\x00\x00\x08\x81\xeau1\x8f\
lv\xd8\x08\x00\x00\x00\x00\x06\x00\x00\x00\x0eFre\
e Turntable\x07\x00\x00\x00\x13\
NavigationIndica\
tor\x01\x03\x00\x00\x00\x14\x9f h\x07N-\x95\
.b\x16\x00 \x00H\x00 \x95.0\x02\x08\x00\x00\
\x00\x00\x06\x00\x00\x00\x1dMiddle mo\
use button or H \
key.\x07\x00\x00\x00\x13Navigat\
ionIndicator\x01\x03\x00\x00\
\x00\x0a\x9f h\x07N-\x95.0\x02\x08\x00\x00\x00\
\x00\x06\x00\x00\x00\x14Middle mou\
se button.\x07\x00\x00\x00\x13N\
avigationIndicat\
or\x01\x03\x00\x00\x00\x0a[\xfc\x82*c\x07y:\
Vh\x08\x00\x00\x00\x00\x06\x00\x00\x00\x14Navi\
gation indicator\
\x07\x00\x00\x00\x13NavigationI\
ndicator\x01\x03\x00\x00\x00\x08[\xfc\
\x82*h7_\x0f\x08\x00\x00\x00\x00\x06\x00\x00\x00\x10\
Navigation style\
\x07\x00\x00\x00\x13NavigationI\
ndicator\x01\x03\x00\x00\x00\x12e\xe0\
l\xd5\x8b\xc6R+[\xfc\x82*h7_\x0f0\x02\
\x08\x00\x00\x00\x00\x06\x00\x00\x00 Naviga\
tion style not r\
ecognized.\x07\x00\x00\x00\x13N\
avigationIndicat\
or\x01\x03\x00\x00\x00\x08s\xaf~\xd5j!_\x0f\
\x08\x00\x00\x00\x00\x06\x00\x00\x00\x0bOrbit \
style\x07\x00\x00\x00\x13Naviga\
tionIndicator\x01\x03\x00\
\x00\x00\x1cT\x11N\x0a\x7f\xfb\x98u\x00 b\x16\x00\
 T\x11N\x0b\x7f\xfb\x98u\x00 \x95.0\x02\x08\
\x00\x00\x00\x00\x06\x00\x00\x00\x19Page Up\
 or Page Down ke\
y.\x07\x00\x00\x00\x13Navigatio\
nIndicator\x01\x03\x00\x00\x00\x04\
^sy\xfb\x08\x00\x00\x00\x00\x06\x00\x00\x00\x03Pa\
n\x07\x00\x00\x00\x13Navigation\
Indicator\x01\x03\x00\x00\x00\x04e\
\xcb\x8fl\x08\x00\x00\x00\x00\x06\x00\x00\x00\x06Rot\
ate\x07\x00\x00\x00\x13Navigati\
onIndicator\x01\x03\x00\x00\x00\
\x08V\xde\x8flN-_\xc3\x08\x00\x00\x00\x00\x06\x00\
\x00\x00\x0eRotation focu\
s\x07\x00\x00\x00\x13Navigation\
Indicator\x01\x03\x00\x00\x00\x08W\
\x06\x89\xd2_'t\x03\x08\x00\x00\x00\x00\x06\x00\x00\x00\
\x0fRounded Arcball\
\x07\x00\x00\x00\x13NavigationI\
ndicator\x01\x03\x00\x00\x00\x04\x90\x09\
b\xe9\x08\x00\x00\x00\x00\x06\x00\x00\x00\x06Sele\
ct\x07\x00\x00\x00\x13Navigatio\
nIndicator\x01\x03\x00\x00\x00\x04\
\x8b\xbe\x7fn\x08\x00\x00\x00\x00\x06\x00\x00\x00\x08Se\
ttings\x07\x00\x00\x00\x13Navig\
ationIndicator\x01\x03\
\x00\x00\x00\x04P>e\x9c\x08\x00\x00\x00\x00\x06\x00\x00\
\x00\x04Tilt\x07\x00\x00\x00\x13Navig\
ationIndicator\x01\x03\
\x00\x00\x00\x08]\xe5Qwc\xd0y:\x08\x00\x00\x00\
\x00\x06\x00\x00\x00\x07Tooltip\x07\x00\x00\
\x00\x13NavigationIndi\
cator\x01\x03\x00\x00\x00\x06\x8fh\x8f\xf9t\
\x03\x08\x00\x00\x00\x00\x06\x00\x00\x00\x09Track\
ball\x07\x00\x00\x00\x13Navigat\
ionIndicator\x01\x03\x00\x00\
\x00\x0a~\xcfQx\x8fh\x8f\xf9t\x03\x08\x00\x00\x00\
\x00\x06\x00\x00\x00\x11Trackball \
Classic\x07\x00\x00\x00\x13Navi\
gationIndicator\x01\
\x03\x00\x00\x00\x04\x8flv\xd8\x08\x00\x00\x00\x00\x06\x00\
\x00\x00\x09Turntable\x07\x00\x00\x00\
\x13NavigationIndic\
ator\x01\x03\x00\x00\x00\x06g*[\x9aNI\
\x08\x00\x00\x00\x00\x06\x00\x00\x00\x09Undefi\
ned\x07\x00\x00\x00\x13Navigati\
onIndicator\x01\x03\x00\x00\x00\
\x04\x7f)e>\x08\x00\x00\x00\x00\x06\x00\x00\x00\x04Z\
oom\x07\x00\x00\x00\x13Navigati\
onIndicator\x01\
\x00\x00\x05I\
<\
?xml version=\x221.\
0\x22 encoding=\x22UTF\
-8\x22 standalone=\x22\
no\x22?>\x0d\x0a<!-- Crea\
ted with Inkscap\
e (http://www.in\
kscape.org/) -->\
\x0d\x0a\x0d\x0a<svg\x0d\x0a   id=\
\x22svg2\x22\x0d\x0a   heigh\
t=\x2264\x22\x0d\x0a   width\
=\x2264\x22\x0d\x0a   versio\
n=\x221.1\x22\x0d\x0a   view\
Box=\x220 0 63.9999\
99 63.999999\x22\x0d\x0a \
  xmlns=\x22http://\
www.w3.org/2000/\
svg\x22\x0d\x0a   xmlns:s\
vg=\x22http://www.w\
3.org/2000/svg\x22\x0d\
\x0a   xmlns:rdf=\x22h\
ttp://www.w3.org\
/1999/02/22-rdf-\
syntax-ns#\x22\x0d\x0a   \
xmlns:cc=\x22http:/\
/creativecommons\
.org/ns#\x22\x0d\x0a   xm\
lns:dc=\x22http://p\
url.org/dc/eleme\
nts/1.1/\x22>\x0d\x0a  <d\
efs\x0d\x0a     id=\x22de\
fs1\x22 />\x0d\x0a  <meta\
data\x0d\x0a     id=\x22m\
etadata7\x22>\x0d\x0a    \
<rdf:RDF>\x0d\x0a     \
 <cc:Work\x0d\x0a     \
    rdf:about=\x22\x22\
>\x0d\x0a        <dc:f\
ormat>image/svg+\
xml</dc:format>\x0d\
\x0a        <dc:typ\
e\x0d\x0a           rd\
f:resource=\x22http\
://purl.org/dc/d\
cmitype/StillIma\
ge\x22 />\x0d\x0a      </\
cc:Work>\x0d\x0a    </\
rdf:RDF>\x0d\x0a  </me\
tadata>\x0d\x0a  <g\x0d\x0a \
    id=\x22layer1\x22\x0d\
\x0a     transform=\
\x22translate(0 -98\
8.36)\x22\x0d\x0a     str\
oke=\x22#2e3436\x22\x0d\x0a \
    stroke-width\
=\x226\x22\x0d\x0a     fill=\
\x22none\x22>\x0d\x0a    <pa\
th\x0d\x0a       id=\x22p\
ath4144\x22\x0d\x0a      \
 d=\x22m16 1028.4v-\
20c0-8 4-12 16-1\
2s16 4 16 12v20c\
0 8-4 17-16 17s-\
16-9-16-17z\x22 />\x0d\
\x0a    <path\x0d\x0a    \
   id=\x22path4209\x22\
\x0d\x0a       d=\x22m32 \
1004.4v12\x22 />\x0d\x0a \
 </g>\x0d\x0a  <text\x0d\x0a\
     xml:space=\x22\
preserve\x22\x0d\x0a     \
style=\x22fill:#2e3\
436;stroke:#2e34\
36;stroke-width:\
1.249;stroke-das\
harray:none\x22\x0d\x0a  \
   x=\x2220.548067\x22\
\x0d\x0a     y=\x2242.288\
612\x22\x0d\x0a     id=\x22t\
ext1\x22><tspan\x0d\x0a  \
     x=\x2220.54806\
7\x22\x0d\x0a       y=\x2242\
.288612\x22\x0d\x0a      \
 id=\x22tspan2\x22>NX<\
/tspan></text>\x0d\x0a\
</svg>\x0d\x0a\
\x00\x00\x03\xcc\
<\
?xml version=\x221.\
0\x22 encoding=\x22UTF\
-8\x22 standalone=\x22\
no\x22?>\x0d\x0a<!-- Crea\
ted with Inkscap\
e (http://www.in\
kscape.org/) -->\
\x0d\x0a<svg id=\x22svg2\x22\
 xmlns:rdf=\x22http\
://www.w3.org/19\
99/02/22-rdf-syn\
tax-ns#\x22 xmlns=\x22\
http://www.w3.or\
g/2000/svg\x22 heig\
ht=\x2264\x22 width=\x226\
4\x22 version=\x221.1\x22\
 xmlns:cc=\x22http:\
//creativecommon\
s.org/ns#\x22 xmlns\
:dc=\x22http://purl\
.org/dc/elements\
/1.1/\x22 viewBox=\x22\
0 0 63.999999 63\
.999999\x22>\x0d\x0a <met\
adata id=\x22metada\
ta7\x22>\x0d\x0a  <rdf:RD\
F>\x0d\x0a   <cc:Work \
rdf:about=\x22\x22>\x0d\x0a \
   <dc:format>im\
age/svg+xml</dc:\
format>\x0d\x0a    <dc\
:type rdf:resour\
ce=\x22http://purl.\
org/dc/dcmitype/\
StillImage\x22/>\x0d\x0a \
   <dc:title/>\x0d\x0a\
   </cc:Work>\x0d\x0a \
 </rdf:RDF>\x0d\x0a </\
metadata>\x0d\x0a <g i\
d=\x22layer1\x22 fill-\
rule=\x22evenodd\x22 t\
ransform=\x22transl\
ate(0 -988.36)\x22>\
\x0d\x0a  <path id=\x22pa\
th8155\x22 d=\x22m38 1\
050.4-12-12 12-1\
2 12 12z\x22 fill=\x22\
#2e3436\x22/>\x0d\x0a  <p\
ath id=\x22path8161\
\x22 d=\x22m20 1032.4-\
12-12 12-12 12 1\
2z\x22 fill-opacity\
=\x22.82353\x22 fill=\x22\
#2e3335\x22/>\x0d\x0a  <p\
ath id=\x22path8163\
\x22 d=\x22m38 1014.4-\
12-12 12-12 12 1\
2z\x22 fill-opacity\
=\x22.58824\x22 fill=\x22\
#2e3335\x22/>\x0d\x0a </g\
>\x0d\x0a</svg>\x0d\x0a\
\x00\x00\x08\xd4\
<\
?xml version=\x221.\
0\x22 encoding=\x22UTF\
-8\x22 standalone=\x22\
no\x22?>\x0d\x0a<!-- Crea\
ted with Inkscap\
e (http://www.in\
kscape.org/) -->\
\x0d\x0a<svg id=\x22svg41\
99\x22 xmlns:rdf=\x22h\
ttp://www.w3.org\
/1999/02/22-rdf-\
syntax-ns#\x22 xmln\
s=\x22http://www.w3\
.org/2000/svg\x22 h\
eight=\x2264\x22 width\
=\x2264\x22 version=\x221\
.1\x22 xmlns:cc=\x22ht\
tp://creativecom\
mons.org/ns#\x22 xm\
lns:dc=\x22http://p\
url.org/dc/eleme\
nts/1.1/\x22 viewBo\
x=\x220 0 64 64.000\
001\x22>\x0d\x0a <metadat\
a id=\x22metadata42\
04\x22>\x0d\x0a  <rdf:RDF\
>\x0d\x0a   <cc:Work r\
df:about=\x22\x22>\x0d\x0a  \
  <dc:format>ima\
ge/svg+xml</dc:f\
ormat>\x0d\x0a    <dc:\
type rdf:resourc\
e=\x22http://purl.o\
rg/dc/dcmitype/S\
tillImage\x22/>\x0d\x0a  \
  <dc:title/>\x0d\x0a \
  </cc:Work>\x0d\x0a  \
</rdf:RDF>\x0d\x0a </m\
etadata>\x0d\x0a <g id\
=\x22layer1\x22 transf\
orm=\x22translate(0\
 -988.36)\x22>\x0d\x0a  <\
g fill-rule=\x22eve\
nodd\x22>\x0d\x0a   <rect\
 id=\x22rect4151\x22 s\
tyle=\x22color:#000\
000\x22 ry=\x2210\x22 hei\
ght=\x2256\x22 width=\x22\
58\x22 y=\x22992.36\x22 x\
=\x223\x22 fill=\x22#eeee\
ec\x22/>\x0d\x0a   <g str\
oke=\x22#2e3436\x22>\x0d\x0a\
    <path id=\x22pa\
th4153\x22 d=\x22m20.9\
23 1033.6v-13.84\
6c0-5.5385 2.769\
2-8.6538 11.077-\
8.6538 8.3077 0 \
11.077 3.1153 11\
.077 8.6538v13.8\
46c0 5.5384-2.76\
92 12.115-11.077\
 12.115-8.3077 0\
-11.077-6.577-11\
.077-12.115z\x22 st\
roke-width=\x221.38\
46\x22 fill=\x22#fff\x22/\
>\x0d\x0a    <path id=\
\x22path4155\x22 d=\x22m2\
1.615 1021.8c-0.\
096-6.9 1.017-10\
.1 10.385-10.1v1\
0.038z\x22 stroke-w\
idth=\x22.34615\x22 fi\
ll=\x22#729fcf\x22/>\x0d\x0a\
    <path id=\x22pa\
th4157\x22 d=\x22m42.3\
85 1021.8c0.096-\
6.9-1.017-10.1-1\
0.385-10.1v10.03\
8z\x22 stroke-width\
=\x22.34615\x22 fill=\x22\
#fff\x22/>\x0d\x0a   </g>\
\x0d\x0a  </g>\x0d\x0a  <g s\
troke=\x22#2e3436\x22>\
\x0d\x0a   <path id=\x22p\
ath4159\x22 d=\x22m32 \
1022.5v-11.423\x22 \
stroke-width=\x221.\
3846\x22 fill=\x22none\
\x22/>\x0d\x0a   <path id\
=\x22path4161\x22 d=\x22m\
20.923 1022.5h22\
.154\x22 stroke-wid\
th=\x221.3846\x22 fill\
=\x22none\x22/>\x0d\x0a   <r\
ect id=\x22rect4163\
\x22 height=\x2212.462\
\x22 stroke-linecap\
=\x22round\x22 stroke-\
width=\x221.1077\x22 f\
ill=\x22#fff\x22 style\
=\x22color:#000000\x22\
 fill-rule=\x22even\
odd\x22 ry=\x222.4231\x22\
 width=\x225.5385\x22 \
y=\x221016.2\x22 x=\x2229\
.231\x22/>\x0d\x0a  </g>\x0d\
\x0a  <g id=\x22g5846\x22\
 transform=\x22tran\
slate(-.50298 .3\
4070)\x22 stroke=\x22#\
2e3436\x22 stroke-l\
inecap=\x22round\x22 s\
troke-width=\x221.3\
\x22 fill=\x22none\x22>\x0d\x0a\
   <path id=\x22pat\
h5814\x22 stroke-li\
nejoin=\x22round\x22 d\
=\x22m19 1005.4 3-8\
 3 8\x22/>\x0d\x0a   <pat\
h id=\x22path5816\x22 \
d=\x22m20 1003.4h4\x22\
/>\x0d\x0a   <path id=\
\x22path5818\x22 strok\
e-linejoin=\x22roun\
d\x22 d=\x22m32 1005.4\
h-4v-8\x22/>\x0d\x0a   <g\
>\x0d\x0a    <path id=\
\x22path5820\x22 d=\x22m3\
3 997.36h6\x22/>\x0d\x0a \
   <path id=\x22pat\
h5822\x22 d=\x22m36 99\
7.36v8\x22/>\x0d\x0a    <\
path id=\x22path582\
6\x22 d=\x22m40 1002.4\
h6\x22/>\x0d\x0a    <path\
 id=\x22path5828\x22 d\
=\x22m43 999.36v6\x22/\
>\x0d\x0a   </g>\x0d\x0a  </\
g>\x0d\x0a </g>\x0d\x0a</svg\
>\x0d\x0a\
\x00\x00\x08\xd7\
<\
?xml version=\x221.\
0\x22 encoding=\x22UTF\
-8\x22 standalone=\x22\
no\x22?>\x0d\x0a<!-- Crea\
ted with Inkscap\
e (http://www.in\
kscape.org/) -->\
\x0d\x0a<svg id=\x22svg41\
99\x22 xmlns:rdf=\x22h\
ttp://www.w3.org\
/1999/02/22-rdf-\
syntax-ns#\x22 xmln\
s=\x22http://www.w3\
.org/2000/svg\x22 h\
eight=\x2264\x22 width\
=\x2264\x22 version=\x221\
.1\x22 xmlns:cc=\x22ht\
tp://creativecom\
mons.org/ns#\x22 xm\
lns:dc=\x22http://p\
url.org/dc/eleme\
nts/1.1/\x22 viewBo\
x=\x220 0 64 64.000\
001\x22>\x0d\x0a <metadat\
a id=\x22metadata42\
04\x22>\x0d\x0a  <rdf:RDF\
>\x0d\x0a   <cc:Work r\
df:about=\x22\x22>\x0d\x0a  \
  <dc:format>ima\
ge/svg+xml</dc:f\
ormat>\x0d\x0a    <dc:\
type rdf:resourc\
e=\x22http://purl.o\
rg/dc/dcmitype/S\
tillImage\x22/>\x0d\x0a  \
  <dc:title/>\x0d\x0a \
  </cc:Work>\x0d\x0a  \
</rdf:RDF>\x0d\x0a </m\
etadata>\x0d\x0a <g id\
=\x22layer1\x22 transf\
orm=\x22translate(0\
 -988.36)\x22>\x0d\x0a  <\
g fill-rule=\x22eve\
nodd\x22>\x0d\x0a   <rect\
 id=\x22rect4151\x22 s\
tyle=\x22color:#000\
000\x22 ry=\x2210\x22 hei\
ght=\x2256\x22 width=\x22\
58\x22 y=\x22992.36\x22 x\
=\x223\x22 fill=\x22#eeee\
ec\x22/>\x0d\x0a   <g str\
oke=\x22#2e3436\x22>\x0d\x0a\
    <path id=\x22pa\
th4153\x22 d=\x22m20.9\
23 1033.6v-13.84\
6c0-5.5385 2.769\
2-8.6538 11.077-\
8.6538 8.3077 0 \
11.077 3.1153 11\
.077 8.6538v13.8\
46c0 5.5384-2.76\
92 12.115-11.077\
 12.115-8.3077 0\
-11.077-6.577-11\
.077-12.115z\x22 st\
roke-width=\x221.38\
46\x22 fill=\x22#fff\x22/\
>\x0d\x0a    <path id=\
\x22path4155\x22 d=\x22m2\
1.615 1021.8c-0.\
096-6.9 1.017-10\
.1 10.385-10.1v1\
0.038z\x22 stroke-w\
idth=\x22.34615\x22 fi\
ll=\x22#729fcf\x22/>\x0d\x0a\
    <path id=\x22pa\
th4157\x22 d=\x22m42.3\
85 1021.8c0.096-\
6.9-1.017-10.1-1\
0.385-10.1v10.03\
8z\x22 stroke-width\
=\x22.34615\x22 fill=\x22\
#729fcf\x22/>\x0d\x0a   <\
/g>\x0d\x0a  </g>\x0d\x0a  <\
g stroke=\x22#2e343\
6\x22>\x0d\x0a   <path id\
=\x22path4159\x22 d=\x22m\
32 1022.5v-11.42\
3\x22 stroke-width=\
\x221.3846\x22 fill=\x22n\
one\x22/>\x0d\x0a   <path\
 id=\x22path4161\x22 d\
=\x22m20.923 1022.5\
h22.154\x22 stroke-\
width=\x221.3846\x22 f\
ill=\x22none\x22/>\x0d\x0a  \
 <rect id=\x22rect4\
163\x22 height=\x2212.\
462\x22 stroke-line\
cap=\x22round\x22 stro\
ke-width=\x221.1077\
\x22 fill=\x22#fff\x22 st\
yle=\x22color:#0000\
00\x22 fill-rule=\x22e\
venodd\x22 ry=\x222.42\
31\x22 width=\x225.538\
5\x22 y=\x221016.2\x22 x=\
\x2229.231\x22/>\x0d\x0a  </\
g>\x0d\x0a  <g id=\x22g58\
46\x22 transform=\x22t\
ranslate(-.50298\
 .34070)\x22 stroke\
=\x22#2e3436\x22 strok\
e-linecap=\x22round\
\x22 stroke-width=\x22\
1.3\x22 fill=\x22none\x22\
>\x0d\x0a   <path id=\x22\
path5814\x22 stroke\
-linejoin=\x22round\
\x22 d=\x22m19 1005.4 \
3-8 3 8\x22/>\x0d\x0a   <\
path id=\x22path581\
6\x22 d=\x22m20 1003.4\
h4\x22/>\x0d\x0a   <path \
id=\x22path5818\x22 st\
roke-linejoin=\x22r\
ound\x22 d=\x22m32 100\
5.4h-4v-8\x22/>\x0d\x0a  \
 <g>\x0d\x0a    <path \
id=\x22path5820\x22 d=\
\x22m33 997.36h6\x22/>\
\x0d\x0a    <path id=\x22\
path5822\x22 d=\x22m36\
 997.36v8\x22/>\x0d\x0a  \
  <path id=\x22path\
5826\x22 d=\x22m40 100\
2.4h6\x22/>\x0d\x0a    <p\
ath id=\x22path5828\
\x22 d=\x22m43 999.36v\
6\x22/>\x0d\x0a   </g>\x0d\x0a \
 </g>\x0d\x0a </g>\x0d\x0a</\
svg>\x0d\x0a\
\x00\x00\x04\xb9\
<\
?xml version=\x221.\
0\x22 encoding=\x22UTF\
-8\x22?>\x0d\x0a<svg widt\
h=\x2264\x22 height=\x226\
4\x22 version=\x221.1\x22\
 viewBox=\x220 0 64\
 64\x22 xmlns=\x22http\
://www.w3.org/20\
00/svg\x22 xmlns:cc\
=\x22http://creativ\
ecommons.org/ns#\
\x22 xmlns:dc=\x22http\
://purl.org/dc/e\
lements/1.1/\x22 xm\
lns:rdf=\x22http://\
www.w3.org/1999/\
02/22-rdf-syntax\
-ns#\x22>\x0d\x0a <metada\
ta>\x0d\x0a  <rdf:RDF>\
\x0d\x0a   <cc:Work rd\
f:about=\x22\x22>\x0d\x0a   \
 <dc:format>imag\
e/svg+xml</dc:fo\
rmat>\x0d\x0a    <dc:t\
ype rdf:resource\
=\x22http://purl.or\
g/dc/dcmitype/St\
illImage\x22/>\x0d\x0a   \
 <dc:title/>\x0d\x0a  \
 </cc:Work>\x0d\x0a  <\
/rdf:RDF>\x0d\x0a </me\
tadata>\x0d\x0a <g tra\
nsform=\x22translat\
e(0 -988.86)\x22 fi\
ll=\x22none\x22 stroke\
=\x22#d1cbc9\x22 strok\
e-width=\x226\x22>\x0d\x0a  \
<path d=\x22m16 102\
8.4v-20c0-8 4-12\
 16-12s16 4 16 1\
2v20c0 8-4 17-16\
 17s-16-9-16-17z\
\x22/>\x0d\x0a  <path d=\x22\
m32 1004.4v12\x22/>\
\x0d\x0a </g>\x0d\x0a <g tra\
nsform=\x22matrix(1\
.0445 0 0 -1.041\
9 33.453 32.04)\x22\
 stroke=\x22#d1cbc9\
\x22 stroke-linecap\
=\x22round\x22 stroke-\
linejoin=\x22round\x22\
 stroke-width=\x225\
.7517\x22>\x0d\x0a  <g tr\
ansform=\x22scale(1\
,-1)\x22 fill=\x22none\
\x22 stroke=\x22#d1cbc\
9\x22 stroke-lineca\
p=\x22round\x22 stroke\
-linejoin=\x22round\
\x22 stroke-width=\x22\
5.7517\x22>\x0d\x0a   <pa\
th d=\x22m13.917 7.\
4999c-0.454-2.66\
66-1.713-5.2777-\
3.917-7.4999 2.2\
038-2.2224 3.463\
1-4.8335 3.9168-\
7.5001\x22 stroke=\x22\
#d1cbc9\x22 stroke-\
linecap=\x22round\x22 \
stroke-linejoin=\
\x22round\x22 stroke-w\
idth=\x225.7517\x22/>\x0d\
\x0a  </g>\x0d\x0a </g>\x0d\x0a\
</svg>\x0d\x0a\
\x00\x00\x08\xd4\
<\
?xml version=\x221.\
0\x22 encoding=\x22UTF\
-8\x22 standalone=\x22\
no\x22?>\x0d\x0a<!-- Crea\
ted with Inkscap\
e (http://www.in\
kscape.org/) -->\
\x0d\x0a<svg id=\x22svg41\
99\x22 xmlns:rdf=\x22h\
ttp://www.w3.org\
/1999/02/22-rdf-\
syntax-ns#\x22 xmln\
s=\x22http://www.w3\
.org/2000/svg\x22 h\
eight=\x2264\x22 width\
=\x2264\x22 version=\x221\
.1\x22 xmlns:cc=\x22ht\
tp://creativecom\
mons.org/ns#\x22 xm\
lns:dc=\x22http://p\
url.org/dc/eleme\
nts/1.1/\x22 viewBo\
x=\x220 0 64 64.000\
001\x22>\x0d\x0a <metadat\
a id=\x22metadata42\
04\x22>\x0d\x0a  <rdf:RDF\
>\x0d\x0a   <cc:Work r\
df:about=\x22\x22>\x0d\x0a  \
  <dc:format>ima\
ge/svg+xml</dc:f\
ormat>\x0d\x0a    <dc:\
type rdf:resourc\
e=\x22http://purl.o\
rg/dc/dcmitype/S\
tillImage\x22/>\x0d\x0a  \
  <dc:title/>\x0d\x0a \
  </cc:Work>\x0d\x0a  \
</rdf:RDF>\x0d\x0a </m\
etadata>\x0d\x0a <g id\
=\x22layer1\x22 transf\
orm=\x22translate(0\
 -988.36)\x22>\x0d\x0a  <\
g fill-rule=\x22eve\
nodd\x22>\x0d\x0a   <rect\
 id=\x22rect4151\x22 s\
tyle=\x22color:#000\
000\x22 ry=\x2210\x22 hei\
ght=\x2256\x22 width=\x22\
58\x22 y=\x22992.36\x22 x\
=\x223\x22 fill=\x22#eeee\
ec\x22/>\x0d\x0a   <g str\
oke=\x22#2e3436\x22>\x0d\x0a\
    <path id=\x22pa\
th4153\x22 d=\x22m20.9\
23 1033.6v-13.84\
6c0-5.5385 2.769\
2-8.6538 11.077-\
8.6538 8.3077 0 \
11.077 3.1153 11\
.077 8.6538v13.8\
46c0 5.5384-2.76\
92 12.115-11.077\
 12.115-8.3077 0\
-11.077-6.577-11\
.077-12.115z\x22 st\
roke-width=\x221.38\
46\x22 fill=\x22#fff\x22/\
>\x0d\x0a    <path id=\
\x22path4155\x22 d=\x22m2\
1.615 1021.8c-0.\
096-6.9 1.017-10\
.1 10.385-10.1v1\
0.038z\x22 stroke-w\
idth=\x22.34615\x22 fi\
ll=\x22#fff\x22/>\x0d\x0a   \
 <path id=\x22path4\
157\x22 d=\x22m42.385 \
1021.8c0.096-6.9\
-1.017-10.1-10.3\
85-10.1v10.038z\x22\
 stroke-width=\x22.\
34615\x22 fill=\x22#72\
9fcf\x22/>\x0d\x0a   </g>\
\x0d\x0a  </g>\x0d\x0a  <g s\
troke=\x22#2e3436\x22>\
\x0d\x0a   <path id=\x22p\
ath4159\x22 d=\x22m32 \
1022.5v-11.423\x22 \
stroke-width=\x221.\
3846\x22 fill=\x22none\
\x22/>\x0d\x0a   <path id\
=\x22path4161\x22 d=\x22m\
20.923 1022.5h22\
.154\x22 stroke-wid\
th=\x221.3846\x22 fill\
=\x22none\x22/>\x0d\x0a   <r\
ect id=\x22rect4163\
\x22 height=\x2212.462\
\x22 stroke-linecap\
=\x22round\x22 stroke-\
width=\x221.1077\x22 f\
ill=\x22#fff\x22 style\
=\x22color:#000000\x22\
 fill-rule=\x22even\
odd\x22 ry=\x222.4231\x22\
 width=\x225.5385\x22 \
y=\x221016.2\x22 x=\x2229\
.231\x22/>\x0d\x0a  </g>\x0d\
\x0a  <g id=\x22g5846\x22\
 transform=\x22tran\
slate(-.50298 .3\
4070)\x22 stroke=\x22#\
2e3436\x22 stroke-l\
inecap=\x22round\x22 s\
troke-width=\x221.3\
\x22 fill=\x22none\x22>\x0d\x0a\
   <path id=\x22pat\
h5814\x22 stroke-li\
nejoin=\x22round\x22 d\
=\x22m19 1005.4 3-8\
 3 8\x22/>\x0d\x0a   <pat\
h id=\x22path5816\x22 \
d=\x22m20 1003.4h4\x22\
/>\x0d\x0a   <path id=\
\x22path5818\x22 strok\
e-linejoin=\x22roun\
d\x22 d=\x22m32 1005.4\
h-4v-8\x22/>\x0d\x0a   <g\
>\x0d\x0a    <path id=\
\x22path5820\x22 d=\x22m3\
3 997.36h6\x22/>\x0d\x0a \
   <path id=\x22pat\
h5822\x22 d=\x22m36 99\
7.36v8\x22/>\x0d\x0a    <\
path id=\x22path582\
6\x22 d=\x22m40 1002.4\
h6\x22/>\x0d\x0a    <path\
 id=\x22path5828\x22 d\
=\x22m43 999.36v6\x22/\
>\x0d\x0a   </g>\x0d\x0a  </\
g>\x0d\x0a </g>\x0d\x0a</svg\
>\x0d\x0a\
\x00\x00\x066\
<\
?xml version=\x221.\
0\x22 encoding=\x22UTF\
-8\x22 standalone=\x22\
no\x22?>\x0d\x0a<!-- Crea\
ted with Inkscap\
e (http://www.in\
kscape.org/) -->\
\x0d\x0a<svg id=\x22svg41\
99\x22 xmlns:rdf=\x22h\
ttp://www.w3.org\
/1999/02/22-rdf-\
syntax-ns#\x22 xmln\
s=\x22http://www.w3\
.org/2000/svg\x22 h\
eight=\x2264\x22 width\
=\x2264\x22 version=\x221\
.1\x22 xmlns:cc=\x22ht\
tp://creativecom\
mons.org/ns#\x22 xm\
lns:dc=\x22http://p\
url.org/dc/eleme\
nts/1.1/\x22 viewBo\
x=\x220 0 64.000001\
 64.000001\x22>\x0d\x0a <\
metadata id=\x22met\
adata4204\x22>\x0d\x0a  <\
rdf:RDF>\x0d\x0a   <cc\
:Work rdf:about=\
\x22\x22>\x0d\x0a    <dc:for\
mat>image/svg+xm\
l</dc:format>\x0d\x0a \
   <dc:type rdf:\
resource=\x22http:/\
/purl.org/dc/dcm\
itype/StillImage\
\x22/>\x0d\x0a    <dc:tit\
le/>\x0d\x0a   </cc:Wo\
rk>\x0d\x0a  </rdf:RDF\
>\x0d\x0a </metadata>\x0d\
\x0a <g id=\x22layer1\x22\
 transform=\x22tran\
slate(0 -988.36)\
\x22>\x0d\x0a  <rect id=\x22\
rect4140\x22 style=\
\x22color:#000000\x22 \
fill-rule=\x22eveno\
dd\x22 ry=\x2210\x22 heig\
ht=\x2256\x22 width=\x225\
6\x22 y=\x22992.36\x22 x=\
\x224\x22 fill=\x22#eeeee\
c\x22/>\x0d\x0a  <g id=\x22l\
ayer1-7\x22 fill=\x22#\
729fcf\x22 transfor\
m=\x22translate(-1.\
2837e-7 -.000018\
607)\x22>\x0d\x0a   <g id\
=\x22g4281\x22 fill=\x22#\
729fcf\x22 transfor\
m=\x22matrix(0.5 0 \
0 0.5 20.237 506\
.39)\x22>\x0d\x0a    <ell\
ipse id=\x22path305\
9\x22 rx=\x225.7143\x22 r\
y=\x225.625\x22 transf\
orm=\x22matrix(2.62\
5 0 0 2.6667 -17\
.723 791.04)\x22 cy\
=\x2288.839\x22 cx=\x2215\
.714\x22 fill=\x22#729\
fcf\x22/>\x0d\x0a   </g>\x0d\
\x0a  </g>\x0d\x0a  <g id\
=\x22g4138\x22 transfo\
rm=\x22matrix(.5610\
4 0 0 -.55886 14\
.047 1590.6)\x22 st\
roke=\x22#eeeeec\x22 s\
troke-width=\x222.8\
574\x22 fill=\x22#729f\
cf\x22>\x0d\x0a   <g id=\x22\
g4140\x22 transform\
=\x22matrix(0.5 0 0\
 0.5 20.237 506.\
39)\x22 stroke=\x22#ee\
eeec\x22 stroke-wid\
th=\x225.7148\x22 fill\
=\x22#729fcf\x22>\x0d\x0a   \
 <ellipse id=\x22el\
lipse4142\x22 rx=\x225\
.7143\x22 transform\
=\x22matrix(2.625 0\
 0 2.6667 -17.72\
3 791.04)\x22 strok\
e=\x22#eeeeec\x22 ry=\x22\
5.625\x22 cy=\x2288.83\
9\x22 cx=\x2215.714\x22 s\
troke-width=\x222.1\
6\x22 fill=\x22#729fcf\
\x22/>\x0d\x0a   </g>\x0d\x0a  \
</g>\x0d\x0a </g>\x0d\x0a</s\
vg>\x0d\x0a\
\x00\x00\x0a@\
<\
?xml version=\x221.\
0\x22 encoding=\x22UTF\
-8\x22 standalone=\x22\
no\x22?>\x0d\x0a<!-- Crea\
ted with Inkscap\
e (http://www.in\
kscape.org/) -->\
\x0d\x0a<svg id=\x22svg41\
99\x22 xmlns:rdf=\x22h\
ttp://www.w3.org\
/1999/02/22-rdf-\
syntax-ns#\x22 xmln\
s=\x22http://www.w3\
.org/2000/svg\x22 x\
mlns:osb=\x22http:/\
/www.openswatchb\
ook.org/uri/2009\
/osb\x22 height=\x2264\
\x22 width=\x2264\x22 ver\
sion=\x221.1\x22 xmlns\
:cc=\x22http://crea\
tivecommons.org/\
ns#\x22 xmlns:xlink\
=\x22http://www.w3.\
org/1999/xlink\x22 \
viewBox=\x220 0 64.\
000001 64.000001\
\x22 xmlns:dc=\x22http\
://purl.org/dc/e\
lements/1.1/\x22>\x0d\x0a\
 <defs id=\x22defs4\
201\x22>\x0d\x0a  <radial\
Gradient id=\x22rad\
ialGradient4373\x22\
 gradientUnits=\x22\
userSpaceOnUse\x22 \
cy=\x221026.8\x22 cx=\x22\
33.81\x22 gradientT\
ransform=\x22matrix\
(.90441 -.42666 \
.78339 1.6606 -8\
02.48 -664.03)\x22 \
r=\x2211.356\x22>\x0d\x0a   \
<stop id=\x22stop43\
67\x22 stop-color=\x22\
#8ae234\x22 offset=\
\x220\x22/>\x0d\x0a   <stop \
id=\x22stop4369\x22 st\
op-color=\x22#8ae23\
4\x22 stop-opacity=\
\x220\x22 offset=\x221\x22/>\
\x0d\x0a  </radialGrad\
ient>\x0d\x0a </defs>\x0d\
\x0a <metadata id=\x22\
metadata4204\x22>\x0d\x0a\
  <rdf:RDF>\x0d\x0a   \
<cc:Work rdf:abo\
ut=\x22\x22>\x0d\x0a    <dc:\
format>image/svg\
+xml</dc:format>\
\x0d\x0a    <dc:type r\
df:resource=\x22htt\
p://purl.org/dc/\
dcmitype/StillIm\
age\x22/>\x0d\x0a    <dc:\
title/>\x0d\x0a   </cc\
:Work>\x0d\x0a  </rdf:\
RDF>\x0d\x0a </metadat\
a>\x0d\x0a <g id=\x22laye\
r1\x22 transform=\x22t\
ranslate(0 -988.\
36)\x22>\x0d\x0a  <rect i\
d=\x22rect4140\x22 sty\
le=\x22color:#00000\
0\x22 fill-rule=\x22ev\
enodd\x22 ry=\x2210\x22 h\
eight=\x2256\x22 width\
=\x2256\x22 y=\x22992.36\x22\
 x=\x224\x22 fill=\x22#ee\
eeec\x22/>\x0d\x0a  <g id\
=\x22g4383\x22 transfo\
rm=\x22translate(-.\
056787 -2.4616)\x22\
>\x0d\x0a   <path id=\x22\
path4317\x22 d=\x22m23\
.562 1007.7s2.55\
37 8.4857 4.7478\
 12.29c2.5316 4.\
3896 9.5304 11.8\
44 9.5304 11.844\
\x22 stroke=\x22url(#r\
adialGradient437\
3)\x22 stroke-width\
=\x2210\x22 fill=\x22none\
\x22/>\x0d\x0a   <g id=\x22g\
4348\x22 fill=\x22#729\
fcf\x22 transform=\x22\
translate(49.333\
 10.148)\x22>\x0d\x0a    \
<g id=\x22g4350\x22 tr\
ansform=\x22transla\
te(-43.493 1.351\
2)\x22>\x0d\x0a     <g id\
=\x22g4352\x22 fill=\x22#\
729fcf\x22 transfor\
m=\x22matrix(0.5 0 \
0 0.5 20.237 506\
.39)\x22>\x0d\x0a      <e\
llipse id=\x22ellip\
se4354\x22 rx=\x225.71\
43\x22 transform=\x22m\
atrix(2.625 0 0 \
2.6667 -17.723 7\
91.04)\x22 ry=\x225.62\
5\x22 cy=\x2288.839\x22 c\
x=\x2215.714\x22 fill=\
\x22#729fcf\x22/>\x0d\x0a   \
  </g>\x0d\x0a    </g>\
\x0d\x0a    <g id=\x22g43\
56\x22 transform=\x22m\
atrix(.56104 0 0\
 -.55886 -29.446\
 1592)\x22 stroke=\x22\
#eeeeec\x22 stroke-\
width=\x222.8574\x22>\x0d\
\x0a     <g id=\x22g43\
58\x22 transform=\x22m\
atrix(0.5 0 0 0.\
5 20.237 506.39)\
\x22 stroke=\x22#eeeee\
c\x22 stroke-width=\
\x225.7148\x22 fill=\x22#\
729fcf\x22>\x0d\x0a      \
<ellipse id=\x22ell\
ipse4360\x22 rx=\x225.\
7143\x22 ry=\x225.625\x22\
 stroke=\x22#eeeeec\
\x22 transform=\x22mat\
rix(2.625 0 0 2.\
6667 -17.723 791\
.04)\x22 cy=\x2288.839\
\x22 cx=\x2215.714\x22 st\
roke-width=\x222.16\
\x22 fill=\x22#729fcf\x22\
/>\x0d\x0a     </g>\x0d\x0a \
   </g>\x0d\x0a   </g>\
\x0d\x0a  </g>\x0d\x0a  <g i\
d=\x22g4393\x22 transf\
orm=\x22translate(.\
40006 -.62946)\x22 \
stroke=\x22#2e3436\x22\
 stroke-width=\x221\
.6\x22 fill=\x22none\x22>\
\x0d\x0a   <path id=\x22p\
ath4375\x22 d=\x22m13.\
593 1017.9s2.058\
3 5.1195 3.5166 \
7.4444c2.507 4 8\
.89 11.1 8.89 11\
.1\x22/>\x0d\x0a   <path \
id=\x22path4381\x22 d=\
\x22m24 1029.4 2 7-\
7-3\x22/>\x0d\x0a  </g>\x0d\x0a\
 </g>\x0d\x0a</svg>\x0d\x0a\
\x00\x00\x0b\xe2\
<\
?xml version=\x221.\
0\x22 encoding=\x22UTF\
-8\x22 standalone=\x22\
no\x22?>\x0d\x0a<!-- Crea\
ted with Inkscap\
e (http://www.in\
kscape.org/) -->\
\x0d\x0a<svg id=\x22svg41\
99\x22 xmlns:rdf=\x22h\
ttp://www.w3.org\
/1999/02/22-rdf-\
syntax-ns#\x22 xmln\
s=\x22http://www.w3\
.org/2000/svg\x22 x\
mlns:osb=\x22http:/\
/www.openswatchb\
ook.org/uri/2009\
/osb\x22 height=\x2264\
\x22 width=\x2264\x22 ver\
sion=\x221.1\x22 xmlns\
:cc=\x22http://crea\
tivecommons.org/\
ns#\x22 xmlns:xlink\
=\x22http://www.w3.\
org/1999/xlink\x22 \
viewBox=\x220 0 64.\
000001 64.000001\
\x22 xmlns:dc=\x22http\
://purl.org/dc/e\
lements/1.1/\x22>\x0d\x0a\
 <defs id=\x22defs4\
201\x22>\x0d\x0a  <radial\
Gradient id=\x22rad\
ialGradient4373\x22\
 cx=\x2233.81\x22 grad\
ientUnits=\x22userS\
paceOnUse\x22 cy=\x221\
026.8\x22 r=\x2211.356\
\x22 gradientTransf\
orm=\x22matrix(.904\
41 -.42666 .7833\
9 1.6606 -802.48\
 -664.03)\x22>\x0d\x0a   \
<stop id=\x22stop43\
67\x22 stop-color=\x22\
#8ae234\x22 offset=\
\x220\x22/>\x0d\x0a   <stop \
id=\x22stop4369\x22 st\
op-color=\x22#8ae23\
4\x22 stop-opacity=\
\x220\x22 offset=\x221\x22/>\
\x0d\x0a  </radialGrad\
ient>\x0d\x0a </defs>\x0d\
\x0a <metadata id=\x22\
metadata4204\x22>\x0d\x0a\
  <rdf:RDF>\x0d\x0a   \
<cc:Work rdf:abo\
ut=\x22\x22>\x0d\x0a    <dc:\
format>image/svg\
+xml</dc:format>\
\x0d\x0a    <dc:type r\
df:resource=\x22htt\
p://purl.org/dc/\
dcmitype/StillIm\
age\x22/>\x0d\x0a    <dc:\
title/>\x0d\x0a   </cc\
:Work>\x0d\x0a  </rdf:\
RDF>\x0d\x0a </metadat\
a>\x0d\x0a <g id=\x22laye\
r1\x22 transform=\x22t\
ranslate(0 -988.\
36)\x22>\x0d\x0a  <rect i\
d=\x22rect4140-5\x22 s\
tyle=\x22color:#000\
000\x22 fill-rule=\x22\
evenodd\x22 ry=\x2210\x22\
 height=\x2256\x22 wid\
th=\x2256\x22 y=\x22992.3\
6\x22 x=\x224\x22 fill=\x22#\
eeeeec\x22/>\x0d\x0a  <g \
id=\x22g4383\x22 trans\
form=\x22translate(\
1.5573 1.0572)\x22>\
\x0d\x0a   <path id=\x22p\
ath4317\x22 d=\x22m23.\
562 1007.7s2.553\
7 8.4857 4.7478 \
12.29c2.5316 4.3\
896 9.5304 11.84\
4 9.5304 11.844\x22\
 stroke=\x22url(#ra\
dialGradient4373\
)\x22 stroke-width=\
\x2210\x22 fill=\x22none\x22\
/>\x0d\x0a   <g id=\x22g4\
348\x22 fill=\x22#729f\
cf\x22 transform=\x22t\
ranslate(49.333 \
10.148)\x22>\x0d\x0a    <\
g id=\x22g4350\x22 tra\
nsform=\x22translat\
e(-43.493 1.3512\
)\x22>\x0d\x0a     <g id=\
\x22g4352\x22 fill=\x22#7\
29fcf\x22 transform\
=\x22matrix(0.5 0 0\
 0.5 20.237 506.\
39)\x22>\x0d\x0a      <el\
lipse id=\x22ellips\
e4354\x22 rx=\x225.714\
3\x22 transform=\x22ma\
trix(2.625 0 0 2\
.6667 -17.723 79\
1.04)\x22 ry=\x225.625\
\x22 cy=\x2288.839\x22 cx\
=\x2215.714\x22 fill=\x22\
#729fcf\x22/>\x0d\x0a    \
 </g>\x0d\x0a    </g>\x0d\
\x0a    <g id=\x22g435\
6\x22 transform=\x22ma\
trix(.56104 0 0 \
-.55886 -29.446 \
1592)\x22 stroke=\x22#\
eeeeec\x22 stroke-w\
idth=\x222.8574\x22>\x0d\x0a\
     <g id=\x22g435\
8\x22 transform=\x22ma\
trix(0.5 0 0 0.5\
 20.237 506.39)\x22\
 stroke=\x22#eeeeec\
\x22 stroke-width=\x22\
5.7148\x22 fill=\x22#7\
29fcf\x22>\x0d\x0a      <\
ellipse id=\x22elli\
pse4360\x22 rx=\x225.7\
143\x22 ry=\x225.625\x22 \
stroke=\x22#eeeeec\x22\
 transform=\x22matr\
ix(2.625 0 0 2.6\
667 -17.723 791.\
04)\x22 cy=\x2288.839\x22\
 cx=\x2215.714\x22 str\
oke-width=\x222.16\x22\
 fill=\x22#729fcf\x22/\
>\x0d\x0a     </g>\x0d\x0a  \
  </g>\x0d\x0a   </g>\x0d\
\x0a  </g>\x0d\x0a  <g id\
=\x22g4393\x22 transfo\
rm=\x22translate(2.\
0142 2.8894)\x22 st\
roke=\x22#2e3436\x22 s\
troke-width=\x221.6\
\x22 fill=\x22none\x22>\x0d\x0a\
   <path id=\x22pat\
h4375\x22 d=\x22m13.59\
3 1017.9s2.0583 \
5.1195 3.5166 7.\
4444c2.507 4 8.8\
9 11.1 8.89 11.1\
\x22/>\x0d\x0a   <path id\
=\x22path4381\x22 d=\x22m\
24 1029.4 2 7-7-\
3\x22/>\x0d\x0a  </g>\x0d\x0a  \
<g>\x0d\x0a   <circle \
id=\x22path8939\x22 cx\
=\x2224\x22 stroke=\x22#7\
29fcf\x22 cy=\x221007.\
4\x22 r=\x226.3\x22 strok\
e-dasharray=\x222,2\
\x22 stroke-width=\x22\
2\x22 fill=\x22none\x22/>\
\x0d\x0a   <circle id=\
\x22path5274\x22 strok\
e-linejoin=\x22beve\
l\x22 cx=\x2246\x22 strok\
e-linecap=\x22round\
\x22 stroke=\x22#2e343\
6\x22 cy=\x221007.4\x22 r\
=\x227.5\x22 stroke-wi\
dth=\x221.2\x22 fill=\x22\
#fff\x22/>\x0d\x0a   <pat\
h id=\x22path4350\x22 \
stroke-linejoin=\
\x22round\x22 d=\x22m46 1\
001.4v6l3.8648-2\
.9168\x22 stroke=\x22#\
2e3436\x22 stroke-w\
idth=\x221.6\x22 fill=\
\x22none\x22/>\x0d\x0a  </g>\
\x0d\x0a </g>\x0d\x0a</svg>\x0d\
\x0a\
\x00\x00\x03l\
<\
?xml version=\x221.\
0\x22 encoding=\x22UTF\
-8\x22 standalone=\x22\
no\x22?>\x0d\x0a<!-- Crea\
ted with Inkscap\
e (http://www.in\
kscape.org/) -->\
\x0d\x0a<svg id=\x22svg2\x22\
 xmlns:rdf=\x22http\
://www.w3.org/19\
99/02/22-rdf-syn\
tax-ns#\x22 xmlns=\x22\
http://www.w3.or\
g/2000/svg\x22 heig\
ht=\x2264\x22 width=\x226\
4\x22 version=\x221.1\x22\
 xmlns:cc=\x22http:\
//creativecommon\
s.org/ns#\x22 xmlns\
:dc=\x22http://purl\
.org/dc/elements\
/1.1/\x22 viewBox=\x22\
0 0 63.999999 63\
.999999\x22>\x0d\x0a <met\
adata id=\x22metada\
ta7\x22>\x0d\x0a  <rdf:RD\
F>\x0d\x0a   <cc:Work \
rdf:about=\x22\x22>\x0d\x0a \
   <dc:format>im\
age/svg+xml</dc:\
format>\x0d\x0a    <dc\
:type rdf:resour\
ce=\x22http://purl.\
org/dc/dcmitype/\
StillImage\x22/>\x0d\x0a \
   <dc:title/>\x0d\x0a\
   </cc:Work>\x0d\x0a \
 </rdf:RDF>\x0d\x0a </\
metadata>\x0d\x0a <g i\
d=\x22layer1\x22 trans\
form=\x22translate(\
0 -988.36)\x22 stro\
ke=\x22#2e3436\x22 str\
oke-width=\x226\x22 fi\
ll=\x22none\x22>\x0d\x0a  <p\
ath id=\x22path4144\
\x22 d=\x22m16 1028.4v\
-20c0-8 4-12 16-\
12s16 4 16 12v20\
c0 8-4 17-16 17s\
-16-9-16-17z\x22/>\x0d\
\x0a  <path id=\x22pat\
h4209\x22 d=\x22m32 10\
04.4v12\x22/>\x0d\x0a </g\
>\x0d\x0a</svg>\x0d\x0a\
\x00\x00\x0d>\
<\
?xml version=\x221.\
0\x22 encoding=\x22UTF\
-8\x22 standalone=\x22\
no\x22?>\x0d\x0a<!-- Crea\
ted with Inkscap\
e (http://www.in\
kscape.org/) -->\
\x0d\x0a<svg id=\x22svg41\
99\x22 xmlns:rdf=\x22h\
ttp://www.w3.org\
/1999/02/22-rdf-\
syntax-ns#\x22 xmln\
s=\x22http://www.w3\
.org/2000/svg\x22 h\
eight=\x2264\x22 width\
=\x2264\x22 version=\x221\
.1\x22 xmlns:cc=\x22ht\
tp://creativecom\
mons.org/ns#\x22 xm\
lns:dc=\x22http://p\
url.org/dc/eleme\
nts/1.1/\x22 viewBo\
x=\x220 0 64 64.000\
001\x22>\x0d\x0a <metadat\
a id=\x22metadata42\
04\x22>\x0d\x0a  <rdf:RDF\
>\x0d\x0a   <cc:Work r\
df:about=\x22\x22>\x0d\x0a  \
  <dc:format>ima\
ge/svg+xml</dc:f\
ormat>\x0d\x0a    <dc:\
type rdf:resourc\
e=\x22http://purl.o\
rg/dc/dcmitype/S\
tillImage\x22/>\x0d\x0a  \
  <dc:title/>\x0d\x0a \
  </cc:Work>\x0d\x0a  \
</rdf:RDF>\x0d\x0a </m\
etadata>\x0d\x0a <g id\
=\x22layer1\x22 transf\
orm=\x22translate(0\
 -988.36)\x22>\x0d\x0a  <\
rect id=\x22rect415\
1\x22 style=\x22color:\
#000000\x22 fill-ru\
le=\x22evenodd\x22 ry=\
\x2210\x22 height=\x2256\x22\
 width=\x2258\x22 y=\x229\
92.36\x22 x=\x223\x22 fil\
l=\x22#eeeeec\x22/>\x0d\x0a \
 <g fill-rule=\x22e\
venodd\x22 stroke=\x22\
#2e3436\x22 fill=\x22#\
fff\x22>\x0d\x0a   <path \
id=\x22path4153\x22 d=\
\x22m20.923 1033.6v\
-13.846c0-5.5385\
 2.7692-8.6538 1\
1.077-8.6538 8.3\
077 0 11.077 3.1\
153 11.077 8.653\
8v13.846c0 5.538\
4-2.7692 12.115-\
11.077 12.115-8.\
3077 0-11.077-6.\
577-11.077-12.11\
5z\x22 stroke-width\
=\x221.3846\x22/>\x0d\x0a   \
<path id=\x22path41\
55\x22 d=\x22m21.615 1\
021.8c-0.096-6.9\
 1.017-10.1 10.3\
85-10.1v10.038z\x22\
 stroke-width=\x22.\
34615\x22/>\x0d\x0a   <pa\
th id=\x22path4157\x22\
 d=\x22m42.385 1021\
.8c0.096-6.9-1.0\
17-10.1-10.385-1\
0.1v10.038z\x22 str\
oke-width=\x22.3461\
5\x22/>\x0d\x0a  </g>\x0d\x0a  \
<g stroke=\x22#2e34\
36\x22>\x0d\x0a   <path i\
d=\x22path4159\x22 d=\x22\
m32 1022.5v-11.4\
23\x22 stroke-width\
=\x221.3846\x22 fill=\x22\
none\x22/>\x0d\x0a   <pat\
h id=\x22path4161\x22 \
d=\x22m20.923 1022.\
5h22.154\x22 stroke\
-width=\x221.3846\x22 \
fill=\x22none\x22/>\x0d\x0a \
  <rect id=\x22rect\
4163\x22 height=\x2212\
.462\x22 stroke-lin\
ecap=\x22round\x22 str\
oke-width=\x221.107\
7\x22 fill=\x22#729fcf\
\x22 style=\x22color:#\
000000\x22 fill-rul\
e=\x22evenodd\x22 ry=\x22\
2.4231\x22 width=\x225\
.5385\x22 y=\x221016.2\
\x22 x=\x2229.231\x22/>\x0d\x0a\
  </g>\x0d\x0a  <g id=\
\x22g5273\x22 transfor\
m=\x22translate(-.5\
8217 .09996)\x22 st\
roke=\x22#2e3436\x22>\x0d\
\x0a   <g stroke-wi\
dth=\x220.4\x22 fill=\x22\
#2e3436\x22>\x0d\x0a    <\
path id=\x22path436\
0\x22 d=\x22m19.091 99\
6.82t1.8677 0q0.\
45166 0 0.45166 \
0.4577 0 0.4639-\
0.48828 0.4639h-\
1.8372q-0.5127 0\
-0.99487 0.4455-\
0.36621 0.3418-0\
.36621 0.9156v4.\
6631q0 0.5737 0.\
38452 0.9887 0.4\
0283 0.4273 0.83\
618 0.4273h2.050\
8q0.43945 0 0.43\
945 0.4455 0 0.4\
212-0.44556 0.42\
12h-2.0813q-0.84\
229 0-1.5747-0.8\
118-0.50049-0.55\
54-0.50049-1.422\
1v-4.7791q0-0.91\
55 0.72022-1.593\
 0.65918-0.6225 \
1.5381-0.6225z\x22/\
>\x0d\x0a    <path id=\
\x22path4362\x22 d=\x22m2\
2.656 997.24q0-0\
.4211 0.53711-0.\
4211h4.5227q0.43\
945 0 0.43945 0.\
4394 0 0.4456-0.\
42725 0.4456h-1.\
8738v7.8796q0 0.\
4822-0.44556 0.4\
822t-0.44556-0.4\
7v-7.8918h-1.782\
2q-0.5249 0-0.52\
49-0.4639z\x22/>\x0d\x0a \
   <path id=\x22pat\
h4364\x22 d=\x22m30.57\
2 1001.5t1.9958 \
0q0.63476 0 1.26\
95-0.6042 0.4943\
8-0.47 0.49438-1\
.3245 0-0.6469-0\
.53711-1.2024-0.\
56763-0.592-1.23\
29-0.592h-1.9897\
v3.7231zm-0.4211\
4-4.5959h2.4109q\
1.1169 0 2.0325 \
1.001 0.60425 0.\
6592 0.60425 1.5\
075 0 0.81794-0.\
30518 1.5381-0.3\
3569 0.7874-1.38\
55 1.2268l1.593 \
3.1311q0.09155 0\
.1892 0.09155 0.\
3113 0 0.4639-0.\
45166 0.4639-0.2\
3804 0-0.40894-0\
.3479l-1.709-3.3\
386h-2.0691v3.20\
43q0 0.4822-0.44\
556 0.4822-0.433\
35 0-0.43335-0.4\
883v-8.2214q0-0.\
47 0.47607-0.47z\
\x22/>\x0d\x0a    <path i\
d=\x22path4366\x22 d=\x22\
m37.615 997.32v7\
.8614h3.1799q0.5\
5542 0 0.55542 0\
.4455 0 0.4395-0\
.57373 0.4395h-3\
.6133q-0.43335 0\
-0.43335-0.5432v\
-8.2032q0-0.4699\
 0.43945-0.4699 \
0.44556 0 0.4455\
6 0.4699z\x22/>\x0d\x0a  \
 </g>\x0d\x0a   <path \
id=\x22path5826\x22 d=\
\x22m41.872 1002.4h\
6\x22 stroke-lineca\
p=\x22round\x22 stroke\
-width=\x221.3\x22 fil\
l=\x22none\x22/>\x0d\x0a   <\
path id=\x22path582\
8\x22 d=\x22m44.872 99\
9.42v6.0001\x22 str\
oke-linecap=\x22rou\
nd\x22 stroke-width\
=\x221.3\x22 fill=\x22non\
e\x22/>\x0d\x0a  </g>\x0d\x0a <\
/g>\x0d\x0a</svg>\x0d\x0a\
\x00\x00\x0a^\
<\
?xml version=\x221.\
0\x22 encoding=\x22UTF\
-8\x22 standalone=\x22\
no\x22?>\x0d\x0a<!-- Crea\
ted with Inkscap\
e (http://www.in\
kscape.org/) -->\
\x0d\x0a<svg id=\x22svg2\x22\
 xmlns:rdf=\x22http\
://www.w3.org/19\
99/02/22-rdf-syn\
tax-ns#\x22 xmlns=\x22\
http://www.w3.or\
g/2000/svg\x22 xmln\
s:osb=\x22http://ww\
w.openswatchbook\
.org/uri/2009/os\
b\x22 height=\x2264\x22 v\
iewBox=\x220 0 64 6\
4\x22 width=\x2264\x22 ve\
rsion=\x221.1\x22 xmln\
s:cc=\x22http://cre\
ativecommons.org\
/ns#\x22 xmlns:dc=\x22\
http://purl.org/\
dc/elements/1.1/\
\x22>\x0d\x0a <metadata i\
d=\x22metadata7\x22>\x0d\x0a\
  <rdf:RDF>\x0d\x0a   \
<cc:Work rdf:abo\
ut=\x22\x22>\x0d\x0a    <dc:\
format>image/svg\
+xml</dc:format>\
\x0d\x0a    <dc:type r\
df:resource=\x22htt\
p://purl.org/dc/\
dcmitype/StillIm\
age\x22/>\x0d\x0a    <dc:\
title/>\x0d\x0a   </cc\
:Work>\x0d\x0a  </rdf:\
RDF>\x0d\x0a </metadat\
a>\x0d\x0a <g id=\x22laye\
r1\x22 transform=\x22t\
ranslate(0 -988.\
36)\x22>\x0d\x0a  <ellips\
e id=\x22ellipse816\
6\x22 rx=\x2212\x22 ry=\x221\
2\x22 transform=\x22ro\
tate(74.789)\x22 cy\
=\x22214.74\x22 cx=\x2298\
0.37\x22 fill=\x22#2e3\
436\x22/>\x0d\x0a  <path \
id=\x22path4268\x22 st\
yle=\x22color:#0000\
00\x22 d=\x22m28.48 10\
42.5a17.03 17.03\
 0 0 1 -12.042 -\
4.988 17.03 17.0\
3 0 0 1 -4.988 -\
12.042\x22 stroke-w\
idth=\x220\x22 fill=\x22n\
one\x22/>\x0d\x0a  <g fil\
l=\x22#2e3436\x22>\x0d\x0a  \
 <ellipse id=\x22ci\
rcle4270\x22 rx=\x2212\
\x22 transform=\x22rot\
ate(74.789)\x22 ry=\
\x2212\x22 cy=\x22258.93\x22\
 cx=\x221005.7\x22/>\x0d\x0a\
   <path id=\x22pat\
h8184\x22 style=\x22co\
lor-rendering:au\
to;text-decorati\
on-color:#000000\
;color:#000000;f\
ont-variant-nume\
ric:normal;shape\
-rendering:auto;\
solid-color:#000\
000;text-decorat\
ion-line:none;fo\
nt-variant-posit\
ion:normal;mix-b\
lend-mode:normal\
;block-progressi\
on:tb;font-featu\
re-settings:norm\
al;shape-padding\
:0;font-variant-\
alternates:norma\
l;text-indent:0;\
font-variant-cap\
s:normal;image-r\
endering:auto;wh\
ite-space:normal\
;text-decoration\
-style:solid;fon\
t-variant-ligatu\
res:none;isolati\
on:auto;text-tra\
nsform:none\x22 d=\x22\
m31.98 2.0273v0.\
002c-7.595 0.005\
-15.19 2.8617-21\
 8.5667a5.0005 5\
.0005 0 1 0 7.00\
6 7.134c5.495-5.\
395 13.24-6.984 \
20.076-4.796a12 \
12 74.789 0 1 5.\
09 -8.7738c-3.57\
5-1.4233-7.374-2\
.1354-11.172-2.1\
329z\x22 fill-opaci\
ty=\x22.62745\x22 tran\
sform=\x22translate\
(0 988.36)\x22/>\x0d\x0a \
  <path id=\x22circ\
le8192\x22 style=\x22c\
olor-rendering:a\
uto;text-decorat\
ion-color:#00000\
0;color:#000000;\
font-variant-num\
eric:normal;shap\
e-rendering:auto\
;solid-color:#00\
0000;text-decora\
tion-line:none;f\
ont-variant-posi\
tion:normal;mix-\
blend-mode:norma\
l;block-progress\
ion:tb;font-feat\
ure-settings:nor\
mal;shape-paddin\
g:0;font-variant\
-alternates:norm\
al;text-indent:0\
;font-variant-ca\
ps:normal;image-\
rendering:auto;w\
hite-space:norma\
l;text-decoratio\
n-style:solid;fo\
nt-variant-ligat\
ures:none;isolat\
ion:auto;text-tr\
ansform:none\x22 d=\
\x22m49.529 44.699a\
5.0005 5.0005 0 \
0 0 -3.443 1.5c-\
5.495 5.451-13.2\
79 7.064-20.148 \
4.865a12 12 74.7\
89 0 1 -5.088 8.\
774c10.777 4.287\
 23.568 2.101 32\
.279-6.541a5.000\
5 5.0005 0 0 0 -\
3.6 -8.598z\x22 fil\
l-opacity=\x22.6274\
5\x22 transform=\x22tr\
anslate(0 988.36\
)\x22/>\x0d\x0a  </g>\x0d\x0a <\
/g>\x0d\x0a</svg>\x0d\x0a\
\x00\x00\x03\xbe\
<\
svg xmlns:rdf=\x22h\
ttp://www.w3.org\
/1999/02/22-rdf-\
syntax-ns#\x22 xmln\
s=\x22http://www.w3\
.org/2000/svg\x22 h\
eight=\x2264\x22 viewB\
ox=\x220 0 63.99999\
9 63.999999\x22 wid\
th=\x2264\x22 version=\
\x221.1\x22 xmlns:cc=\x22\
http://creativec\
ommons.org/ns#\x22 \
xmlns:dc=\x22http:/\
/purl.org/dc/ele\
ments/1.1/\x22>\x0d\x0a <\
g stroke=\x22#2e343\
6\x22 stroke-width=\
\x226\x22 fill=\x22none\x22 \
transform=\x22trans\
late(0 -988.86)\x22\
>\x0d\x0a  <path d=\x22m1\
6 1028.4v-20c0-8\
 4-12 16-12s16 4\
 16 12v20c0 8-4 \
17-16 17s-16-9-1\
6-17z\x22/>\x0d\x0a  <pat\
h d=\x22m32 1004.4v\
12\x22/>\x0d\x0a </g>\x0d\x0a <\
g stroke-linejoi\
n=\x22round\x22 transf\
orm=\x22matrix(1.04\
45 0 0 -1.0419 3\
3.453 32.04)\x22 st\
roke=\x22#2e3436\x22 s\
troke-linecap=\x22r\
ound\x22 stroke-wid\
th=\x225.7517\x22>\x0d\x0a  \
<g stroke-linejo\
in=\x22round\x22 trans\
form=\x22scale(1,-1\
)\x22 stroke=\x22#2e34\
36\x22 stroke-linec\
ap=\x22round\x22 strok\
e-width=\x225.7517\x22\
 fill=\x22none\x22>\x0d\x0a \
  <path stroke-l\
inejoin=\x22round\x22 \
d=\x22m13.917 7.499\
9c-0.454-2.6666-\
1.713-5.2777-3.9\
17-7.4999 2.2038\
-2.2224 3.4631-4\
.8335 3.9168-7.5\
001\x22 stroke=\x22#2e\
3436\x22 stroke-lin\
ecap=\x22round\x22 str\
oke-width=\x225.751\
7\x22/>\x0d\x0a  </g>\x0d\x0a <\
/g>\x0d\x0a</svg>\x0d\x0a\
\x00\x00\x0dW\
<\
?xml version=\x221.\
0\x22 encoding=\x22UTF\
-8\x22 standalone=\x22\
no\x22?>\x0d\x0a<!-- Crea\
ted with Inkscap\
e (http://www.in\
kscape.org/) -->\
\x0d\x0a<svg id=\x22svg41\
99\x22 xmlns:rdf=\x22h\
ttp://www.w3.org\
/1999/02/22-rdf-\
syntax-ns#\x22 xmln\
s=\x22http://www.w3\
.org/2000/svg\x22 h\
eight=\x2264\x22 width\
=\x2264\x22 version=\x221\
.1\x22 xmlns:cc=\x22ht\
tp://creativecom\
mons.org/ns#\x22 xm\
lns:dc=\x22http://p\
url.org/dc/eleme\
nts/1.1/\x22 viewBo\
x=\x220 0 64 64.000\
001\x22>\x0d\x0a <metadat\
a id=\x22metadata42\
04\x22>\x0d\x0a  <rdf:RDF\
>\x0d\x0a   <cc:Work r\
df:about=\x22\x22>\x0d\x0a  \
  <dc:format>ima\
ge/svg+xml</dc:f\
ormat>\x0d\x0a    <dc:\
type rdf:resourc\
e=\x22http://purl.o\
rg/dc/dcmitype/S\
tillImage\x22/>\x0d\x0a  \
  <dc:title/>\x0d\x0a \
  </cc:Work>\x0d\x0a  \
</rdf:RDF>\x0d\x0a </m\
etadata>\x0d\x0a <g id\
=\x22layer1\x22 transf\
orm=\x22translate(0\
 -988.36)\x22>\x0d\x0a  <\
g fill-rule=\x22eve\
nodd\x22>\x0d\x0a   <rect\
 id=\x22rect4151\x22 s\
tyle=\x22color:#000\
000\x22 ry=\x2210\x22 hei\
ght=\x2256\x22 width=\x22\
58\x22 y=\x22992.36\x22 x\
=\x223\x22 fill=\x22#eeee\
ec\x22/>\x0d\x0a   <g str\
oke=\x22#2e3436\x22>\x0d\x0a\
    <path id=\x22pa\
th4153\x22 d=\x22m20.9\
23 1033.6v-13.84\
6c0-5.5385 2.769\
2-8.6538 11.077-\
8.6538 8.3077 0 \
11.077 3.1153 11\
.077 8.6538v13.8\
46c0 5.5384-2.76\
92 12.115-11.077\
 12.115-8.3077 0\
-11.077-6.577-11\
.077-12.115z\x22 st\
roke-width=\x221.38\
46\x22 fill=\x22#fff\x22/\
>\x0d\x0a    <path id=\
\x22path4155\x22 d=\x22m2\
1.615 1021.8c-0.\
096-6.9 1.017-10\
.1 10.385-10.1v1\
0.038z\x22 stroke-w\
idth=\x22.34615\x22 fi\
ll=\x22#729fcf\x22/>\x0d\x0a\
    <path id=\x22pa\
th4157\x22 d=\x22m42.3\
85 1021.8c0.096-\
6.9-1.017-10.1-1\
0.385-10.1v10.03\
8z\x22 stroke-width\
=\x22.34615\x22 fill=\x22\
#fff\x22/>\x0d\x0a   </g>\
\x0d\x0a  </g>\x0d\x0a  <g s\
troke=\x22#2e3436\x22>\
\x0d\x0a   <path id=\x22p\
ath4159\x22 d=\x22m32 \
1022.5v-11.423\x22 \
stroke-width=\x221.\
3846\x22 fill=\x22none\
\x22/>\x0d\x0a   <path id\
=\x22path4161\x22 d=\x22m\
20.923 1022.5h22\
.154\x22 stroke-wid\
th=\x221.3846\x22 fill\
=\x22none\x22/>\x0d\x0a   <r\
ect id=\x22rect4163\
\x22 height=\x2212.462\
\x22 stroke-linecap\
=\x22round\x22 stroke-\
width=\x221.1077\x22 f\
ill=\x22#fff\x22 style\
=\x22color:#000000\x22\
 fill-rule=\x22even\
odd\x22 ry=\x222.4231\x22\
 width=\x225.5385\x22 \
y=\x221016.2\x22 x=\x2229\
.231\x22/>\x0d\x0a  </g>\x0d\
\x0a  <g id=\x22g5273\x22\
 transform=\x22tran\
slate(-.58217 .0\
9996)\x22 stroke=\x22#\
2e3436\x22>\x0d\x0a   <g \
stroke-width=\x220.\
4\x22 fill=\x22#2e3436\
\x22>\x0d\x0a    <path id\
=\x22path4360\x22 d=\x22m\
19.091 996.82t1.\
8677 0q0.45166 0\
 0.45166 0.4577 \
0 0.4639-0.48828\
 0.4639h-1.8372q\
-0.5127 0-0.9948\
7 0.4455-0.36621\
 0.3418-0.36621 \
0.9156v4.6631q0 \
0.5737 0.38452 0\
.9887 0.40283 0.\
4273 0.83618 0.4\
273h2.0508q0.439\
45 0 0.43945 0.4\
455 0 0.4212-0.4\
4556 0.4212h-2.0\
813q-0.84229 0-1\
.5747-0.8118-0.5\
0049-0.5554-0.50\
049-1.4221v-4.77\
91q0-0.9155 0.72\
022-1.593 0.6591\
8-0.6225 1.5381-\
0.6225z\x22/>\x0d\x0a    \
<path id=\x22path43\
62\x22 d=\x22m22.656 9\
97.24q0-0.4211 0\
.53711-0.4211h4.\
5227q0.43945 0 0\
.43945 0.4394 0 \
0.4456-0.42725 0\
.4456h-1.8738v7.\
8796q0 0.4822-0.\
44556 0.4822t-0.\
44556-0.47v-7.89\
18h-1.7822q-0.52\
49 0-0.5249-0.46\
39z\x22/>\x0d\x0a    <pat\
h id=\x22path4364\x22 \
d=\x22m30.572 1001.\
5t1.9958 0q0.634\
76 0 1.2695-0.60\
42 0.49438-0.47 \
0.49438-1.3245 0\
-0.6469-0.53711-\
1.2024-0.56763-0\
.592-1.2329-0.59\
2h-1.9897v3.7231\
zm-0.42114-4.595\
9h2.4109q1.1169 \
0 2.0325 1.001 0\
.60425 0.6592 0.\
60425 1.5075 0 0\
.81794-0.30518 1\
.5381-0.33569 0.\
7874-1.3855 1.22\
68l1.593 3.1311q\
0.09155 0.1892 0\
.09155 0.3113 0 \
0.4639-0.45166 0\
.4639-0.23804 0-\
0.40894-0.3479l-\
1.709-3.3386h-2.\
0691v3.2043q0 0.\
4822-0.44556 0.4\
822-0.43335 0-0.\
43335-0.4883v-8.\
2214q0-0.47 0.47\
607-0.47z\x22/>\x0d\x0a  \
  <path id=\x22path\
4366\x22 d=\x22m37.615\
 997.32v7.8614h3\
.1799q0.55542 0 \
0.55542 0.4455 0\
 0.4395-0.57373 \
0.4395h-3.6133q-\
0.43335 0-0.4333\
5-0.5432v-8.2032\
q0-0.4699 0.4394\
5-0.4699 0.44556\
 0 0.44556 0.469\
9z\x22/>\x0d\x0a   </g>\x0d\x0a\
   <path id=\x22pat\
h5826\x22 d=\x22m41.87\
2 1002.4h6\x22 stro\
ke-linecap=\x22roun\
d\x22 stroke-width=\
\x221.3\x22 fill=\x22none\
\x22/>\x0d\x0a   <path id\
=\x22path5828\x22 d=\x22m\
44.872 999.42v6.\
0001\x22 stroke-lin\
ecap=\x22round\x22 str\
oke-width=\x221.3\x22 \
fill=\x22none\x22/>\x0d\x0a \
 </g>\x0d\x0a </g>\x0d\x0a</\
svg>\x0d\x0a\
\x00\x00\x07\x8a\
<\
?xml version=\x221.\
0\x22 encoding=\x22UTF\
-8\x22 standalone=\x22\
no\x22?>\x0d\x0a<!-- Crea\
ted with Inkscap\
e (http://www.in\
kscape.org/) -->\
\x0d\x0a<svg id=\x22svg2\x22\
 xmlns:rdf=\x22http\
://www.w3.org/19\
99/02/22-rdf-syn\
tax-ns#\x22 xmlns=\x22\
http://www.w3.or\
g/2000/svg\x22 heig\
ht=\x2264\x22 viewBox=\
\x220 0 63.999999 6\
3.999999\x22 width=\
\x2264\x22 version=\x221.\
1\x22 xmlns:cc=\x22htt\
p://creativecomm\
ons.org/ns#\x22 xml\
ns:dc=\x22http://pu\
rl.org/dc/elemen\
ts/1.1/\x22>\x0d\x0a <met\
adata id=\x22metada\
ta7\x22>\x0d\x0a  <rdf:RD\
F>\x0d\x0a   <cc:Work \
rdf:about=\x22\x22>\x0d\x0a \
   <dc:format>im\
age/svg+xml</dc:\
format>\x0d\x0a    <dc\
:type rdf:resour\
ce=\x22http://purl.\
org/dc/dcmitype/\
StillImage\x22/>\x0d\x0a \
   <dc:title/>\x0d\x0a\
   </cc:Work>\x0d\x0a \
 </rdf:RDF>\x0d\x0a </\
metadata>\x0d\x0a <g i\
d=\x22layer1-7\x22 tra\
nsform=\x22translat\
e(0 -988.86)\x22 st\
roke=\x22#2e3436\x22 s\
troke-width=\x226\x22 \
fill=\x22none\x22>\x0d\x0a  \
<path id=\x22path41\
44\x22 d=\x22m16 1028.\
4v-20c0-8 4-12 1\
6-12s16 4 16 12v\
20c0 8-4 17-16 1\
7s-16-9-16-17z\x22/\
>\x0d\x0a  <path id=\x22p\
ath4209\x22 d=\x22m32 \
1004.4v12\x22/>\x0d\x0a <\
/g>\x0d\x0a <g id=\x22Ort\
ho_0_-1\x22 stroke-\
linejoin=\x22round\x22\
 transform=\x22matr\
ix(-1.0445 0 0 -\
1.0419 30.547 32\
.04)\x22 stroke=\x22#2\
e3436\x22 stroke-li\
necap=\x22round\x22 st\
roke-width=\x225.75\
15\x22>\x0d\x0a  <g id=\x22g\
4192\x22 stroke-lin\
ejoin=\x22round\x22 tr\
ansform=\x22scale(1\
,-1)\x22 stroke=\x22#2\
e3436\x22 stroke-li\
necap=\x22round\x22 st\
roke-width=\x225.75\
15\x22 fill=\x22none\x22>\
\x0d\x0a   <path id=\x22p\
ath4194\x22 stroke-\
linejoin=\x22round\x22\
 d=\x22m13.917 7.49\
99c-0.454-2.6666\
-1.713-5.2777-3.\
917-7.4999 2.203\
8-2.2224 3.4631-\
4.8335 3.9168-7.\
5001\x22 stroke=\x22#2\
e3436\x22 stroke-li\
necap=\x22round\x22 st\
roke-width=\x225.75\
15\x22/>\x0d\x0a  </g>\x0d\x0a \
</g>\x0d\x0a <g id=\x22g4\
153\x22 stroke-line\
join=\x22round\x22 tra\
nsform=\x22matrix(1\
.0445 0 0 -1.041\
9 33.453 32.04)\x22\
 stroke=\x22#2e3436\
\x22 stroke-linecap\
=\x22round\x22 stroke-\
width=\x225.7517\x22>\x0d\
\x0a  <g id=\x22g4155\x22\
 stroke-linejoin\
=\x22round\x22 transfo\
rm=\x22scale(1,-1)\x22\
 stroke=\x22#2e3436\
\x22 stroke-linecap\
=\x22round\x22 stroke-\
width=\x225.7517\x22 f\
ill=\x22none\x22>\x0d\x0a   \
<path id=\x22path41\
57\x22 stroke-linej\
oin=\x22round\x22 d=\x22m\
13.917 7.4999c-0\
.454-2.6666-1.71\
3-5.2777-3.917-7\
.4999 2.2038-2.2\
224 3.4631-4.833\
5 3.9168-7.5001\x22\
 stroke=\x22#2e3436\
\x22 stroke-linecap\
=\x22round\x22 stroke-\
width=\x225.7517\x22/>\
\x0d\x0a  </g>\x0d\x0a </g>\x0d\
\x0a</svg>\x0d\x0a\
\x00\x00\x06?\
<\
?xml version=\x221.\
0\x22 encoding=\x22UTF\
-8\x22 standalone=\x22\
no\x22?>\x0d\x0a<!-- Crea\
ted with Inkscap\
e (http://www.in\
kscape.org/) -->\
\x0d\x0a<svg id=\x22svg41\
99\x22 xmlns:rdf=\x22h\
ttp://www.w3.org\
/1999/02/22-rdf-\
syntax-ns#\x22 xmln\
s=\x22http://www.w3\
.org/2000/svg\x22 h\
eight=\x2264\x22 width\
=\x2264\x22 version=\x221\
.1\x22 xmlns:cc=\x22ht\
tp://creativecom\
mons.org/ns#\x22 xm\
lns:dc=\x22http://p\
url.org/dc/eleme\
nts/1.1/\x22 viewBo\
x=\x220 0 64.000001\
 64.000001\x22>\x0d\x0a <\
metadata id=\x22met\
adata4204\x22>\x0d\x0a  <\
rdf:RDF>\x0d\x0a   <cc\
:Work rdf:about=\
\x22\x22>\x0d\x0a    <dc:for\
mat>image/svg+xm\
l</dc:format>\x0d\x0a \
   <dc:type rdf:\
resource=\x22http:/\
/purl.org/dc/dcm\
itype/StillImage\
\x22/>\x0d\x0a    <dc:tit\
le/>\x0d\x0a   </cc:Wo\
rk>\x0d\x0a  </rdf:RDF\
>\x0d\x0a </metadata>\x0d\
\x0a <g id=\x22layer1\x22\
 transform=\x22tran\
slate(0 -988.36)\
\x22>\x0d\x0a  <g fill-ru\
le=\x22evenodd\x22>\x0d\x0a \
  <rect id=\x22rect\
4140\x22 style=\x22col\
or:#000000\x22 ry=\x22\
10\x22 height=\x2256\x22 \
width=\x2256\x22 y=\x2299\
2.36\x22 x=\x224\x22 fill\
=\x22#eeeeec\x22/>\x0d\x0a  \
 <g stroke=\x22#2e3\
436\x22>\x0d\x0a    <path\
 id=\x22path4144\x22 d\
=\x22m16 1027.9v-20\
c0-8.0001 4-12.5\
 16-12.5s16 4.5 \
16 12.5v20c0 8-4\
 17.5-16 17.5s-1\
6-9.5-16-17.5z\x22 \
stroke-width=\x222\x22\
 fill=\x22#fff\x22/>\x0d\x0a\
    <path id=\x22pa\
th4195\x22 d=\x22m17 1\
010.9c-0.13863-1\
0 1.4688-14.5 15\
-14.5v14.5z\x22 str\
oke-width=\x22.5\x22 f\
ill=\x22#fff\x22/>\x0d\x0a  \
  <path id=\x22path\
4197\x22 d=\x22m47 101\
0.9c0.13863-10-1\
.4688-14.5-15-14\
.5v14.5z\x22 stroke\
-width=\x22.5\x22 fill\
=\x22#729fcf\x22/>\x0d\x0a  \
 </g>\x0d\x0a  </g>\x0d\x0a \
 <g stroke=\x22#2e3\
436\x22>\x0d\x0a   <path \
id=\x22path4169\x22 d=\
\x22m32 1011.9v-16.\
5\x22 stroke-width=\
\x222\x22 fill=\x22none\x22/\
>\x0d\x0a   <path id=\x22\
path4167\x22 d=\x22m16\
 1011.9h32\x22 stro\
ke-width=\x222\x22 fil\
l=\x22none\x22/>\x0d\x0a   <\
rect id=\x22rect413\
9\x22 height=\x2218\x22 s\
troke-linecap=\x22r\
ound\x22 stroke-wid\
th=\x221.6\x22 fill=\x22#\
fff\x22 style=\x22colo\
r:#000000\x22 fill-\
rule=\x22evenodd\x22 r\
y=\x223.5\x22 width=\x228\
\x22 y=\x221002.9\x22 x=\x22\
28\x22/>\x0d\x0a  </g>\x0d\x0a \
</g>\x0d\x0a</svg>\x0d\x0a\
\x00\x00\x0e>\
<\
?xml version=\x221.\
0\x22 encoding=\x22UTF\
-8\x22 standalone=\x22\
no\x22?>\x0d\x0a<!-- Crea\
ted with Inkscap\
e (http://www.in\
kscape.org/) -->\
\x0d\x0a<svg id=\x22svg41\
99\x22 xmlns:rdf=\x22h\
ttp://www.w3.org\
/1999/02/22-rdf-\
syntax-ns#\x22 xmln\
s=\x22http://www.w3\
.org/2000/svg\x22 x\
mlns:osb=\x22http:/\
/www.openswatchb\
ook.org/uri/2009\
/osb\x22 height=\x2264\
\x22 width=\x2264\x22 ver\
sion=\x221.1\x22 xmlns\
:cc=\x22http://crea\
tivecommons.org/\
ns#\x22 viewBox=\x220 \
0 64 64.000001\x22 \
xmlns:dc=\x22http:/\
/purl.org/dc/ele\
ments/1.1/\x22>\x0d\x0a <\
metadata id=\x22met\
adata4204\x22>\x0d\x0a  <\
rdf:RDF>\x0d\x0a   <cc\
:Work rdf:about=\
\x22\x22>\x0d\x0a    <dc:for\
mat>image/svg+xm\
l</dc:format>\x0d\x0a \
   <dc:type rdf:\
resource=\x22http:/\
/purl.org/dc/dcm\
itype/StillImage\
\x22/>\x0d\x0a    <dc:tit\
le/>\x0d\x0a   </cc:Wo\
rk>\x0d\x0a  </rdf:RDF\
>\x0d\x0a </metadata>\x0d\
\x0a <g id=\x22layer1\x22\
 transform=\x22tran\
slate(0 -988.36)\
\x22>\x0d\x0a  <rect id=\x22\
rect4151\x22 style=\
\x22color:#000000\x22 \
fill-rule=\x22eveno\
dd\x22 ry=\x2210\x22 heig\
ht=\x2256\x22 width=\x225\
6\x22 y=\x22992.36\x22 x=\
\x224\x22 fill=\x22#eeeee\
c\x22/>\x0d\x0a  <g id=\x22g\
4311\x22 transform=\
\x22matrix(.72726 0\
 0 .72726 8.7275\
 286.29)\x22>\x0d\x0a   <\
g stroke=\x22#2e343\
6\x22>\x0d\x0a    <path i\
d=\x22path4144\x22 d=\x22\
m11.5 1002.4v35c\
0 4 0 4 20 4 21 \
0 21 0 21-4v-35c\
0-3.0001 0-3.000\
1-21-3-20-0.0000\
4-20-0.00004-20 \
3z\x22 fill-rule=\x22e\
venodd\x22 stroke-w\
idth=\x222\x22 fill=\x22#\
fff\x22/>\x0d\x0a    <pat\
h id=\x22path4195\x22 \
d=\x22m12.5 1028.4c\
0 9-1 12 2 12h16\
v-12z\x22 fill-rule\
=\x22evenodd\x22 strok\
e-width=\x22.5\x22 fil\
l=\x22#fff\x22/>\x0d\x0a    \
<path id=\x22path41\
69\x22 d=\x22m31.5 102\
7.4v14\x22 stroke-w\
idth=\x222\x22 fill=\x22n\
one\x22/>\x0d\x0a    <pat\
h id=\x22path4167\x22 \
d=\x22m11.5 1027.4h\
41\x22 stroke-width\
=\x222\x22 fill=\x22none\x22\
/>\x0d\x0a    <path id\
=\x22path4154\x22 d=\x22m\
51.5 1028.4c0 10\
 1 12-2 12h-17v-\
12z\x22 fill-rule=\x22\
evenodd\x22 stroke-\
width=\x22.5\x22 fill=\
\x22#fff\x22/>\x0d\x0a   </g\
>\x0d\x0a   <g id=\x22g43\
56\x22 transform=\x22m\
atrix(.56104 0 0\
 -.55886 14.047 \
1583.6)\x22 stroke=\
\x22#eeeeec\x22 stroke\
-width=\x222.8574\x22 \
fill=\x22#729fcf\x22>\x0d\
\x0a    <g id=\x22g435\
8\x22 transform=\x22ma\
trix(0.5 0 0 0.5\
 20.237 506.39)\x22\
 stroke=\x22#eeeeec\
\x22 stroke-width=\x22\
5.7148\x22 fill=\x22#7\
29fcf\x22>\x0d\x0a     <e\
llipse id=\x22ellip\
se4360\x22 rx=\x225.71\
43\x22 transform=\x22m\
atrix(2.625 0 0 \
2.6667 -17.723 7\
91.04)\x22 stroke=\x22\
#eeeeec\x22 ry=\x225.6\
25\x22 cy=\x2288.839\x22 \
cx=\x2215.714\x22 stro\
ke-width=\x222.16\x22 \
fill=\x22#729fcf\x22/>\
\x0d\x0a    </g>\x0d\x0a   <\
/g>\x0d\x0a   <g id=\x22g\
4262\x22 transform=\
\x22matrix(.67438 0\
 0 .67438 -32.74\
 326.31)\x22 fill=\x22\
none\x22>\x0d\x0a    <pat\
h id=\x22path4170-6\
\x22 d=\x22m102 1009.1\
-6-6.0001-6 6.00\
01\x22 stroke=\x22#2e3\
436\x22 stroke-widt\
h=\x224\x22/>\x0d\x0a    <pa\
th id=\x22path4145\x22\
 d=\x22m101 1008.1-\
5-5.0001-5 5.000\
1\x22 stroke=\x22#729f\
cf\x22 stroke-width\
=\x222\x22/>\x0d\x0a   </g>\x0d\
\x0a   <g id=\x22g4477\
\x22 transform=\x22mat\
rix(.67438 0 0 -\
.67438 -32.74 17\
00.4)\x22 fill=\x22non\
e\x22>\x0d\x0a    <path i\
d=\x22path4479\x22 d=\x22\
m102 1009.1-6-6.\
0001-6 6.0001\x22 s\
troke=\x22#2e3436\x22 \
stroke-width=\x224\x22\
/>\x0d\x0a    <path id\
=\x22path4481\x22 d=\x22m\
101 1008.1-5-5.0\
001-5 5.0001\x22 st\
roke=\x22#729fcf\x22 s\
troke-width=\x222\x22/\
>\x0d\x0a   </g>\x0d\x0a   <\
g id=\x22g4493\x22 tra\
nsform=\x22matrix(0\
 .67438 -.67438 \
0 721.05 948.62)\
\x22 fill=\x22none\x22>\x0d\x0a\
    <path id=\x22pa\
th4495\x22 d=\x22m102 \
1009.1-6-6.0001-\
6 6.0001\x22 stroke\
=\x22#2e3436\x22 strok\
e-width=\x224\x22/>\x0d\x0a \
   <path id=\x22pat\
h4497\x22 d=\x22m101 1\
008.1-5-5.0001-5\
 5.0001\x22 stroke=\
\x22#729fcf\x22 stroke\
-width=\x222\x22/>\x0d\x0a  \
 </g>\x0d\x0a   <g id=\
\x22g4499\x22 transfor\
m=\x22matrix(0 .674\
38 .67438 0 -657\
.05 948.62)\x22 fil\
l=\x22none\x22>\x0d\x0a    <\
path id=\x22path450\
1\x22 d=\x22m102 1009.\
1-6-6.0001-6 6.0\
001\x22 stroke=\x22#2e\
3436\x22 stroke-wid\
th=\x224\x22/>\x0d\x0a    <p\
ath id=\x22path4503\
\x22 d=\x22m101 1008.1\
-5-5.0001-5 5.00\
01\x22 stroke=\x22#729\
fcf\x22 stroke-widt\
h=\x222\x22/>\x0d\x0a   </g>\
\x0d\x0a  </g>\x0d\x0a  <g i\
d=\x22g5846\x22 transf\
orm=\x22translate(-\
.50298 -.65930)\x22\
 stroke=\x22#2e3436\
\x22 stroke-linecap\
=\x22round\x22 stroke-\
width=\x221.3\x22 fill\
=\x22none\x22>\x0d\x0a   <pa\
th id=\x22path5814\x22\
 stroke-linejoin\
=\x22round\x22 d=\x22m19 \
1005.4 3-8 3 8\x22/\
>\x0d\x0a   <path id=\x22\
path5816\x22 d=\x22m20\
 1003.4h4\x22/>\x0d\x0a  \
 <path id=\x22path5\
818\x22 stroke-line\
join=\x22round\x22 d=\x22\
m32 1005.4h-4v-8\
\x22/>\x0d\x0a   <g>\x0d\x0a   \
 <path id=\x22path5\
820\x22 d=\x22m33 997.\
36h6\x22/>\x0d\x0a    <pa\
th id=\x22path5822\x22\
 d=\x22m36 997.36v8\
\x22/>\x0d\x0a    <path i\
d=\x22path5826\x22 d=\x22\
m40 1002.4h6\x22/>\x0d\
\x0a    <path id=\x22p\
ath5828\x22 d=\x22m43 \
999.36v6\x22/>\x0d\x0a   \
</g>\x0d\x0a  </g>\x0d\x0a <\
/g>\x0d\x0a</svg>\x0d\x0a\
\x00\x00\x05I\
<\
?xml version=\x221.\
0\x22 encoding=\x22UTF\
-8\x22 standalone=\x22\
no\x22?>\x0d\x0a<!-- Crea\
ted with Inkscap\
e (http://www.in\
kscape.org/) -->\
\x0d\x0a\x0d\x0a<svg\x0d\x0a   id=\
\x22svg2\x22\x0d\x0a   heigh\
t=\x2264\x22\x0d\x0a   width\
=\x2264\x22\x0d\x0a   versio\
n=\x221.1\x22\x0d\x0a   view\
Box=\x220 0 63.9999\
99 63.999999\x22\x0d\x0a \
  xmlns=\x22http://\
www.w3.org/2000/\
svg\x22\x0d\x0a   xmlns:s\
vg=\x22http://www.w\
3.org/2000/svg\x22\x0d\
\x0a   xmlns:rdf=\x22h\
ttp://www.w3.org\
/1999/02/22-rdf-\
syntax-ns#\x22\x0d\x0a   \
xmlns:cc=\x22http:/\
/creativecommons\
.org/ns#\x22\x0d\x0a   xm\
lns:dc=\x22http://p\
url.org/dc/eleme\
nts/1.1/\x22>\x0d\x0a  <d\
efs\x0d\x0a     id=\x22de\
fs1\x22 />\x0d\x0a  <meta\
data\x0d\x0a     id=\x22m\
etadata7\x22>\x0d\x0a    \
<rdf:RDF>\x0d\x0a     \
 <cc:Work\x0d\x0a     \
    rdf:about=\x22\x22\
>\x0d\x0a        <dc:f\
ormat>image/svg+\
xml</dc:format>\x0d\
\x0a        <dc:typ\
e\x0d\x0a           rd\
f:resource=\x22http\
://purl.org/dc/d\
cmitype/StillIma\
ge\x22 />\x0d\x0a      </\
cc:Work>\x0d\x0a    </\
rdf:RDF>\x0d\x0a  </me\
tadata>\x0d\x0a  <g\x0d\x0a \
    id=\x22layer1\x22\x0d\
\x0a     transform=\
\x22translate(0 -98\
8.36)\x22\x0d\x0a     str\
oke=\x22#d1cbc9\x22\x0d\x0a \
    stroke-width\
=\x226\x22\x0d\x0a     fill=\
\x22none\x22>\x0d\x0a    <pa\
th\x0d\x0a       id=\x22p\
ath4144\x22\x0d\x0a      \
 d=\x22m16 1028.4v-\
20c0-8 4-12 16-1\
2s16 4 16 12v20c\
0 8-4 17-16 17s-\
16-9-16-17z\x22 />\x0d\
\x0a    <path\x0d\x0a    \
   id=\x22path4209\x22\
\x0d\x0a       d=\x22m32 \
1004.4v12\x22 />\x0d\x0a \
 </g>\x0d\x0a  <text\x0d\x0a\
     xml:space=\x22\
preserve\x22\x0d\x0a     \
style=\x22fill:#d1c\
bc9;stroke:#d1cb\
c9;stroke-width:\
1.249;stroke-das\
harray:none\x22\x0d\x0a  \
   x=\x2220.548067\x22\
\x0d\x0a     y=\x2242.288\
612\x22\x0d\x0a     id=\x22t\
ext1\x22><tspan\x0d\x0a  \
     x=\x2220.54806\
7\x22\x0d\x0a       y=\x2242\
.288612\x22\x0d\x0a      \
 id=\x22tspan2\x22>OS<\
/tspan></text>\x0d\x0a\
</svg>\x0d\x0a\
\x00\x00\x036\
<\
?xml version=\x221.\
0\x22 encoding=\x22UTF\
-8\x22?>\x0d\x0a<svg widt\
h=\x2264\x22 height=\x226\
4\x22 version=\x221.1\x22\
 viewBox=\x220 0 64\
 64\x22 xmlns=\x22http\
://www.w3.org/20\
00/svg\x22 xmlns:cc\
=\x22http://creativ\
ecommons.org/ns#\
\x22 xmlns:dc=\x22http\
://purl.org/dc/e\
lements/1.1/\x22 xm\
lns:rdf=\x22http://\
www.w3.org/1999/\
02/22-rdf-syntax\
-ns#\x22>\x0d\x0a <metada\
ta>\x0d\x0a  <rdf:RDF>\
\x0d\x0a   <cc:Work rd\
f:about=\x22\x22>\x0d\x0a   \
 <dc:format>imag\
e/svg+xml</dc:fo\
rmat>\x0d\x0a    <dc:t\
ype rdf:resource\
=\x22http://purl.or\
g/dc/dcmitype/St\
illImage\x22/>\x0d\x0a   \
 <dc:title/>\x0d\x0a  \
 </cc:Work>\x0d\x0a  <\
/rdf:RDF>\x0d\x0a </me\
tadata>\x0d\x0a <g tra\
nsform=\x22translat\
e(0 -988.36)\x22>\x0d\x0a\
  <g transform=\x22\
matrix(.93333 0 \
0 .92593 2.1334 \
75.583)\x22 fill=\x22#\
d1cbc9\x22 fill-rul\
e=\x22evenodd\x22>\x0d\x0a  \
 <path d=\x22m9.5 1\
006.9v27l22.5 13\
.5 22.5-13.5v-27\
l-22.5 13.5-22.5\
-13.5z\x22/>\x0d\x0a   <p\
ath d=\x22m9.5 1006\
.9 22.5-13.54 22\
.5 13.54-22.5 13\
.5z\x22 fill-opacit\
y=\x22.58824\x22/>\x0d\x0a  \
</g>\x0d\x0a </g>\x0d\x0a</s\
vg>\x0d\x0a\
\x00\x00\x15\xe8\
<\
?xml version=\x221.\
0\x22 encoding=\x22UTF\
-8\x22 standalone=\x22\
no\x22?>\x0d\x0a<!-- Crea\
ted with Inkscap\
e (http://www.in\
kscape.org/) -->\
\x0d\x0a<svg id=\x22svg41\
99\x22 xmlns:rdf=\x22h\
ttp://www.w3.org\
/1999/02/22-rdf-\
syntax-ns#\x22 xmln\
s=\x22http://www.w3\
.org/2000/svg\x22 h\
eight=\x2264\x22 viewB\
ox=\x220 0 64 64.00\
0001\x22 width=\x2264\x22\
 version=\x221.1\x22 x\
mlns:cc=\x22http://\
creativecommons.\
org/ns#\x22 xmlns:d\
c=\x22http://purl.o\
rg/dc/elements/1\
.1/\x22>\x0d\x0a <metadat\
a id=\x22metadata42\
04\x22>\x0d\x0a  <rdf:RDF\
>\x0d\x0a   <cc:Work r\
df:about=\x22\x22>\x0d\x0a  \
  <dc:format>ima\
ge/svg+xml</dc:f\
ormat>\x0d\x0a    <dc:\
type rdf:resourc\
e=\x22http://purl.o\
rg/dc/dcmitype/S\
tillImage\x22/>\x0d\x0a  \
  <dc:title/>\x0d\x0a \
  </cc:Work>\x0d\x0a  \
</rdf:RDF>\x0d\x0a </m\
etadata>\x0d\x0a <g id\
=\x22g4287\x22>\x0d\x0a  <re\
ct id=\x22rect4151\x22\
 style=\x22color:#0\
00000\x22 fill-rule\
=\x22evenodd\x22 ry=\x221\
0\x22 height=\x2256\x22 w\
idth=\x2256\x22 y=\x224\x22 \
x=\x224\x22 fill=\x22#eee\
eec\x22/>\x0d\x0a  <g id=\
\x22g4173\x22 stroke=\x22\
#2e3436\x22>\x0d\x0a   <g\
 id=\x22g8688-7-6\x22 \
transform=\x22matri\
x(.81244 0 0 .81\
244 34.288 -796.\
58)\x22 stroke-line\
cap=\x22round\x22 stro\
ke-width=\x221.3\x22 f\
ill=\x22none\x22>\x0d\x0a   \
 <path id=\x22path5\
826-5-0\x22 d=\x22m-4.\
003 998.36h6\x22/>\x0d\
\x0a    <path id=\x22p\
ath5828-6-6\x22 d=\x22\
m-1.003 995.36v6\
.0001\x22/>\x0d\x0a   </g\
>\x0d\x0a   <g id=\x22g10\
\x22 stroke-width=\x22\
0.6\x22 fill=\x22#2e34\
36\x22>\x0d\x0a    <path \
id=\x22path4780\x22 d=\
\x22m7.3 12.178q0-0\
.76172 0.52734-1\
.3037 0.52734-0.\
54688 1.2744-0.5\
4688 1.0352 0 1.\
8799 0.31738 0.3\
5156 0.13184 0.3\
5156 0.40527 0 0\
.33691-0.33691 0\
.33691-0.1416 0-\
0.44434-0.11719-\
0.62988-0.24414-\
1.3428-0.24414-0\
.64453 0-0.98145\
 0.45898-0.20508\
 0.27832-0.20508\
 0.73242 0 0.620\
12 0.75684 1.005\
9l1.7822 0.90332\
q1.1572 0.5957 1\
.1572 1.7285 0 0\
.84961-0.60547 1\
.3721-0.547 0.47\
3-1.314 0.473-1.\
1621 0-2.2266-0.\
698-0.2734-0.181\
-0.2734-0.401 0-\
0.33691 0.36133-\
0.33691 0.13184 \
0 0.35156 0.1562\
5 0.77148 0.5517\
6 1.8506 0.55176\
 0.31738 0 0.571\
29-0.13184 0.561\
52-0.29297 0.561\
52-1.0107 0-0.67\
871-0.7373-1.049\
8l-1.919-0.972q-\
1.04-0.527-1.04-\
1.63z\x22/>\x0d\x0a    <p\
ath id=\x22path4782\
\x22 d=\x22m17.05 13.9\
89h-3.0322v3.335\
q0 0.376-0.362 0\
.376-0.356 0-0.3\
56-0.371v-6.5869\
q0-0.41504 0.356\
45-0.41504 0.361\
33 0 0.36133 0.4\
1504v2.5439h3.03\
22v-2.5732q0-0.3\
6621 0.34668-0.3\
6621t0.34668 0.3\
6133v6.6016q0 0.\
39-0.346 0.39-0.\
347 0-0.347-0.38\
1v-3.3301z\x22/>\x0d\x0a \
   <path id=\x22pat\
h4784\x22 d=\x22m20.04\
2 17.231q0 0.469\
-0.371 0.469t-0.\
371-0.459v-6.474\
6q0-0.43945 0.37\
109-0.43945t0.37\
109 0.4541v6.450\
2z\x22/>\x0d\x0a    <path\
 id=\x22path4786\x22 d\
=\x22m22.023 13.994\
v3.3057q0 0.4-0.\
367 0.4-0.356 0-\
0.356-0.405 0 0 \
0-6.6309 0-0.341\
8 0.38086-0.3418\
 0 0 2.9102 0 0.\
38574 0 0.38574 \
0.35156t-0.38086\
 0.35156h-2.5684\
v2.2559h2.5684q0\
.38086 0 0.38086\
 0.35645 0 0.356\
44-0.38574 0.356\
44h-2.5684z\x22/>\x0d\x0a\
    <path id=\x22pa\
th4788\x22 d=\x22m26.3\
 10.639q0-0.3369\
1 0.42969-0.3369\
1h3.6182q0.35156\
 0 0.35156 0.351\
56 0 0.35644-0.3\
418 0.35644h-1.4\
99v6.3037q0 0.38\
574-0.35644 0.38\
574t-0.35644-0.3\
7598v-6.3135h-1.\
4258q-0.42 0.001\
-0.42-0.371z\x22/>\x0d\
\x0a    <path id=\x22p\
ath4792\x22 d=\x22m39.\
107 10.317t1.494\
1 0q0.36133 0 0.\
36133 0.36621 0 \
0.37109-0.39062 \
0.37109h-1.4697q\
-0.41016 0-0.795\
9 0.35644-0.2929\
7 0.27344-0.2929\
7 0.73242v3.7305\
q0 0.45898 0.307\
62 0.79102 0.322\
27 0.3418 0.6689\
5 0.3418h1.6406q\
0.35156 0 0.3515\
6 0.35644 0 0.33\
692-0.35644 0.33\
692h-1.665q-0.67\
383 0-1.2598-0.6\
4942-0.401-0.445\
-0.401-1.138v-3.\
8232q0-0.73242 0\
.57617-1.2744 0.\
52734-0.49805 1.\
2305-0.49805z\x22/>\
\x0d\x0a    <path id=\x22\
path4794\x22 d=\x22m42\
.3 10.639q0-0.33\
691 0.42969-0.33\
691h3.6182q0.351\
56 0 0.35156 0.3\
5156 0 0.35644-0\
.3418 0.35644h-1\
.499v6.3037q0 0.\
38574-0.35644 0.\
38574t-0.35644-0\
.37598v-6.3135h-\
1.4258q-0.42 0.0\
01-0.42-0.371z\x22/\
>\x0d\x0a    <path id=\
\x22path4796\x22 d=\x22m4\
9.018 14.033t1.5\
967 0q0.50781 0 \
1.0156-0.4834 0.\
39551-0.37598 0.\
39551-1.0596 0-0\
.51758-0.42969-0\
.96191-0.4541-0.\
47363-0.98633-0.\
47363h-1.5918v2.\
9785zm-0.33691-3\
.6768h1.9287q0.8\
9356 0 1.626 0.8\
0078 0.4834 0.52\
734 0.4834 1.206\
1 0 0.6543-0.244\
14 1.2305-0.2685\
6 0.62988-1.1084\
 0.98144l1.2744 \
2.5049q0.07324 0\
.15137 0.07324 0\
.24902 0.000002 \
0.37109-0.36133 \
0.37109-0.19043 \
0-0.32715-0.2783\
2l-1.3672-2.6709\
h-1.6553v2.5635q\
-0.001 0.385-0.3\
57 0.385-0.347 0\
-0.347-0.391v-6.\
5771q0-0.37598 0\
.38086-0.37598z\x22\
/>\x0d\x0a    <path id\
=\x22path4798\x22 d=\x22m\
55.008 10.703v6.\
2891h2.5439q0.44\
434 0 0.44434 0.\
35644 0 0.35156-\
0.45898 0.35156h\
-2.8906q-0.346 0\
-0.346-0.435v-6.\
5625q0-0.37598 0\
.35156-0.37598 0\
.35644 0 0.35644\
 0.37598z\x22/>\x0d\x0a  \
 </g>\x0d\x0a  </g>\x0d\x0a \
</g>\x0d\x0a <g stroke\
=\x22#2e3436\x22>\x0d\x0a  <\
g id=\x22g20\x22 fill-\
rule=\x22evenodd\x22 t\
ransform=\x22transl\
ate(0,-988.36)\x22 \
fill=\x22#fff\x22>\x0d\x0a  \
 <path id=\x22path4\
153-9-3\x22 stroke-\
width=\x221.3846\x22 d\
=\x22m20.923 1033.6\
v-13.846c0-5.538\
5 2.7692-8.6538 \
11.077-8.6538 8.\
3077 0 11.077 3.\
1153 11.077 8.65\
38v13.846c0 5.53\
84-2.7692 12.115\
-11.077 12.115-8\
.3077 0-11.077-6\
.577-11.077-12.1\
15z\x22/>\x0d\x0a   <path\
 id=\x22path4155-1-\
6\x22 stroke-width=\
\x22.34615\x22 d=\x22m21.\
615 1021.8c-0.09\
598-6.9231 1.016\
8-10.038 10.385-\
10.038v10.038z\x22/\
>\x0d\x0a   <path id=\x22\
path4157-2-0\x22 st\
roke-width=\x22.346\
15\x22 d=\x22m42.385 1\
021.8c0.09597-6.\
9231-1.0168-10.0\
38-10.385-10.038\
v10.038z\x22/>\x0d\x0a  <\
/g>\x0d\x0a  <g id=\x22g2\
5\x22 transform=\x22tr\
anslate(0,-988.3\
6)\x22>\x0d\x0a   <path i\
d=\x22path4159-7-6\x22\
 d=\x22m32 1022.5v-\
11.423\x22 stroke-w\
idth=\x221.3846\x22 fi\
ll=\x22none\x22/>\x0d\x0a   \
<path id=\x22path41\
61-0-2\x22 d=\x22m20.9\
23 1022.5h22.154\
\x22 stroke-width=\x22\
1.3846\x22 fill=\x22no\
ne\x22/>\x0d\x0a   <rect \
id=\x22rect4163-9-6\
\x22 style=\x22color:#\
000000\x22 fill-rul\
e=\x22evenodd\x22 ry=\x22\
2.4231\x22 height=\x22\
12.462\x22 width=\x225\
.5385\x22 stroke-li\
necap=\x22round\x22 y=\
\x221016.2\x22 x=\x2229.2\
31\x22 stroke-width\
=\x221.1077\x22 fill=\x22\
#fff\x22/>\x0d\x0a  </g>\x0d\
\x0a  <path id=\x22pat\
h4170-6-8\x22 d=\x22m3\
6.096 26.993-4.0\
96-4.097-4.096 4\
.097\x22 stroke-wid\
th=\x222.731\x22 fill=\
\x22none\x22/>\x0d\x0a </g>\x0d\
\x0a <path id=\x22path\
4145-7\x22 d=\x22m35.4\
14 26.31-3.414-3\
.414-3.414 3.414\
\x22 stroke=\x22#729fc\
f\x22 stroke-width=\
\x221.3655\x22 fill=\x22n\
one\x22/>\x0d\x0a <g id=\x22\
g4260-2\x22 transfo\
rm=\x22matrix(.6827\
5 0 0 .68275 10.\
152 -646.47)\x22>\x0d\x0a\
  <path id=\x22path\
4214-0\x22 d=\x22m38 1\
024.4-6 6-6-6\x22 s\
troke=\x22#2e3436\x22 \
stroke-width=\x224\x22\
 fill=\x22none\x22/>\x0d\x0a\
 </g>\x0d\x0a <path id\
=\x22path4220-2\x22 d=\
\x22m35.414 53.599-\
3.414 3.414-3.41\
4-3.414\x22 stroke=\
\x22#729fcf\x22 stroke\
-width=\x221.3655\x22 \
fill=\x22none\x22/>\x0d\x0a<\
/svg>\x0d\x0a\
\x00\x00\x0f\x1b\
<\
?xml version=\x221.\
0\x22 encoding=\x22UTF\
-8\x22 standalone=\x22\
no\x22?>\x0d\x0a<!-- Crea\
ted with Inkscap\
e (http://www.in\
kscape.org/) -->\
\x0d\x0a<svg id=\x22svg41\
99\x22 xmlns:rdf=\x22h\
ttp://www.w3.org\
/1999/02/22-rdf-\
syntax-ns#\x22 xmln\
s=\x22http://www.w3\
.org/2000/svg\x22 x\
mlns:osb=\x22http:/\
/www.openswatchb\
ook.org/uri/2009\
/osb\x22 height=\x2264\
\x22 width=\x2264\x22 ver\
sion=\x221.1\x22 xmlns\
:cc=\x22http://crea\
tivecommons.org/\
ns#\x22 xmlns:xlink\
=\x22http://www.w3.\
org/1999/xlink\x22 \
viewBox=\x220 0 64.\
000001 64.000001\
\x22 xmlns:dc=\x22http\
://purl.org/dc/e\
lements/1.1/\x22>\x0d\x0a\
 <defs id=\x22defs4\
201\x22>\x0d\x0a  <radial\
Gradient id=\x22rad\
ialGradient4373\x22\
 xlink:href=\x22#li\
nearGradient4365\
\x22 gradientUnits=\
\x22userSpaceOnUse\x22\
 cy=\x221026.8\x22 cx=\
\x2233.81\x22 gradient\
Transform=\x22matri\
x(.90441 -.42666\
 .78339 1.6606 -\
802.48 -664.03)\x22\
 r=\x2211.356\x22/>\x0d\x0a \
 <linearGradient\
 id=\x22linearGradi\
ent4365\x22>\x0d\x0a   <s\
top id=\x22stop4367\
\x22 stop-color=\x22#8\
ae234\x22 offset=\x220\
\x22/>\x0d\x0a   <stop id\
=\x22stop4369\x22 stop\
-color=\x22#8ae234\x22\
 stop-opacity=\x220\
\x22 offset=\x221\x22/>\x0d\x0a\
  </linearGradie\
nt>\x0d\x0a </defs>\x0d\x0a \
<metadata id=\x22me\
tadata4204\x22>\x0d\x0a  \
<rdf:RDF>\x0d\x0a   <c\
c:Work rdf:about\
=\x22\x22>\x0d\x0a    <dc:fo\
rmat>image/svg+x\
ml</dc:format>\x0d\x0a\
    <dc:type rdf\
:resource=\x22http:\
//purl.org/dc/dc\
mitype/StillImag\
e\x22/>\x0d\x0a    <dc:ti\
tle/>\x0d\x0a   </cc:W\
ork>\x0d\x0a  </rdf:RD\
F>\x0d\x0a </metadata>\
\x0d\x0a <g id=\x22layer1\
\x22 transform=\x22tra\
nslate(0 -988.36\
)\x22>\x0d\x0a  <rect id=\
\x22rect4140-2\x22 sty\
le=\x22color:#00000\
0\x22 fill-rule=\x22ev\
enodd\x22 ry=\x2210\x22 h\
eight=\x2256\x22 width\
=\x2256\x22 y=\x22992.36\x22\
 x=\x224\x22 fill=\x22#ee\
eeec\x22/>\x0d\x0a  <g id\
=\x22g4676\x22 transfo\
rm=\x22translate(1.\
2485 -1.2519)\x22>\x0d\
\x0a   <g id=\x22g4383\
\x22 transform=\x22tra\
nslate(-5.291 3.\
75)\x22>\x0d\x0a    <path\
 id=\x22path4317\x22 d\
=\x22m23.562 1007.7\
s2.5537 8.4857 4\
.7478 12.29c2.53\
16 4.3896 9.5304\
 11.844 9.5304 1\
1.844\x22 stroke=\x22u\
rl(#radialGradie\
nt4373)\x22 stroke-\
width=\x2210\x22 fill=\
\x22none\x22/>\x0d\x0a    <g\
 id=\x22g4348\x22 fill\
=\x22#729fcf\x22 trans\
form=\x22translate(\
49.333 10.148)\x22>\
\x0d\x0a     <g id=\x22g4\
350\x22 transform=\x22\
translate(-43.49\
3 1.3512)\x22>\x0d\x0a   \
   <g id=\x22g4352\x22\
 fill=\x22#729fcf\x22 \
transform=\x22matri\
x(0.5 0 0 0.5 20\
.237 506.39)\x22>\x0d\x0a\
       <ellipse \
id=\x22ellipse4354\x22\
 rx=\x225.7143\x22 ry=\
\x225.625\x22 transfor\
m=\x22matrix(2.625 \
0 0 2.6667 -17.7\
23 791.04)\x22 cy=\x22\
88.839\x22 cx=\x2215.7\
14\x22 fill=\x22#729fc\
f\x22/>\x0d\x0a      </g>\
\x0d\x0a     </g>\x0d\x0a   \
  <g id=\x22g4356\x22 \
transform=\x22matri\
x(.56104 0 0 -.5\
5886 -29.446 159\
2)\x22 stroke=\x22#eee\
eec\x22 stroke-widt\
h=\x222.8574\x22>\x0d\x0a   \
   <g id=\x22g4358\x22\
 transform=\x22matr\
ix(0.5 0 0 0.5 2\
0.237 506.39)\x22 s\
troke=\x22#eeeeec\x22 \
stroke-width=\x225.\
7148\x22 fill=\x22#729\
fcf\x22>\x0d\x0a       <e\
llipse id=\x22ellip\
se4360\x22 rx=\x225.71\
43\x22 transform=\x22m\
atrix(2.625 0 0 \
2.6667 -17.723 7\
91.04)\x22 stroke=\x22\
#eeeeec\x22 ry=\x225.6\
25\x22 cy=\x2288.839\x22 \
cx=\x2215.714\x22 stro\
ke-width=\x222.16\x22 \
fill=\x22#729fcf\x22/>\
\x0d\x0a      </g>\x0d\x0a  \
   </g>\x0d\x0a    </g\
>\x0d\x0a   </g>\x0d\x0a   <\
g id=\x22g4393\x22 tra\
nsform=\x22translat\
e(-2.1827 7.9275\
)\x22 stroke=\x22#2e34\
36\x22 stroke-width\
=\x221.6\x22 fill=\x22non\
e\x22>\x0d\x0a    <path i\
d=\x22path4375\x22 d=\x22\
m13.593 1017.9s2\
.0583 5.1195 3.5\
166 7.4444c2.507\
 4 8.89 11.1 8.8\
9 11.1\x22/>\x0d\x0a    <\
path id=\x22path438\
1\x22 d=\x22m24 1029.4\
 2 7-7-3\x22/>\x0d\x0a   \
</g>\x0d\x0a   <g id=\x22\
g4552\x22 transform\
=\x22translate(5.49\
5 -8.7462)\x22>\x0d\x0a  \
  <path id=\x22path\
4554\x22 d=\x22m23.562\
 1007.7s2.5537 8\
.4857 4.7478 12.\
29c2.5316 4.3896\
 9.5304 11.844 9\
.5304 11.844\x22 st\
roke=\x22url(#radia\
lGradient4373)\x22 \
stroke-width=\x2210\
\x22 fill=\x22none\x22/>\x0d\
\x0a    <g id=\x22g455\
6\x22 fill=\x22#729fcf\
\x22 transform=\x22tra\
nslate(49.333 10\
.148)\x22>\x0d\x0a     <g\
 id=\x22g4558\x22 tran\
sform=\x22translate\
(-43.493 1.3512)\
\x22>\x0d\x0a      <g id=\
\x22g4560\x22 fill=\x22#7\
29fcf\x22 transform\
=\x22matrix(0.5 0 0\
 0.5 20.237 506.\
39)\x22>\x0d\x0a       <e\
llipse id=\x22ellip\
se4562\x22 rx=\x225.71\
43\x22 transform=\x22m\
atrix(2.625 0 0 \
2.6667 -17.723 7\
91.04)\x22 ry=\x225.62\
5\x22 cy=\x2288.839\x22 c\
x=\x2215.714\x22 fill=\
\x22#729fcf\x22/>\x0d\x0a   \
   </g>\x0d\x0a     </\
g>\x0d\x0a     <g id=\x22\
g4564\x22 transform\
=\x22matrix(.56104 \
0 0 -.55886 -29.\
446 1592)\x22 strok\
e=\x22#eeeeec\x22 stro\
ke-width=\x222.8574\
\x22>\x0d\x0a      <g id=\
\x22g4566\x22 transfor\
m=\x22matrix(0.5 0 \
0 0.5 20.237 506\
.39)\x22 stroke=\x22#e\
eeeec\x22 stroke-wi\
dth=\x225.7148\x22 fil\
l=\x22#729fcf\x22>\x0d\x0a  \
     <ellipse id\
=\x22ellipse4568\x22 r\
x=\x225.7143\x22 ry=\x225\
.625\x22 stroke=\x22#e\
eeeec\x22 transform\
=\x22matrix(2.625 0\
 0 2.6667 -17.72\
3 791.04)\x22 cy=\x228\
8.839\x22 cx=\x2215.71\
4\x22 stroke-width=\
\x222.16\x22 fill=\x22#72\
9fcf\x22/>\x0d\x0a      <\
/g>\x0d\x0a     </g>\x0d\x0a\
    </g>\x0d\x0a   </g\
>\x0d\x0a  </g>\x0d\x0a </g>\
\x0d\x0a</svg>\x0d\x0a\
\x00\x00\x07w\
<\
?xml version=\x221.\
0\x22 encoding=\x22UTF\
-8\x22 standalone=\x22\
no\x22?>\x0d\x0a<!-- Crea\
ted with Inkscap\
e (http://www.in\
kscape.org/) -->\
\x0d\x0a<svg id=\x22svg41\
99\x22 xmlns:rdf=\x22h\
ttp://www.w3.org\
/1999/02/22-rdf-\
syntax-ns#\x22 xmln\
s=\x22http://www.w3\
.org/2000/svg\x22 h\
eight=\x2264\x22 width\
=\x2264\x22 version=\x221\
.1\x22 xmlns:cc=\x22ht\
tp://creativecom\
mons.org/ns#\x22 xm\
lns:dc=\x22http://p\
url.org/dc/eleme\
nts/1.1/\x22 viewBo\
x=\x220 0 64.000001\
 64.000001\x22>\x0d\x0a <\
metadata id=\x22met\
adata4204\x22>\x0d\x0a  <\
rdf:RDF>\x0d\x0a   <cc\
:Work rdf:about=\
\x22\x22>\x0d\x0a    <dc:for\
mat>image/svg+xm\
l</dc:format>\x0d\x0a \
   <dc:type rdf:\
resource=\x22http:/\
/purl.org/dc/dcm\
itype/StillImage\
\x22/>\x0d\x0a    <dc:tit\
le/>\x0d\x0a   </cc:Wo\
rk>\x0d\x0a  </rdf:RDF\
>\x0d\x0a </metadata>\x0d\
\x0a <g id=\x22layer1\x22\
 transform=\x22tran\
slate(0 -988.36)\
\x22>\x0d\x0a  <rect id=\x22\
rect4140\x22 style=\
\x22color:#000000\x22 \
fill-rule=\x22eveno\
dd\x22 ry=\x2210\x22 heig\
ht=\x2256\x22 width=\x225\
6\x22 y=\x22992.36\x22 x=\
\x224\x22 fill=\x22#eeeee\
c\x22/>\x0d\x0a  <g fill-\
rule=\x22evenodd\x22 s\
troke=\x22#2e3436\x22 \
fill=\x22#fff\x22>\x0d\x0a  \
 <path id=\x22path4\
144\x22 d=\x22m16 1027\
.9v-20c0-8 4-12.\
5 16-12.5s16 4.5\
 16 12.5v20c0 8-\
4 17.5-16 17.5s-\
16-9.5-16-17.5z\x22\
 stroke-width=\x222\
\x22/>\x0d\x0a   <path id\
=\x22path4195\x22 d=\x22m\
17 1010.9c-0.138\
63-10 1.4688-14.\
5 15-14.5v14.5z\x22\
 stroke-width=\x22.\
5\x22/>\x0d\x0a   <path i\
d=\x22path4197\x22 d=\x22\
m47 1010.9c0.138\
63-10-1.4688-14.\
5-15-14.5v14.5z\x22\
 stroke-width=\x22.\
5\x22/>\x0d\x0a  </g>\x0d\x0a  \
<g stroke=\x22#2e34\
36\x22>\x0d\x0a   <path i\
d=\x22path4167\x22 d=\x22\
m16 1011.9h32\x22 s\
troke-width=\x222\x22 \
fill=\x22none\x22/>\x0d\x0a \
  <rect id=\x22rect\
4139\x22 height=\x2218\
\x22 stroke-linecap\
=\x22round\x22 stroke-\
width=\x221.6\x22 fill\
=\x22#729fcf\x22 style\
=\x22color:#000000\x22\
 fill-rule=\x22even\
odd\x22 ry=\x223.5\x22 wi\
dth=\x228\x22 y=\x221002.\
9\x22 x=\x2228\x22/>\x0d\x0a   \
<path id=\x22path41\
70\x22 d=\x22m38 1000.\
6-6-6-6 6\x22 strok\
e-width=\x224\x22 fill\
=\x22none\x22/>\x0d\x0a  </g\
>\x0d\x0a  <path id=\x22p\
ath4145\x22 d=\x22m37 \
999.65-5-5-5 5\x22 \
stroke=\x22#729fcf\x22\
 stroke-width=\x222\
\x22 fill=\x22none\x22/>\x0d\
\x0a  <g id=\x22g4260\x22\
 transform=\x22tran\
slate(0 -1.3716)\
\x22>\x0d\x0a   <path id=\
\x22path4214\x22 d=\x22m3\
8 1024.4-6 6-6-6\
\x22 stroke=\x22#2e343\
6\x22 stroke-width=\
\x224\x22 fill=\x22none\x22/\
>\x0d\x0a  </g>\x0d\x0a  <pa\
th id=\x22path4220\x22\
 d=\x22m37 1024-5 5\
-5-5\x22 stroke=\x22#7\
29fcf\x22 stroke-wi\
dth=\x222\x22 fill=\x22no\
ne\x22/>\x0d\x0a </g>\x0d\x0a</\
svg>\x0d\x0a\
\x00\x00\x09\xeb\
<\
?xml version=\x221.\
0\x22 encoding=\x22UTF\
-8\x22 standalone=\x22\
no\x22?>\x0d\x0a<!-- Crea\
ted with Inkscap\
e (http://www.in\
kscape.org/) -->\
\x0d\x0a<svg id=\x22svg41\
99\x22 xmlns:rdf=\x22h\
ttp://www.w3.org\
/1999/02/22-rdf-\
syntax-ns#\x22 xmln\
s=\x22http://www.w3\
.org/2000/svg\x22 h\
eight=\x2264\x22 width\
=\x2264\x22 version=\x221\
.1\x22 xmlns:cc=\x22ht\
tp://creativecom\
mons.org/ns#\x22 xm\
lns:dc=\x22http://p\
url.org/dc/eleme\
nts/1.1/\x22 viewBo\
x=\x220 0 64.000001\
 64.000001\x22>\x0d\x0a <\
metadata id=\x22met\
adata4204\x22>\x0d\x0a  <\
rdf:RDF>\x0d\x0a   <cc\
:Work rdf:about=\
\x22\x22>\x0d\x0a    <dc:for\
mat>image/svg+xm\
l</dc:format>\x0d\x0a \
   <dc:type rdf:\
resource=\x22http:/\
/purl.org/dc/dcm\
itype/StillImage\
\x22/>\x0d\x0a    <dc:tit\
le/>\x0d\x0a   </cc:Wo\
rk>\x0d\x0a  </rdf:RDF\
>\x0d\x0a </metadata>\x0d\
\x0a <g id=\x22layer1\x22\
 transform=\x22tran\
slate(0 -988.36)\
\x22>\x0d\x0a  <g fill-ru\
le=\x22evenodd\x22>\x0d\x0a \
  <rect id=\x22rect\
4140\x22 style=\x22col\
or:#000000\x22 ry=\x22\
10\x22 height=\x2256\x22 \
width=\x2256\x22 y=\x2299\
2.36\x22 x=\x224\x22 fill\
=\x22#eeeeec\x22/>\x0d\x0a  \
 <g stroke=\x22#2e3\
436\x22>\x0d\x0a    <path\
 id=\x22path4144\x22 d\
=\x22m16 1027.9v-20\
c0-8 4-12.5 16-1\
2.5s16 4.5 16 12\
.5v20c0 8-4 17.5\
-16 17.5s-16-9.5\
-16-17.5z\x22 strok\
e-width=\x222\x22 fill\
=\x22#fff\x22/>\x0d\x0a    <\
path id=\x22path419\
5\x22 d=\x22m17 1010.9\
c-0.13863-10 1.4\
688-14.5 15-14.5\
v14.5z\x22 stroke-w\
idth=\x22.5\x22 fill=\x22\
#729fcf\x22/>\x0d\x0a    \
<path id=\x22path41\
97\x22 d=\x22m47 1010.\
9c0.13863-10-1.4\
688-14.5-15-14.5\
v14.5z\x22 stroke-w\
idth=\x22.5\x22 fill=\x22\
#fff\x22/>\x0d\x0a   </g>\
\x0d\x0a  </g>\x0d\x0a  <pat\
h id=\x22path4169\x22 \
d=\x22m32 1011.9v-1\
6.5\x22 stroke=\x22#2e\
3436\x22 stroke-wid\
th=\x222\x22 fill=\x22non\
e\x22/>\x0d\x0a  <path id\
=\x22path4167\x22 d=\x22m\
16 1011.9h32\x22 st\
roke=\x22#2e3436\x22 s\
troke-width=\x222\x22 \
fill=\x22none\x22/>\x0d\x0a \
 <g>\x0d\x0a   <rect i\
d=\x22rect4139\x22 hei\
ght=\x2218\x22 stroke=\
\x22#2e3436\x22 stroke\
-linecap=\x22round\x22\
 stroke-width=\x221\
.6\x22 fill=\x22#729fc\
f\x22 style=\x22color:\
#000000\x22 fill-ru\
le=\x22evenodd\x22 ry=\
\x223.5\x22 width=\x228\x22 \
y=\x221002.9\x22 x=\x2228\
\x22/>\x0d\x0a   <g id=\x22t\
ext4139\x22 transfo\
rm=\x22translate(.6\
5152 -2.1518)\x22>\x0d\
\x0a    <path id=\x22p\
ath4148\x22 d=\x22m31.\
013 1009.8q0.2-0\
.1883 0.41765-0.\
1883 0.44118 0 0\
.44118 0.4883v7.\
8648q0 0.5-0.423\
54 0.5-0.4353 0-\
0.4353-0.5059 0 \
0 0-6.9354l-1.02\
35 1.0236q-0.158\
83 0.1588-0.3176\
5 0.1588-0.44707\
 0-0.44707-0.394\
1 0-0.2 0.17059-\
0.3706l1.6177-1.\
6412z\x22/>\x0d\x0a   </g\
>\x0d\x0a   <g id=\x22tex\
t4143\x22 transform\
=\x22translate(3.01\
7 -1.7542)\x22>\x0d\x0a  \
  <path id=\x22path\
4151\x22 d=\x22m19.717\
 1003.1q-0.45883\
 0-0.45883-0.411\
8 0-0.1294 0.105\
88-0.3411 0.3705\
9-0.7295 0.85295\
-1.0412 0.60001-\
0.3883 1.2647-0.\
3883 1.1177 0 1.\
753 0.853 0.4647\
1 0.6235 0.46471\
 1.3412 0 0.6294\
-0.38824 1.2588l\
-2.853 4.606h2.7\
883q0.44118 0 0.\
44118 0.4412 0 0\
.3823-0.48236 0.\
3823h-3.4177q-0.\
52354 0-0.52354-\
0.3765 0-0.1647 \
0.07647-0.2882l3\
.1648-5.1001q0.3\
2353-0.5235 0.32\
353-0.9235 0-0.5\
059-0.32353-0.88\
24-0.39412-0.458\
8-1.053-0.4588-0\
.81766 0-1.3236 \
0.9647-0.19412 0\
.3647-0.41177 0.\
3647z\x22/>\x0d\x0a   </g\
>\x0d\x0a  </g>\x0d\x0a </g>\
\x0d\x0a</svg>\x0d\x0a\
\x00\x00\x03\xa0\
<\
?xml version=\x221.\
0\x22 encoding=\x22UTF\
-8\x22 standalone=\x22\
no\x22?>\x0d\x0a<!-- Crea\
ted with Inkscap\
e (http://www.in\
kscape.org/) -->\
\x0d\x0a<svg id=\x22svg2\x22\
 xmlns:rdf=\x22http\
://www.w3.org/19\
99/02/22-rdf-syn\
tax-ns#\x22 xmlns=\x22\
http://www.w3.or\
g/2000/svg\x22 heig\
ht=\x2264\x22 width=\x226\
4\x22 version=\x221.1\x22\
 xmlns:cc=\x22http:\
//creativecommon\
s.org/ns#\x22 xmlns\
:dc=\x22http://purl\
.org/dc/elements\
/1.1/\x22 viewBox=\x22\
0 0 63.999999 63\
.999999\x22>\x0d\x0a <met\
adata id=\x22metada\
ta7\x22>\x0d\x0a  <rdf:RD\
F>\x0d\x0a   <cc:Work \
rdf:about=\x22\x22>\x0d\x0a \
   <dc:format>im\
age/svg+xml</dc:\
format>\x0d\x0a    <dc\
:type rdf:resour\
ce=\x22http://purl.\
org/dc/dcmitype/\
StillImage\x22/>\x0d\x0a \
   <dc:title/>\x0d\x0a\
   </cc:Work>\x0d\x0a \
 </rdf:RDF>\x0d\x0a </\
metadata>\x0d\x0a <g i\
d=\x22layer1\x22 trans\
form=\x22translate(\
0 -988.36)\x22 stro\
ke=\x22#2e3436\x22 str\
oke-width=\x226\x22 fi\
ll=\x22none\x22>\x0d\x0a  <p\
ath id=\x22path4135\
\x22 d=\x22m16 1012.1 \
16 16 16-16\x22/>\x0d\x0a\
  <path id=\x22path\
4144\x22 d=\x22m16 102\
8.4v-20c0-8 4-12\
 16-12s16 4 16 1\
2v20c0 8-4 17-16\
 17s-16-9-16-17z\
\x22/>\x0d\x0a  <path id=\
\x22path4209\x22 d=\x22m3\
2 1004.4v12\x22/>\x0d\x0a\
 </g>\x0d\x0a</svg>\x0d\x0a\
\x00\x00\x08V\
<\
?xml version=\x221.\
0\x22 encoding=\x22UTF\
-8\x22 standalone=\x22\
no\x22?>\x0d\x0a<!-- Crea\
ted with Inkscap\
e (http://www.in\
kscape.org/) -->\
\x0d\x0a\x0d\x0a<svg\x0d\x0a   id=\
\x22svg2\x22\x0d\x0a   heigh\
t=\x2264\x22\x0d\x0a   width\
=\x2264\x22\x0d\x0a   versio\
n=\x221.1\x22\x0d\x0a   view\
Box=\x220 0 63.9999\
99 63.999999\x22\x0d\x0a \
  sodipodi:docna\
me=\x22NavigationSW\
_light.svg\x22\x0d\x0a   \
inkscape:version\
=\x221.4 (e7c3feb10\
0, 2024-10-09)\x22\x0d\
\x0a   xmlns:inksca\
pe=\x22http://www.i\
nkscape.org/name\
spaces/inkscape\x22\
\x0d\x0a   xmlns:sodip\
odi=\x22http://sodi\
podi.sourceforge\
.net/DTD/sodipod\
i-0.dtd\x22\x0d\x0a   xml\
ns=\x22http://www.w\
3.org/2000/svg\x22\x0d\
\x0a   xmlns:svg=\x22h\
ttp://www.w3.org\
/2000/svg\x22\x0d\x0a   x\
mlns:rdf=\x22http:/\
/www.w3.org/1999\
/02/22-rdf-synta\
x-ns#\x22\x0d\x0a   xmlns\
:cc=\x22http://crea\
tivecommons.org/\
ns#\x22\x0d\x0a   xmlns:d\
c=\x22http://purl.o\
rg/dc/elements/1\
.1/\x22>\x0d\x0a  <sodipo\
di:namedview\x0d\x0a  \
   id=\x22namedview\
1\x22\x0d\x0a     pagecol\
or=\x22#ffffff\x22\x0d\x0a  \
   bordercolor=\x22\
#999999\x22\x0d\x0a     b\
orderopacity=\x221\x22\
\x0d\x0a     inkscape:\
showpageshadow=\x22\
2\x22\x0d\x0a     inkscap\
e:pageopacity=\x220\
\x22\x0d\x0a     inkscape\
:pagecheckerboar\
d=\x220\x22\x0d\x0a     inks\
cape:deskcolor=\x22\
#d1d1d1\x22\x0d\x0a     i\
nkscape:zoom=\x2212\
.546875\x22\x0d\x0a     i\
nkscape:cx=\x2231.9\
60149\x22\x0d\x0a     ink\
scape:cy=\x2232\x22\x0d\x0a \
    inkscape:win\
dow-width=\x221920\x22\
\x0d\x0a     inkscape:\
window-height=\x221\
014\x22\x0d\x0a     inksc\
ape:window-x=\x220\x22\
\x0d\x0a     inkscape:\
window-y=\x220\x22\x0d\x0a  \
   inkscape:wind\
ow-maximized=\x221\x22\
\x0d\x0a     inkscape:\
current-layer=\x22s\
vg2\x22 />\x0d\x0a  <defs\
\x0d\x0a     id=\x22defs1\
\x22 />\x0d\x0a  <metadat\
a\x0d\x0a     id=\x22meta\
data7\x22>\x0d\x0a    <rd\
f:RDF>\x0d\x0a      <c\
c:Work\x0d\x0a        \
 rdf:about=\x22\x22>\x0d\x0a\
        <dc:form\
at>image/svg+xml\
</dc:format>\x0d\x0a  \
      <dc:type\x0d\x0a\
           rdf:r\
esource=\x22http://\
purl.org/dc/dcmi\
type/StillImage\x22\
 />\x0d\x0a      </cc:\
Work>\x0d\x0a    </rdf\
:RDF>\x0d\x0a  </metad\
ata>\x0d\x0a  <g\x0d\x0a    \
 id=\x22layer1\x22\x0d\x0a  \
   transform=\x22tr\
anslate(0 -988.3\
6)\x22\x0d\x0a     stroke\
=\x22#d1cbc9\x22\x0d\x0a    \
 stroke-width=\x226\
\x22\x0d\x0a     fill=\x22no\
ne\x22>\x0d\x0a    <path\x0d\
\x0a       id=\x22path\
4144\x22\x0d\x0a       d=\
\x22m16 1028.4v-20c\
0-8 4-12 16-12s1\
6 4 16 12v20c0 8\
-4 17-16 17s-16-\
9-16-17z\x22 />\x0d\x0a  \
  <path\x0d\x0a       \
id=\x22path4209\x22\x0d\x0a \
      d=\x22m32 100\
4.4v12\x22 />\x0d\x0a  </\
g>\x0d\x0a  <text\x0d\x0a   \
  xml:space=\x22pre\
serve\x22\x0d\x0a     sty\
le=\x22fill:#d1cbc9\
;stroke:#d1cbc9;\
stroke-width:1.2\
49;stroke-dashar\
ray:none\x22\x0d\x0a     \
x=\x2222.540596\x22\x0d\x0a \
    y=\x2242.368313\
\x22\x0d\x0a     id=\x22text\
1\x22><tspan\x0d\x0a     \
  x=\x2222.540596\x22\x0d\
\x0a       y=\x2242.36\
8313\x22\x0d\x0a       id\
=\x22tspan2\x22>SW</ts\
pan></text>\x0d\x0a</s\
vg>\x0d\x0a\
\x00\x00\x0f`\
<\
?xml version=\x221.\
0\x22 encoding=\x22UTF\
-8\x22 standalone=\x22\
no\x22?>\x0d\x0a<!-- Crea\
ted with Inkscap\
e (http://www.in\
kscape.org/) -->\
\x0d\x0a<svg id=\x22svg41\
99\x22 xmlns:rdf=\x22h\
ttp://www.w3.org\
/1999/02/22-rdf-\
syntax-ns#\x22 xmln\
s=\x22http://www.w3\
.org/2000/svg\x22 h\
eight=\x2264\x22 width\
=\x2264\x22 version=\x221\
.1\x22 xmlns:cc=\x22ht\
tp://creativecom\
mons.org/ns#\x22 xm\
lns:xlink=\x22http:\
//www.w3.org/199\
9/xlink\x22 viewBox\
=\x220 0 64.000001 \
64.000001\x22 xmlns\
:dc=\x22http://purl\
.org/dc/elements\
/1.1/\x22>\x0d\x0a <defs \
id=\x22defs4201\x22>\x0d\x0a\
  <linearGradien\
t id=\x22linearGrad\
ient5152\x22>\x0d\x0a   <\
stop id=\x22stop515\
4\x22 stop-color=\x22#\
8ae234\x22 offset=\x22\
0\x22/>\x0d\x0a   <stop i\
d=\x22stop5156\x22 sto\
p-color=\x22#8ae234\
\x22 stop-opacity=\x22\
0\x22 offset=\x221\x22/>\x0d\
\x0a  </linearGradi\
ent>\x0d\x0a  <radialG\
radient id=\x22radi\
alGradient5160\x22 \
xlink:href=\x22#lin\
earGradient5152\x22\
 gradientUnits=\x22\
userSpaceOnUse\x22 \
cy=\x221030.8\x22 cx=\x22\
25.241\x22 gradient\
Transform=\x22matri\
x(.78044 .78045 \
-.66064 .66063 6\
84.06 328.91)\x22 r\
=\x2211.036\x22/>\x0d\x0a  <\
radialGradient i\
d=\x22radialGradien\
t5164\x22 xlink:hre\
f=\x22#linearGradie\
nt5152\x22 gradient\
Units=\x22userSpace\
OnUse\x22 cy=\x221030.\
8\x22 cx=\x2225.241\x22 g\
radientTransform\
=\x22matrix(-.78044\
 -.78045 .68896 \
-.68895 -647.9 1\
739.7)\x22 r=\x2211.03\
6\x22/>\x0d\x0a </defs>\x0d\x0a\
 <metadata id=\x22m\
etadata4204\x22>\x0d\x0a \
 <rdf:RDF>\x0d\x0a   <\
cc:Work rdf:abou\
t=\x22\x22>\x0d\x0a    <dc:f\
ormat>image/svg+\
xml</dc:format>\x0d\
\x0a    <dc:type rd\
f:resource=\x22http\
://purl.org/dc/d\
cmitype/StillIma\
ge\x22/>\x0d\x0a    <dc:t\
itle/>\x0d\x0a   </cc:\
Work>\x0d\x0a  </rdf:R\
DF>\x0d\x0a </metadata\
>\x0d\x0a <g id=\x22layer\
1\x22 transform=\x22tr\
anslate(0 -988.3\
6)\x22>\x0d\x0a  <rect id\
=\x22rect4140\x22 styl\
e=\x22color:#000000\
\x22 fill-rule=\x22eve\
nodd\x22 ry=\x2210\x22 he\
ight=\x2256\x22 width=\
\x2256\x22 y=\x22991.69\x22 \
x=\x223.9727\x22 fill=\
\x22#eeeeec\x22/>\x0d\x0a  <\
path id=\x22path516\
2\x22 d=\x22m47.5 1004\
.9-15 15\x22 fill-r\
ule=\x22evenodd\x22 st\
roke=\x22url(#radia\
lGradient5164)\x22 \
stroke-width=\x2210\
\x22 fill=\x22#8ae234\x22\
/>\x0d\x0a  <g id=\x22g43\
40\x22 fill=\x22#729fc\
f\x22 transform=\x22tr\
anslate(58.993 -\
16.851)\x22>\x0d\x0a   <g\
 id=\x22layer1-7\x22 t\
ransform=\x22transl\
ate(-43.493 1.35\
12)\x22>\x0d\x0a    <g id\
=\x22g4281\x22 fill=\x22#\
729fcf\x22 transfor\
m=\x22matrix(0.5 0 \
0 0.5 20.237 506\
.39)\x22>\x0d\x0a     <el\
lipse id=\x22path30\
59\x22 rx=\x225.7143\x22 \
transform=\x22matri\
x(2.625 0 0 2.66\
67 -17.723 791.0\
4)\x22 ry=\x225.625\x22 c\
y=\x2288.839\x22 cx=\x221\
5.714\x22 fill=\x22#72\
9fcf\x22/>\x0d\x0a    </g\
>\x0d\x0a   </g>\x0d\x0a   <\
g id=\x22g4138\x22 tra\
nsform=\x22matrix(.\
56104 0 0 -.5588\
6 -29.446 1592)\x22\
 stroke=\x22#eeeeec\
\x22 stroke-width=\x22\
2.8574\x22>\x0d\x0a    <g\
 id=\x22g4140\x22 tran\
sform=\x22matrix(0.\
5 0 0 0.5 20.237\
 506.39)\x22 stroke\
=\x22#eeeeec\x22 strok\
e-width=\x225.7148\x22\
 fill=\x22#729fcf\x22>\
\x0d\x0a     <ellipse \
id=\x22ellipse4142\x22\
 rx=\x225.7143\x22 ry=\
\x225.625\x22 stroke=\x22\
#eeeeec\x22 transfo\
rm=\x22matrix(2.625\
 0 0 2.6667 -17.\
723 791.04)\x22 cy=\
\x2288.839\x22 cx=\x2215.\
714\x22 stroke-widt\
h=\x222.16\x22 fill=\x22#\
729fcf\x22/>\x0d\x0a    <\
/g>\x0d\x0a   </g>\x0d\x0a  \
</g>\x0d\x0a  <path id\
=\x22path5130\x22 d=\x22m\
17.854 1034.5 15\
-15\x22 fill-rule=\x22\
evenodd\x22 stroke=\
\x22url(#radialGrad\
ient5160)\x22 strok\
e-width=\x2210\x22 fil\
l=\x22#8ae234\x22/>\x0d\x0a \
 <g id=\x22g4348\x22 f\
ill=\x22#729fcf\x22 tr\
ansform=\x22transla\
te(29.318 12.824\
)\x22>\x0d\x0a   <g id=\x22g\
4350\x22 transform=\
\x22translate(-43.4\
93 1.3512)\x22>\x0d\x0a  \
  <g id=\x22g4352\x22 \
fill=\x22#729fcf\x22 t\
ransform=\x22matrix\
(0.5 0 0 0.5 20.\
237 506.39)\x22>\x0d\x0a \
    <ellipse id=\
\x22ellipse4354\x22 rx\
=\x225.7143\x22 ry=\x225.\
625\x22 transform=\x22\
matrix(2.625 0 0\
 2.6667 -17.723 \
791.04)\x22 cy=\x2288.\
839\x22 cx=\x2215.714\x22\
 fill=\x22#729fcf\x22/\
>\x0d\x0a    </g>\x0d\x0a   \
</g>\x0d\x0a   <g id=\x22\
g4356\x22 transform\
=\x22matrix(.56104 \
0 0 -.55886 -29.\
446 1592)\x22 strok\
e=\x22#eeeeec\x22 stro\
ke-width=\x222.8574\
\x22>\x0d\x0a    <g id=\x22g\
4358\x22 transform=\
\x22matrix(0.5 0 0 \
0.5 20.237 506.3\
9)\x22 stroke=\x22#eee\
eec\x22 stroke-widt\
h=\x225.7148\x22 fill=\
\x22#729fcf\x22>\x0d\x0a    \
 <ellipse id=\x22el\
lipse4360\x22 rx=\x225\
.7143\x22 transform\
=\x22matrix(2.625 0\
 0 2.6667 -17.72\
3 791.04)\x22 strok\
e=\x22#eeeeec\x22 ry=\x22\
5.625\x22 cy=\x2288.83\
9\x22 cx=\x2215.714\x22 s\
troke-width=\x222.1\
6\x22 fill=\x22#729fcf\
\x22/>\x0d\x0a    </g>\x0d\x0a \
  </g>\x0d\x0a  </g>\x0d\x0a\
  <g id=\x22g4368\x22 \
transform=\x22matri\
x(.70711 -.70711\
 .70711 .70711 -\
717.57 323.11)\x22 \
stroke=\x22#2e3436\x22\
 fill=\x22none\x22>\x0d\x0a \
  <path id=\x22path\
4364\x22 d=\x22m30 104\
2.4h20\x22 stroke-w\
idth=\x222\x22/>\x0d\x0a   <\
path id=\x22path436\
6\x22 d=\x22m44 1039.4\
 6 3-6 3\x22 stroke\
-width=\x221.8\x22/>\x0d\x0a\
  </g>\x0d\x0a  <g id=\
\x22g4378\x22 transfor\
m=\x22matrix(-.7071\
1 .70711 .70711 \
.70711 -672.03 2\
69.44)\x22 stroke=\x22\
#2e3436\x22 fill=\x22n\
one\x22>\x0d\x0a   <path \
id=\x22path4380\x22 d=\
\x22m30 1042.4h20\x22 \
stroke-width=\x222\x22\
/>\x0d\x0a   <path id=\
\x22path4383\x22 d=\x22m4\
4 1039.4 6 3-6 3\
\x22 stroke-width=\x22\
1.8\x22/>\x0d\x0a  </g>\x0d\x0a\
 </g>\x0d\x0a</svg>\x0d\x0a\
\x00\x00\x14b\
<\
?xml version=\x221.\
0\x22 encoding=\x22UTF\
-8\x22 standalone=\x22\
no\x22?>\x0d\x0a<!-- Crea\
ted with Inkscap\
e (http://www.in\
kscape.org/) -->\
\x0d\x0a<svg id=\x22svg41\
99\x22 xmlns:rdf=\x22h\
ttp://www.w3.org\
/1999/02/22-rdf-\
syntax-ns#\x22 xmln\
s=\x22http://www.w3\
.org/2000/svg\x22 x\
mlns:osb=\x22http:/\
/www.openswatchb\
ook.org/uri/2009\
/osb\x22 height=\x2264\
\x22 width=\x2264\x22 ver\
sion=\x221.1\x22 xmlns\
:cc=\x22http://crea\
tivecommons.org/\
ns#\x22 viewBox=\x220 \
0 64 64.000001\x22 \
xmlns:dc=\x22http:/\
/purl.org/dc/ele\
ments/1.1/\x22>\x0d\x0a <\
metadata id=\x22met\
adata4204\x22>\x0d\x0a  <\
rdf:RDF>\x0d\x0a   <cc\
:Work rdf:about=\
\x22\x22>\x0d\x0a    <dc:for\
mat>image/svg+xm\
l</dc:format>\x0d\x0a \
   <dc:type rdf:\
resource=\x22http:/\
/purl.org/dc/dcm\
itype/StillImage\
\x22/>\x0d\x0a    <dc:tit\
le/>\x0d\x0a   </cc:Wo\
rk>\x0d\x0a  </rdf:RDF\
>\x0d\x0a </metadata>\x0d\
\x0a <g id=\x22layer1\x22\
 transform=\x22tran\
slate(0 -988.36)\
\x22>\x0d\x0a  <g id=\x22g10\
378\x22 transform=\x22\
translate(64 -13\
.5)\x22>\x0d\x0a   <g id=\
\x22g6444\x22 transfor\
m=\x22translate(9.0\
82 9.0321)\x22>\x0d\x0a  \
  <rect id=\x22rect\
4151-2-9\x22 style=\
\x22color:#000000\x22 \
fill-rule=\x22eveno\
dd\x22 ry=\x2210\x22 heig\
ht=\x2256\x22 width=\x225\
8\x22 y=\x22996.83\x22 x=\
\x22-70.082\x22 fill=\x22\
#eeeeec\x22/>\x0d\x0a    \
<g id=\x22g6386\x22 tr\
ansform=\x22transla\
te(-73.082,4.467\
7)\x22 stroke=\x22#2e3\
436\x22 stroke-widt\
h=\x220.4\x22 fill=\x22#2\
e3436\x22>\x0d\x0a     <p\
ath id=\x22path4257\
-2-3\x22 d=\x22m14.837\
 999.16q0-0.9521\
 0.65918-1.6296 \
0.65918-0.6836 1\
.593-0.6836 1.29\
39 0 2.3499 0.39\
67 0.43945 0.164\
8 0.43945 0.5066\
 0 0.4211-0.4211\
4 0.4211-0.177 0\
-0.55542-0.1464-\
0.78735-0.3052-1\
.6785-0.3052-0.8\
0566 0-1.2268 0.\
5737-0.25635 0.3\
479-0.25635 0.91\
55 0 0.7752 0.94\
604 1.2574l2.227\
8 1.1291q1.4465 \
0.7446 1.4465 2.\
1607 0 1.062-0.7\
5684 1.715-0.683\
59 0.5921-1.6418\
 0.5921-1.4526 0\
-2.7832-0.8728-0\
.3418-0.2258-0.3\
418-0.5005 0-0.4\
211 0.45166-0.42\
11 0.1648 0 0.43\
945 0.1953 0.964\
36 0.6897 2.3132\
 0.6897 0.39673 \
0 0.71411-0.1648\
 0.7019-0.3662 0\
.7019-1.2635 0-0\
.8483-0.92163-1.\
3122l-2.3987-1.2\
146q-1.3-0.6592-\
1.3-2.0386z\x22/>\x0d\x0a\
     <path id=\x22p\
ath4259-9-6\x22 d=\x22\
m26.568 1001.4h-\
3.7903v4.1687q0 \
0.47-0.45166 0.4\
7-0.44556 0-0.44\
556-0.4639v-8.23\
36q0-0.5188 0.44\
556-0.5188 0.451\
66 0 0.45166 0.5\
188v3.18h3.7903v\
-3.2166q0-0.4578\
 0.43335-0.4578t\
0.43335 0.4517v8\
.252q0 0.4883-0.\
43335 0.4883t-0.\
43335-0.4761v-4.\
1626z\x22/>\x0d\x0a     <\
path id=\x22path426\
1-1-0\x22 d=\x22m30.20\
6 1005.5q0 0.585\
9-0.46387 0.5859\
t-0.46387-0.5737\
v-8.0934q0-0.549\
3 0.46387-0.5493\
t0.46387 0.5676v\
8.0628z\x22/>\x0d\x0a    \
 <path id=\x22path4\
263-2-6\x22 d=\x22m32.\
94 1001.4v4.1321\
q0 0.5005-0.4577\
6 0.5005-0.44556\
 0-0.44556-0.506\
6 0 0 0-8.2886 0\
-0.4272 0.47607-\
0.4272 0 0 3.637\
7 0 0.48218 0 0.\
48218 0.4394 0 0\
.4395-0.47607 0.\
4395h-3.2104v2.8\
198h3.2104q0.476\
07 0 0.47607 0.4\
456 0 0.4455-0.4\
8218 0.4455h-3.2\
104z\x22/>\x0d\x0a     <p\
ath id=\x22path4265\
-7-2\x22 d=\x22m37.859\
 997.24q0-0.4211\
 0.53711-0.4211h\
4.5227q0.43945 0\
 0.43945 0.4394 \
0 0.4456-0.42725\
 0.4456h-1.8738v\
7.8796q0 0.4822-\
0.44556 0.4822t-\
0.44556-0.47v-7.\
8918h-1.7822q-0.\
5249 0-0.5249-0.\
4639z\x22/>\x0d\x0a    </\
g>\x0d\x0a    <g id=\x22g\
8688-0-6\x22 transf\
orm=\x22translate(-\
25.42,8.1084)\x22 s\
troke=\x22#2e3436\x22 \
stroke-linecap=\x22\
round\x22 stroke-wi\
dth=\x221.3\x22 fill=\x22\
none\x22>\x0d\x0a     <pa\
th id=\x22path5826-\
5\x22 d=\x22m-4.003 99\
8.36h6\x22/>\x0d\x0a     \
<path id=\x22path58\
28-3\x22 d=\x22m-1.003\
 995.36v6.0001\x22/\
>\x0d\x0a    </g>\x0d\x0a   \
</g>\x0d\x0a  </g>\x0d\x0a  \
<g id=\x22g4311\x22 tr\
ansform=\x22matrix(\
.72726 0 0 .7272\
6 8.7275 286.29)\
\x22>\x0d\x0a   <g stroke\
=\x22#2e3436\x22>\x0d\x0a   \
 <path id=\x22path4\
144\x22 d=\x22m11.5 10\
02.4v35c0 4 0 4 \
20 4 21 0 21 0 2\
1-4v-35c0-3.0001\
 0-3.0001-21-3-2\
0-0.00004-20-0.0\
0004-20 3z\x22 fill\
-rule=\x22evenodd\x22 \
stroke-width=\x222\x22\
 fill=\x22#fff\x22/>\x0d\x0a\
    <path id=\x22pa\
th4195\x22 d=\x22m12.5\
 1028.4c0 9-1 12\
 2 12h16v-12z\x22 f\
ill-rule=\x22evenod\
d\x22 stroke-width=\
\x22.5\x22 fill=\x22#fff\x22\
/>\x0d\x0a    <path id\
=\x22path4169\x22 d=\x22m\
31.5 1027.4v14\x22 \
stroke-width=\x222\x22\
 fill=\x22none\x22/>\x0d\x0a\
    <path id=\x22pa\
th4167\x22 d=\x22m11.5\
 1027.4h41\x22 stro\
ke-width=\x222\x22 fil\
l=\x22none\x22/>\x0d\x0a    \
<path id=\x22path41\
54\x22 d=\x22m51.5 102\
8.4c0 10 1 12-2 \
12h-17v-12z\x22 fil\
l-rule=\x22evenodd\x22\
 stroke-width=\x22.\
5\x22 fill=\x22#fff\x22/>\
\x0d\x0a   </g>\x0d\x0a   <g\
 id=\x22g4356\x22 tran\
sform=\x22matrix(.5\
6104 0 0 -.55886\
 14.047 1583.6)\x22\
 stroke=\x22#eeeeec\
\x22 stroke-width=\x22\
2.8574\x22 fill=\x22#7\
29fcf\x22>\x0d\x0a    <g \
id=\x22g4358\x22 trans\
form=\x22matrix(0.5\
 0 0 0.5 20.237 \
506.39)\x22 stroke=\
\x22#eeeeec\x22 stroke\
-width=\x225.7148\x22 \
fill=\x22#729fcf\x22>\x0d\
\x0a     <ellipse i\
d=\x22ellipse4360\x22 \
rx=\x225.7143\x22 tran\
sform=\x22matrix(2.\
625 0 0 2.6667 -\
17.723 791.04)\x22 \
stroke=\x22#eeeeec\x22\
 ry=\x225.625\x22 cy=\x22\
88.839\x22 cx=\x2215.7\
14\x22 stroke-width\
=\x222.16\x22 fill=\x22#7\
29fcf\x22/>\x0d\x0a    </\
g>\x0d\x0a   </g>\x0d\x0a   \
<g id=\x22g4262\x22 tr\
ansform=\x22matrix(\
.67438 0 0 .6743\
8 -32.74 326.31)\
\x22 fill=\x22none\x22>\x0d\x0a\
    <path id=\x22pa\
th4170-6\x22 d=\x22m10\
2 1009.1-6-6.000\
1-6 6.0001\x22 stro\
ke=\x22#2e3436\x22 str\
oke-width=\x224\x22/>\x0d\
\x0a    <path id=\x22p\
ath4145\x22 d=\x22m101\
 1008.1-5-5.0001\
-5 5.0001\x22 strok\
e=\x22#729fcf\x22 stro\
ke-width=\x222\x22/>\x0d\x0a\
   </g>\x0d\x0a   <g i\
d=\x22g4477\x22 transf\
orm=\x22matrix(.674\
38 0 0 -.67438 -\
32.74 1700.4)\x22 f\
ill=\x22none\x22>\x0d\x0a   \
 <path id=\x22path4\
479\x22 d=\x22m102 100\
9.1-6-6.0001-6 6\
.0001\x22 stroke=\x22#\
2e3436\x22 stroke-w\
idth=\x224\x22/>\x0d\x0a    \
<path id=\x22path44\
81\x22 d=\x22m101 1008\
.1-5-5.0001-5 5.\
0001\x22 stroke=\x22#7\
29fcf\x22 stroke-wi\
dth=\x222\x22/>\x0d\x0a   </\
g>\x0d\x0a   <g id=\x22g4\
493\x22 transform=\x22\
matrix(0 .67438 \
-.67438 0 721.05\
 948.62)\x22 fill=\x22\
none\x22>\x0d\x0a    <pat\
h id=\x22path4495\x22 \
d=\x22m102 1009.1-6\
-6.0001-6 6.0001\
\x22 stroke=\x22#2e343\
6\x22 stroke-width=\
\x224\x22/>\x0d\x0a    <path\
 id=\x22path4497\x22 d\
=\x22m101 1008.1-5-\
5.0001-5 5.0001\x22\
 stroke=\x22#729fcf\
\x22 stroke-width=\x22\
2\x22/>\x0d\x0a   </g>\x0d\x0a \
  <g id=\x22g4499\x22 \
transform=\x22matri\
x(0 .67438 .6743\
8 0 -657.05 948.\
62)\x22 fill=\x22none\x22\
>\x0d\x0a    <path id=\
\x22path4501\x22 d=\x22m1\
02 1009.1-6-6.00\
01-6 6.0001\x22 str\
oke=\x22#2e3436\x22 st\
roke-width=\x224\x22/>\
\x0d\x0a    <path id=\x22\
path4503\x22 d=\x22m10\
1 1008.1-5-5.000\
1-5 5.0001\x22 stro\
ke=\x22#729fcf\x22 str\
oke-width=\x222\x22/>\x0d\
\x0a   </g>\x0d\x0a  </g>\
\x0d\x0a </g>\x0d\x0a</svg>\x0d\
\x0a\
\x00\x00\x04\x04\
<\
?xml version=\x221.\
0\x22 encoding=\x22UTF\
-8\x22 standalone=\x22\
no\x22?>\x0d\x0a<!-- Crea\
ted with Inkscap\
e (http://www.in\
kscape.org/) -->\
\x0d\x0a<svg id=\x22svg2\x22\
 xmlns:rdf=\x22http\
://www.w3.org/19\
99/02/22-rdf-syn\
tax-ns#\x22 xmlns=\x22\
http://www.w3.or\
g/2000/svg\x22 xmln\
s:osb=\x22http://ww\
w.openswatchbook\
.org/uri/2009/os\
b\x22 height=\x2264\x22 v\
iewBox=\x220 0 64 6\
4\x22 width=\x2264\x22 ve\
rsion=\x221.1\x22 xmln\
s:cc=\x22http://cre\
ativecommons.org\
/ns#\x22 xmlns:dc=\x22\
http://purl.org/\
dc/elements/1.1/\
\x22>\x0d\x0a <metadata i\
d=\x22metadata7\x22>\x0d\x0a\
  <rdf:RDF>\x0d\x0a   \
<cc:Work rdf:abo\
ut=\x22\x22>\x0d\x0a    <dc:\
format>image/svg\
+xml</dc:format>\
\x0d\x0a    <dc:type r\
df:resource=\x22htt\
p://purl.org/dc/\
dcmitype/StillIm\
age\x22/>\x0d\x0a    <dc:\
title/>\x0d\x0a   </cc\
:Work>\x0d\x0a  </rdf:\
RDF>\x0d\x0a </metadat\
a>\x0d\x0a <g id=\x22laye\
r1\x22 transform=\x22t\
ranslate(0 -988.\
36)\x22>\x0d\x0a  <g id=\x22\
g3341\x22 fill-rule\
=\x22evenodd\x22 fill=\
\x22#2e3436\x22 transf\
orm=\x22matrix(.933\
33 0 0 .92593 2.\
1334 75.583)\x22>\x0d\x0a\
   <path id=\x22pat\
h8233\x22 d=\x22m9.5 1\
006.9v27l22.5 13\
.5 22.5-13.5v-27\
l-22.5 13.5-22.5\
-13.5z\x22/>\x0d\x0a   <p\
ath id=\x22path8251\
\x22 d=\x22m9.5 1006.9\
 22.5-13.54 22.5\
 13.54-22.5 13.5\
z\x22 fill-opacity=\
\x22.58824\x22/>\x0d\x0a  </\
g>\x0d\x0a </g>\x0d\x0a</svg\
>\x0d\x0a\
\x00\x00\x0e)\
<\
?xml version=\x221.\
0\x22 encoding=\x22UTF\
-8\x22 standalone=\x22\
no\x22?>\x0d\x0a<!-- Crea\
ted with Inkscap\
e (http://www.in\
kscape.org/) -->\
\x0d\x0a<svg id=\x22svg41\
99\x22 xmlns:rdf=\x22h\
ttp://www.w3.org\
/1999/02/22-rdf-\
syntax-ns#\x22 xmln\
s=\x22http://www.w3\
.org/2000/svg\x22 h\
eight=\x2264\x22 width\
=\x2264\x22 version=\x221\
.1\x22 xmlns:cc=\x22ht\
tp://creativecom\
mons.org/ns#\x22 xm\
lns:dc=\x22http://p\
url.org/dc/eleme\
nts/1.1/\x22 viewBo\
x=\x220 0 64 64.000\
001\x22>\x0d\x0a <metadat\
a id=\x22metadata42\
04\x22>\x0d\x0a  <rdf:RDF\
>\x0d\x0a   <cc:Work r\
df:about=\x22\x22>\x0d\x0a  \
  <dc:format>ima\
ge/svg+xml</dc:f\
ormat>\x0d\x0a    <dc:\
type rdf:resourc\
e=\x22http://purl.o\
rg/dc/dcmitype/S\
tillImage\x22/>\x0d\x0a  \
  <dc:title/>\x0d\x0a \
  </cc:Work>\x0d\x0a  \
</rdf:RDF>\x0d\x0a </m\
etadata>\x0d\x0a <g id\
=\x22layer1\x22 transf\
orm=\x22translate(0\
 -988.36)\x22>\x0d\x0a  <\
g fill-rule=\x22eve\
nodd\x22>\x0d\x0a   <rect\
 id=\x22rect4151-2\x22\
 style=\x22color:#0\
00000\x22 ry=\x2210\x22 h\
eight=\x2256\x22 width\
=\x2258\x22 y=\x22992.36\x22\
 x=\x223\x22 fill=\x22#ee\
eeec\x22/>\x0d\x0a   <g s\
troke=\x22#2e3436\x22>\
\x0d\x0a    <path id=\x22\
path4153-9\x22 d=\x22m\
20.923 1033.6v-1\
3.846c0-5.5385 2\
.7692-8.6538 11.\
077-8.6538 8.307\
7 0 11.077 3.115\
3 11.077 8.6538v\
13.846c0 5.5384-\
2.7692 12.115-11\
.077 12.115-8.30\
77 0-11.077-6.57\
7-11.077-12.115z\
\x22 stroke-width=\x22\
1.3846\x22 fill=\x22#f\
ff\x22/>\x0d\x0a    <path\
 id=\x22path4155-1\x22\
 d=\x22m21.615 1021\
.8c-0.096-6.9 1.\
017-10.1 10.385-\
10.1v10.038z\x22 st\
roke-width=\x22.346\
15\x22 fill=\x22#729fc\
f\x22/>\x0d\x0a    <path \
id=\x22path4157-2\x22 \
d=\x22m42.385 1021.\
8c0.096-6.9-1.01\
7-10.1-10.385-10\
.1v10.038z\x22 stro\
ke-width=\x22.34615\
\x22 fill=\x22#fff\x22/>\x0d\
\x0a   </g>\x0d\x0a  </g>\
\x0d\x0a  <g stroke=\x22#\
2e3436\x22>\x0d\x0a   <pa\
th id=\x22path4159-\
7\x22 d=\x22m32 1022.5\
v-11.423\x22 stroke\
-width=\x221.3846\x22 \
fill=\x22none\x22/>\x0d\x0a \
  <path id=\x22path\
4161-0\x22 d=\x22m20.9\
23 1022.5h22.154\
\x22 stroke-width=\x22\
1.3846\x22 fill=\x22no\
ne\x22/>\x0d\x0a   <rect \
id=\x22rect4163-9\x22 \
height=\x2212.462\x22 \
stroke-linecap=\x22\
round\x22 stroke-wi\
dth=\x221.1077\x22 fil\
l=\x22#fff\x22 style=\x22\
color:#000000\x22 f\
ill-rule=\x22evenod\
d\x22 ry=\x222.4231\x22 w\
idth=\x225.5385\x22 y=\
\x221016.2\x22 x=\x2229.2\
31\x22/>\x0d\x0a  </g>\x0d\x0a \
 <g stroke=\x22#2e3\
436\x22 stroke-widt\
h=\x220.4\x22 fill=\x22#2\
e3436\x22>\x0d\x0a   <pat\
h id=\x22path4257-2\
\x22 d=\x22m14.837 999\
.16q0-0.9521 0.6\
5918-1.6296 0.65\
918-0.6836 1.593\
-0.6836 1.2939 0\
 2.3499 0.3967 0\
.43945 0.1648 0.\
43945 0.5066 0 0\
.4211-0.42114 0.\
4211-0.177 0-0.5\
5542-0.1464-0.78\
735-0.3052-1.678\
5-0.3052-0.80566\
 0-1.2268 0.5737\
-0.25635 0.3479-\
0.25635 0.9155 0\
 0.7752 0.94604 \
1.2574l2.2278 1.\
1291q1.4465 0.74\
46 1.4465 2.1607\
 0 1.062-0.75684\
 1.715-0.68359 0\
.5921-1.6418 0.5\
921-1.4526 0-2.7\
832-0.8728-0.341\
8-0.2258-0.3418-\
0.5005 0-0.4211 \
0.45166-0.4211 0\
.1648 0 0.43945 \
0.1953 0.96436 0\
.6897 2.3132 0.6\
897 0.39673 0 0.\
71411-0.1648 0.7\
019-0.3662 0.701\
9-1.2635 0-0.848\
3-0.92163-1.3122\
l-2.3987-1.2146q\
-1.3-0.6592-1.3-\
2.0386z\x22/>\x0d\x0a   <\
path id=\x22path425\
9-9\x22 d=\x22m26.568 \
1001.4h-3.7903v4\
.1687q0 0.47-0.4\
5166 0.47-0.4455\
6 0-0.44556-0.46\
39v-8.2336q0-0.5\
188 0.44556-0.51\
88 0.45166 0 0.4\
5166 0.5188v3.18\
h3.7903v-3.2166q\
0-0.4578 0.43335\
-0.4578t0.43335 \
0.4517v8.252q0 0\
.4883-0.43335 0.\
4883t-0.43335-0.\
4761v-4.1626z\x22/>\
\x0d\x0a   <path id=\x22p\
ath4261-1\x22 d=\x22m3\
0.206 1005.5q0 0\
.5859-0.46387 0.\
5859t-0.46387-0.\
5737v-8.0934q0-0\
.5493 0.46387-0.\
5493t0.46387 0.5\
676v8.0628z\x22/>\x0d\x0a\
   <path id=\x22pat\
h4263-2\x22 d=\x22m32.\
94 1001.4v4.1321\
q0 0.5005-0.4577\
6 0.5005-0.44556\
 0-0.44556-0.506\
6 0 0 0-8.2886 0\
-0.4272 0.47607-\
0.4272 0 0 3.637\
7 0 0.48218 0 0.\
48218 0.4394 0 0\
.4395-0.47607 0.\
4395h-3.2104v2.8\
198h3.2104q0.476\
07 0 0.47607 0.4\
456 0 0.4455-0.4\
8218 0.4455h-3.2\
104z\x22/>\x0d\x0a   <pat\
h id=\x22path4265-7\
\x22 d=\x22m37.859 997\
.24q0-0.4211 0.5\
3711-0.4211h4.52\
27q0.43945 0 0.4\
3945 0.4394 0 0.\
4456-0.42725 0.4\
456h-1.8738v7.87\
96q0 0.4822-0.44\
556 0.4822t-0.44\
556-0.47v-7.8918\
h-1.7822q-0.5249\
 0-0.5249-0.4639\
z\x22/>\x0d\x0a  </g>\x0d\x0a  \
<g id=\x22g8688-0\x22 \
transform=\x22trans\
late(47.662 3.64\
07)\x22 stroke=\x22#2e\
3436\x22 stroke-lin\
ecap=\x22round\x22 str\
oke-width=\x221.3\x22 \
fill=\x22none\x22>\x0d\x0a  \
 <path id=\x22path5\
826\x22 d=\x22m-4.003 \
998.36h6\x22/>\x0d\x0a   \
<path id=\x22path58\
28\x22 d=\x22m-1.003 9\
95.36v6.0001\x22/>\x0d\
\x0a  </g>\x0d\x0a </g>\x0d\x0a\
</svg>\x0d\x0a\
\x00\x00\x06:\
<\
?xml version=\x221.\
0\x22 encoding=\x22UTF\
-8\x22 standalone=\x22\
no\x22?>\x0d\x0a<!-- Crea\
ted with Inkscap\
e (http://www.in\
kscape.org/) -->\
\x0d\x0a<svg id=\x22svg41\
99\x22 xmlns:rdf=\x22h\
ttp://www.w3.org\
/1999/02/22-rdf-\
syntax-ns#\x22 xmln\
s=\x22http://www.w3\
.org/2000/svg\x22 h\
eight=\x2264\x22 width\
=\x2264\x22 version=\x221\
.1\x22 xmlns:cc=\x22ht\
tp://creativecom\
mons.org/ns#\x22 xm\
lns:dc=\x22http://p\
url.org/dc/eleme\
nts/1.1/\x22 viewBo\
x=\x220 0 64.000001\
 64.000001\x22>\x0d\x0a <\
metadata id=\x22met\
adata4204\x22>\x0d\x0a  <\
rdf:RDF>\x0d\x0a   <cc\
:Work rdf:about=\
\x22\x22>\x0d\x0a    <dc:for\
mat>image/svg+xm\
l</dc:format>\x0d\x0a \
   <dc:type rdf:\
resource=\x22http:/\
/purl.org/dc/dcm\
itype/StillImage\
\x22/>\x0d\x0a    <dc:tit\
le/>\x0d\x0a   </cc:Wo\
rk>\x0d\x0a  </rdf:RDF\
>\x0d\x0a </metadata>\x0d\
\x0a <g id=\x22layer1\x22\
 transform=\x22tran\
slate(0 -988.36)\
\x22>\x0d\x0a  <g fill-ru\
le=\x22evenodd\x22>\x0d\x0a \
  <rect id=\x22rect\
4140\x22 style=\x22col\
or:#000000\x22 ry=\x22\
10\x22 height=\x2256\x22 \
width=\x2256\x22 y=\x2299\
2.36\x22 x=\x224\x22 fill\
=\x22#eeeeec\x22/>\x0d\x0a  \
 <g stroke=\x22#2e3\
436\x22>\x0d\x0a    <path\
 id=\x22path4144\x22 d\
=\x22m16 1027.9v-20\
c0-8 4-12.5 16-1\
2.5s16 4.5 16 12\
.5v20c0 8-4 17.5\
-16 17.5s-16-9.5\
-16-17.5z\x22 strok\
e-width=\x222\x22 fill\
=\x22#fff\x22/>\x0d\x0a    <\
path id=\x22path419\
5\x22 d=\x22m17 1010.9\
c-0.13863-10 1.4\
688-14.5 15-14.5\
v14.5z\x22 stroke-w\
idth=\x22.5\x22 fill=\x22\
#729fcf\x22/>\x0d\x0a    \
<path id=\x22path41\
97\x22 d=\x22m47 1010.\
9c0.13863-10-1.4\
688-14.5-15-14.5\
v14.5z\x22 stroke-w\
idth=\x22.5\x22 fill=\x22\
#fff\x22/>\x0d\x0a   </g>\
\x0d\x0a  </g>\x0d\x0a  <g s\
troke=\x22#2e3436\x22>\
\x0d\x0a   <path id=\x22p\
ath4169\x22 d=\x22m32 \
1011.9v-16.5\x22 st\
roke-width=\x222\x22 f\
ill=\x22none\x22/>\x0d\x0a  \
 <path id=\x22path4\
167\x22 d=\x22m16 1011\
.9h32\x22 stroke-wi\
dth=\x222\x22 fill=\x22no\
ne\x22/>\x0d\x0a   <rect \
id=\x22rect4139\x22 he\
ight=\x2218\x22 stroke\
-linecap=\x22round\x22\
 stroke-width=\x221\
.6\x22 fill=\x22#fff\x22 \
style=\x22color:#00\
0000\x22 fill-rule=\
\x22evenodd\x22 ry=\x223.\
5\x22 width=\x228\x22 y=\x22\
1002.9\x22 x=\x2228\x22/>\
\x0d\x0a  </g>\x0d\x0a </g>\x0d\
\x0a</svg>\x0d\x0a\
\x00\x00\x06!\
<\
?xml version=\x221.\
0\x22 encoding=\x22UTF\
-8\x22 standalone=\x22\
no\x22?>\x0d\x0a<!-- Crea\
ted with Inkscap\
e (http://www.in\
kscape.org/) -->\
\x0d\x0a<svg id=\x22svg41\
99\x22 xmlns:rdf=\x22h\
ttp://www.w3.org\
/1999/02/22-rdf-\
syntax-ns#\x22 xmln\
s=\x22http://www.w3\
.org/2000/svg\x22 h\
eight=\x2264\x22 width\
=\x2264\x22 version=\x221\
.1\x22 xmlns:cc=\x22ht\
tp://creativecom\
mons.org/ns#\x22 xm\
lns:dc=\x22http://p\
url.org/dc/eleme\
nts/1.1/\x22 viewBo\
x=\x220 0 64.000001\
 64.000001\x22>\x0d\x0a <\
metadata id=\x22met\
adata4204\x22>\x0d\x0a  <\
rdf:RDF>\x0d\x0a   <cc\
:Work rdf:about=\
\x22\x22>\x0d\x0a    <dc:for\
mat>image/svg+xm\
l</dc:format>\x0d\x0a \
   <dc:type rdf:\
resource=\x22http:/\
/purl.org/dc/dcm\
itype/StillImage\
\x22/>\x0d\x0a    <dc:tit\
le/>\x0d\x0a   </cc:Wo\
rk>\x0d\x0a  </rdf:RDF\
>\x0d\x0a </metadata>\x0d\
\x0a <g id=\x22layer1\x22\
 transform=\x22tran\
slate(0 -988.36)\
\x22>\x0d\x0a  <rect id=\x22\
rect4140\x22 style=\
\x22color:#000000\x22 \
fill-rule=\x22eveno\
dd\x22 ry=\x2210\x22 heig\
ht=\x2256\x22 width=\x225\
6\x22 y=\x22992.36\x22 x=\
\x224\x22 fill=\x22#eeeee\
c\x22/>\x0d\x0a  <g fill-\
rule=\x22evenodd\x22 s\
troke=\x22#2e3436\x22 \
fill=\x22#fff\x22>\x0d\x0a  \
 <path id=\x22path4\
144\x22 d=\x22m16 1027\
.9v-20c0-8 4-12.\
5 16-12.5s16 4.5\
 16 12.5v20c0 8-\
4 17.5-16 17.5s-\
16-9.5-16-17.5z\x22\
 stroke-width=\x222\
\x22/>\x0d\x0a   <path id\
=\x22path4195\x22 d=\x22m\
17 1010.9c-0.138\
63-10 1.4688-14.\
5 15-14.5v14.5z\x22\
 stroke-width=\x22.\
5\x22/>\x0d\x0a   <path i\
d=\x22path4197\x22 d=\x22\
m47 1010.9c0.138\
63-10-1.4688-14.\
5-15-14.5v14.5z\x22\
 stroke-width=\x22.\
5\x22/>\x0d\x0a  </g>\x0d\x0a  \
<g stroke=\x22#2e34\
36\x22>\x0d\x0a   <path i\
d=\x22path4169\x22 d=\x22\
m32 1011.9v-16.5\
\x22 stroke-width=\x22\
2\x22 fill=\x22none\x22/>\
\x0d\x0a   <path id=\x22p\
ath4167\x22 d=\x22m16 \
1011.9h32\x22 strok\
e-width=\x222\x22 fill\
=\x22none\x22/>\x0d\x0a   <r\
ect id=\x22rect4139\
\x22 height=\x2218\x22 st\
roke-linecap=\x22ro\
und\x22 stroke-widt\
h=\x221.6\x22 fill=\x22#7\
29fcf\x22 style=\x22co\
lor:#000000\x22 fil\
l-rule=\x22evenodd\x22\
 ry=\x223.5\x22 width=\
\x228\x22 y=\x221002.9\x22 x\
=\x2228\x22/>\x0d\x0a  </g>\x0d\
\x0a </g>\x0d\x0a</svg>\x0d\x0a\
\
\x00\x00\x0d;\
<\
?xml version=\x221.\
0\x22 encoding=\x22UTF\
-8\x22 standalone=\x22\
no\x22?>\x0d\x0a<!-- Crea\
ted with Inkscap\
e (http://www.in\
kscape.org/) -->\
\x0d\x0a<svg id=\x22svg41\
99\x22 xmlns:rdf=\x22h\
ttp://www.w3.org\
/1999/02/22-rdf-\
syntax-ns#\x22 xmln\
s=\x22http://www.w3\
.org/2000/svg\x22 h\
eight=\x2264\x22 width\
=\x2264\x22 version=\x221\
.1\x22 xmlns:cc=\x22ht\
tp://creativecom\
mons.org/ns#\x22 xm\
lns:dc=\x22http://p\
url.org/dc/eleme\
nts/1.1/\x22 viewBo\
x=\x220 0 64 64.000\
001\x22>\x0d\x0a <metadat\
a id=\x22metadata42\
04\x22>\x0d\x0a  <rdf:RDF\
>\x0d\x0a   <cc:Work r\
df:about=\x22\x22>\x0d\x0a  \
  <dc:format>ima\
ge/svg+xml</dc:f\
ormat>\x0d\x0a    <dc:\
type rdf:resourc\
e=\x22http://purl.o\
rg/dc/dcmitype/S\
tillImage\x22/>\x0d\x0a  \
  <dc:title/>\x0d\x0a \
  </cc:Work>\x0d\x0a  \
</rdf:RDF>\x0d\x0a </m\
etadata>\x0d\x0a <g id\
=\x22layer1\x22 transf\
orm=\x22translate(0\
 -988.36)\x22>\x0d\x0a  <\
rect id=\x22rect415\
1-2\x22 style=\x22colo\
r:#000000\x22 fill-\
rule=\x22evenodd\x22 r\
y=\x2210\x22 height=\x225\
6\x22 width=\x2258\x22 y=\
\x22992.36\x22 x=\x223\x22 f\
ill=\x22#eeeeec\x22/>\x0d\
\x0a  <g fill-rule=\
\x22evenodd\x22 stroke\
=\x22#2e3436\x22 fill=\
\x22#fff\x22>\x0d\x0a   <pat\
h id=\x22path4153-9\
\x22 d=\x22m20.923 103\
3.6v-13.846c0-5.\
5385 2.7692-8.65\
38 11.077-8.6538\
 8.3077 0 11.077\
 3.1153 11.077 8\
.6538v13.846c0 5\
.5384-2.7692 12.\
115-11.077 12.11\
5-8.3077 0-11.07\
7-6.577-11.077-1\
2.115z\x22 stroke-w\
idth=\x221.3846\x22/>\x0d\
\x0a   <path id=\x22pa\
th4155-1\x22 d=\x22m21\
.615 1021.8c-0.0\
96-6.9 1.017-10.\
1 10.385-10.1v10\
.038z\x22 stroke-wi\
dth=\x22.34615\x22/>\x0d\x0a\
   <path id=\x22pat\
h4157-2\x22 d=\x22m42.\
385 1021.8c0.096\
-6.9-1.017-10.1-\
10.385-10.1v10.0\
38z\x22 stroke-widt\
h=\x22.34615\x22/>\x0d\x0a  \
</g>\x0d\x0a  <g strok\
e=\x22#2e3436\x22>\x0d\x0a  \
 <path id=\x22path4\
159-7\x22 d=\x22m32 10\
22.5v-11.423\x22 st\
roke-width=\x221.38\
46\x22 fill=\x22none\x22/\
>\x0d\x0a   <path id=\x22\
path4161-0\x22 d=\x22m\
20.923 1022.5h22\
.154\x22 stroke-wid\
th=\x221.3846\x22 fill\
=\x22none\x22/>\x0d\x0a   <r\
ect id=\x22rect4163\
-9\x22 height=\x2212.4\
62\x22 stroke-linec\
ap=\x22round\x22 strok\
e-width=\x221.1077\x22\
 fill=\x22#fff\x22 sty\
le=\x22color:#00000\
0\x22 fill-rule=\x22ev\
enodd\x22 ry=\x222.423\
1\x22 width=\x225.5385\
\x22 y=\x221016.2\x22 x=\x22\
29.231\x22/>\x0d\x0a  </g\
>\x0d\x0a  <g id=\x22g584\
6\x22 transform=\x22tr\
anslate(-.50298 \
.34068)\x22 stroke=\
\x22#2e3436\x22 stroke\
-linecap=\x22round\x22\
 stroke-width=\x221\
.3\x22 fill=\x22none\x22>\
\x0d\x0a   <path id=\x22p\
ath5814\x22 stroke-\
linejoin=\x22round\x22\
 d=\x22m19 1005.4 3\
-8 3 8\x22/>\x0d\x0a   <p\
ath id=\x22path5816\
\x22 d=\x22m20 1003.4h\
4\x22/>\x0d\x0a   <path i\
d=\x22path5818\x22 str\
oke-linejoin=\x22ro\
und\x22 d=\x22m32 1005\
.4h-4v-8\x22/>\x0d\x0a   \
<g>\x0d\x0a    <path i\
d=\x22path5820\x22 d=\x22\
m33 997.36h6\x22/>\x0d\
\x0a    <path id=\x22p\
ath5822\x22 d=\x22m36 \
997.36v8\x22/>\x0d\x0a   \
 <path id=\x22path5\
826\x22 d=\x22m40 1002\
.4h6\x22/>\x0d\x0a    <pa\
th id=\x22path5828\x22\
 d=\x22m43 999.36v6\
\x22/>\x0d\x0a   </g>\x0d\x0a  \
</g>\x0d\x0a  <g id=\x22g\
4278\x22 transform=\
\x22matrix(.68275 0\
 0 .68275 -33.54\
4 331.71)\x22>\x0d\x0a   \
<g id=\x22g4262\x22 tr\
ansform=\x22transla\
te(5e-6,-7.78576\
)\x22 fill=\x22none\x22>\x0d\
\x0a    <path id=\x22p\
ath4170-6\x22 d=\x22m1\
02 1009.1-6-6.00\
01-6 6.0001\x22 str\
oke=\x22#2e3436\x22 st\
roke-width=\x224\x22/>\
\x0d\x0a    <path id=\x22\
path4145\x22 d=\x22m10\
1 1008.1-5-5.000\
1-5 5.0001\x22 stro\
ke=\x22#729fcf\x22 str\
oke-width=\x222\x22/>\x0d\
\x0a   </g>\x0d\x0a   <g \
id=\x22g4280\x22 trans\
form=\x22translate(\
5e-6,7.785796)\x22>\
\x0d\x0a    <g id=\x22g42\
60\x22 transform=\x22t\
ranslate(64 7.12\
85)\x22>\x0d\x0a     <pat\
h id=\x22path4214\x22 \
d=\x22m38 1024.4-6 \
6-6-6\x22 stroke=\x22#\
2e3436\x22 stroke-w\
idth=\x224\x22 fill=\x22n\
one\x22/>\x0d\x0a    </g>\
\x0d\x0a    <path id=\x22\
path4220\x22 d=\x22m10\
1 1032.5-5 5-5-5\
\x22 stroke=\x22#729fc\
f\x22 stroke-width=\
\x222\x22 fill=\x22none\x22/\
>\x0d\x0a   </g>\x0d\x0a   <\
g id=\x22g4271\x22 fil\
l=\x22none\x22>\x0d\x0a    <\
path id=\x22path421\
5\x22 d=\x22m107.21 10\
26.4 6-6-6-6\x22 st\
roke=\x22#2e3436\x22 s\
troke-width=\x224\x22/\
>\x0d\x0a    <path id=\
\x22path4217\x22 d=\x22m1\
08.21 1025.4 5-5\
-5-5\x22 stroke=\x22#7\
29fcf\x22 stroke-wi\
dth=\x222\x22/>\x0d\x0a   </\
g>\x0d\x0a   <g id=\x22g4\
276\x22 fill=\x22none\x22\
>\x0d\x0a    <path id=\
\x22path4221\x22 d=\x22m3\
8 1024.4-6 6-6-6\
\x22 transform=\x22mat\
rix(0 1 -1 0 110\
9.2 988.36)\x22 str\
oke=\x22#2e3436\x22 st\
roke-width=\x224\x22/>\
\x0d\x0a    <path id=\x22\
path4223\x22 d=\x22m83\
.872 1025.4-5-5 \
5-5\x22 stroke=\x22#72\
9fcf\x22 stroke-wid\
th=\x222\x22/>\x0d\x0a   </g\
>\x0d\x0a  </g>\x0d\x0a </g>\
\x0d\x0a</svg>\x0d\x0a\
\x00\x00\x09n\
<\
?xml version=\x221.\
0\x22 encoding=\x22UTF\
-8\x22?>\x0d\x0a<svg widt\
h=\x2264\x22 height=\x226\
4\x22 version=\x221.1\x22\
 viewBox=\x220 0 64\
 64\x22 xmlns=\x22http\
://www.w3.org/20\
00/svg\x22 xmlns:cc\
=\x22http://creativ\
ecommons.org/ns#\
\x22 xmlns:dc=\x22http\
://purl.org/dc/e\
lements/1.1/\x22 xm\
lns:rdf=\x22http://\
www.w3.org/1999/\
02/22-rdf-syntax\
-ns#\x22>\x0d\x0a <metada\
ta>\x0d\x0a  <rdf:RDF>\
\x0d\x0a   <cc:Work rd\
f:about=\x22\x22>\x0d\x0a   \
 <dc:format>imag\
e/svg+xml</dc:fo\
rmat>\x0d\x0a    <dc:t\
ype rdf:resource\
=\x22http://purl.or\
g/dc/dcmitype/St\
illImage\x22/>\x0d\x0a   \
 <dc:title/>\x0d\x0a  \
 </cc:Work>\x0d\x0a  <\
/rdf:RDF>\x0d\x0a </me\
tadata>\x0d\x0a <g tra\
nsform=\x22translat\
e(0 -988.36)\x22>\x0d\x0a\
  <ellipse trans\
form=\x22rotate(74.\
789)\x22 cx=\x22980.37\
\x22 cy=\x22214.74\x22 rx\
=\x2212\x22 ry=\x2212\x22 fi\
ll=\x22#d1cbc9\x22/>\x0d\x0a\
  <path d=\x22m28.4\
8 1042.5a17.03 1\
7.03 0 0 1-12.04\
2-4.988 17.03 17\
.03 0 0 1-4.988-\
12.042\x22 color=\x22#\
000000\x22 fill=\x22no\
ne\x22 stroke-width\
=\x220\x22/>\x0d\x0a  <g fil\
l=\x22#d1cbc9\x22>\x0d\x0a  \
 <ellipse transf\
orm=\x22rotate(74.7\
89)\x22 cx=\x221005.7\x22\
 cy=\x22258.93\x22 rx=\
\x2212\x22 ry=\x2212\x22/>\x0d\x0a\
   <path transfo\
rm=\x22translate(0 \
988.36)\x22 d=\x22m31.\
98 2.0273v2e-3c-\
7.595 5e-3 -15.1\
9 2.8617-21 8.56\
67a5.0005 5.0005\
 0 1 0 7.006 7.1\
34c5.495-5.395 1\
3.24-6.984 20.07\
6-4.796a12 12 74\
.789 0 1 5.09-8.\
7738c-3.575-1.42\
33-7.374-2.1354-\
11.172-2.1329z\x22 \
color=\x22#000000\x22 \
color-rendering=\
\x22auto\x22 fill-opac\
ity=\x22.62745\x22 ima\
ge-rendering=\x22au\
to\x22 shape-render\
ing=\x22auto\x22 solid\
-color=\x22#000000\x22\
 style=\x22block-pr\
ogression:tb;fon\
t-feature-settin\
gs:normal;font-v\
ariant-alternate\
s:normal;font-va\
riant-caps:norma\
l;font-variant-l\
igatures:none;fo\
nt-variant-numer\
ic:normal;font-v\
ariant-position:\
normal;isolation\
:auto;mix-blend-\
mode:normal;shap\
e-padding:0;text\
-decoration-colo\
r:#000000;text-d\
ecoration-line:n\
one;text-decorat\
ion-style:solid;\
text-indent:0;te\
xt-transform:non\
e;white-space:no\
rmal\x22/>\x0d\x0a   <pat\
h transform=\x22tra\
nslate(0 988.36)\
\x22 d=\x22m49.529 44.\
699a5.0005 5.000\
5 0 0 0-3.443 1.\
5c-5.495 5.451-1\
3.279 7.064-20.1\
48 4.865a12 12 7\
4.789 0 1-5.088 \
8.774c10.777 4.2\
87 23.568 2.101 \
32.279-6.541a5.0\
005 5.0005 0 0 0\
-3.6-8.598z\x22 col\
or=\x22#000000\x22 col\
or-rendering=\x22au\
to\x22 fill-opacity\
=\x22.62745\x22 image-\
rendering=\x22auto\x22\
 shape-rendering\
=\x22auto\x22 solid-co\
lor=\x22#000000\x22 st\
yle=\x22block-progr\
ession:tb;font-f\
eature-settings:\
normal;font-vari\
ant-alternates:n\
ormal;font-varia\
nt-caps:normal;f\
ont-variant-liga\
tures:none;font-\
variant-numeric:\
normal;font-vari\
ant-position:nor\
mal;isolation:au\
to;mix-blend-mod\
e:normal;shape-p\
adding:0;text-de\
coration-color:#\
000000;text-deco\
ration-line:none\
;text-decoration\
-style:solid;tex\
t-indent:0;text-\
transform:none;w\
hite-space:norma\
l\x22/>\x0d\x0a  </g>\x0d\x0a <\
/g>\x0d\x0a</svg>\x0d\x0a\
\x00\x00\x01\x95\
<\
?xml version=\x221.\
0\x22 encoding=\x22UTF\
-8\x22?>\x0d\x0a<svg widt\
h=\x2264\x22 height=\x226\
4\x22 version=\x221.1\x22\
 viewBox=\x220 0 64\
 64\x22 xmlns=\x22http\
://www.w3.org/20\
00/svg\x22>\x0d\x0a <g tr\
ansform=\x22transla\
te(0 -988.36)\x22 f\
ill=\x22none\x22 strok\
e=\x22#d1cbc9\x22>\x0d\x0a  \
<path d=\x22m32 104\
3.4v-15\x22 stroke-\
width=\x226\x22/>\x0d\x0a  <\
path d=\x22m8 1028.\
4h48\x22 stroke-wid\
th=\x224\x22/>\x0d\x0a  <rec\
t x=\x228\x22 y=\x22997.3\
6\x22 width=\x2248\x22 he\
ight=\x2246\x22 ry=\x227\x22\
 color=\x22#000000\x22\
 stroke-width=\x226\
\x22/>\x0d\x0a </g>\x0d\x0a</sv\
g>\x0d\x0a\
\x00\x00\x15\xc2\
<\
?xml version=\x221.\
0\x22 encoding=\x22UTF\
-8\x22 standalone=\x22\
no\x22?>\x0d\x0a<!-- Crea\
ted with Inkscap\
e (http://www.in\
kscape.org/) -->\
\x0d\x0a<svg id=\x22svg41\
99\x22 xmlns:rdf=\x22h\
ttp://www.w3.org\
/1999/02/22-rdf-\
syntax-ns#\x22 xmln\
s=\x22http://www.w3\
.org/2000/svg\x22 h\
eight=\x2264\x22 viewB\
ox=\x220 0 64 64.00\
0001\x22 width=\x2264\x22\
 version=\x221.1\x22 x\
mlns:cc=\x22http://\
creativecommons.\
org/ns#\x22 xmlns:d\
c=\x22http://purl.o\
rg/dc/elements/1\
.1/\x22>\x0d\x0a <metadat\
a id=\x22metadata42\
04\x22>\x0d\x0a  <rdf:RDF\
>\x0d\x0a   <cc:Work r\
df:about=\x22\x22>\x0d\x0a  \
  <dc:format>ima\
ge/svg+xml</dc:f\
ormat>\x0d\x0a    <dc:\
type rdf:resourc\
e=\x22http://purl.o\
rg/dc/dcmitype/S\
tillImage\x22/>\x0d\x0a  \
  <dc:title/>\x0d\x0a \
  </cc:Work>\x0d\x0a  \
</rdf:RDF>\x0d\x0a </m\
etadata>\x0d\x0a <g id\
=\x22g4287\x22>\x0d\x0a  <re\
ct id=\x22rect4151\x22\
 style=\x22color:#0\
00000\x22 fill-rule\
=\x22evenodd\x22 ry=\x221\
0\x22 height=\x2256\x22 w\
idth=\x2256\x22 y=\x224\x22 \
x=\x224\x22 fill=\x22#eee\
eec\x22/>\x0d\x0a  <g id=\
\x22g4173\x22 stroke=\x22\
#2e3436\x22>\x0d\x0a   <g\
 id=\x22g8688-7-6\x22 \
transform=\x22matri\
x(.81244 0 0 .81\
244 34.288 -796.\
58)\x22 stroke-line\
cap=\x22round\x22 stro\
ke-width=\x221.3\x22 f\
ill=\x22none\x22>\x0d\x0a   \
 <path id=\x22path5\
826-5-0\x22 d=\x22m-4.\
003 998.36h6\x22/>\x0d\
\x0a    <path id=\x22p\
ath5828-6-6\x22 d=\x22\
m-1.003 995.36v6\
.0001\x22/>\x0d\x0a   </g\
>\x0d\x0a   <g stroke-\
width=\x220.6\x22 fill\
=\x22#2e3436\x22>\x0d\x0a   \
 <path id=\x22path4\
780\x22 d=\x22m7.3 12.\
178q0-0.76172 0.\
52734-1.3037 0.5\
2734-0.54688 1.2\
744-0.54688 1.03\
52 0 1.8799 0.31\
738 0.35156 0.13\
184 0.35156 0.40\
527 0 0.33691-0.\
33691 0.33691-0.\
1416 0-0.44434-0\
.11719-0.62988-0\
.24414-1.3428-0.\
24414-0.64453 0-\
0.98145 0.45898-\
0.20508 0.27832-\
0.20508 0.73242 \
0 0.62012 0.7568\
4 1.0059l1.7822 \
0.90332q1.1572 0\
.5957 1.1572 1.7\
285 0 0.84961-0.\
60547 1.3721-0.5\
47 0.473-1.314 0\
.473-1.1621 0-2.\
2266-0.698-0.273\
4-0.181-0.2734-0\
.401 0-0.33691 0\
.36133-0.33691 0\
.13184 0 0.35156\
 0.15625 0.77148\
 0.55176 1.8506 \
0.55176 0.31738 \
0 0.57129-0.1318\
4 0.56152-0.2929\
7 0.56152-1.0107\
 0-0.67871-0.737\
3-1.0498l-1.919-\
0.972q-1.04-0.52\
7-1.04-1.63z\x22/>\x0d\
\x0a    <path id=\x22p\
ath4782\x22 d=\x22m17.\
05 13.989h-3.032\
2v3.335q0 0.376-\
0.362 0.376-0.35\
6 0-0.356-0.371v\
-6.5869q0-0.4150\
4 0.35645-0.4150\
4 0.36133 0 0.36\
133 0.41504v2.54\
39h3.0322v-2.573\
2q0-0.36621 0.34\
668-0.36621t0.34\
668 0.36133v6.60\
16q0 0.39-0.346 \
0.39-0.347 0-0.3\
47-0.381v-3.3301\
z\x22/>\x0d\x0a    <path \
id=\x22path4784\x22 d=\
\x22m20.042 17.231q\
0 0.469-0.371 0.\
469t-0.371-0.459\
v-6.4746q0-0.439\
45 0.37109-0.439\
45t0.37109 0.454\
1v6.4502z\x22/>\x0d\x0a  \
  <path id=\x22path\
4786\x22 d=\x22m22.023\
 13.994v3.3057q0\
 0.4-0.367 0.4-0\
.356 0-0.356-0.4\
05 0 0 0-6.6309 \
0-0.3418 0.38086\
-0.3418 0 0 2.91\
02 0 0.38574 0 0\
.38574 0.35156t-\
0.38086 0.35156h\
-2.5684v2.2559h2\
.5684q0.38086 0 \
0.38086 0.35645 \
0 0.35644-0.3857\
4 0.35644h-2.568\
4z\x22/>\x0d\x0a    <path\
 id=\x22path4788\x22 d\
=\x22m26.3 10.639q0\
-0.33691 0.42969\
-0.33691h3.6182q\
0.35156 0 0.3515\
6 0.35156 0 0.35\
644-0.3418 0.356\
44h-1.499v6.3037\
q0 0.38574-0.356\
44 0.38574t-0.35\
644-0.37598v-6.3\
135h-1.4258q-0.4\
2 0.001-0.42-0.3\
71z\x22/>\x0d\x0a    <pat\
h id=\x22path4792\x22 \
d=\x22m39.107 10.31\
7t1.4941 0q0.361\
33 0 0.36133 0.3\
6621 0 0.37109-0\
.39062 0.37109h-\
1.4697q-0.41016 \
0-0.7959 0.35644\
-0.29297 0.27344\
-0.29297 0.73242\
v3.7305q0 0.4589\
8 0.30762 0.7910\
2 0.32227 0.3418\
 0.66895 0.3418h\
1.6406q0.35156 0\
 0.35156 0.35644\
 0 0.33692-0.356\
44 0.33692h-1.66\
5q-0.67383 0-1.2\
598-0.64942-0.40\
1-0.445-0.401-1.\
138v-3.8232q0-0.\
73242 0.57617-1.\
2744 0.52734-0.4\
9805 1.2305-0.49\
805z\x22/>\x0d\x0a    <pa\
th id=\x22path4794\x22\
 d=\x22m42.3 10.639\
q0-0.33691 0.429\
69-0.33691h3.618\
2q0.35156 0 0.35\
156 0.35156 0 0.\
35644-0.3418 0.3\
5644h-1.499v6.30\
37q0 0.38574-0.3\
5644 0.38574t-0.\
35644-0.37598v-6\
.3135h-1.4258q-0\
.42 0.001-0.42-0\
.371z\x22/>\x0d\x0a    <p\
ath id=\x22path4796\
\x22 d=\x22m49.018 14.\
033t1.5967 0q0.5\
0781 0 1.0156-0.\
4834 0.39551-0.3\
7598 0.39551-1.0\
596 0-0.51758-0.\
42969-0.96191-0.\
4541-0.47363-0.9\
8633-0.47363h-1.\
5918v2.9785zm-0.\
33691-3.6768h1.9\
287q0.89356 0 1.\
626 0.80078 0.48\
34 0.52734 0.483\
4 1.2061 0 0.654\
3-0.24414 1.2305\
-0.26856 0.62988\
-1.1084 0.98144l\
1.2744 2.5049q0.\
07324 0.15137 0.\
07324 0.24902 0.\
000002 0.37109-0\
.36133 0.37109-0\
.19043 0-0.32715\
-0.27832l-1.3672\
-2.6709h-1.6553v\
2.5635q-0.001 0.\
385-0.357 0.385-\
0.347 0-0.347-0.\
391v-6.5771q0-0.\
37598 0.38086-0.\
37598z\x22/>\x0d\x0a    <\
path id=\x22path479\
8\x22 d=\x22m55.008 10\
.703v6.2891h2.54\
39q0.44434 0 0.4\
4434 0.35644 0 0\
.35156-0.45898 0\
.35156h-2.8906q-\
0.346 0-0.346-0.\
435v-6.5625q0-0.\
37598 0.35156-0.\
37598 0.35644 0 \
0.35644 0.37598z\
\x22/>\x0d\x0a   </g>\x0d\x0a  \
</g>\x0d\x0a </g>\x0d\x0a <g\
 stroke=\x22#2e3436\
\x22>\x0d\x0a  <path id=\x22\
path4144\x22 d=\x22m17\
.091 26.94v25.45\
4c0 2.9091 0 2.9\
091 14.545 2.909\
1 15.273 0 15.27\
3 0 15.273-2.909\
1v-25.454c0-2.18\
19 0-2.1819-15.2\
73-2.1819-14.545\
 0-14.545 0-14.5\
45 2.1819z\x22 fill\
-rule=\x22evenodd\x22 \
stroke-width=\x221.\
4545\x22 fill=\x22#fff\
\x22/>\x0d\x0a  <path id=\
\x22path4195\x22 d=\x22m1\
7.818 45.84c0 6.\
5454-0.72726 8.7\
272 1.4545 8.727\
2h11.636v-8.7272\
z\x22 fill-rule=\x22ev\
enodd\x22 stroke-wi\
dth=\x22.36363\x22 fil\
l=\x22#fff\x22/>\x0d\x0a  <p\
ath id=\x22path4169\
\x22 d=\x22m31.636 45.\
14v10.182\x22 strok\
e-width=\x221.4545\x22\
 fill=\x22none\x22/>\x0d\x0a\
  <path id=\x22path\
4167\x22 d=\x22m17.091\
 45.14h29.818\x22 s\
troke-width=\x221.4\
545\x22 fill=\x22none\x22\
/>\x0d\x0a  <path id=\x22\
path4154\x22 d=\x22m46\
.182 45.84c0 7.2\
727 0.72726 8.72\
72-1.4545 8.7272\
h-12.364v-8.7272\
z\x22 fill-rule=\x22ev\
enodd\x22 stroke-wi\
dth=\x22.36363\x22 fil\
l=\x22#fff\x22/>\x0d\x0a </g\
>\x0d\x0a <g id=\x22g4358\
\x22 transform=\x22mat\
rix(.20401 0 0 -\
.20322 27.2 243.\
82)\x22 stroke=\x22#ee\
eeec\x22 stroke-wid\
th=\x225.7148\x22 fill\
=\x22#729fcf\x22>\x0d\x0a  <\
ellipse id=\x22elli\
pse4360\x22 rx=\x225.7\
143\x22 ry=\x225.625\x22 \
stroke=\x22#eeeeec\x22\
 transform=\x22matr\
ix(2.625,0,0,2.6\
667,-17.723,791.\
04)\x22 cy=\x2288.839\x22\
 cx=\x2215.714\x22 str\
oke-width=\x222.16\x22\
 fill=\x22#729fcf\x22/\
>\x0d\x0a </g>\x0d\x0a <g fi\
ll=\x22none\x22>\x0d\x0a  <p\
ath id=\x22path4170\
-6\x22 d=\x22m34.943 3\
0.163-2.9427-2.9\
427-2.9427 2.942\
7\x22 stroke=\x22#2e34\
36\x22 stroke-width\
=\x221.9618\x22/>\x0d\x0a  <\
path id=\x22path414\
5\x22 d=\x22m34.452 29\
.673-2.452-2.453\
-2.452 2.453\x22 st\
roke=\x22#729fcf\x22 s\
troke-width=\x22.98\
090\x22/>\x0d\x0a  <path \
id=\x22path4479\x22 d=\
\x22m34.943 39.627-\
2.9427 2.9427-2.\
9427-2.9427\x22 str\
oke=\x22#2e3436\x22 st\
roke-width=\x221.96\
18\x22/>\x0d\x0a  <path i\
d=\x22path4481\x22 d=\x22\
m34.452 40.117-2\
.452 2.453-2.452\
-2.453\x22 stroke=\x22\
#729fcf\x22 stroke-\
width=\x22.98090\x22/>\
\x0d\x0a </g>\x0d\x0a</svg>\x0d\
\x0a\
\x00\x00\x03\xb1\
<\
?xml version=\x221.\
0\x22 encoding=\x22UTF\
-8\x22 standalone=\x22\
no\x22?>\x0d\x0a<!-- Crea\
ted with Inkscap\
e (http://www.in\
kscape.org/) -->\
\x0d\x0a<svg id=\x22svg41\
99\x22 xmlns:rdf=\x22h\
ttp://www.w3.org\
/1999/02/22-rdf-\
syntax-ns#\x22 xmln\
s=\x22http://www.w3\
.org/2000/svg\x22 h\
eight=\x2264\x22 width\
=\x2264\x22 version=\x221\
.1\x22 xmlns:cc=\x22ht\
tp://creativecom\
mons.org/ns#\x22 xm\
lns:dc=\x22http://p\
url.org/dc/eleme\
nts/1.1/\x22 viewBo\
x=\x220 0 64 64.000\
001\x22>\x0d\x0a <metadat\
a id=\x22metadata42\
04\x22>\x0d\x0a  <rdf:RDF\
>\x0d\x0a   <cc:Work r\
df:about=\x22\x22>\x0d\x0a  \
  <dc:format>ima\
ge/svg+xml</dc:f\
ormat>\x0d\x0a    <dc:\
type rdf:resourc\
e=\x22http://purl.o\
rg/dc/dcmitype/S\
tillImage\x22/>\x0d\x0a  \
  <dc:title/>\x0d\x0a \
  </cc:Work>\x0d\x0a  \
</rdf:RDF>\x0d\x0a </m\
etadata>\x0d\x0a <g id\
=\x22layer1\x22 transf\
orm=\x22translate(0\
 -988.36)\x22 strok\
e=\x22#2e3436\x22 fill\
=\x22none\x22>\x0d\x0a  <pat\
h id=\x22path4191\x22 \
d=\x22m32 1043.4v-1\
5\x22 stroke-width=\
\x226\x22/>\x0d\x0a  <path i\
d=\x22path4187\x22 d=\x22\
m8 1028.4h48\x22 st\
roke-width=\x224\x22/>\
\x0d\x0a  <rect id=\x22re\
ct4185\x22 style=\x22c\
olor:#000000\x22 ry\
=\x227\x22 height=\x2246\x22\
 width=\x2248\x22 y=\x229\
97.36\x22 x=\x228\x22 str\
oke-width=\x226\x22/>\x0d\
\x0a </g>\x0d\x0a</svg>\x0d\x0a\
\
\x00\x00\x13u\
<\
?xml version=\x221.\
0\x22 encoding=\x22UTF\
-8\x22 standalone=\x22\
no\x22?>\x0d\x0a<!-- Crea\
ted with Inkscap\
e (http://www.in\
kscape.org/) -->\
\x0d\x0a<svg id=\x22svg41\
99\x22 xmlns:rdf=\x22h\
ttp://www.w3.org\
/1999/02/22-rdf-\
syntax-ns#\x22 xmln\
s=\x22http://www.w3\
.org/2000/svg\x22 h\
eight=\x2264\x22 viewB\
ox=\x220 0 64 64.00\
0001\x22 width=\x2264\x22\
 version=\x221.1\x22 x\
mlns:cc=\x22http://\
creativecommons.\
org/ns#\x22 xmlns:d\
c=\x22http://purl.o\
rg/dc/elements/1\
.1/\x22>\x0d\x0a <metadat\
a id=\x22metadata42\
04\x22>\x0d\x0a  <rdf:RDF\
>\x0d\x0a   <cc:Work r\
df:about=\x22\x22>\x0d\x0a  \
  <dc:format>ima\
ge/svg+xml</dc:f\
ormat>\x0d\x0a    <dc:\
type rdf:resourc\
e=\x22http://purl.o\
rg/dc/dcmitype/S\
tillImage\x22/>\x0d\x0a  \
  <dc:title/>\x0d\x0a \
  </cc:Work>\x0d\x0a  \
</rdf:RDF>\x0d\x0a </m\
etadata>\x0d\x0a <g id\
=\x22layer1\x22 transf\
orm=\x22translate(0\
 -988.36)\x22>\x0d\x0a  <\
g id=\x22g10117\x22 tr\
ansform=\x22transla\
te(65.57 25.706)\
\x22>\x0d\x0a   <g id=\x22g6\
444\x22 transform=\x22\
translate(7.5118\
 -30.174)\x22>\x0d\x0a   \
 <rect id=\x22rect4\
151-2-5\x22 style=\x22\
color:#000000\x22 f\
ill-rule=\x22evenod\
d\x22 ry=\x2210\x22 heigh\
t=\x2256\x22 width=\x2258\
\x22 y=\x22996.83\x22 x=\x22\
-70.082\x22 fill=\x22#\
eeeeec\x22/>\x0d\x0a    <\
g id=\x22g6386\x22 str\
oke=\x22#2e3436\x22 st\
roke-width=\x22.4\x22 \
fill=\x22#2e3436\x22 t\
ransform=\x22transl\
ate(-73.082,4.46\
77)\x22>\x0d\x0a     <pat\
h id=\x22path4257-2\
-3\x22 d=\x22m14.837 9\
99.16q0-0.9521 0\
.65918-1.6296 0.\
65918-0.6836 1.5\
93-0.6836 1.2939\
 0 2.3499 0.3967\
 0.43945 0.1648 \
0.43945 0.5066 0\
 0.4211-0.42114 \
0.4211-0.177 0-0\
.55542-0.1464-0.\
78735-0.3052-1.6\
785-0.3052-0.805\
66 0-1.2268 0.57\
37-0.25635 0.347\
9-0.25635 0.9155\
 0 0.7752 0.9460\
4 1.2574l2.2278 \
1.1291q1.4465 0.\
7446 1.4465 2.16\
07 0 1.062-0.756\
84 1.715-0.68359\
 0.5921-1.6418 0\
.5921-1.4526 0-2\
.7832-0.8728-0.3\
418-0.2258-0.341\
8-0.5005 0-0.421\
1 0.45166-0.4211\
 0.1648 0 0.4394\
5 0.1953 0.96436\
 0.6897 2.3132 0\
.6897 0.39673 0 \
0.71411-0.1648 0\
.7019-0.3662 0.7\
019-1.2635 0-0.8\
483-0.92163-1.31\
22l-2.3987-1.214\
6q-1.3-0.6592-1.\
3-2.0386z\x22/>\x0d\x0a  \
   <path id=\x22pat\
h4259-9-5\x22 d=\x22m2\
6.568 1001.4h-3.\
7903v4.1687q0 0.\
47-0.45166 0.47-\
0.44556 0-0.4455\
6-0.4639v-8.2336\
q0-0.5188 0.4455\
6-0.5188 0.45166\
 0 0.45166 0.518\
8v3.18h3.7903v-3\
.2166q0-0.4578 0\
.43335-0.4578t0.\
43335 0.4517v8.2\
52q0 0.4883-0.43\
335 0.4883t-0.43\
335-0.4761v-4.16\
26z\x22/>\x0d\x0a     <pa\
th id=\x22path4261-\
1-6\x22 d=\x22m30.206 \
1005.5q0 0.5859-\
0.46387 0.5859t-\
0.46387-0.5737v-\
8.0934q0-0.5493 \
0.46387-0.5493t0\
.46387 0.5676v8.\
0628z\x22/>\x0d\x0a     <\
path id=\x22path426\
3-2-2\x22 d=\x22m32.94\
 1001.4v4.1321q0\
 0.5005-0.45776 \
0.5005-0.44556 0\
-0.44556-0.5066 \
0 0 0-8.2886 0-0\
.4272 0.47607-0.\
4272 0 0 3.6377 \
0 0.48218 0 0.48\
218 0.4394 0 0.4\
395-0.47607 0.43\
95h-3.2104v2.819\
8h3.2104q0.47607\
 0 0.47607 0.445\
6 0 0.4455-0.482\
18 0.4455h-3.210\
4z\x22/>\x0d\x0a     <pat\
h id=\x22path4265-7\
-9\x22 d=\x22m37.859 9\
97.24q0-0.4211 0\
.53711-0.4211h4.\
5227q0.43945 0 0\
.43945 0.4394 0 \
0.4456-0.42725 0\
.4456h-1.8738v7.\
8796q0 0.4822-0.\
44556 0.4822t-0.\
44556-0.47v-7.89\
18h-1.7822q-0.52\
49 0-0.5249-0.46\
39z\x22/>\x0d\x0a    </g>\
\x0d\x0a    <g id=\x22g86\
88-0-1\x22 transfor\
m=\x22translate(-25\
.42,8.1084)\x22 str\
oke=\x22#2e3436\x22 st\
roke-linecap=\x22ro\
und\x22 stroke-widt\
h=\x221.3\x22 fill=\x22no\
ne\x22>\x0d\x0a     <path\
 id=\x22path5826-5\x22\
 d=\x22m-4.003 998.\
36h6\x22/>\x0d\x0a     <p\
ath id=\x22path5828\
-3\x22 d=\x22m-1.003 9\
95.36v6.0001\x22/>\x0d\
\x0a    </g>\x0d\x0a   </\
g>\x0d\x0a  </g>\x0d\x0a  <g\
 id=\x22g17\x22 stroke\
=\x22#2e3436\x22 fill=\
\x22#fff\x22 fill-rule\
=\x22evenodd\x22>\x0d\x0a   \
<path id=\x22path41\
53-9\x22 stroke-wid\
th=\x221.3846\x22 d=\x22m\
20.923 1033.6v-1\
3.846c0-5.5385 2\
.7692-8.6538 11.\
077-8.6538 8.307\
7 0 11.077 3.115\
3 11.077 8.6538v\
13.846c0 5.5384-\
2.7692 12.115-11\
.077 12.115-8.30\
77 0-11.077-6.57\
7-11.077-12.115z\
\x22/>\x0d\x0a   <path id\
=\x22path4155-1\x22 st\
roke-width=\x22.346\
15\x22 d=\x22m21.615 1\
021.8c-0.096-6.9\
 1.017-10.1 10.3\
85-10.1v10.038z\x22\
/>\x0d\x0a   <path id=\
\x22path4157-2\x22 str\
oke-width=\x22.3461\
5\x22 d=\x22m42.385 10\
21.8c0.096-6.9-1\
.017-10.1-10.385\
-10.1v10.038z\x22/>\
\x0d\x0a  </g>\x0d\x0a  <g i\
d=\x22g22\x22 stroke=\x22\
#2e3436\x22>\x0d\x0a   <p\
ath id=\x22path4159\
-7\x22 stroke-width\
=\x221.3846\x22 fill=\x22\
none\x22 d=\x22m32 102\
2.5v-11.423\x22/>\x0d\x0a\
   <path id=\x22pat\
h4161-0\x22 stroke-\
width=\x221.3846\x22 f\
ill=\x22none\x22 d=\x22m2\
0.923 1022.5h22.\
154\x22/>\x0d\x0a   <rect\
 id=\x22rect4163-9\x22\
 style=\x22color:#0\
00000\x22 fill-rule\
=\x22evenodd\x22 ry=\x222\
.4231\x22 height=\x221\
2.462\x22 width=\x225.\
5385\x22 stroke-lin\
ecap=\x22round\x22 y=\x22\
1016.2\x22 x=\x2229.23\
1\x22 stroke-width=\
\x221.1077\x22 fill=\x22#\
fff\x22/>\x0d\x0a  </g>\x0d\x0a\
  <g id=\x22g4278\x22 \
transform=\x22matri\
x(.68275 0 0 .68\
275 -33.544 331.\
71)\x22>\x0d\x0a   <g id=\
\x22g4262\x22 fill=\x22no\
ne\x22 transform=\x22t\
ranslate(5e-6,-7\
.78576)\x22>\x0d\x0a    <\
path id=\x22path417\
0-6\x22 stroke=\x22#2e\
3436\x22 stroke-wid\
th=\x224\x22 d=\x22m102 1\
009.1-6-6.0001-6\
 6.0001\x22/>\x0d\x0a    \
<path id=\x22path41\
45\x22 stroke=\x22#729\
fcf\x22 stroke-widt\
h=\x222\x22 d=\x22m101 10\
08.1-5-5.0001-5 \
5.0001\x22/>\x0d\x0a   </\
g>\x0d\x0a   <g id=\x22g4\
280\x22 transform=\x22\
translate(5e-6,7\
.785796)\x22>\x0d\x0a    \
<g id=\x22g4260\x22 tr\
ansform=\x22transla\
te(64 7.1285)\x22>\x0d\
\x0a     <path id=\x22\
path4214\x22 stroke\
=\x22#2e3436\x22 strok\
e-width=\x224\x22 fill\
=\x22none\x22 d=\x22m38 1\
024.4-6 6-6-6\x22/>\
\x0d\x0a    </g>\x0d\x0a    \
<path id=\x22path42\
20\x22 stroke=\x22#729\
fcf\x22 stroke-widt\
h=\x222\x22 fill=\x22none\
\x22 d=\x22m101 1032.5\
-5 5-5-5\x22/>\x0d\x0a   \
</g>\x0d\x0a   <g id=\x22\
g4271\x22 fill=\x22non\
e\x22>\x0d\x0a    <path i\
d=\x22path4215\x22 str\
oke=\x22#2e3436\x22 st\
roke-width=\x224\x22 d\
=\x22m107.21 1026.4\
 6-6-6-6\x22/>\x0d\x0a   \
 <path id=\x22path4\
217\x22 stroke=\x22#72\
9fcf\x22 stroke-wid\
th=\x222\x22 d=\x22m108.2\
1 1025.4 5-5-5-5\
\x22/>\x0d\x0a   </g>\x0d\x0a  \
 <g id=\x22g4276\x22 f\
ill=\x22none\x22>\x0d\x0a   \
 <path id=\x22path4\
221\x22 d=\x22m38 1024\
.4-6 6-6-6\x22 stro\
ke=\x22#2e3436\x22 str\
oke-width=\x224\x22 tr\
ansform=\x22matrix(\
0 1 -1 0 1109.2 \
988.36)\x22/>\x0d\x0a    \
<path id=\x22path42\
23\x22 stroke=\x22#729\
fcf\x22 stroke-widt\
h=\x222\x22 d=\x22m83.872\
 1025.4-5-5 5-5\x22\
/>\x0d\x0a   </g>\x0d\x0a  <\
/g>\x0d\x0a </g>\x0d\x0a</sv\
g>\x0d\x0a\
\x00\x00\x09,\
<\
?xml version=\x221.\
0\x22 encoding=\x22UTF\
-8\x22 standalone=\x22\
no\x22?>\x0d\x0a<!-- Crea\
ted with Inkscap\
e (http://www.in\
kscape.org/) -->\
\x0d\x0a\x0d\x0a<svg\x0d\x0a   id=\
\x22svg2\x22\x0d\x0a   heigh\
t=\x2264\x22\x0d\x0a   width\
=\x2264\x22\x0d\x0a   versio\
n=\x221.1\x22\x0d\x0a   view\
Box=\x220 0 63.9999\
99 63.999999\x22\x0d\x0a \
  sodipodi:docna\
me=\x22NavigationSW\
_dark.svg\x22\x0d\x0a   i\
nkscape:version=\
\x221.4 (e7c3feb100\
, 2024-10-09)\x22\x0d\x0a\
   xmlns:inkscap\
e=\x22http://www.in\
kscape.org/names\
paces/inkscape\x22\x0d\
\x0a   xmlns:sodipo\
di=\x22http://sodip\
odi.sourceforge.\
net/DTD/sodipodi\
-0.dtd\x22\x0d\x0a   xmln\
s=\x22http://www.w3\
.org/2000/svg\x22\x0d\x0a\
   xmlns:svg=\x22ht\
tp://www.w3.org/\
2000/svg\x22\x0d\x0a   xm\
lns:rdf=\x22http://\
www.w3.org/1999/\
02/22-rdf-syntax\
-ns#\x22\x0d\x0a   xmlns:\
cc=\x22http://creat\
ivecommons.org/n\
s#\x22\x0d\x0a   xmlns:dc\
=\x22http://purl.or\
g/dc/elements/1.\
1/\x22>\x0d\x0a  <sodipod\
i:namedview\x0d\x0a   \
  id=\x22namedview1\
\x22\x0d\x0a     pagecolo\
r=\x22#ffffff\x22\x0d\x0a   \
  bordercolor=\x22#\
999999\x22\x0d\x0a     bo\
rderopacity=\x221\x22\x0d\
\x0a     inkscape:s\
howpageshadow=\x222\
\x22\x0d\x0a     inkscape\
:pageopacity=\x220\x22\
\x0d\x0a     inkscape:\
pagecheckerboard\
=\x220\x22\x0d\x0a     inksc\
ape:deskcolor=\x22#\
d1d1d1\x22\x0d\x0a     in\
kscape:zoom=\x2212.\
546875\x22\x0d\x0a     in\
kscape:cx=\x2231.96\
0149\x22\x0d\x0a     inks\
cape:cy=\x2232.0398\
51\x22\x0d\x0a     inksca\
pe:window-width=\
\x221290\x22\x0d\x0a     ink\
scape:window-hei\
ght=\x22991\x22\x0d\x0a     \
inkscape:window-\
x=\x2226\x22\x0d\x0a     ink\
scape:window-y=\x22\
23\x22\x0d\x0a     inksca\
pe:window-maximi\
zed=\x220\x22\x0d\x0a     in\
kscape:current-l\
ayer=\x22svg2\x22 />\x0d\x0a\
  <defs\x0d\x0a     id\
=\x22defs1\x22 />\x0d\x0a  <\
metadata\x0d\x0a     i\
d=\x22metadata7\x22>\x0d\x0a\
    <rdf:RDF>\x0d\x0a \
     <cc:Work\x0d\x0a \
        rdf:abou\
t=\x22\x22>\x0d\x0a        <\
dc:format>image/\
svg+xml</dc:form\
at>\x0d\x0a        <dc\
:type\x0d\x0a         \
  rdf:resource=\x22\
http://purl.org/\
dc/dcmitype/Stil\
lImage\x22 />\x0d\x0a    \
  </cc:Work>\x0d\x0a  \
  </rdf:RDF>\x0d\x0a  \
</metadata>\x0d\x0a  <\
g\x0d\x0a     id=\x22laye\
r1\x22\x0d\x0a     transf\
orm=\x22translate(0\
 -988.36)\x22\x0d\x0a    \
 stroke=\x22#d1cbc9\
\x22\x0d\x0a     stroke-w\
idth=\x226\x22\x0d\x0a     f\
ill=\x22none\x22\x0d\x0a    \
 style=\x22stroke:#\
2e3436;stroke-op\
acity:1\x22>\x0d\x0a    <\
path\x0d\x0a       id=\
\x22path4144\x22\x0d\x0a    \
   d=\x22m16 1028.4\
v-20c0-8 4-12 16\
-12s16 4 16 12v2\
0c0 8-4 17-16 17\
s-16-9-16-17z\x22\x0d\x0a\
       style=\x22st\
roke:#2e3436;str\
oke-opacity:1\x22 /\
>\x0d\x0a    <path\x0d\x0a  \
     id=\x22path420\
9\x22\x0d\x0a       d=\x22m3\
2 1004.4v12\x22\x0d\x0a  \
     style=\x22stro\
ke:#2e3436;strok\
e-opacity:1\x22 />\x0d\
\x0a  </g>\x0d\x0a  <text\
\x0d\x0a     xml:space\
=\x22preserve\x22\x0d\x0a   \
  style=\x22fill:#d\
1cbc9;stroke:#2e\
3436;stroke-widt\
h:1.249;stroke-d\
asharray:none;st\
roke-opacity:1\x22\x0d\
\x0a     x=\x2222.5405\
96\x22\x0d\x0a     y=\x2242.\
368313\x22\x0d\x0a     id\
=\x22text1\x22><tspan\x0d\
\x0a       x=\x2222.54\
0596\x22\x0d\x0a       y=\
\x2242.368313\x22\x0d\x0a   \
    id=\x22tspan2\x22\x0d\
\x0a       style=\x22s\
troke:#2e3436;st\
roke-opacity:1\x22>\
SW</tspan></text\
>\x0d\x0a</svg>\x0d\x0a\
\x00\x00\x05I\
<\
?xml version=\x221.\
0\x22 encoding=\x22UTF\
-8\x22 standalone=\x22\
no\x22?>\x0d\x0a<!-- Crea\
ted with Inkscap\
e (http://www.in\
kscape.org/) -->\
\x0d\x0a\x0d\x0a<svg\x0d\x0a   id=\
\x22svg2\x22\x0d\x0a   heigh\
t=\x2264\x22\x0d\x0a   width\
=\x2264\x22\x0d\x0a   versio\
n=\x221.1\x22\x0d\x0a   view\
Box=\x220 0 63.9999\
99 63.999999\x22\x0d\x0a \
  xmlns=\x22http://\
www.w3.org/2000/\
svg\x22\x0d\x0a   xmlns:s\
vg=\x22http://www.w\
3.org/2000/svg\x22\x0d\
\x0a   xmlns:rdf=\x22h\
ttp://www.w3.org\
/1999/02/22-rdf-\
syntax-ns#\x22\x0d\x0a   \
xmlns:cc=\x22http:/\
/creativecommons\
.org/ns#\x22\x0d\x0a   xm\
lns:dc=\x22http://p\
url.org/dc/eleme\
nts/1.1/\x22>\x0d\x0a  <d\
efs\x0d\x0a     id=\x22de\
fs1\x22 />\x0d\x0a  <meta\
data\x0d\x0a     id=\x22m\
etadata7\x22>\x0d\x0a    \
<rdf:RDF>\x0d\x0a     \
 <cc:Work\x0d\x0a     \
    rdf:about=\x22\x22\
>\x0d\x0a        <dc:f\
ormat>image/svg+\
xml</dc:format>\x0d\
\x0a        <dc:typ\
e\x0d\x0a           rd\
f:resource=\x22http\
://purl.org/dc/d\
cmitype/StillIma\
ge\x22 />\x0d\x0a      </\
cc:Work>\x0d\x0a    </\
rdf:RDF>\x0d\x0a  </me\
tadata>\x0d\x0a  <g\x0d\x0a \
    id=\x22layer1\x22\x0d\
\x0a     transform=\
\x22translate(0 -98\
8.36)\x22\x0d\x0a     str\
oke=\x22#2e3436\x22\x0d\x0a \
    stroke-width\
=\x226\x22\x0d\x0a     fill=\
\x22none\x22>\x0d\x0a    <pa\
th\x0d\x0a       id=\x22p\
ath4144\x22\x0d\x0a      \
 d=\x22m16 1028.4v-\
20c0-8 4-12 16-1\
2s16 4 16 12v20c\
0 8-4 17-16 17s-\
16-9-16-17z\x22 />\x0d\
\x0a    <path\x0d\x0a    \
   id=\x22path4209\x22\
\x0d\x0a       d=\x22m32 \
1004.4v12\x22 />\x0d\x0a \
 </g>\x0d\x0a  <text\x0d\x0a\
     xml:space=\x22\
preserve\x22\x0d\x0a     \
style=\x22fill:#2e3\
436;stroke:#2e34\
36;stroke-width:\
1.249;stroke-das\
harray:none\x22\x0d\x0a  \
   x=\x2220.548067\x22\
\x0d\x0a     y=\x2242.288\
612\x22\x0d\x0a     id=\x22t\
ext1\x22><tspan\x0d\x0a  \
     x=\x2220.54806\
7\x22\x0d\x0a       y=\x2242\
.288612\x22\x0d\x0a      \
 id=\x22tspan2\x22>OS<\
/tspan></text>\x0d\x0a\
</svg>\x0d\x0a\
\x00\x00\x02\xd2\
<\
?xml version=\x221.\
0\x22 encoding=\x22UTF\
-8\x22?>\x0d\x0a<svg widt\
h=\x2264\x22 height=\x226\
4\x22 version=\x221.1\x22\
 viewBox=\x220 0 64\
 64\x22 xmlns=\x22http\
://www.w3.org/20\
00/svg\x22 xmlns:cc\
=\x22http://creativ\
ecommons.org/ns#\
\x22 xmlns:dc=\x22http\
://purl.org/dc/e\
lements/1.1/\x22 xm\
lns:rdf=\x22http://\
www.w3.org/1999/\
02/22-rdf-syntax\
-ns#\x22>\x0d\x0a <metada\
ta>\x0d\x0a  <rdf:RDF>\
\x0d\x0a   <cc:Work rd\
f:about=\x22\x22>\x0d\x0a   \
 <dc:format>imag\
e/svg+xml</dc:fo\
rmat>\x0d\x0a    <dc:t\
ype rdf:resource\
=\x22http://purl.or\
g/dc/dcmitype/St\
illImage\x22/>\x0d\x0a   \
 <dc:title/>\x0d\x0a  \
 </cc:Work>\x0d\x0a  <\
/rdf:RDF>\x0d\x0a </me\
tadata>\x0d\x0a <g tra\
nsform=\x22translat\
e(0 -988.36)\x22 fi\
ll=\x22none\x22 stroke\
=\x22#d1cbc9\x22 strok\
e-width=\x226\x22>\x0d\x0a  \
<path d=\x22m16 102\
8.4v-20c0-8 4-12\
 16-12s16 4 16 1\
2v20c0 8-4 17-16\
 17s-16-9-16-17z\
\x22/>\x0d\x0a  <path d=\x22\
m32 1004.4v12\x22/>\
\x0d\x0a </g>\x0d\x0a</svg>\x0d\
\x0a\
\x00\x00\x0a\xf3\
<\
?xml version=\x221.\
0\x22 encoding=\x22UTF\
-8\x22 standalone=\x22\
no\x22?>\x0d\x0a<!-- Crea\
ted with Inkscap\
e (http://www.in\
kscape.org/) -->\
\x0d\x0a<svg id=\x22svg41\
99\x22 xmlns:rdf=\x22h\
ttp://www.w3.org\
/1999/02/22-rdf-\
syntax-ns#\x22 xmln\
s=\x22http://www.w3\
.org/2000/svg\x22 h\
eight=\x2264\x22 width\
=\x2264\x22 version=\x221\
.1\x22 xmlns:cc=\x22ht\
tp://creativecom\
mons.org/ns#\x22 xm\
lns:dc=\x22http://p\
url.org/dc/eleme\
nts/1.1/\x22 viewBo\
x=\x220 0 64.000001\
 64.000001\x22>\x0d\x0a <\
metadata id=\x22met\
adata4204\x22>\x0d\x0a  <\
rdf:RDF>\x0d\x0a   <cc\
:Work rdf:about=\
\x22\x22>\x0d\x0a    <dc:for\
mat>image/svg+xm\
l</dc:format>\x0d\x0a \
   <dc:type rdf:\
resource=\x22http:/\
/purl.org/dc/dcm\
itype/StillImage\
\x22/>\x0d\x0a    <dc:tit\
le/>\x0d\x0a   </cc:Wo\
rk>\x0d\x0a  </rdf:RDF\
>\x0d\x0a </metadata>\x0d\
\x0a <g id=\x22layer1\x22\
 transform=\x22tran\
slate(0 -988.36)\
\x22>\x0d\x0a  <g fill-ru\
le=\x22evenodd\x22>\x0d\x0a \
  <rect id=\x22rect\
4140\x22 style=\x22col\
or:#000000\x22 ry=\x22\
10\x22 height=\x2256\x22 \
width=\x2256\x22 y=\x2299\
2.36\x22 x=\x224\x22 fill\
=\x22#eeeeec\x22/>\x0d\x0a  \
 <g stroke=\x22#2e3\
436\x22>\x0d\x0a    <path\
 id=\x22path4144\x22 d\
=\x22m16 1027.9v-20\
c0-8.0001 4-12.5\
 16-12.5s16 4.5 \
16 12.5v20c0 8-4\
 17.5-16 17.5s-1\
6-9.5-16-17.5z\x22 \
stroke-width=\x222\x22\
 fill=\x22#fff\x22/>\x0d\x0a\
    <path id=\x22pa\
th4195\x22 d=\x22m17 1\
010.9c-0.13863-1\
0 1.4688-14.5 15\
-14.5v14.5z\x22 str\
oke-width=\x22.5\x22 f\
ill=\x22#729fcf\x22/>\x0d\
\x0a    <path id=\x22p\
ath4197\x22 d=\x22m47 \
1010.9c0.13863-1\
0-1.4688-14.5-15\
-14.5v14.5z\x22 str\
oke-width=\x22.5\x22 f\
ill=\x22#fff\x22/>\x0d\x0a  \
 </g>\x0d\x0a  </g>\x0d\x0a \
 <g stroke=\x22#2e3\
436\x22>\x0d\x0a   <path \
id=\x22path4169\x22 d=\
\x22m32 1011.9v-16.\
5\x22 stroke-width=\
\x222\x22 fill=\x22none\x22/\
>\x0d\x0a   <path id=\x22\
path4167\x22 d=\x22m16\
 1011.9h32\x22 stro\
ke-width=\x222\x22 fil\
l=\x22none\x22/>\x0d\x0a   <\
rect id=\x22rect413\
9\x22 height=\x2218\x22 s\
troke-linecap=\x22r\
ound\x22 stroke-wid\
th=\x221.6\x22 fill=\x22#\
fff\x22 style=\x22colo\
r:#000000\x22 fill-\
rule=\x22evenodd\x22 r\
y=\x223.5\x22 width=\x228\
\x22 y=\x221002.9\x22 x=\x22\
28\x22/>\x0d\x0a  </g>\x0d\x0a \
 <g id=\x22g4259\x22 t\
ransform=\x22transl\
ate(-13.321 -65.\
064)\x22>\x0d\x0a   <g id\
=\x22g4262\x22 transfo\
rm=\x22translate(-5\
0.679 57.278)\x22 f\
ill=\x22none\x22>\x0d\x0a   \
 <path id=\x22path4\
170-6\x22 d=\x22m102 1\
009.1-6-6.0001-6\
 6.0001\x22 stroke=\
\x22#2e3436\x22 stroke\
-width=\x224\x22/>\x0d\x0a  \
  <path id=\x22path\
4145\x22 d=\x22m101 10\
08.1-5-5.0001-5 \
5.0001\x22 stroke=\x22\
#729fcf\x22 stroke-\
width=\x222\x22/>\x0d\x0a   \
</g>\x0d\x0a   <g id=\x22\
g4280\x22 transform\
=\x22translate(-50.\
679 72.85)\x22>\x0d\x0a  \
  <g id=\x22g4260\x22 \
transform=\x22trans\
late(64 7.1285)\x22\
>\x0d\x0a     <path id\
=\x22path4214\x22 d=\x22m\
38 1024.4-6 6-6-\
6\x22 stroke=\x22#2e34\
36\x22 stroke-width\
=\x224\x22 fill=\x22none\x22\
/>\x0d\x0a    </g>\x0d\x0a  \
  <path id=\x22path\
4220\x22 d=\x22m101 10\
32.5-5 5-5-5\x22 st\
roke=\x22#729fcf\x22 s\
troke-width=\x222\x22 \
fill=\x22none\x22/>\x0d\x0a \
  </g>\x0d\x0a   <g id\
=\x22g4271\x22 transfo\
rm=\x22translate(-5\
0.679 65.064)\x22 f\
ill=\x22none\x22>\x0d\x0a   \
 <path id=\x22path4\
215\x22 d=\x22m107.21 \
1026.4 6-6-6-6\x22 \
stroke=\x22#2e3436\x22\
 stroke-width=\x224\
\x22/>\x0d\x0a    <path i\
d=\x22path4217\x22 d=\x22\
m108.21 1025.4 5\
-5-5-5\x22 stroke=\x22\
#729fcf\x22 stroke-\
width=\x222\x22/>\x0d\x0a   \
</g>\x0d\x0a   <g id=\x22\
g4276\x22 transform\
=\x22translate(-50.\
679 65.064)\x22 fil\
l=\x22none\x22>\x0d\x0a    <\
path id=\x22path422\
1\x22 d=\x22m38 1024.4\
-6 6-6-6\x22 transf\
orm=\x22matrix(0 1 \
-1 0 1109.2 988.\
36)\x22 stroke=\x22#2e\
3436\x22 stroke-wid\
th=\x224\x22/>\x0d\x0a    <p\
ath id=\x22path4223\
\x22 d=\x22m83.872 102\
5.4-5-5 5-5\x22 str\
oke=\x22#729fcf\x22 st\
roke-width=\x222\x22/>\
\x0d\x0a   </g>\x0d\x0a  </g\
>\x0d\x0a </g>\x0d\x0a</svg>\
\x0d\x0a\
\x00\x00\x06=\
<\
?xml version=\x221.\
0\x22 encoding=\x22UTF\
-8\x22 standalone=\x22\
no\x22?>\x0d\x0a<!-- Crea\
ted with Inkscap\
e (http://www.in\
kscape.org/) -->\
\x0d\x0a<svg id=\x22svg41\
99\x22 xmlns:rdf=\x22h\
ttp://www.w3.org\
/1999/02/22-rdf-\
syntax-ns#\x22 xmln\
s=\x22http://www.w3\
.org/2000/svg\x22 h\
eight=\x2264\x22 width\
=\x2264\x22 version=\x221\
.1\x22 xmlns:cc=\x22ht\
tp://creativecom\
mons.org/ns#\x22 xm\
lns:dc=\x22http://p\
url.org/dc/eleme\
nts/1.1/\x22 viewBo\
x=\x220 0 64.000001\
 64.000001\x22>\x0d\x0a <\
metadata id=\x22met\
adata4204\x22>\x0d\x0a  <\
rdf:RDF>\x0d\x0a   <cc\
:Work rdf:about=\
\x22\x22>\x0d\x0a    <dc:for\
mat>image/svg+xm\
l</dc:format>\x0d\x0a \
   <dc:type rdf:\
resource=\x22http:/\
/purl.org/dc/dcm\
itype/StillImage\
\x22/>\x0d\x0a    <dc:tit\
le/>\x0d\x0a   </cc:Wo\
rk>\x0d\x0a  </rdf:RDF\
>\x0d\x0a </metadata>\x0d\
\x0a <g id=\x22layer1\x22\
 transform=\x22tran\
slate(0 -988.36)\
\x22>\x0d\x0a  <g fill-ru\
le=\x22evenodd\x22>\x0d\x0a \
  <rect id=\x22rect\
4140\x22 style=\x22col\
or:#000000\x22 ry=\x22\
10\x22 height=\x2256\x22 \
width=\x2256\x22 y=\x2299\
2.36\x22 x=\x224\x22 fill\
=\x22#eeeeec\x22/>\x0d\x0a  \
 <g stroke=\x22#2e3\
436\x22>\x0d\x0a    <path\
 id=\x22path4144\x22 d\
=\x22m16 1027.9v-20\
c0-8 4-12.5 16-1\
2.5s16 4.5 16 12\
.5v20c0 8-4 17.5\
-16 17.5s-16-9.5\
-16-17.5z\x22 strok\
e-width=\x222\x22 fill\
=\x22#fff\x22/>\x0d\x0a    <\
path id=\x22path419\
5\x22 d=\x22m17 1010.9\
c-0.13863-10 1.4\
688-14.5 15-14.5\
v14.5z\x22 stroke-w\
idth=\x22.5\x22 fill=\x22\
#729fcf\x22/>\x0d\x0a    \
<path id=\x22path41\
97\x22 d=\x22m47 1010.\
9c0.13863-10-1.4\
688-14.5-15-14.5\
v14.5z\x22 stroke-w\
idth=\x22.5\x22 fill=\x22\
#729fcf\x22/>\x0d\x0a   <\
/g>\x0d\x0a  </g>\x0d\x0a  <\
g stroke=\x22#2e343\
6\x22>\x0d\x0a   <path id\
=\x22path4169\x22 d=\x22m\
32 1011.9v-16.5\x22\
 stroke-width=\x222\
\x22 fill=\x22none\x22/>\x0d\
\x0a   <path id=\x22pa\
th4167\x22 d=\x22m16 1\
011.9h32\x22 stroke\
-width=\x222\x22 fill=\
\x22none\x22/>\x0d\x0a   <re\
ct id=\x22rect4139\x22\
 height=\x2218\x22 str\
oke-linecap=\x22rou\
nd\x22 stroke-width\
=\x221.6\x22 fill=\x22#ff\
f\x22 style=\x22color:\
#000000\x22 fill-ru\
le=\x22evenodd\x22 ry=\
\x223.5\x22 width=\x228\x22 \
y=\x221002.9\x22 x=\x2228\
\x22/>\x0d\x0a  </g>\x0d\x0a </\
g>\x0d\x0a</svg>\x0d\x0a\
\x00\x00\x08\xbb\
<\
?xml version=\x221.\
0\x22 encoding=\x22UTF\
-8\x22 standalone=\x22\
no\x22?>\x0d\x0a<!-- Crea\
ted with Inkscap\
e (http://www.in\
kscape.org/) -->\
\x0d\x0a<svg id=\x22svg41\
99\x22 xmlns:rdf=\x22h\
ttp://www.w3.org\
/1999/02/22-rdf-\
syntax-ns#\x22 xmln\
s=\x22http://www.w3\
.org/2000/svg\x22 h\
eight=\x2264\x22 width\
=\x2264\x22 version=\x221\
.1\x22 xmlns:cc=\x22ht\
tp://creativecom\
mons.org/ns#\x22 xm\
lns:dc=\x22http://p\
url.org/dc/eleme\
nts/1.1/\x22 viewBo\
x=\x220 0 64 64.000\
001\x22>\x0d\x0a <metadat\
a id=\x22metadata42\
04\x22>\x0d\x0a  <rdf:RDF\
>\x0d\x0a   <cc:Work r\
df:about=\x22\x22>\x0d\x0a  \
  <dc:format>ima\
ge/svg+xml</dc:f\
ormat>\x0d\x0a    <dc:\
type rdf:resourc\
e=\x22http://purl.o\
rg/dc/dcmitype/S\
tillImage\x22/>\x0d\x0a  \
  <dc:title/>\x0d\x0a \
  </cc:Work>\x0d\x0a  \
</rdf:RDF>\x0d\x0a </m\
etadata>\x0d\x0a <g id\
=\x22layer1\x22 transf\
orm=\x22translate(0\
 -988.36)\x22>\x0d\x0a  <\
rect id=\x22rect415\
1\x22 style=\x22color:\
#000000\x22 fill-ru\
le=\x22evenodd\x22 ry=\
\x2210\x22 height=\x2256\x22\
 width=\x2258\x22 y=\x229\
92.36\x22 x=\x223\x22 fil\
l=\x22#eeeeec\x22/>\x0d\x0a \
 <g fill-rule=\x22e\
venodd\x22 stroke=\x22\
#2e3436\x22 fill=\x22#\
fff\x22>\x0d\x0a   <path \
id=\x22path4153\x22 d=\
\x22m20.923 1033.6v\
-13.846c0-5.5385\
 2.7692-8.6538 1\
1.077-8.6538 8.3\
077 0 11.077 3.1\
153 11.077 8.653\
8v13.846c0 5.538\
4-2.7692 12.115-\
11.077 12.115-8.\
3077 0-11.077-6.\
577-11.077-12.11\
5z\x22 stroke-width\
=\x221.3846\x22/>\x0d\x0a   \
<path id=\x22path41\
55\x22 d=\x22m21.615 1\
021.8c-0.096-6.9\
 1.017-10.1 10.3\
85-10.1v10.038z\x22\
 stroke-width=\x22.\
34615\x22/>\x0d\x0a   <pa\
th id=\x22path4157\x22\
 d=\x22m42.385 1021\
.8c0.096-6.9-1.0\
17-10.1-10.385-1\
0.1v10.038z\x22 str\
oke-width=\x22.3461\
5\x22/>\x0d\x0a  </g>\x0d\x0a  \
<g stroke=\x22#2e34\
36\x22>\x0d\x0a   <path i\
d=\x22path4159\x22 d=\x22\
m32 1022.5v-11.4\
23\x22 stroke-width\
=\x221.3846\x22 fill=\x22\
none\x22/>\x0d\x0a   <pat\
h id=\x22path4161\x22 \
d=\x22m20.923 1022.\
5h22.154\x22 stroke\
-width=\x221.3846\x22 \
fill=\x22none\x22/>\x0d\x0a \
  <rect id=\x22rect\
4163\x22 height=\x2212\
.462\x22 stroke-lin\
ecap=\x22round\x22 str\
oke-width=\x221.107\
7\x22 fill=\x22#729fcf\
\x22 style=\x22color:#\
000000\x22 fill-rul\
e=\x22evenodd\x22 ry=\x22\
2.4231\x22 width=\x225\
.5385\x22 y=\x221016.2\
\x22 x=\x2229.231\x22/>\x0d\x0a\
  </g>\x0d\x0a  <g id=\
\x22g5846\x22 transfor\
m=\x22translate(-.5\
0298 .34070)\x22 st\
roke=\x22#2e3436\x22 s\
troke-linecap=\x22r\
ound\x22 stroke-wid\
th=\x221.3\x22 fill=\x22n\
one\x22>\x0d\x0a   <path \
id=\x22path5814\x22 st\
roke-linejoin=\x22r\
ound\x22 d=\x22m19 100\
5.4 3-8 3 8\x22/>\x0d\x0a\
   <path id=\x22pat\
h5816\x22 d=\x22m20 10\
03.4h4\x22/>\x0d\x0a   <p\
ath id=\x22path5818\
\x22 stroke-linejoi\
n=\x22round\x22 d=\x22m32\
 1005.4h-4v-8\x22/>\
\x0d\x0a   <g>\x0d\x0a    <p\
ath id=\x22path5820\
\x22 d=\x22m33 997.36h\
6\x22/>\x0d\x0a    <path \
id=\x22path5822\x22 d=\
\x22m36 997.36v8\x22/>\
\x0d\x0a    <path id=\x22\
path5826\x22 d=\x22m40\
 1002.4h6\x22/>\x0d\x0a  \
  <path id=\x22path\
5828\x22 d=\x22m43 999\
.36v6\x22/>\x0d\x0a   </g\
>\x0d\x0a  </g>\x0d\x0a </g>\
\x0d\x0a</svg>\x0d\x0a\
\x00\x00\x06\x9a\
<\
?xml version=\x221.\
0\x22 encoding=\x22UTF\
-8\x22?>\x0d\x0a<svg widt\
h=\x2264\x22 height=\x226\
4\x22 version=\x221.1\x22\
 viewBox=\x220 0 64\
 64\x22 xmlns=\x22http\
://www.w3.org/20\
00/svg\x22 xmlns:cc\
=\x22http://creativ\
ecommons.org/ns#\
\x22 xmlns:dc=\x22http\
://purl.org/dc/e\
lements/1.1/\x22 xm\
lns:rdf=\x22http://\
www.w3.org/1999/\
02/22-rdf-syntax\
-ns#\x22>\x0d\x0a <metada\
ta>\x0d\x0a  <rdf:RDF>\
\x0d\x0a   <cc:Work rd\
f:about=\x22\x22>\x0d\x0a   \
 <dc:format>imag\
e/svg+xml</dc:fo\
rmat>\x0d\x0a    <dc:t\
ype rdf:resource\
=\x22http://purl.or\
g/dc/dcmitype/St\
illImage\x22/>\x0d\x0a   \
 <dc:title/>\x0d\x0a  \
 </cc:Work>\x0d\x0a  <\
/rdf:RDF>\x0d\x0a </me\
tadata>\x0d\x0a <g str\
oke=\x22#d1cbc9\x22>\x0d\x0a\
  <g transform=\x22\
translate(0 -988\
.86)\x22 fill=\x22none\
\x22 stroke-width=\x22\
6\x22>\x0d\x0a   <path d=\
\x22m16 1028.4v-20c\
0-8 4-12 16-12s1\
6 4 16 12v20c0 8\
-4 17-16 17s-16-\
9-16-17z\x22/>\x0d\x0a   \
<path d=\x22m32 100\
4.4v12\x22/>\x0d\x0a  </g\
>\x0d\x0a  <g transfor\
m=\x22matrix(-1.044\
5 0 0 -1.0419 30\
.547 32.04)\x22 str\
oke-linecap=\x22rou\
nd\x22 stroke-linej\
oin=\x22round\x22 stro\
ke-width=\x225.7515\
\x22>\x0d\x0a   <g transf\
orm=\x22scale(1,-1)\
\x22 fill=\x22none\x22 st\
roke=\x22#d1cbc9\x22 s\
troke-linecap=\x22r\
ound\x22 stroke-lin\
ejoin=\x22round\x22 st\
roke-width=\x225.75\
15\x22>\x0d\x0a    <path \
d=\x22m13.917 7.499\
9c-0.454-2.6666-\
1.713-5.2777-3.9\
17-7.4999 2.2038\
-2.2224 3.4631-4\
.8335 3.9168-7.5\
001\x22 stroke=\x22#d1\
cbc9\x22 stroke-lin\
ecap=\x22round\x22 str\
oke-linejoin=\x22ro\
und\x22 stroke-widt\
h=\x225.7515\x22/>\x0d\x0a  \
 </g>\x0d\x0a  </g>\x0d\x0a \
 <g transform=\x22m\
atrix(1.0445 0 0\
 -1.0419 33.453 \
32.04)\x22 stroke-l\
inecap=\x22round\x22 s\
troke-linejoin=\x22\
round\x22 stroke-wi\
dth=\x225.7517\x22>\x0d\x0a \
  <g transform=\x22\
scale(1,-1)\x22 fil\
l=\x22none\x22 stroke=\
\x22#d1cbc9\x22 stroke\
-linecap=\x22round\x22\
 stroke-linejoin\
=\x22round\x22 stroke-\
width=\x225.7517\x22>\x0d\
\x0a    <path d=\x22m1\
3.917 7.4999c-0.\
454-2.6666-1.713\
-5.2777-3.917-7.\
4999 2.2038-2.22\
24 3.4631-4.8335\
 3.9168-7.5001\x22 \
stroke=\x22#d1cbc9\x22\
 stroke-linecap=\
\x22round\x22 stroke-l\
inejoin=\x22round\x22 \
stroke-width=\x225.\
7517\x22/>\x0d\x0a   </g>\
\x0d\x0a  </g>\x0d\x0a </g>\x0d\
\x0a</svg>\x0d\x0a\
\x00\x00\x052\
<\
?xml version=\x221.\
0\x22 encoding=\x22UTF\
-8\x22 standalone=\x22\
no\x22?>\x0d\x0a<!-- Crea\
ted with Inkscap\
e (http://www.in\
kscape.org/) -->\
\x0d\x0a\x0d\x0a<svg\x0d\x0a   id=\
\x22svg2\x22\x0d\x0a   heigh\
t=\x2264\x22\x0d\x0a   width\
=\x2264\x22\x0d\x0a   versio\
n=\x221.1\x22\x0d\x0a   view\
Box=\x220 0 63.9999\
99 63.999999\x22\x0d\x0a \
  xmlns=\x22http://\
www.w3.org/2000/\
svg\x22\x0d\x0a   xmlns:s\
vg=\x22http://www.w\
3.org/2000/svg\x22\x0d\
\x0a   xmlns:rdf=\x22h\
ttp://www.w3.org\
/1999/02/22-rdf-\
syntax-ns#\x22\x0d\x0a   \
xmlns:cc=\x22http:/\
/creativecommons\
.org/ns#\x22\x0d\x0a   xm\
lns:dc=\x22http://p\
url.org/dc/eleme\
nts/1.1/\x22>\x0d\x0a  <d\
efs\x0d\x0a     id=\x22de\
fs1\x22 />\x0d\x0a  <meta\
data\x0d\x0a     id=\x22m\
etadata7\x22>\x0d\x0a    \
<rdf:RDF>\x0d\x0a     \
 <cc:Work\x0d\x0a     \
    rdf:about=\x22\x22\
>\x0d\x0a        <dc:f\
ormat>image/svg+\
xml</dc:format>\x0d\
\x0a        <dc:typ\
e\x0d\x0a           rd\
f:resource=\x22http\
://purl.org/dc/d\
cmitype/StillIma\
ge\x22 />\x0d\x0a      </\
cc:Work>\x0d\x0a    </\
rdf:RDF>\x0d\x0a  </me\
tadata>\x0d\x0a  <g\x0d\x0a \
    id=\x22layer1\x22\x0d\
\x0a     transform=\
\x22translate(0 -98\
8.36)\x22\x0d\x0a     str\
oke=\x22#d1cbc9\x22\x0d\x0a \
    stroke-width\
=\x226\x22\x0d\x0a     fill=\
\x22none\x22>\x0d\x0a    <pa\
th\x0d\x0a       id=\x22p\
ath4144\x22\x0d\x0a      \
 d=\x22m16 1028.4v-\
20c0-8 4-12 16-1\
2s16 4 16 12v20c\
0 8-4 17-16 17s-\
16-9-16-17z\x22 />\x0d\
\x0a    <path\x0d\x0a    \
   id=\x22path4209\x22\
\x0d\x0a       d=\x22m32 \
1004.4v12\x22 />\x0d\x0a \
 </g>\x0d\x0a  <text\x0d\x0a\
     xml:space=\x22\
preserve\x22\x0d\x0a     \
style=\x22fill:#d1c\
bc9;stroke:#d1cb\
c9;stroke-width:\
2.149\x22\x0d\x0a     x=\x22\
27.425451\x22\x0d\x0a    \
 y=\x2245.400135\x22\x0d\x0a\
     id=\x22text1\x22>\
<tspan\x0d\x0a       i\
d=\x22tspan1\x22\x0d\x0a    \
   x=\x2227.425451\x22\
\x0d\x0a       y=\x2245.4\
00135\x22>T</tspan>\
</text>\x0d\x0a</svg>\x0d\
\x0a\
\x00\x00\x09\xec\
<\
?xml version=\x221.\
0\x22 encoding=\x22UTF\
-8\x22 standalone=\x22\
no\x22?>\x0d\x0a<!-- Crea\
ted with Inkscap\
e (http://www.in\
kscape.org/) -->\
\x0d\x0a<svg id=\x22svg41\
99\x22 xmlns:rdf=\x22h\
ttp://www.w3.org\
/1999/02/22-rdf-\
syntax-ns#\x22 xmln\
s=\x22http://www.w3\
.org/2000/svg\x22 h\
eight=\x2264\x22 width\
=\x2264\x22 version=\x221\
.1\x22 xmlns:cc=\x22ht\
tp://creativecom\
mons.org/ns#\x22 xm\
lns:dc=\x22http://p\
url.org/dc/eleme\
nts/1.1/\x22 viewBo\
x=\x220 0 64.000001\
 64.000001\x22>\x0d\x0a <\
metadata id=\x22met\
adata4204\x22>\x0d\x0a  <\
rdf:RDF>\x0d\x0a   <cc\
:Work rdf:about=\
\x22\x22>\x0d\x0a    <dc:for\
mat>image/svg+xm\
l</dc:format>\x0d\x0a \
   <dc:type rdf:\
resource=\x22http:/\
/purl.org/dc/dcm\
itype/StillImage\
\x22/>\x0d\x0a    <dc:tit\
le/>\x0d\x0a   </cc:Wo\
rk>\x0d\x0a  </rdf:RDF\
>\x0d\x0a </metadata>\x0d\
\x0a <g id=\x22layer1\x22\
 transform=\x22tran\
slate(0 -988.36)\
\x22>\x0d\x0a  <g fill-ru\
le=\x22evenodd\x22>\x0d\x0a \
  <rect id=\x22rect\
4140\x22 style=\x22col\
or:#000000\x22 ry=\x22\
10\x22 height=\x2256\x22 \
width=\x2256\x22 y=\x2299\
2.36\x22 x=\x224\x22 fill\
=\x22#eeeeec\x22/>\x0d\x0a  \
 <g stroke=\x22#2e3\
436\x22>\x0d\x0a    <path\
 id=\x22path4144\x22 d\
=\x22m16 1027.9v-20\
c0-8 4-12.5 16-1\
2.5s16 4.5 16 12\
.5v20c0 8-4 17.5\
-16 17.5s-16-9.5\
-16-17.5z\x22 strok\
e-width=\x222\x22 fill\
=\x22#fff\x22/>\x0d\x0a    <\
path id=\x22path419\
5\x22 d=\x22m17 1010.9\
c-0.13863-10 1.4\
688-14.5 15-14.5\
v14.5z\x22 stroke-w\
idth=\x22.5\x22 fill=\x22\
#fff\x22/>\x0d\x0a    <pa\
th id=\x22path4197\x22\
 d=\x22m47 1010.9c0\
.13863-10-1.4688\
-14.5-15-14.5v14\
.5z\x22 stroke-widt\
h=\x22.5\x22 fill=\x22#72\
9fcf\x22/>\x0d\x0a   </g>\
\x0d\x0a  </g>\x0d\x0a  <pat\
h id=\x22path4169\x22 \
d=\x22m32 1011.9v-1\
6.5\x22 stroke=\x22#2e\
3436\x22 stroke-wid\
th=\x222\x22 fill=\x22non\
e\x22/>\x0d\x0a  <path id\
=\x22path4167\x22 d=\x22m\
16 1011.9h32\x22 st\
roke=\x22#2e3436\x22 s\
troke-width=\x222\x22 \
fill=\x22none\x22/>\x0d\x0a \
 <g>\x0d\x0a   <rect i\
d=\x22rect4139\x22 hei\
ght=\x2218\x22 stroke=\
\x22#2e3436\x22 stroke\
-linecap=\x22round\x22\
 stroke-width=\x221\
.6\x22 fill=\x22#729fc\
f\x22 style=\x22color:\
#000000\x22 fill-ru\
le=\x22evenodd\x22 ry=\
\x223.5\x22 width=\x228\x22 \
y=\x221002.9\x22 x=\x2228\
\x22/>\x0d\x0a   <g id=\x22t\
ext4139\x22 transfo\
rm=\x22translate(.6\
5152 -2.1518)\x22>\x0d\
\x0a    <path id=\x22p\
ath4148\x22 d=\x22m31.\
013 1009.8q0.2-0\
.1883 0.41765-0.\
1883 0.44118 0 0\
.44118 0.4883v7.\
8648q0 0.5-0.423\
54 0.5-0.4353 0-\
0.4353-0.5059 0 \
0 0-6.9354l-1.02\
35 1.0236q-0.158\
83 0.1588-0.3176\
5 0.1588-0.44707\
 0-0.44707-0.394\
1 0-0.2 0.17059-\
0.3706l1.6177-1.\
6412z\x22/>\x0d\x0a   </g\
>\x0d\x0a   <g id=\x22tex\
t4143\x22 transform\
=\x22translate(18.0\
25 -1.7542)\x22>\x0d\x0a \
   <path id=\x22pat\
h4151\x22 d=\x22m19.71\
7 1003.1q-0.4588\
3 0-0.45883-0.41\
18 0-0.1294 0.10\
588-0.3411 0.370\
59-0.7295 0.8529\
5-1.0412 0.60001\
-0.3883 1.2647-0\
.3883 1.1177 0 1\
.753 0.853 0.464\
71 0.6235 0.4647\
1 1.3412 0 0.629\
4-0.38824 1.2588\
l-2.853 4.606h2.\
7883q0.44118 0 0\
.44118 0.4412 0 \
0.3823-0.48236 0\
.3823h-3.4177q-0\
.52354 0-0.52354\
-0.3765 0-0.1647\
 0.07647-0.2882l\
3.1648-5.1001q0.\
32353-0.5235 0.3\
2353-0.9235 0-0.\
5059-0.32353-0.8\
824-0.39412-0.45\
88-1.053-0.4588-\
0.81766 0-1.3236\
 0.9647-0.19412 \
0.3647-0.41177 0\
.3647z\x22/>\x0d\x0a   </\
g>\x0d\x0a  </g>\x0d\x0a </g\
>\x0d\x0a</svg>\x0d\x0a\
\x00\x00\x10\xdb\
<\
?xml version=\x221.\
0\x22 encoding=\x22UTF\
-8\x22 standalone=\x22\
no\x22?>\x0d\x0a<!-- Crea\
ted with Inkscap\
e (http://www.in\
kscape.org/) -->\
\x0d\x0a<svg id=\x22svg41\
99\x22 xmlns:rdf=\x22h\
ttp://www.w3.org\
/1999/02/22-rdf-\
syntax-ns#\x22 xmln\
s=\x22http://www.w3\
.org/2000/svg\x22 h\
eight=\x2264\x22 width\
=\x2264\x22 version=\x221\
.1\x22 xmlns:cc=\x22ht\
tp://creativecom\
mons.org/ns#\x22 xm\
lns:xlink=\x22http:\
//www.w3.org/199\
9/xlink\x22 viewBox\
=\x220 0 64.000001 \
64.000001\x22 xmlns\
:dc=\x22http://purl\
.org/dc/elements\
/1.1/\x22>\x0d\x0a <defs \
id=\x22defs4201\x22>\x0d\x0a\
  <radialGradien\
t id=\x22radialGrad\
ient4373\x22 xlink:\
href=\x22#linearGra\
dient4365\x22 gradi\
entUnits=\x22userSp\
aceOnUse\x22 cy=\x2210\
26.8\x22 cx=\x2233.81\x22\
 gradientTransfo\
rm=\x22matrix(.1780\
4 -.98402 -1.806\
8 -.32690 1875.4\
 1403.9)\x22 r=\x2211.\
356\x22/>\x0d\x0a  <linea\
rGradient id=\x22li\
nearGradient4365\
\x22>\x0d\x0a   <stop id=\
\x22stop4367\x22 stop-\
color=\x22#8ae234\x22 \
offset=\x220\x22/>\x0d\x0a  \
 <stop id=\x22stop4\
369\x22 stop-color=\
\x22#8ae234\x22 stop-o\
pacity=\x220\x22 offse\
t=\x221\x22/>\x0d\x0a  </lin\
earGradient>\x0d\x0a  \
<radialGradient \
id=\x22radialGradie\
nt4607\x22 xlink:hr\
ef=\x22#linearGradi\
ent4365\x22 gradien\
tUnits=\x22userSpac\
eOnUse\x22 cy=\x221026\
.8\x22 cx=\x2233.81\x22 g\
radientTransform\
=\x22matrix(-.17804\
 .98402 1.8068 .\
32690 -1811.4 63\
6.83)\x22 r=\x2211.356\
\x22/>\x0d\x0a </defs>\x0d\x0a \
<metadata id=\x22me\
tadata4204\x22>\x0d\x0a  \
<rdf:RDF>\x0d\x0a   <c\
c:Work rdf:about\
=\x22\x22>\x0d\x0a    <dc:fo\
rmat>image/svg+x\
ml</dc:format>\x0d\x0a\
    <dc:type rdf\
:resource=\x22http:\
//purl.org/dc/dc\
mitype/StillImag\
e\x22/>\x0d\x0a    <dc:ti\
tle/>\x0d\x0a   </cc:W\
ork>\x0d\x0a  </rdf:RD\
F>\x0d\x0a </metadata>\
\x0d\x0a <g id=\x22layer1\
\x22 transform=\x22tra\
nslate(0 -988.36\
)\x22>\x0d\x0a  <rect id=\
\x22rect4140\x22 style\
=\x22color:#000000\x22\
 fill-rule=\x22even\
odd\x22 ry=\x2210\x22 hei\
ght=\x2256\x22 width=\x22\
56\x22 y=\x22992.36\x22 x\
=\x224\x22 fill=\x22#eeee\
ec\x22/>\x0d\x0a  <g id=\x22\
g4197\x22 transform\
=\x22translate(0 -1\
.0001)\x22>\x0d\x0a   <pa\
th id=\x22path4317\x22\
 d=\x22m46.81 1038.\
7s-8.8575-0.2705\
-13.1-1.4051c-4.\
8952-1.3092-13.9\
07-6.1404-13.907\
-6.1404\x22 stroke=\
\x22url(#radialGrad\
ient4373)\x22 strok\
e-width=\x2210\x22 fil\
l=\x22none\x22/>\x0d\x0a   <\
g id=\x22g4348\x22 fil\
l=\x22#729fcf\x22 tran\
sform=\x22matrix(-.\
25882 -.96593 -.\
96593 .25882 100\
3.7 755.59)\x22>\x0d\x0a \
   <g id=\x22g4350\x22\
 transform=\x22tran\
slate(-43.493 1.\
3512)\x22>\x0d\x0a     <g\
 id=\x22g4352\x22 fill\
=\x22#729fcf\x22 trans\
form=\x22matrix(0.5\
 0 0 0.5 20.237 \
506.39)\x22>\x0d\x0a     \
 <ellipse id=\x22el\
lipse4354\x22 rx=\x225\
.7143\x22 transform\
=\x22matrix(2.625 0\
 0 2.6667 -17.72\
3 791.04)\x22 ry=\x225\
.625\x22 cy=\x2288.839\
\x22 cx=\x2215.714\x22 fi\
ll=\x22#729fcf\x22/>\x0d\x0a\
     </g>\x0d\x0a    <\
/g>\x0d\x0a    <g id=\x22\
g4356\x22 transform\
=\x22matrix(.56104 \
0 0 -.55886 -29.\
446 1592)\x22 strok\
e=\x22#eeeeec\x22 stro\
ke-width=\x222.8574\
\x22>\x0d\x0a     <g id=\x22\
g4358\x22 transform\
=\x22matrix(0.5 0 0\
 0.5 20.237 506.\
39)\x22 stroke=\x22#ee\
eeec\x22 stroke-wid\
th=\x225.7148\x22 fill\
=\x22#729fcf\x22>\x0d\x0a   \
   <ellipse id=\x22\
ellipse4360\x22 rx=\
\x225.7143\x22 ry=\x225.6\
25\x22 stroke=\x22#eee\
eec\x22 transform=\x22\
matrix(2.625 0 0\
 2.6667 -17.723 \
791.04)\x22 cy=\x2288.\
839\x22 cx=\x2215.714\x22\
 stroke-width=\x222\
.16\x22 fill=\x22#729f\
cf\x22/>\x0d\x0a     </g>\
\x0d\x0a    </g>\x0d\x0a   <\
/g>\x0d\x0a  </g>\x0d\x0a  <\
g id=\x22g4393\x22 tra\
nsform=\x22matrix(-\
.12795 -.99178 -\
.99178 .12795 10\
48.2 932.48)\x22 st\
roke=\x22#2e3436\x22 s\
troke-width=\x221.6\
\x22 fill=\x22none\x22>\x0d\x0a\
   <path id=\x22pat\
h4375\x22 d=\x22m15.11\
7 1021.8s2.3055 \
4.7927 3.8552 6.\
9364c2.0252 2.80\
16 7.0278 7.6265\
 7.0278 7.6265\x22/\
>\x0d\x0a   <path id=\x22\
path4381\x22 d=\x22m24\
 1029.4 2 7-7-3\x22\
/>\x0d\x0a  </g>\x0d\x0a  <g\
 id=\x22g4207\x22 tran\
sform=\x22translate\
(0 .99980)\x22>\x0d\x0a  \
 <path id=\x22path4\
585\x22 d=\x22m17.189 \
1002s8.8575 0.27\
04 13.1 1.4051c4\
.8952 1.3091 13.\
907 6.1403 13.90\
7 6.1403\x22 stroke\
=\x22url(#radialGra\
dient4607)\x22 stro\
ke-width=\x2210\x22 fi\
ll=\x22none\x22/>\x0d\x0a   \
<g id=\x22g4587\x22 fi\
ll=\x22#729fcf\x22 tra\
nsform=\x22matrix(.\
25882 .96593 .96\
593 -.25882 -939\
.73 1285.1)\x22>\x0d\x0a \
   <g id=\x22g4589\x22\
 transform=\x22tran\
slate(-43.493 1.\
3512)\x22>\x0d\x0a     <g\
 id=\x22g4591\x22 fill\
=\x22#729fcf\x22 trans\
form=\x22matrix(0.5\
 0 0 0.5 20.237 \
506.39)\x22>\x0d\x0a     \
 <ellipse id=\x22el\
lipse4593\x22 rx=\x225\
.7143\x22 ry=\x225.625\
\x22 transform=\x22mat\
rix(2.625 0 0 2.\
6667 -17.723 791\
.04)\x22 cy=\x2288.839\
\x22 cx=\x2215.714\x22 fi\
ll=\x22#729fcf\x22/>\x0d\x0a\
     </g>\x0d\x0a    <\
/g>\x0d\x0a    <g id=\x22\
g4595\x22 transform\
=\x22matrix(.56104 \
0 0 -.55886 -29.\
446 1592)\x22 strok\
e=\x22#eeeeec\x22 stro\
ke-width=\x222.8574\
\x22>\x0d\x0a     <g id=\x22\
g4597\x22 transform\
=\x22matrix(0.5 0 0\
 0.5 20.237 506.\
39)\x22 stroke=\x22#ee\
eeec\x22 stroke-wid\
th=\x225.7148\x22 fill\
=\x22#729fcf\x22>\x0d\x0a   \
   <ellipse id=\x22\
ellipse4599\x22 rx=\
\x225.7143\x22 transfo\
rm=\x22matrix(2.625\
 0 0 2.6667 -17.\
723 791.04)\x22 str\
oke=\x22#eeeeec\x22 ry\
=\x225.625\x22 cy=\x2288.\
839\x22 cx=\x2215.714\x22\
 stroke-width=\x222\
.16\x22 fill=\x22#729f\
cf\x22/>\x0d\x0a     </g>\
\x0d\x0a    </g>\x0d\x0a   <\
/g>\x0d\x0a  </g>\x0d\x0a  <\
g id=\x22g4601\x22 tra\
nsform=\x22matrix(.\
12795 .99178 .99\
178 -.12795 -984\
.21 1108.2)\x22 str\
oke=\x22#2e3436\x22 st\
roke-width=\x221.6\x22\
 fill=\x22none\x22>\x0d\x0a \
  <path id=\x22path\
4603\x22 d=\x22m15.117\
 1021.8s2.3055 4\
.7927 3.8552 6.9\
364c2.0252 2.801\
6 7.0278 7.6265 \
7.0278 7.6265\x22/>\
\x0d\x0a   <path id=\x22p\
ath4605\x22 d=\x22m24 \
1029.4 2 7-7-3\x22/\
>\x0d\x0a  </g>\x0d\x0a </g>\
\x0d\x0a</svg>\x0d\x0a\
\x00\x00\x03$\
<\
?xml version=\x221.\
0\x22 encoding=\x22UTF\
-8\x22?>\x0d\x0a<svg widt\
h=\x2264\x22 height=\x226\
4\x22 version=\x221.1\x22\
 viewBox=\x220 0 64\
 64\x22 xmlns=\x22http\
://www.w3.org/20\
00/svg\x22 xmlns:cc\
=\x22http://creativ\
ecommons.org/ns#\
\x22 xmlns:dc=\x22http\
://purl.org/dc/e\
lements/1.1/\x22 xm\
lns:rdf=\x22http://\
www.w3.org/1999/\
02/22-rdf-syntax\
-ns#\x22>\x0d\x0a <metada\
ta>\x0d\x0a  <rdf:RDF>\
\x0d\x0a   <cc:Work rd\
f:about=\x22\x22>\x0d\x0a   \
 <dc:format>imag\
e/svg+xml</dc:fo\
rmat>\x0d\x0a    <dc:t\
ype rdf:resource\
=\x22http://purl.or\
g/dc/dcmitype/St\
illImage\x22/>\x0d\x0a   \
 <dc:title/>\x0d\x0a  \
 </cc:Work>\x0d\x0a  <\
/rdf:RDF>\x0d\x0a </me\
tadata>\x0d\x0a <g tra\
nsform=\x22translat\
e(0 -988.36)\x22 fi\
ll-rule=\x22evenodd\
\x22>\x0d\x0a  <path d=\x22m\
38 1050.4-12-12 \
12-12 12 12z\x22 fi\
ll=\x22#d1cbc9\x22/>\x0d\x0a\
  <path d=\x22m20 1\
032.4-12-12 12-1\
2 12 12z\x22 fill=\x22\
#d1ccca\x22 fill-op\
acity=\x22.82353\x22/>\
\x0d\x0a  <path d=\x22m38\
 1014.4-12-12 12\
-12 12 12z\x22 fill\
=\x22#d1ccca\x22 fill-\
opacity=\x22.58824\x22\
/>\x0d\x0a </g>\x0d\x0a</svg\
>\x0d\x0a\
\x00\x00\x0dW\
<\
?xml version=\x221.\
0\x22 encoding=\x22UTF\
-8\x22 standalone=\x22\
no\x22?>\x0d\x0a<!-- Crea\
ted with Inkscap\
e (http://www.in\
kscape.org/) -->\
\x0d\x0a<svg id=\x22svg41\
99\x22 xmlns:rdf=\x22h\
ttp://www.w3.org\
/1999/02/22-rdf-\
syntax-ns#\x22 xmln\
s=\x22http://www.w3\
.org/2000/svg\x22 h\
eight=\x2264\x22 width\
=\x2264\x22 version=\x221\
.1\x22 xmlns:cc=\x22ht\
tp://creativecom\
mons.org/ns#\x22 xm\
lns:dc=\x22http://p\
url.org/dc/eleme\
nts/1.1/\x22 viewBo\
x=\x220 0 64 64.000\
001\x22>\x0d\x0a <metadat\
a id=\x22metadata42\
04\x22>\x0d\x0a  <rdf:RDF\
>\x0d\x0a   <cc:Work r\
df:about=\x22\x22>\x0d\x0a  \
  <dc:format>ima\
ge/svg+xml</dc:f\
ormat>\x0d\x0a    <dc:\
type rdf:resourc\
e=\x22http://purl.o\
rg/dc/dcmitype/S\
tillImage\x22/>\x0d\x0a  \
  <dc:title/>\x0d\x0a \
  </cc:Work>\x0d\x0a  \
</rdf:RDF>\x0d\x0a </m\
etadata>\x0d\x0a <g id\
=\x22layer1\x22 transf\
orm=\x22translate(0\
 -988.36)\x22>\x0d\x0a  <\
g fill-rule=\x22eve\
nodd\x22>\x0d\x0a   <rect\
 id=\x22rect4151\x22 s\
tyle=\x22color:#000\
000\x22 ry=\x2210\x22 hei\
ght=\x2256\x22 width=\x22\
58\x22 y=\x22992.36\x22 x\
=\x223\x22 fill=\x22#eeee\
ec\x22/>\x0d\x0a   <g str\
oke=\x22#2e3436\x22>\x0d\x0a\
    <path id=\x22pa\
th4153\x22 d=\x22m20.9\
23 1033.6v-13.84\
6c0-5.5385 2.769\
2-8.6538 11.077-\
8.6538 8.3077 0 \
11.077 3.1153 11\
.077 8.6538v13.8\
46c0 5.5384-2.76\
92 12.115-11.077\
 12.115-8.3077 0\
-11.077-6.577-11\
.077-12.115z\x22 st\
roke-width=\x221.38\
46\x22 fill=\x22#fff\x22/\
>\x0d\x0a    <path id=\
\x22path4155\x22 d=\x22m2\
1.615 1021.8c-0.\
096-6.9 1.017-10\
.1 10.385-10.1v1\
0.038z\x22 stroke-w\
idth=\x22.34615\x22 fi\
ll=\x22#fff\x22/>\x0d\x0a   \
 <path id=\x22path4\
157\x22 d=\x22m42.385 \
1021.8c0.096-6.9\
-1.017-10.1-10.3\
85-10.1v10.038z\x22\
 stroke-width=\x22.\
34615\x22 fill=\x22#72\
9fcf\x22/>\x0d\x0a   </g>\
\x0d\x0a  </g>\x0d\x0a  <g s\
troke=\x22#2e3436\x22>\
\x0d\x0a   <path id=\x22p\
ath4159\x22 d=\x22m32 \
1022.5v-11.423\x22 \
stroke-width=\x221.\
3846\x22 fill=\x22none\
\x22/>\x0d\x0a   <path id\
=\x22path4161\x22 d=\x22m\
20.923 1022.5h22\
.154\x22 stroke-wid\
th=\x221.3846\x22 fill\
=\x22none\x22/>\x0d\x0a   <r\
ect id=\x22rect4163\
\x22 height=\x2212.462\
\x22 stroke-linecap\
=\x22round\x22 stroke-\
width=\x221.1077\x22 f\
ill=\x22#fff\x22 style\
=\x22color:#000000\x22\
 fill-rule=\x22even\
odd\x22 ry=\x222.4231\x22\
 width=\x225.5385\x22 \
y=\x221016.2\x22 x=\x2229\
.231\x22/>\x0d\x0a  </g>\x0d\
\x0a  <g id=\x22g5273\x22\
 transform=\x22tran\
slate(-.58217 .0\
9996)\x22 stroke=\x22#\
2e3436\x22>\x0d\x0a   <g \
stroke-width=\x220.\
4\x22 fill=\x22#2e3436\
\x22>\x0d\x0a    <path id\
=\x22path4360\x22 d=\x22m\
19.091 996.82t1.\
8677 0q0.45166 0\
 0.45166 0.4577 \
0 0.4639-0.48828\
 0.4639h-1.8372q\
-0.5127 0-0.9948\
7 0.4455-0.36621\
 0.3418-0.36621 \
0.9156v4.6631q0 \
0.5737 0.38452 0\
.9887 0.40283 0.\
4273 0.83618 0.4\
273h2.0508q0.439\
45 0 0.43945 0.4\
455 0 0.4212-0.4\
4556 0.4212h-2.0\
813q-0.84229 0-1\
.5747-0.8118-0.5\
0049-0.5554-0.50\
049-1.4221v-4.77\
91q0-0.9155 0.72\
022-1.593 0.6591\
8-0.6225 1.5381-\
0.6225z\x22/>\x0d\x0a    \
<path id=\x22path43\
62\x22 d=\x22m22.656 9\
97.24q0-0.4211 0\
.53711-0.4211h4.\
5227q0.43945 0 0\
.43945 0.4394 0 \
0.4456-0.42725 0\
.4456h-1.8738v7.\
8796q0 0.4822-0.\
44556 0.4822t-0.\
44556-0.47v-7.89\
18h-1.7822q-0.52\
49 0-0.5249-0.46\
39z\x22/>\x0d\x0a    <pat\
h id=\x22path4364\x22 \
d=\x22m30.572 1001.\
5t1.9958 0q0.634\
76 0 1.2695-0.60\
42 0.49438-0.47 \
0.49438-1.3245 0\
-0.6469-0.53711-\
1.2024-0.56763-0\
.592-1.2329-0.59\
2h-1.9897v3.7231\
zm-0.42114-4.595\
9h2.4109q1.1169 \
0 2.0325 1.001 0\
.60425 0.6592 0.\
60425 1.5075 0 0\
.81794-0.30518 1\
.5381-0.33569 0.\
7874-1.3855 1.22\
68l1.593 3.1311q\
0.09155 0.1892 0\
.09155 0.3113 0 \
0.4639-0.45166 0\
.4639-0.23804 0-\
0.40894-0.3479l-\
1.709-3.3386h-2.\
0691v3.2043q0 0.\
4822-0.44556 0.4\
822-0.43335 0-0.\
43335-0.4883v-8.\
2214q0-0.47 0.47\
607-0.47z\x22/>\x0d\x0a  \
  <path id=\x22path\
4366\x22 d=\x22m37.615\
 997.32v7.8614h3\
.1799q0.55542 0 \
0.55542 0.4455 0\
 0.4395-0.57373 \
0.4395h-3.6133q-\
0.43335 0-0.4333\
5-0.5432v-8.2032\
q0-0.4699 0.4394\
5-0.4699 0.44556\
 0 0.44556 0.469\
9z\x22/>\x0d\x0a   </g>\x0d\x0a\
   <path id=\x22pat\
h5826\x22 d=\x22m41.87\
2 1002.4h6\x22 stro\
ke-linecap=\x22roun\
d\x22 stroke-width=\
\x221.3\x22 fill=\x22none\
\x22/>\x0d\x0a   <path id\
=\x22path5828\x22 d=\x22m\
44.872 999.42v6.\
0001\x22 stroke-lin\
ecap=\x22round\x22 str\
oke-width=\x221.3\x22 \
fill=\x22none\x22/>\x0d\x0a \
 </g>\x0d\x0a </g>\x0d\x0a</\
svg>\x0d\x0a\
\x00\x00\x05I\
<\
?xml version=\x221.\
0\x22 encoding=\x22UTF\
-8\x22 standalone=\x22\
no\x22?>\x0d\x0a<!-- Crea\
ted with Inkscap\
e (http://www.in\
kscape.org/) -->\
\x0d\x0a\x0d\x0a<svg\x0d\x0a   id=\
\x22svg2\x22\x0d\x0a   heigh\
t=\x2264\x22\x0d\x0a   width\
=\x2264\x22\x0d\x0a   versio\
n=\x221.1\x22\x0d\x0a   view\
Box=\x220 0 63.9999\
99 63.999999\x22\x0d\x0a \
  xmlns=\x22http://\
www.w3.org/2000/\
svg\x22\x0d\x0a   xmlns:s\
vg=\x22http://www.w\
3.org/2000/svg\x22\x0d\
\x0a   xmlns:rdf=\x22h\
ttp://www.w3.org\
/1999/02/22-rdf-\
syntax-ns#\x22\x0d\x0a   \
xmlns:cc=\x22http:/\
/creativecommons\
.org/ns#\x22\x0d\x0a   xm\
lns:dc=\x22http://p\
url.org/dc/eleme\
nts/1.1/\x22>\x0d\x0a  <d\
efs\x0d\x0a     id=\x22de\
fs1\x22 />\x0d\x0a  <meta\
data\x0d\x0a     id=\x22m\
etadata7\x22>\x0d\x0a    \
<rdf:RDF>\x0d\x0a     \
 <cc:Work\x0d\x0a     \
    rdf:about=\x22\x22\
>\x0d\x0a        <dc:f\
ormat>image/svg+\
xml</dc:format>\x0d\
\x0a        <dc:typ\
e\x0d\x0a           rd\
f:resource=\x22http\
://purl.org/dc/d\
cmitype/StillIma\
ge\x22 />\x0d\x0a      </\
cc:Work>\x0d\x0a    </\
rdf:RDF>\x0d\x0a  </me\
tadata>\x0d\x0a  <g\x0d\x0a \
    id=\x22layer1\x22\x0d\
\x0a     transform=\
\x22translate(0 -98\
8.36)\x22\x0d\x0a     str\
oke=\x22#d1cbc9\x22\x0d\x0a \
    stroke-width\
=\x226\x22\x0d\x0a     fill=\
\x22none\x22>\x0d\x0a    <pa\
th\x0d\x0a       id=\x22p\
ath4144\x22\x0d\x0a      \
 d=\x22m16 1028.4v-\
20c0-8 4-12 16-1\
2s16 4 16 12v20c\
0 8-4 17-16 17s-\
16-9-16-17z\x22 />\x0d\
\x0a    <path\x0d\x0a    \
   id=\x22path4209\x22\
\x0d\x0a       d=\x22m32 \
1004.4v12\x22 />\x0d\x0a \
 </g>\x0d\x0a  <text\x0d\x0a\
     xml:space=\x22\
preserve\x22\x0d\x0a     \
style=\x22fill:#d1c\
bc9;stroke:#d1cb\
c9;stroke-width:\
1.249;stroke-das\
harray:none\x22\x0d\x0a  \
   x=\x2220.548067\x22\
\x0d\x0a     y=\x2242.288\
612\x22\x0d\x0a     id=\x22t\
ext1\x22><tspan\x0d\x0a  \
     x=\x2220.54806\
7\x22\x0d\x0a       y=\x2242\
.288612\x22\x0d\x0a      \
 id=\x22tspan2\x22>NX<\
/tspan></text>\x0d\x0a\
</svg>\x0d\x0a\
\x00\x00\x14\x9d\
<\
?xml version=\x221.\
0\x22 encoding=\x22UTF\
-8\x22 standalone=\x22\
no\x22?>\x0d\x0a<!-- Crea\
ted with Inkscap\
e (http://www.in\
kscape.org/) -->\
\x0d\x0a<svg id=\x22svg41\
99\x22 xmlns:rdf=\x22h\
ttp://www.w3.org\
/1999/02/22-rdf-\
syntax-ns#\x22 xmln\
s=\x22http://www.w3\
.org/2000/svg\x22 x\
mlns:osb=\x22http:/\
/www.openswatchb\
ook.org/uri/2009\
/osb\x22 height=\x2264\
\x22 width=\x2264\x22 ver\
sion=\x221.1\x22 xmlns\
:cc=\x22http://crea\
tivecommons.org/\
ns#\x22 viewBox=\x220 \
0 64 64.000001\x22 \
xmlns:dc=\x22http:/\
/purl.org/dc/ele\
ments/1.1/\x22>\x0d\x0a <\
metadata id=\x22met\
adata4204\x22>\x0d\x0a  <\
rdf:RDF>\x0d\x0a   <cc\
:Work rdf:about=\
\x22\x22>\x0d\x0a    <dc:for\
mat>image/svg+xm\
l</dc:format>\x0d\x0a \
   <dc:type rdf:\
resource=\x22http:/\
/purl.org/dc/dcm\
itype/StillImage\
\x22/>\x0d\x0a    <dc:tit\
le/>\x0d\x0a   </cc:Wo\
rk>\x0d\x0a  </rdf:RDF\
>\x0d\x0a </metadata>\x0d\
\x0a <g id=\x22layer1\x22\
 transform=\x22tran\
slate(0 -988.36)\
\x22>\x0d\x0a  <g id=\x22g10\
378\x22 transform=\x22\
translate(64 -13\
.5)\x22>\x0d\x0a   <g id=\
\x22g6444\x22 transfor\
m=\x22translate(9.0\
82 9.0321)\x22>\x0d\x0a  \
  <rect id=\x22rect\
4151-2-9\x22 style=\
\x22color:#000000\x22 \
fill-rule=\x22eveno\
dd\x22 ry=\x2210\x22 heig\
ht=\x2256\x22 width=\x225\
8\x22 y=\x22996.83\x22 x=\
\x22-70.082\x22 fill=\x22\
#eeeeec\x22/>\x0d\x0a    \
<g id=\x22g6386\x22 tr\
ansform=\x22transla\
te(-73.082,4.467\
7)\x22 stroke=\x22#2e3\
436\x22 stroke-widt\
h=\x220.4\x22 fill=\x22#2\
e3436\x22>\x0d\x0a     <p\
ath id=\x22path4257\
-2-3\x22 d=\x22m14.837\
 999.16q0-0.9521\
 0.65918-1.6296 \
0.65918-0.6836 1\
.593-0.6836 1.29\
39 0 2.3499 0.39\
67 0.43945 0.164\
8 0.43945 0.5066\
 0 0.4211-0.4211\
4 0.4211-0.177 0\
-0.55542-0.1464-\
0.78735-0.3052-1\
.6785-0.3052-0.8\
0566 0-1.2268 0.\
5737-0.25635 0.3\
479-0.25635 0.91\
55 0 0.7752 0.94\
604 1.2574l2.227\
8 1.1291q1.4465 \
0.7446 1.4465 2.\
1607 0 1.062-0.7\
5684 1.715-0.683\
59 0.5921-1.6418\
 0.5921-1.4526 0\
-2.7832-0.8728-0\
.3418-0.2258-0.3\
418-0.5005 0-0.4\
211 0.45166-0.42\
11 0.1648 0 0.43\
945 0.1953 0.964\
36 0.6897 2.3132\
 0.6897 0.39673 \
0 0.71411-0.1648\
 0.7019-0.3662 0\
.7019-1.2635 0-0\
.8483-0.92163-1.\
3122l-2.3987-1.2\
146q-1.3-0.6592-\
1.3-2.0386z\x22/>\x0d\x0a\
     <path id=\x22p\
ath4259-9-6\x22 d=\x22\
m26.568 1001.4h-\
3.7903v4.1687q0 \
0.47-0.45166 0.4\
7-0.44556 0-0.44\
556-0.4639v-8.23\
36q0-0.5188 0.44\
556-0.5188 0.451\
66 0 0.45166 0.5\
188v3.18h3.7903v\
-3.2166q0-0.4578\
 0.43335-0.4578t\
0.43335 0.4517v8\
.252q0 0.4883-0.\
43335 0.4883t-0.\
43335-0.4761v-4.\
1626z\x22/>\x0d\x0a     <\
path id=\x22path426\
1-1-0\x22 d=\x22m30.20\
6 1005.5q0 0.585\
9-0.46387 0.5859\
t-0.46387-0.5737\
v-8.0934q0-0.549\
3 0.46387-0.5493\
t0.46387 0.5676v\
8.0628z\x22/>\x0d\x0a    \
 <path id=\x22path4\
263-2-6\x22 d=\x22m32.\
94 1001.4v4.1321\
q0 0.5005-0.4577\
6 0.5005-0.44556\
 0-0.44556-0.506\
6 0 0 0-8.2886 0\
-0.4272 0.47607-\
0.4272 0 0 3.637\
7 0 0.48218 0 0.\
48218 0.4394 0 0\
.4395-0.47607 0.\
4395h-3.2104v2.8\
198h3.2104q0.476\
07 0 0.47607 0.4\
456 0 0.4455-0.4\
8218 0.4455h-3.2\
104z\x22/>\x0d\x0a     <p\
ath id=\x22path4265\
-7-2\x22 d=\x22m37.859\
 997.24q0-0.4211\
 0.53711-0.4211h\
4.5227q0.43945 0\
 0.43945 0.4394 \
0 0.4456-0.42725\
 0.4456h-1.8738v\
7.8796q0 0.4822-\
0.44556 0.4822t-\
0.44556-0.47v-7.\
8918h-1.7822q-0.\
5249 0-0.5249-0.\
4639z\x22/>\x0d\x0a    </\
g>\x0d\x0a    <g id=\x22g\
8688-0-6\x22 transf\
orm=\x22translate(-\
25.42,8.1084)\x22 s\
troke=\x22#2e3436\x22 \
stroke-linecap=\x22\
round\x22 stroke-wi\
dth=\x221.3\x22 fill=\x22\
none\x22>\x0d\x0a     <pa\
th id=\x22path5826-\
5\x22 d=\x22m-4.003 99\
8.36h6\x22/>\x0d\x0a     \
<path id=\x22path58\
28-3\x22 d=\x22m-1.003\
 995.36v6.0001\x22/\
>\x0d\x0a    </g>\x0d\x0a   \
</g>\x0d\x0a  </g>\x0d\x0a  \
<g stroke=\x22#2e34\
36\x22>\x0d\x0a   <path i\
d=\x22path4144\x22 d=\x22\
m17.091 1015.3v2\
5.454c0 2.9091 0\
 2.9091 14.545 2\
.9091 15.273 0 1\
5.273 0 15.273-2\
.9091v-25.454c0-\
2.1819 0-2.1819-\
15.273-2.1819-14\
.545 0-14.545 0-\
14.545 2.1819z\x22 \
fill-rule=\x22eveno\
dd\x22 stroke-width\
=\x221.4545\x22 fill=\x22\
#fff\x22/>\x0d\x0a   <pat\
h id=\x22path4195\x22 \
d=\x22m17.818 1034.\
2c0 6.5454-0.727\
26 8.7272 1.4545\
 8.7272h11.636v-\
8.7272z\x22 fill-ru\
le=\x22evenodd\x22 str\
oke-width=\x22.3636\
3\x22 fill=\x22#729fcf\
\x22/>\x0d\x0a   <path id\
=\x22path4169\x22 d=\x22m\
31.636 1033.5v10\
.182\x22 stroke-wid\
th=\x221.4545\x22 fill\
=\x22none\x22/>\x0d\x0a   <p\
ath id=\x22path4167\
\x22 d=\x22m17.091 103\
3.5h29.818\x22 stro\
ke-width=\x221.4545\
\x22 fill=\x22none\x22/>\x0d\
\x0a   <path id=\x22pa\
th4154\x22 d=\x22m46.1\
82 1034.2c0 7.27\
27 0.72726 8.727\
2-1.4545 8.7272h\
-12.364v-8.7272z\
\x22 fill-rule=\x22eve\
nodd\x22 stroke-wid\
th=\x22.36363\x22 fill\
=\x22#fff\x22/>\x0d\x0a  </g\
>\x0d\x0a  <g id=\x22g435\
6\x22 transform=\x22ma\
trix(.40802 0 0 \
-.40644 18.943 1\
438)\x22 stroke=\x22#e\
eeeec\x22 stroke-wi\
dth=\x222.8574\x22 fil\
l=\x22#729fcf\x22>\x0d\x0a  \
 <g id=\x22g4358\x22 t\
ransform=\x22matrix\
(0.5 0 0 0.5 20.\
237 506.39)\x22 str\
oke=\x22#eeeeec\x22 st\
roke-width=\x225.71\
48\x22 fill=\x22#729fc\
f\x22>\x0d\x0a    <ellips\
e id=\x22ellipse436\
0\x22 rx=\x225.7143\x22 r\
y=\x225.625\x22 stroke\
=\x22#eeeeec\x22 trans\
form=\x22matrix(2.6\
25 0 0 2.6667 -1\
7.723 791.04)\x22 c\
y=\x2288.839\x22 cx=\x221\
5.714\x22 stroke-wi\
dth=\x222.16\x22 fill=\
\x22#729fcf\x22/>\x0d\x0a   \
</g>\x0d\x0a  </g>\x0d\x0a  \
<g id=\x22g4262\x22 tr\
ansform=\x22matrix(\
.49045 0 0 .4904\
5 -15.083 523.61\
)\x22 fill=\x22none\x22>\x0d\
\x0a   <path id=\x22pa\
th4170-6\x22 d=\x22m10\
2 1009.1-6-6.000\
1-6 6.0001\x22 stro\
ke=\x22#2e3436\x22 str\
oke-width=\x224\x22/>\x0d\
\x0a   <path id=\x22pa\
th4145\x22 d=\x22m101 \
1008.1-5-5.0001-\
5 5.0001\x22 stroke\
=\x22#729fcf\x22 strok\
e-width=\x222\x22/>\x0d\x0a \
 </g>\x0d\x0a  <g id=\x22\
g4477\x22 transform\
=\x22matrix(.49045 \
0 0 -.49045 -15.\
083 1522.9)\x22 fil\
l=\x22none\x22>\x0d\x0a   <p\
ath id=\x22path4479\
\x22 d=\x22m102 1009.1\
-6-6.0001-6 6.00\
01\x22 stroke=\x22#2e3\
436\x22 stroke-widt\
h=\x224\x22/>\x0d\x0a   <pat\
h id=\x22path4481\x22 \
d=\x22m101 1008.1-5\
-5.0001-5 5.0001\
\x22 stroke=\x22#729fc\
f\x22 stroke-width=\
\x222\x22/>\x0d\x0a  </g>\x0d\x0a \
 <g id=\x22g4493\x22 t\
ransform=\x22matrix\
(0 .49045 -.4904\
5 0 533.12 976.1\
9)\x22 fill=\x22none\x22>\
\x0d\x0a   <path id=\x22p\
ath4495\x22 d=\x22m102\
 1009.1-6-6.0001\
-6 6.0001\x22 strok\
e=\x22#2e3436\x22 stro\
ke-width=\x224\x22/>\x0d\x0a\
   <path id=\x22pat\
h4497\x22 d=\x22m101 1\
008.1-5-5.0001-5\
 5.0001\x22 stroke=\
\x22#729fcf\x22 stroke\
-width=\x222\x22/>\x0d\x0a  \
</g>\x0d\x0a  <g id=\x22g\
4499\x22 transform=\
\x22matrix(0 .49045\
 .49045 0 -469.1\
2 976.19)\x22 fill=\
\x22none\x22>\x0d\x0a   <pat\
h id=\x22path4501\x22 \
d=\x22m102 1009.1-6\
-6.0001-6 6.0001\
\x22 stroke=\x22#2e343\
6\x22 stroke-width=\
\x224\x22/>\x0d\x0a   <path \
id=\x22path4503\x22 d=\
\x22m101 1008.1-5-5\
.0001-5 5.0001\x22 \
stroke=\x22#729fcf\x22\
 stroke-width=\x222\
\x22/>\x0d\x0a  </g>\x0d\x0a </\
g>\x0d\x0a</svg>\x0d\x0a\
\x00\x00\x02\xf8\
<\
?xml version=\x221.\
0\x22 encoding=\x22UTF\
-8\x22?>\x0d\x0a<svg widt\
h=\x2264\x22 height=\x226\
4\x22 version=\x221.1\x22\
 viewBox=\x220 0 64\
 64\x22 xmlns=\x22http\
://www.w3.org/20\
00/svg\x22 xmlns:cc\
=\x22http://creativ\
ecommons.org/ns#\
\x22 xmlns:dc=\x22http\
://purl.org/dc/e\
lements/1.1/\x22 xm\
lns:rdf=\x22http://\
www.w3.org/1999/\
02/22-rdf-syntax\
-ns#\x22>\x0d\x0a <metada\
ta>\x0d\x0a  <rdf:RDF>\
\x0d\x0a   <cc:Work rd\
f:about=\x22\x22>\x0d\x0a   \
 <dc:format>imag\
e/svg+xml</dc:fo\
rmat>\x0d\x0a    <dc:t\
ype rdf:resource\
=\x22http://purl.or\
g/dc/dcmitype/St\
illImage\x22/>\x0d\x0a   \
 <dc:title/>\x0d\x0a  \
 </cc:Work>\x0d\x0a  <\
/rdf:RDF>\x0d\x0a </me\
tadata>\x0d\x0a <g tra\
nsform=\x22translat\
e(0 -988.36)\x22 fi\
ll=\x22none\x22 stroke\
=\x22#d1cbc9\x22 strok\
e-width=\x226\x22>\x0d\x0a  \
<path d=\x22m16 101\
2.1 16 16 16-16\x22\
/>\x0d\x0a  <path d=\x22m\
16 1028.4v-20c0-\
8 4-12 16-12s16 \
4 16 12v20c0 8-4\
 17-16 17s-16-9-\
16-17z\x22/>\x0d\x0a  <pa\
th d=\x22m32 1004.4\
v12\x22/>\x0d\x0a </g>\x0d\x0a<\
/svg>\x0d\x0a\
\x00\x00\x0e\x8b\
<\
?xml version=\x221.\
0\x22 encoding=\x22UTF\
-8\x22 standalone=\x22\
no\x22?>\x0d\x0a<!-- Crea\
ted with Inkscap\
e (http://www.in\
kscape.org/) -->\
\x0d\x0a<svg id=\x22svg41\
99\x22 xmlns:rdf=\x22h\
ttp://www.w3.org\
/1999/02/22-rdf-\
syntax-ns#\x22 xmln\
s=\x22http://www.w3\
.org/2000/svg\x22 h\
eight=\x2264\x22 width\
=\x2264\x22 version=\x221\
.1\x22 xmlns:cc=\x22ht\
tp://creativecom\
mons.org/ns#\x22 xm\
lns:dc=\x22http://p\
url.org/dc/eleme\
nts/1.1/\x22 viewBo\
x=\x220 0 64 64.000\
001\x22>\x0d\x0a <metadat\
a id=\x22metadata42\
04\x22>\x0d\x0a  <rdf:RDF\
>\x0d\x0a   <cc:Work r\
df:about=\x22\x22>\x0d\x0a  \
  <dc:format>ima\
ge/svg+xml</dc:f\
ormat>\x0d\x0a    <dc:\
type rdf:resourc\
e=\x22http://purl.o\
rg/dc/dcmitype/S\
tillImage\x22/>\x0d\x0a  \
  <dc:title/>\x0d\x0a \
  </cc:Work>\x0d\x0a  \
</rdf:RDF>\x0d\x0a </m\
etadata>\x0d\x0a <g id\
=\x22layer1\x22 transf\
orm=\x22translate(0\
 -988.36)\x22>\x0d\x0a  <\
g id=\x22g6444\x22 tra\
nsform=\x22translat\
e(73.082 -4.4655\
)\x22>\x0d\x0a   <rect id\
=\x22rect4151-2\x22 st\
yle=\x22color:#0000\
00\x22 fill-rule=\x22e\
venodd\x22 ry=\x2210\x22 \
height=\x2256\x22 widt\
h=\x2258\x22 y=\x22996.83\
\x22 x=\x22-70.082\x22 fi\
ll=\x22#eeeeec\x22/>\x0d\x0a\
   <g id=\x22g6386\x22\
 transform=\x22tran\
slate(-73.082 4.\
4677)\x22 stroke=\x22#\
2e3436\x22 stroke-w\
idth=\x220.4\x22 fill=\
\x22#2e3436\x22>\x0d\x0a    \
<path id=\x22path42\
57-2\x22 d=\x22m14.837\
 999.16q0-0.9521\
 0.65918-1.6296 \
0.65918-0.6836 1\
.593-0.6836 1.29\
39 0 2.3499 0.39\
67 0.43945 0.164\
8 0.43945 0.5066\
 0 0.4211-0.4211\
4 0.4211-0.177 0\
-0.55542-0.1464-\
0.78735-0.3052-1\
.6785-0.3052-0.8\
0566 0-1.2268 0.\
5737-0.25635 0.3\
479-0.25635 0.91\
55 0 0.7752 0.94\
604 1.2574l2.227\
8 1.1291q1.4465 \
0.7446 1.4465 2.\
1607 0 1.062-0.7\
5684 1.715-0.683\
59 0.5921-1.6418\
 0.5921-1.4526 0\
-2.7832-0.8728-0\
.3418-0.2258-0.3\
418-0.5005 0-0.4\
211 0.45166-0.42\
11 0.1648 0 0.43\
945 0.1953 0.964\
36 0.6897 2.3132\
 0.6897 0.39673 \
0 0.71411-0.1648\
 0.7019-0.3662 0\
.7019-1.2635 0-0\
.8483-0.92163-1.\
3122l-2.3987-1.2\
146q-1.3-0.6592-\
1.3-2.0386z\x22/>\x0d\x0a\
    <path id=\x22pa\
th4259-9\x22 d=\x22m26\
.568 1001.4h-3.7\
903v4.1687q0 0.4\
7-0.45166 0.47-0\
.44556 0-0.44556\
-0.4639v-8.2336q\
0-0.5188 0.44556\
-0.5188 0.45166 \
0 0.45166 0.5188\
v3.18h3.7903v-3.\
2166q0-0.4578 0.\
43335-0.4578t0.4\
3335 0.4517v8.25\
2q0 0.4883-0.433\
35 0.4883t-0.433\
35-0.4761v-4.162\
6z\x22/>\x0d\x0a    <path\
 id=\x22path4261-1\x22\
 d=\x22m30.206 1005\
.5q0 0.5859-0.46\
387 0.5859t-0.46\
387-0.5737v-8.09\
34q0-0.5493 0.46\
387-0.5493t0.463\
87 0.5676v8.0628\
z\x22/>\x0d\x0a    <path \
id=\x22path4263-2\x22 \
d=\x22m32.94 1001.4\
v4.1321q0 0.5005\
-0.45776 0.5005-\
0.44556 0-0.4455\
6-0.5066 0 0 0-8\
.2886 0-0.4272 0\
.47607-0.4272 0 \
0 3.6377 0 0.482\
18 0 0.48218 0.4\
394 0 0.4395-0.4\
7607 0.4395h-3.2\
104v2.8198h3.210\
4q0.47607 0 0.47\
607 0.4456 0 0.4\
455-0.48218 0.44\
55h-3.2104z\x22/>\x0d\x0a\
    <path id=\x22pa\
th4265-7\x22 d=\x22m37\
.859 997.24q0-0.\
4211 0.53711-0.4\
211h4.5227q0.439\
45 0 0.43945 0.4\
394 0 0.4456-0.4\
2725 0.4456h-1.8\
738v7.8796q0 0.4\
822-0.44556 0.48\
22t-0.44556-0.47\
v-7.8918h-1.7822\
q-0.5249 0-0.524\
9-0.4639z\x22/>\x0d\x0a  \
 </g>\x0d\x0a   <g id=\
\x22g8688-0\x22 transf\
orm=\x22translate(-\
25.42 8.1084)\x22 s\
troke=\x22#2e3436\x22 \
stroke-linecap=\x22\
round\x22 stroke-wi\
dth=\x221.3\x22 fill=\x22\
none\x22>\x0d\x0a    <pat\
h id=\x22path5826-5\
\x22 d=\x22m-4.003 998\
.36h6\x22/>\x0d\x0a    <p\
ath id=\x22path5828\
-3\x22 d=\x22m-1.003 9\
95.36v6.0001\x22/>\x0d\
\x0a   </g>\x0d\x0a  </g>\
\x0d\x0a  <g fill-rule\
=\x22evenodd\x22 strok\
e=\x22#2e3436\x22 fill\
=\x22#fff\x22>\x0d\x0a   <pa\
th id=\x22path4153\x22\
 d=\x22m20.923 1033\
.6v-13.846c0-5.5\
385 2.7692-8.653\
8 11.077-8.6538 \
8.3077 0 11.077 \
3.1153 11.077 8.\
6538v13.846c0 5.\
5384-2.7692 12.1\
15-11.077 12.115\
-8.3077 0-11.077\
-6.577-11.077-12\
.115z\x22 stroke-wi\
dth=\x221.3846\x22/>\x0d\x0a\
   <path id=\x22pat\
h4155\x22 d=\x22m21.61\
5 1021.8c-0.096-\
6.9 1.017-10.1 1\
0.385-10.1v10.03\
8z\x22 stroke-width\
=\x22.34615\x22/>\x0d\x0a   \
<path id=\x22path41\
57\x22 d=\x22m42.385 1\
021.8c0.096-6.9-\
1.017-10.1-10.38\
5-10.1v10.038z\x22 \
stroke-width=\x22.3\
4615\x22/>\x0d\x0a  </g>\x0d\
\x0a  <g stroke=\x22#2\
e3436\x22>\x0d\x0a   <pat\
h id=\x22path4159\x22 \
d=\x22m32 1022.5v-1\
1.423\x22 stroke-wi\
dth=\x221.3846\x22 fil\
l=\x22none\x22/>\x0d\x0a   <\
path id=\x22path416\
1\x22 d=\x22m20.923 10\
22.5h22.154\x22 str\
oke-width=\x221.384\
6\x22 fill=\x22none\x22/>\
\x0d\x0a   <rect id=\x22r\
ect4163\x22 height=\
\x2212.462\x22 stroke-\
linecap=\x22round\x22 \
stroke-width=\x221.\
1077\x22 fill=\x22#729\
fcf\x22 style=\x22colo\
r:#000000\x22 fill-\
rule=\x22evenodd\x22 r\
y=\x222.4231\x22 width\
=\x225.5385\x22 y=\x22101\
6.2\x22 x=\x2229.231\x22/\
>\x0d\x0a  </g>\x0d\x0a </g>\
\x0d\x0a</svg>\x0d\x0a\
\x00\x00\x05\x7f\
<\
?xml version=\x221.\
0\x22 encoding=\x22UTF\
-8\x22 standalone=\x22\
no\x22?>\x0d\x0a<!-- Crea\
ted with Inkscap\
e (http://www.in\
kscape.org/) -->\
\x0d\x0a<svg id=\x22svg41\
99\x22 xmlns:rdf=\x22h\
ttp://www.w3.org\
/1999/02/22-rdf-\
syntax-ns#\x22 xmln\
s=\x22http://www.w3\
.org/2000/svg\x22 h\
eight=\x2264\x22 width\
=\x2264\x22 version=\x221\
.1\x22 xmlns:cc=\x22ht\
tp://creativecom\
mons.org/ns#\x22 xm\
lns:dc=\x22http://p\
url.org/dc/eleme\
nts/1.1/\x22 viewBo\
x=\x220 0 64.000001\
 64.000001\x22>\x0d\x0a <\
metadata id=\x22met\
adata4204\x22>\x0d\x0a  <\
rdf:RDF>\x0d\x0a   <cc\
:Work rdf:about=\
\x22\x22>\x0d\x0a    <dc:for\
mat>image/svg+xm\
l</dc:format>\x0d\x0a \
   <dc:type rdf:\
resource=\x22http:/\
/purl.org/dc/dcm\
itype/StillImage\
\x22/>\x0d\x0a    <dc:tit\
le/>\x0d\x0a   </cc:Wo\
rk>\x0d\x0a  </rdf:RDF\
>\x0d\x0a </metadata>\x0d\
\x0a <g id=\x22layer1\x22\
 transform=\x22tran\
slate(0 -988.36)\
\x22>\x0d\x0a  <g fill-ru\
le=\x22evenodd\x22>\x0d\x0a \
  <rect id=\x22rect\
4140\x22 style=\x22col\
or:#000000\x22 ry=\x22\
10\x22 height=\x2256\x22 \
width=\x2256\x22 y=\x2299\
2.36\x22 x=\x224\x22 fill\
=\x22#eeeeec\x22/>\x0d\x0a  \
 <path id=\x22path4\
144\x22 d=\x22m12 1002\
.4v35c0 4 0 4 20\
 4 21 0 21 0 21-\
4v-35c0-3 0-3-21\
-3-20-0.00004-20\
-0.00004-20 3z\x22 \
stroke=\x22#2e3436\x22\
 stroke-width=\x222\
\x22 fill=\x22#fff\x22/>\x0d\
\x0a   <path id=\x22pa\
th4195\x22 d=\x22m13 1\
028.4c0 9-1 12 2\
 12h16v-12z\x22 str\
oke=\x22#2e3436\x22 st\
roke-width=\x22.5\x22 \
fill=\x22#729fcf\x22/>\
\x0d\x0a  </g>\x0d\x0a  <g s\
troke=\x22#2e3436\x22>\
\x0d\x0a   <path id=\x22p\
ath4169\x22 d=\x22m32 \
1027.4v14\x22 strok\
e-width=\x222\x22 fill\
=\x22none\x22/>\x0d\x0a   <p\
ath id=\x22path4167\
\x22 d=\x22m12 1027.4h\
41\x22 stroke-width\
=\x222\x22 fill=\x22none\x22\
/>\x0d\x0a   <path id=\
\x22path4154\x22 d=\x22m5\
2 1028.4c0 10 1 \
12-2 12h-17v-12z\
\x22 fill-rule=\x22eve\
nodd\x22 stroke-wid\
th=\x22.5\x22 fill=\x22#f\
ff\x22/>\x0d\x0a  </g>\x0d\x0a \
</g>\x0d\x0a</svg>\x0d\x0a\
\x00\x00\x052\
<\
?xml version=\x221.\
0\x22 encoding=\x22UTF\
-8\x22 standalone=\x22\
no\x22?>\x0d\x0a<!-- Crea\
ted with Inkscap\
e (http://www.in\
kscape.org/) -->\
\x0d\x0a\x0d\x0a<svg\x0d\x0a   id=\
\x22svg2\x22\x0d\x0a   heigh\
t=\x2264\x22\x0d\x0a   width\
=\x2264\x22\x0d\x0a   versio\
n=\x221.1\x22\x0d\x0a   view\
Box=\x220 0 63.9999\
99 63.999999\x22\x0d\x0a \
  xmlns=\x22http://\
www.w3.org/2000/\
svg\x22\x0d\x0a   xmlns:s\
vg=\x22http://www.w\
3.org/2000/svg\x22\x0d\
\x0a   xmlns:rdf=\x22h\
ttp://www.w3.org\
/1999/02/22-rdf-\
syntax-ns#\x22\x0d\x0a   \
xmlns:cc=\x22http:/\
/creativecommons\
.org/ns#\x22\x0d\x0a   xm\
lns:dc=\x22http://p\
url.org/dc/eleme\
nts/1.1/\x22>\x0d\x0a  <d\
efs\x0d\x0a     id=\x22de\
fs1\x22 />\x0d\x0a  <meta\
data\x0d\x0a     id=\x22m\
etadata7\x22>\x0d\x0a    \
<rdf:RDF>\x0d\x0a     \
 <cc:Work\x0d\x0a     \
    rdf:about=\x22\x22\
>\x0d\x0a        <dc:f\
ormat>image/svg+\
xml</dc:format>\x0d\
\x0a        <dc:typ\
e\x0d\x0a           rd\
f:resource=\x22http\
://purl.org/dc/d\
cmitype/StillIma\
ge\x22 />\x0d\x0a      </\
cc:Work>\x0d\x0a    </\
rdf:RDF>\x0d\x0a  </me\
tadata>\x0d\x0a  <g\x0d\x0a \
    id=\x22layer1\x22\x0d\
\x0a     transform=\
\x22translate(0 -98\
8.36)\x22\x0d\x0a     str\
oke=\x22#2e3436\x22\x0d\x0a \
    stroke-width\
=\x226\x22\x0d\x0a     fill=\
\x22none\x22>\x0d\x0a    <pa\
th\x0d\x0a       id=\x22p\
ath4144\x22\x0d\x0a      \
 d=\x22m16 1028.4v-\
20c0-8 4-12 16-1\
2s16 4 16 12v20c\
0 8-4 17-16 17s-\
16-9-16-17z\x22 />\x0d\
\x0a    <path\x0d\x0a    \
   id=\x22path4209\x22\
\x0d\x0a       d=\x22m32 \
1004.4v12\x22 />\x0d\x0a \
 </g>\x0d\x0a  <text\x0d\x0a\
     xml:space=\x22\
preserve\x22\x0d\x0a     \
style=\x22fill:#2e3\
436;stroke:#2e34\
36;stroke-width:\
2.249\x22\x0d\x0a     x=\x22\
27.425451\x22\x0d\x0a    \
 y=\x2245.400135\x22\x0d\x0a\
     id=\x22text1\x22>\
<tspan\x0d\x0a       i\
d=\x22tspan1\x22\x0d\x0a    \
   x=\x2227.425451\x22\
\x0d\x0a       y=\x2245.4\
00135\x22>T</tspan>\
</text>\x0d\x0a</svg>\x0d\
\x0a\
\x00\x00\x03l\
<\
?xml version=\x221.\
0\x22 encoding=\x22UTF\
-8\x22 standalone=\x22\
no\x22?>\x0d\x0a<!-- Crea\
ted with Inkscap\
e (http://www.in\
kscape.org/) -->\
\x0d\x0a<svg id=\x22svg2\x22\
 xmlns:rdf=\x22http\
://www.w3.org/19\
99/02/22-rdf-syn\
tax-ns#\x22 xmlns=\x22\
http://www.w3.or\
g/2000/svg\x22 heig\
ht=\x2264\x22 width=\x226\
4\x22 version=\x221.1\x22\
 xmlns:cc=\x22http:\
//creativecommon\
s.org/ns#\x22 xmlns\
:dc=\x22http://purl\
.org/dc/elements\
/1.1/\x22 viewBox=\x22\
0 0 63.999999 63\
.999999\x22>\x0d\x0a <met\
adata id=\x22metada\
ta7\x22>\x0d\x0a  <rdf:RD\
F>\x0d\x0a   <cc:Work \
rdf:about=\x22\x22>\x0d\x0a \
   <dc:format>im\
age/svg+xml</dc:\
format>\x0d\x0a    <dc\
:type rdf:resour\
ce=\x22http://purl.\
org/dc/dcmitype/\
StillImage\x22/>\x0d\x0a \
   <dc:title/>\x0d\x0a\
   </cc:Work>\x0d\x0a \
 </rdf:RDF>\x0d\x0a </\
metadata>\x0d\x0a <g i\
d=\x22layer1\x22 trans\
form=\x22translate(\
0 -988.36)\x22 stro\
ke=\x22#a40000\x22 str\
oke-width=\x226\x22 fi\
ll=\x22none\x22>\x0d\x0a  <p\
ath id=\x22path4144\
\x22 d=\x22m16 1028.4v\
-20c0-8 4-12 16-\
12s16 4 16 12v20\
c0 8-4 17-16 17s\
-16-9-16-17z\x22/>\x0d\
\x0a  <path id=\x22pat\
h4209\x22 d=\x22m32 10\
04.4v12\x22/>\x0d\x0a </g\
>\x0d\x0a</svg>\x0d\x0a\
"

qt_resource_name = b"\
\x00\x05\
\x00o\xa6S\
\x00i\
\x00c\x00o\x00n\x00s\
\x00\x0c\
\x0d\xfc\x11\x13\
\x00t\
\x00r\x00a\x00n\x00s\x00l\x00a\x00t\x00i\x00o\x00n\x00s\
\x00\x09\
\x0ea\xb2\xfd\
\x00T\
\x00u\x00x\x00_\x00k\x00a\x00.\x00q\x00m\
\x00\x09\
\x0e\x5c2\xfd\
\x00T\
\x00u\x00x\x00_\x00f\x00i\x00.\x00q\x00m\
\x00\x09\
\x0e`\xb2\xfd\
\x00T\
\x00u\x00x\x00_\x00j\x00a\x00.\x00q\x00m\
\x00\x09\
\x0efB\xfd\
\x00T\
\x00u\x00x\x00_\x00p\x00l\x00.\x00q\x00m\
\x00\x09\
\x0e`\xc2\xfd\
\x00T\
\x00u\x00x\x00_\x00i\x00t\x00.\x00q\x00m\
\x00\x09\
\x0eZ\xf2\xfd\
\x00T\
\x00u\x00x\x00_\x00d\x00e\x00.\x00q\x00m\
\x00\x09\
\x0eX\xe2\xfd\
\x00T\
\x00u\x00x\x00_\x00a\x00r\x00.\x00q\x00m\
\x00\x09\
\x0ee\x12\xfd\
\x00T\
\x00u\x00x\x00_\x00m\x00s\x00.\x00q\x00m\
\x00\x0c\
\x0cn\x99\x9d\
\x00T\
\x00u\x00x\x00_\x00p\x00t\x00-\x00B\x00R\x00.\x00q\x00m\
\x00\x09\
\x0e[\x12\xfd\
\x00T\
\x00u\x00x\x00_\x00c\x00s\x00.\x00q\x00m\
\x00\x0c\
\x01c\xae\xdd\
\x00T\
\x00u\x00x\x00_\x00e\x00s\x00-\x00E\x00S\x00.\x00q\x00m\
\x00\x09\
\x0ei\xd2\xfd\
\x00T\
\x00u\x00x\x00_\x00r\x00o\x00.\x00q\x00m\
\x00\x09\
\x0ei\xf2\xfd\
\x00T\
\x00u\x00x\x00_\x00r\x00u\x00.\x00q\x00m\
\x00\x09\
\x0ec\xc2\xfd\
\x00T\
\x00u\x00x\x00_\x00l\x00t\x00.\x00q\x00m\
\x00\x09\
\x0e[B\xfd\
\x00T\
\x00u\x00x\x00_\x00e\x00l\x00.\x00q\x00m\
\x00\x0c\
\x02^\xc8=\
\x00T\
\x00u\x00x\x00_\x00s\x00v\x00-\x00S\x00E\x00.\x00q\x00m\
\x00\x09\
\x0eW\x22\xfd\
\x00T\
\x00u\x00x\x00_\x00a\x00f\x00.\x00q\x00m\
\x00\x09\
\x0eZ\xb2\xfd\
\x00T\
\x00u\x00x\x00_\x00d\x00a\x00.\x00q\x00m\
\x00\x0c\
\x01o\x9e\xdd\
\x00T\
\x00u\x00x\x00_\x00e\x00s\x00-\x00A\x00R\x00.\x00q\x00m\
\x00\x0c\
\x00Pk}\
\x00T\
\x00u\x00x\x00_\x00z\x00h\x00-\x00T\x00W\x00.\x00q\x00m\
\x00\x09\
\x0ei\x92\xfd\
\x00T\
\x00u\x00x\x00_\x00s\x00k\x00.\x00q\x00m\
\x00\x09\
\x0eb\xd2\xfd\
\x00T\
\x00u\x00x\x00_\x00k\x00o\x00.\x00q\x00m\
\x00\x09\
\x0el2\xfd\
\x00T\
\x00u\x00x\x00_\x00v\x00i\x00.\x00q\x00m\
\x00\x0c\
\x0c\x5c\xb9\x9d\
\x00T\
\x00u\x00x\x00_\x00p\x00t\x00-\x00P\x00T\x00.\x00q\x00m\
\x00\x09\
\x0e\x5c\xf2\xfd\
\x00T\
\x00u\x00x\x00_\x00e\x00u\x00.\x00q\x00m\
\x00\x09\
\x0eXR\xfd\
\x00T\
\x00u\x00x\x00_\x00b\x00g\x00.\x00q\x00m\
\x00\x09\
\x0e]\xe2\xfd\
\x00T\
\x00u\x00x\x00_\x00f\x00r\x00.\x00q\x00m\
\x00\x09\
\x0ej\xe2\xfd\
\x00T\
\x00u\x00x\x00_\x00s\x00r\x00.\x00q\x00m\
\x00\x0c\
\x0ea\xa8=\
\x00T\
\x00u\x00x\x00_\x00s\x00r\x00-\x00C\x00S\x00.\x00q\x00m\
\x00\x09\
\x0eY\xb2\xfd\
\x00T\
\x00u\x00x\x00_\x00c\x00a\x00.\x00q\x00m\
\x00\x0d\
\x08\x86\xbc\xfd\
\x00T\
\x00u\x00x\x00_\x00v\x00a\x00l\x00-\x00E\x00S\x00.\x00q\x00m\
\x00\x09\
\x0e_\xf2\xfd\
\x00T\
\x00u\x00x\x00_\x00h\x00u\x00.\x00q\x00m\
\x00\x09\
\x0edB\xfd\
\x00T\
\x00u\x00x\x00_\x00n\x00l\x00.\x00q\x00m\
\x00\x09\
\x0ek\x92\xfd\
\x00T\
\x00u\x00x\x00_\x00u\x00k\x00.\x00q\x00m\
\x00\x09\
\x0ek\xe2\xfd\
\x00T\
\x00u\x00x\x00_\x00t\x00r\x00.\x00q\x00m\
\x00\x09\
\x0ee\xd2\xfd\
\x00T\
\x00u\x00x\x00_\x00n\x00o\x00.\x00q\x00m\
\x00\x0a\
\x06\x1c,\xbd\
\x00T\
\x00u\x00x\x00_\x00k\x00a\x00b\x00.\x00q\x00m\
\x00\x0a\
\x05\xc4\x8c\xbd\
\x00T\
\x00u\x00x\x00_\x00f\x00i\x00l\x00.\x00q\x00m\
\x00\x09\
\x0e_\xc2\xfd\
\x00T\
\x00u\x00x\x00_\x00i\x00d\x00.\x00q\x00m\
\x00\x09\
\x0eX\xf2\xfd\
\x00T\
\x00u\x00x\x00_\x00b\x00e\x00.\x00q\x00m\
\x00\x09\
\x0e_\xe2\xfd\
\x00T\
\x00u\x00x\x00_\x00h\x00r\x00.\x00q\x00m\
\x00\x09\
\x0e]B\xfd\
\x00T\
\x00u\x00x\x00_\x00g\x00l\x00.\x00q\x00m\
\x00\x09\
\x0eiB\xfd\
\x00T\
\x00u\x00x\x00_\x00s\x00l\x00.\x00q\x00m\
\x00\x0c\
\x00q\xdb}\
\x00T\
\x00u\x00x\x00_\x00z\x00h\x00-\x00C\x00N\x00.\x00q\x00m\
\x00\x1c\
\x02\xe8\x90g\
\x00N\
\x00a\x00v\x00i\x00g\x00a\x00t\x00i\x00o\x00n\x00S\x00i\x00e\x00m\x00e\x00n\x00s\
\x00N\x00X\x00_\x00d\x00a\x00r\x00k\x00.\x00s\x00v\x00g\
\x00\x1e\
\x03~\xb5\xe7\
\x00N\
\x00a\x00v\x00i\x00g\x00a\x00t\x00i\x00o\x00n\x00O\x00p\x00e\x00n\x00C\x00a\x00s\
\x00c\x00a\x00d\x00e\x00_\x00d\x00a\x00r\x00k\x00.\x00s\x00v\x00g\
\x00\x1c\
\x03\x04\x95\x07\
\x00N\
\x00a\x00v\x00i\x00g\x00a\x00t\x00i\x00o\x00n\x00_\x00M\x00o\x00u\x00s\x00e\x00_\
\x00A\x00l\x00t\x00L\x00e\x00f\x00t\x00.\x00s\x00v\x00g\
\x00!\
\x01\x96\x12\xc7\
\x00N\
\x00a\x00v\x00i\x00g\x00a\x00t\x00i\x00o\x00n\x00_\x00M\x00o\x00u\x00s\x00e\x00_\
\x00A\x00l\x00t\x00L\x00e\x00f\x00t\x00R\x00i\x00g\x00h\x00t\x00.\x00s\x00v\x00g\
\
\x00\x19\
\x07\x84\x95'\
\x00N\
\x00a\x00v\x00i\x00g\x00a\x00t\x00i\x00o\x00n\x00R\x00e\x00v\x00i\x00t\x00_\x00l\
\x00i\x00g\x00h\x00t\x00.\x00s\x00v\x00g\
\x00\x1d\
\x00\xcb\xb2'\
\x00N\
\x00a\x00v\x00i\x00g\x00a\x00t\x00i\x00o\x00n\x00_\x00M\x00o\x00u\x00s\x00e\x00_\
\x00A\x00l\x00t\x00R\x00i\x00g\x00h\x00t\x00.\x00s\x00v\x00g\
\x00\x22\
\x00\x09\x01\x07\
\x00N\
\x00a\x00v\x00i\x00g\x00a\x00t\x00i\x00o\x00n\x00_\x00G\x00e\x00s\x00t\x00u\x00r\
\x00e\x00_\x00S\x00e\x00l\x00e\x00c\x00t\x00T\x00o\x00u\x00c\x00h\x00.\x00s\x00v\
\x00g\
\x00\x22\
\x00ic\xa7\
\x00N\
\x00a\x00v\x00i\x00g\x00a\x00t\x00i\x00o\x00n\x00_\x00G\x00e\x00s\x00t\x00u\x00r\
\x00e\x00_\x00R\x00o\x00t\x00a\x00t\x00e\x00T\x00o\x00u\x00c\x00h\x00.\x00s\x00v\
\x00g\
\x00\x1f\
\x01;\xc2g\
\x00N\
\x00a\x00v\x00i\x00g\x00a\x00t\x00i\x00o\x00n\x00_\x00G\x00e\x00s\x00t\x00u\x00r\
\x00e\x00_\x00P\x00a\x00n\x00T\x00o\x00u\x00c\x00h\x00.\x00s\x00v\x00g\
\x00\x16\
\x030\x16g\
\x00N\
\x00a\x00v\x00i\x00g\x00a\x00t\x00i\x00o\x00n\x00C\x00A\x00D\x00_\x00d\x00a\x00r\
\x00k\x00.\x00s\x00v\x00g\
\x00\x1f\
\x07\xdf?G\
\x00N\
\x00a\x00v\x00i\x00g\x00a\x00t\x00i\x00o\x00n\x00_\x00M\x00o\x00u\x00s\x00e\x00_\
\x00C\x00t\x00r\x00l\x00M\x00i\x00d\x00d\x00l\x00e\x00.\x00s\x00v\x00g\
\x00\x1a\
\x08\xea\xd1'\
\x00N\
\x00a\x00v\x00i\x00g\x00a\x00t\x00i\x00o\x00n\x00G\x00e\x00s\x00t\x00u\x00r\x00e\
\x00_\x00d\x00a\x00r\x00k\x00.\x00s\x00v\x00g\
\x00\x18\
\x08-a'\
\x00N\
\x00a\x00v\x00i\x00g\x00a\x00t\x00i\x00o\x00n\x00R\x00e\x00v\x00i\x00t\x00_\x00d\
\x00a\x00r\x00k\x00.\x00s\x00v\x00g\
\x00\x1d\
\x06\xbb\xa1\x87\
\x00N\
\x00a\x00v\x00i\x00g\x00a\x00t\x00i\x00o\x00n\x00_\x00M\x00o\x00u\x00s\x00e\x00_\
\x00C\x00t\x00r\x00l\x00L\x00e\x00f\x00t\x00.\x00s\x00v\x00g\
\x00\x1a\
\x06\x22\x08\x87\
\x00N\
\x00a\x00v\x00i\x00g\x00a\x00t\x00i\x00o\x00n\x00B\x00l\x00e\x00n\x00d\x00e\x00r\
\x00_\x00d\x00a\x00r\x00k\x00.\x00s\x00v\x00g\
\x00\x1a\
\x03?h\x87\
\x00N\
\x00a\x00v\x00i\x00g\x00a\x00t\x00i\x00o\x00n\x00_\x00M\x00o\x00u\x00s\x00e\x00_\
\x00R\x00i\x00g\x00h\x00t\x00.\x00s\x00v\x00g\
\x00 \
\x0c\x1e\x8d\xc7\
\x00N\
\x00a\x00v\x00i\x00g\x00a\x00t\x00i\x00o\x00n\x00_\x00T\x00o\x00u\x00c\x00h\x00p\
\x00a\x00d\x00_\x00A\x00l\x00t\x00T\x00o\x00u\x00c\x00h\x00.\x00s\x00v\x00g\
\x00\x1c\
\x00J\x9d\x07\
\x00N\
\x00a\x00v\x00i\x00g\x00a\x00t\x00i\x00o\x00n\x00O\x00p\x00e\x00n\x00S\x00C\x00A\
\x00D\x00_\x00l\x00i\x00g\x00h\x00t\x00.\x00s\x00v\x00g\
\x00 \
\x0f\xb5\x5cG\
\x00N\
\x00a\x00v\x00i\x00g\x00a\x00t\x00i\x00o\x00n\x00O\x00p\x00e\x00n\x00I\x00n\x00v\
\x00e\x00n\x00t\x00o\x00r\x00_\x00l\x00i\x00g\x00h\x00t\x00.\x00s\x00v\x00g\
\x00\x22\
\x07\xf3\xbc\x87\
\x00N\
\x00a\x00v\x00i\x00g\x00a\x00t\x00i\x00o\x00n\x00_\x00M\x00o\x00u\x00s\x00e\x00_\
\x00S\x00h\x00i\x00f\x00t\x00C\x00t\x00r\x00l\x00M\x00o\x00v\x00e\x00.\x00s\x00v\
\x00g\
\x00\x22\
\x01\xbd}g\
\x00N\
\x00a\x00v\x00i\x00g\x00a\x00t\x00i\x00o\x00n\x00_\x00G\x00e\x00s\x00t\x00u\x00r\
\x00e\x00_\x00P\x00a\x00n\x00T\x00o\x00u\x00c\x00h\x00A\x00l\x00t\x00.\x00s\x00v\
\x00g\
\x00\x1b\
\x0a\xacT'\
\x00N\
\x00a\x00v\x00i\x00g\x00a\x00t\x00i\x00o\x00n\x00_\x00M\x00o\x00u\x00s\x00e\x00_\
\x00S\x00c\x00r\x00o\x00l\x00l\x00.\x00s\x00v\x00g\
\x00\x1f\
\x0fX\x22\x07\
\x00N\
\x00a\x00v\x00i\x00g\x00a\x00t\x00i\x00o\x00n\x00_\x00M\x00o\x00u\x00s\x00e\x00_\
\x00M\x00i\x00d\x00d\x00l\x00e\x00L\x00e\x00f\x00t\x00.\x00s\x00v\x00g\
\x00\x1e\
\x0e\xc7\xa7\xc7\
\x00N\
\x00a\x00v\x00i\x00g\x00a\x00t\x00i\x00o\x00n\x00M\x00a\x00y\x00a\x00G\x00e\x00s\
\x00t\x00u\x00r\x00e\x00_\x00d\x00a\x00r\x00k\x00.\x00s\x00v\x00g\
\x00\x1e\
\x05\x14\x04\x87\
\x00N\
\x00a\x00v\x00i\x00g\x00a\x00t\x00i\x00o\x00n\x00S\x00o\x00l\x00i\x00d\x00W\x00o\
\x00r\x00k\x00s\x00_\x00l\x00i\x00g\x00h\x00t\x00.\x00s\x00v\x00g\
\x00 \
\x0cQ\xeb\x07\
\x00N\
\x00a\x00v\x00i\x00g\x00a\x00t\x00i\x00o\x00n\x00_\x00G\x00e\x00s\x00t\x00u\x00r\
\x00e\x00_\x00Z\x00o\x00o\x00m\x00T\x00o\x00u\x00c\x00h\x00.\x00s\x00v\x00g\
\x00\x22\
\x04\x81\xbdg\
\x00N\
\x00a\x00v\x00i\x00g\x00a\x00t\x00i\x00o\x00n\x00_\x00T\x00o\x00u\x00c\x00h\x00p\
\x00a\x00d\x00_\x00S\x00h\x00i\x00f\x00t\x00T\x00o\x00u\x00c\x00h\x00.\x00s\x00v\
\x00g\
\x00\x1f\
\x03\xaaE\xa7\
\x00N\
\x00a\x00v\x00i\x00g\x00a\x00t\x00i\x00o\x00n\x00O\x00p\x00e\x00n\x00I\x00n\x00v\
\x00e\x00n\x00t\x00o\x00r\x00_\x00d\x00a\x00r\x00k\x00.\x00s\x00v\x00g\
\x00\x1e\
\x0b\xb5x\xe7\
\x00N\
\x00a\x00v\x00i\x00g\x00a\x00t\x00i\x00o\x00n\x00_\x00M\x00o\x00u\x00s\x00e\x00_\
\x00S\x00h\x00i\x00f\x00t\x00L\x00e\x00f\x00t\x00.\x00s\x00v\x00g\
\x00\x19\
\x06;\xc8\xa7\
\x00N\
\x00a\x00v\x00i\x00g\x00a\x00t\x00i\x00o\x00n\x00_\x00M\x00o\x00u\x00s\x00e\x00_\
\x00L\x00e\x00f\x00t\x00.\x00s\x00v\x00g\
\x00\x1b\
\x07\xb6\x1eG\
\x00N\
\x00a\x00v\x00i\x00g\x00a\x00t\x00i\x00o\x00n\x00_\x00M\x00o\x00u\x00s\x00e\x00_\
\x00M\x00i\x00d\x00d\x00l\x00e\x00.\x00s\x00v\x00g\
\x00\x1c\
\x0e\x17\x8a\xc7\
\x00N\
\x00a\x00v\x00i\x00g\x00a\x00t\x00i\x00o\x00n\x00_\x00M\x00o\x00u\x00s\x00e\x00_\
\x00A\x00l\x00t\x00M\x00o\x00v\x00e\x00.\x00s\x00v\x00g\
\x00\x1b\
\x0b\xbf\x95'\
\x00N\
\x00a\x00v\x00i\x00g\x00a\x00t\x00i\x00o\x00n\x00G\x00e\x00s\x00t\x00u\x00r\x00e\
\x00_\x00l\x00i\x00g\x00h\x00t\x00.\x00s\x00v\x00g\
\x00\x1c\
\x01K\xf7\x07\
\x00N\
\x00a\x00v\x00i\x00g\x00a\x00t\x00i\x00o\x00n\x00T\x00o\x00u\x00c\x00h\x00p\x00a\
\x00d\x00_\x00l\x00i\x00g\x00h\x00t\x00.\x00s\x00v\x00g\
\x00&\
\x0f\x97Y\x87\
\x00N\
\x00a\x00v\x00i\x00g\x00a\x00t\x00i\x00o\x00n\x00_\x00T\x00o\x00u\x00c\x00h\x00p\
\x00a\x00d\x00_\x00S\x00h\x00i\x00f\x00t\x00C\x00t\x00r\x00l\x00T\x00o\x00u\x00c\
\x00h\x00.\x00s\x00v\x00g\
\x00\x1b\
\x09I\x9f\x07\
\x00N\
\x00a\x00v\x00i\x00g\x00a\x00t\x00i\x00o\x00n\x00T\x00o\x00u\x00c\x00h\x00p\x00a\
\x00d\x00_\x00d\x00a\x00r\x00k\x00.\x00s\x00v\x00g\
\x00\x1e\
\x06\xa6x\xa7\
\x00N\
\x00a\x00v\x00i\x00g\x00a\x00t\x00i\x00o\x00n\x00_\x00M\x00o\x00u\x00s\x00e\x00_\
\x00S\x00h\x00i\x00f\x00t\x00M\x00o\x00v\x00e\x00.\x00s\x00v\x00g\
\x00\x1d\
\x05\x04h'\
\x00N\
\x00a\x00v\x00i\x00g\x00a\x00t\x00i\x00o\x00n\x00S\x00o\x00l\x00i\x00d\x00W\x00o\
\x00r\x00k\x00s\x00_\x00d\x00a\x00r\x00k\x00.\x00s\x00v\x00g\
\x00\x1b\
\x09Y\x81\xa7\
\x00N\
\x00a\x00v\x00i\x00g\x00a\x00t\x00i\x00o\x00n\x00O\x00p\x00e\x00n\x00S\x00C\x00A\
\x00D\x00_\x00d\x00a\x00r\x00k\x00.\x00s\x00v\x00g\
\x00\x17\
\x07\xd2`G\
\x00N\
\x00a\x00v\x00i\x00g\x00a\x00t\x00i\x00o\x00n\x00C\x00A\x00D\x00_\x00l\x00i\x00g\
\x00h\x00t\x00.\x00s\x00v\x00g\
\x00\x1d\
\x04\xac1g\
\x00N\
\x00a\x00v\x00i\x00g\x00a\x00t\x00i\x00o\x00n\x00_\x00M\x00o\x00u\x00s\x00e\x00_\
\x00L\x00e\x00f\x00t\x00M\x00o\x00v\x00e\x00.\x00s\x00v\x00g\
\x00\x1e\
\x0b1\xf9g\
\x00N\
\x00a\x00v\x00i\x00g\x00a\x00t\x00i\x00o\x00n\x00_\x00M\x00o\x00u\x00s\x00e\x00_\
\x00L\x00e\x00f\x00t\x00R\x00i\x00g\x00h\x00t\x00.\x00s\x00v\x00g\
\x00\x1e\
\x08\xeb\xb4'\
\x00N\
\x00a\x00v\x00i\x00g\x00a\x00t\x00i\x00o\x00n\x00_\x00M\x00o\x00u\x00s\x00e\x00_\
\x00A\x00l\x00t\x00M\x00i\x00d\x00d\x00l\x00e\x00.\x00s\x00v\x00g\
\x00\x1b\
\x072\x0e\xe7\
\x00N\
\x00a\x00v\x00i\x00g\x00a\x00t\x00i\x00o\x00n\x00B\x00l\x00e\x00n\x00d\x00e\x00r\
\x00_\x00l\x00i\x00g\x00h\x00t\x00.\x00s\x00v\x00g\
\x00\x1d\
\x00\x7f\x10\xa7\
\x00N\
\x00a\x00v\x00i\x00g\x00a\x00t\x00i\x00o\x00n\x00T\x00i\x00n\x00k\x00e\x00r\x00C\
\x00A\x00D\x00_\x00l\x00i\x00g\x00h\x00t\x00.\x00s\x00v\x00g\
\x00 \
\x05\x00C\xa7\
\x00N\
\x00a\x00v\x00i\x00g\x00a\x00t\x00i\x00o\x00n\x00_\x00M\x00o\x00u\x00s\x00e\x00_\
\x00M\x00i\x00d\x00d\x00l\x00e\x00R\x00i\x00g\x00h\x00t\x00.\x00s\x00v\x00g\
\x00 \
\x0a\x92\x8bg\
\x00N\
\x00a\x00v\x00i\x00g\x00a\x00t\x00i\x00o\x00n\x00_\x00G\x00e\x00s\x00t\x00u\x00r\
\x00e\x00_\x00T\x00i\x00l\x00t\x00T\x00o\x00u\x00c\x00h\x00.\x00s\x00v\x00g\
\x00\x1f\
\x02\xf8XG\
\x00N\
\x00a\x00v\x00i\x00g\x00a\x00t\x00i\x00o\x00n\x00O\x00p\x00e\x00n\x00C\x00a\x00s\
\x00c\x00a\x00d\x00e\x00_\x00l\x00i\x00g\x00h\x00t\x00.\x00s\x00v\x00g\
\x00\x1e\
\x0b8\xfa\x87\
\x00N\
\x00a\x00v\x00i\x00g\x00a\x00t\x00i\x00o\x00n\x00_\x00M\x00o\x00u\x00s\x00e\x00_\
\x00C\x00t\x00r\x00l\x00R\x00i\x00g\x00h\x00t\x00.\x00s\x00v\x00g\
\x00\x1d\
\x0b[\x80g\
\x00N\
\x00a\x00v\x00i\x00g\x00a\x00t\x00i\x00o\x00n\x00S\x00i\x00e\x00m\x00e\x00n\x00s\
\x00N\x00X\x00_\x00l\x00i\x00g\x00h\x00t\x00.\x00s\x00v\x00g\
\x00&\
\x0f\x9eY\xe7\
\x00N\
\x00a\x00v\x00i\x00g\x00a\x00t\x00i\x00o\x00n\x00_\x00T\x00o\x00u\x00c\x00h\x00p\
\x00a\x00d\x00_\x00S\x00h\x00i\x00f\x00t\x00L\x00e\x00f\x00t\x00T\x00o\x00u\x00c\
\x00h\x00.\x00s\x00v\x00g\
\x00\x1f\
\x09W{\xe7\
\x00N\
\x00a\x00v\x00i\x00g\x00a\x00t\x00i\x00o\x00n\x00M\x00a\x00y\x00a\x00G\x00e\x00s\
\x00t\x00u\x00r\x00e\x00_\x00l\x00i\x00g\x00h\x00t\x00.\x00s\x00v\x00g\
\x00 \
\x09\x06EG\
\x00N\
\x00a\x00v\x00i\x00g\x00a\x00t\x00i\x00o\x00n\x00_\x00M\x00o\x00u\x00s\x00e\x00_\
\x00S\x00h\x00i\x00f\x00t\x00M\x00i\x00d\x00d\x00l\x00e\x00.\x00s\x00v\x00g\
\x00\x1c\
\x0a\xa7\xb3\x07\
\x00N\
\x00a\x00v\x00i\x00g\x00a\x00t\x00i\x00o\x00n\x00_\x00T\x00o\x00u\x00c\x00h\x00p\
\x00a\x00d\x00_\x00L\x00e\x00f\x00t\x00.\x00s\x00v\x00g\
\x00\x1c\
\x04V\xd9g\
\x00N\
\x00a\x00v\x00i\x00g\x00a\x00t\x00i\x00o\x00n\x00T\x00i\x00n\x00k\x00e\x00r\x00C\
\x00A\x00D\x00_\x00d\x00a\x00r\x00k\x00.\x00s\x00v\x00g\
\x00\x17\
\x00\xb2]\xc7\
\x00N\
\x00a\x00v\x00i\x00g\x00a\x00t\x00i\x00o\x00n\x00U\x00n\x00d\x00e\x00f\x00i\x00n\
\x00e\x00d\x00.\x00s\x00v\x00g\
"

qt_resource_struct = b"\
\x00\x00\x00\x00\x00\x02\x00\x00\x00\x02\x00\x00\x00\x01\
\x00\x00\x01\x9d\x8e\xa2\x0c\xb0\
\x00\x00\x00\x00\x00\x02\x00\x00\x008\x00\x00\x00/\
\x00\x00\x01\x9d\x8e\xa2\x0c\xb0\
\x00\x00\x00\x10\x00\x02\x00\x00\x00,\x00\x00\x00\x03\
\x00\x00\x01\x9d\x8e\xa2\x0c\xb0\
\x00\x00\x02\x0e\x00\x00\x00\x00\x00\x01\x00\x00\x94\x5c\
\x00\x00\x01\x9d\x8e\xa2\x0c\xb0\
\x00\x00\x04l\x00\x00\x00\x00\x00\x01\x00\x01E\xd9\
\x00\x00\x01\x9d\x8e\xa2\x0c\xb0\
\x00\x00\x01$\x00\x00\x00\x00\x00\x01\x00\x00L\xc0\
\x00\x00\x01\x9d\x8e\xa2\x0c\xb0\
\x00\x00\x01\xf0\x00\x00\x00\x00\x00\x01\x00\x00\x8c\x0c\
\x00\x00\x01\x9d\x8e\xa2\x0c\xb0\
\x00\x00\x01\xa2\x00\x00\x00\x00\x00\x01\x00\x00v<\
\x00\x00\x01\x9d\x8e\xa2\x0c\xb0\
\x00\x00\x03\xda\x00\x00\x00\x00\x00\x01\x00\x01\x19j\
\x00\x00\x01\x9d\x8e\xa2\x0c\xb0\
\x00\x00\x03\xc0\x00\x00\x00\x00\x00\x01\x00\x01\x131\
\x00\x00\x01\x9d\x8e\xa2\x0c\xb0\
\x00\x00\x03(\x00\x00\x00\x00\x00\x01\x00\x00\xe6G\
\x00\x00\x01\x9d\x8e\xa2\x0c\xb0\
\x00\x00\x02t\x00\x00\x00\x00\x00\x01\x00\x00\xae\xac\
\x00\x00\x01\x9d\x8e\xa2\x0c\xb0\
\x00\x00\x00\xee\x00\x00\x00\x00\x00\x01\x00\x00<\x81\
\x00\x00\x01\x9d\x8e\xa2\x0c\xb0\
\x00\x00\x01\xc0\x00\x00\x00\x00\x00\x01\x00\x00~\x16\
\x00\x00\x01\x9d\x8e\xa2\x0c\xb0\
\x00\x00\x02\xaa\x00\x00\x00\x00\x00\x01\x00\x00\xbe\xdf\
\x00\x00\x01\x9d\x8e\xa2\x0c\xb0\
\x00\x00\x00\xbe\x00\x00\x00\x00\x00\x01\x00\x00.\xdf\
\x00\x00\x01\x9d\x8e\xa2\x0c\xb0\
\x00\x00\x04\x0c\x00\x00\x00\x00\x00\x01\x00\x01&\x9c\
\x00\x00\x01\x9d\x8e\xa2\x0c\xb0\
\x00\x00\x03\x10\x00\x00\x00\x00\x00\x01\x00\x00\xde\x14\
\x00\x00\x01\x9d\x8e\xa2\x0c\xb0\
\x00\x00\x01\xd8\x00\x00\x00\x00\x00\x01\x00\x00\x84;\
\x00\x00\x01\x9d\x8e\xa2\x0c\xb0\
\x00\x00\x00\xa6\x00\x00\x00\x00\x00\x01\x00\x00&\xf8\
\x00\x00\x01\x9d\x8e\xa2\x0c\xb0\
\x00\x00\x01\x0c\x00\x00\x00\x00\x00\x01\x00\x00D\xb9\
\x00\x00\x01\x9d\x8e\xa2\x0c\xb0\
\x00\x00\x01\x8a\x00\x00\x00\x00\x00\x01\x00\x00l\xe1\
\x00\x00\x01\x9d\x8e\xa2\x0c\xb0\
\x00\x00\x00F\x00\x00\x00\x00\x00\x01\x00\x00\x07\xed\
\x00\x00\x01\x9d\x8e\xa2\x0c\xb0\
\x00\x00\x02\x92\x00\x00\x00\x00\x00\x01\x00\x00\xb6\xe6\
\x00\x00\x01\x9d\x8e\xa2\x0c\xb0\
\x00\x00\x04<\x00\x00\x00\x00\x00\x01\x00\x016\xc0\
\x00\x00\x01\x9d\x8e\xa2\x0c\xb0\
\x00\x00\x02\xc2\x00\x00\x00\x00\x00\x01\x00\x00\xc5t\
\x00\x00\x01\x9d\x8e\xa2\x0c\xb0\
\x00\x00\x03\xf4\x00\x00\x00\x00\x00\x01\x00\x01\x1f\xf0\
\x00\x00\x01\x9d\x8e\xa2\x0c\xb0\
\x00\x00\x04$\x00\x00\x00\x00\x00\x01\x00\x01.\xa2\
\x00\x00\x01\x9d\x8e\xa2\x0c\xb0\
\x00\x00\x03H\x00\x00\x00\x00\x00\x01\x00\x00\xed9\
\x00\x00\x01\x9d\x8e\xa2\x0c\xb0\
\x00\x00\x00^\x00\x00\x00\x00\x00\x01\x00\x00\x0f\xe8\
\x00\x00\x01\x9d\x8e\xa2\x0c\xb0\
\x00\x00\x00\x8e\x00\x00\x00\x00\x00\x01\x00\x00\x1e\xcb\
\x00\x00\x01\x9d\x8e\xa2\x0c\xb0\
\x00\x00\x02\xf2\x00\x00\x00\x00\x00\x01\x00\x00\xd5\xe1\
\x00\x00\x01\x9d\x8e\xa2\x0c\xb0\
\x00\x00\x00.\x00\x00\x00\x00\x00\x01\x00\x00\x00\x00\
\x00\x00\x01\x9d\x8e\xa2\x0c\xb0\
\x00\x00\x02D\x00\x00\x00\x00\x00\x01\x00\x00\xa1>\
\x00\x00\x01\x9d\x8e\xa2\x0c\xb0\
\x00\x00\x01r\x00\x00\x00\x00\x00\x01\x00\x00eP\
\x00\x00\x01\x9d\x8e\xa2\x0c\xb0\
\x00\x00\x03`\x00\x00\x00\x00\x00\x01\x00\x00\xf5g\
\x00\x00\x01\x9d\x8e\xa2\x0c\xb0\
\x00\x00\x00\xd6\x00\x00\x00\x00\x00\x01\x00\x004\xf1\
\x00\x00\x01\x9d\x8e\xa2\x0c\xb0\
\x00\x00\x03\xa8\x00\x00\x00\x00\x00\x01\x00\x01\x0d\x12\
\x00\x00\x01\x9d\x8e\xa2\x0c\xb0\
\x00\x00\x00v\x00\x00\x00\x00\x00\x01\x00\x00\x16\xa4\
\x00\x00\x01\x9d\x8e\xa2\x0c\xb0\
\x00\x00\x04T\x00\x00\x00\x00\x00\x01\x00\x01=\x95\
\x00\x00\x01\x9d\x8e\xa2\x0c\xb0\
\x00\x00\x02,\x00\x00\x00\x00\x00\x01\x00\x00\x9a\xdf\
\x00\x00\x01\x9d\x8e\xa2\x0c\xb0\
\x00\x00\x01B\x00\x00\x00\x00\x00\x01\x00\x00UZ\
\x00\x00\x01\x9d\x8e\xa2\x0c\xb0\
\x00\x00\x01Z\x00\x00\x00\x00\x00\x01\x00\x00]T\
\x00\x00\x01\x9d\x8e\xa2\x0c\xb0\
\x00\x00\x02\xda\x00\x00\x00\x00\x00\x01\x00\x00\xcd\xbb\
\x00\x00\x01\x9d\x8e\xa2\x0c\xb0\
\x00\x00\x03x\x00\x00\x00\x00\x00\x01\x00\x00\xfdL\
\x00\x00\x01\x9d\x8e\xa2\x0c\xb0\
\x00\x00\x03\x90\x00\x00\x00\x00\x00\x01\x00\x01\x05:\
\x00\x00\x01\x9d\x8e\xa2\x0c\xb0\
\x00\x00\x02\x5c\x00\x00\x00\x00\x00\x01\x00\x00\xa8\x14\
\x00\x00\x01\x9d\x8e\xa2\x0c\xb0\
\x00\x00\x06\x08\x00\x00\x00\x00\x00\x01\x00\x01t_\
\x00\x00\x01\x9d\x8e\xa2\x0c\xb0\
\x00\x00\x08\xc0\x00\x00\x00\x00\x00\x01\x00\x01\xd9\x07\
\x00\x00\x01\x9d\x8e\xa2\x0c\xb0\
\x00\x00\x06R\x00\x00\x00\x00\x00\x01\x00\x01z\x99\
\x00\x00\x01\x9d\x8e\xa2\x0c\xb0\
\x00\x00\x0f\x9e\x00\x00\x00\x00\x00\x01\x00\x02\xdd\x89\
\x00\x00\x01\x9d\x8e\xa2\x0c\xb0\
\x00\x00\x12\x88\x00\x00\x00\x00\x00\x01\x00\x03DC\
\x00\x00\x01\x9d\x8e\xa2\x0c\xb0\
\x00\x00\x05\xc8\x00\x00\x00\x00\x00\x01\x00\x01k\x87\
\x00\x00\x01\x9d\x8e\xa2\x0c\xb0\
\x00\x00\x06\x9c\x00\x00\x00\x00\x00\x01\x00\x01\x84\xdd\
\x00\x00\x01\x9d\x8e\xa2\x0c\xb0\
\x00\x00\x0c\xe0\x00\x00\x00\x00\x00\x01\x00\x02}\x14\
\x00\x00\x01\x9d\x8e\xa2\x0c\xb0\
\x00\x00\x05H\x00\x00\x00\x00\x00\x01\x00\x01]\xef\
\x00\x00\x01\x9d\x8e\xa2\x0c\xb0\
\x00\x00\x09\x8e\x00\x00\x00\x00\x00\x01\x00\x01\xf7z\
\x00\x00\x01\x9d\x8e\xa2\x0c\xb0\
\x00\x00\x04\x8a\x00\x00\x00\x00\x00\x01\x00\x01K\xfa\
\x00\x00\x01\x9d\x8e\xa2\x0c\xb0\
\x00\x00\x10j\x00\x00\x00\x00\x00\x01\x00\x02\xfd\x8e\
\x00\x00\x01\x9d\x8e\xa2\x0c\xb0\
\x00\x00\x05\x0a\x00\x00\x00\x00\x00\x01\x00\x01U\x17\
\x00\x00\x01\x9d\x8e\xa2\x0c\xb0\
\x00\x00\x06\xe0\x00\x00\x00\x00\x00\x01\x00\x01\x90\xc3\
\x00\x00\x01\x9d\x8e\xa2\x0c\xb0\
\x00\x00\x08@\x00\x00\x00\x00\x00\x01\x00\x01\xc4\x82\
\x00\x00\x01\x9d\x8e\xa2\x0c\xb0\
\x00\x00\x04\xc8\x00\x00\x00\x00\x00\x01\x00\x01QG\
\x00\x00\x01\x9d\x8e\xa2\x0c\xb0\
\x00\x00\x0bl\x00\x00\x00\x00\x00\x01\x00\x02G\xcb\
\x00\x00\x01\x9d\x8e\xa2\x0c\xb0\
\x00\x00\x12J\x00\x00\x00\x00\x00\x01\x00\x03?\x0d\
\x00\x00\x01\x9d\x8e\xa2\x0c\xb0\
\x00\x00\x0b\x22\x00\x00\x00\x00\x00\x01\x00\x023e\
\x00\x00\x01\x9d\x8e\xa2\x0c\xb0\
\x00\x00\x0e\x9e\x00\x00\x00\x00\x00\x01\x00\x02\xbc\xf4\
\x00\x00\x01\x9d\x8e\xa2\x0c\xb0\
\x00\x00\x0f\xde\x00\x00\x00\x00\x00\x01\x00\x02\xe2\xbf\
\x00\x00\x01\x9d\x8e\xa2\x0c\xb0\
\x00\x00\x0d\xee\x00\x00\x00\x00\x00\x01\x00\x02\xab\xa1\
\x00\x00\x01\x9d\x8e\xa2\x0c\xb0\
\x00\x00\x0a\x9a\x00\x00\x00\x00\x00\x01\x00\x02\x1b\xa7\
\x00\x00\x01\x9d\x8e\xa2\x0c\xb0\
\x00\x00\x08\x06\x00\x00\x00\x00\x00\x01\x00\x01\xbc\xf4\
\x00\x00\x01\x9d\x8e\xa2\x0c\xb0\
\x00\x00\x0b\xf2\x00\x00\x00\x00\x00\x01\x00\x02Z\x00\
\x00\x00\x01\x9d\x8e\xa2\x0c\xb0\
\x00\x00\x0d\xac\x00\x00\x00\x00\x00\x01\x00\x02\x98(\
\x00\x00\x01\x9d\x8e\xa2\x0c\xb0\
\x00\x00\x07\xc6\x00\x00\x00\x00\x00\x01\x00\x01\xaf\x99\
\x00\x00\x01\x9d\x8e\xa2\x0c\xb0\
\x00\x00\x0fb\x00\x00\x00\x00\x00\x01\x00\x02\xd6\xeb\
\x00\x00\x01\x9d\x8e\xa2\x0c\xb0\
\x00\x00\x05\x90\x00\x00\x00\x00\x00\x01\x00\x01f\xca\
\x00\x00\x01\x9d\x8e\xa2\x0c\xb0\
\x00\x00\x0c*\x00\x00\x00\x00\x00\x01\x00\x02`>\
\x00\x00\x01\x9d\x8e\xa2\x0c\xb0\
\x00\x00\x0ej\x00\x00\x00\x00\x00\x01\x00\x02\xba\x1e\
\x00\x00\x01\x9d\x8e\xa2\x0c\xb0\
\x00\x00\x07\x12\x00\x00\x00\x00\x00\x01\x00\x01\x943\
\x00\x00\x01\x9d\x8e\xa2\x0c\xb0\
\x00\x00\x09D\x00\x00\x00\x00\x00\x01\x00\x01\xe1\x8e\
\x00\x00\x01\x9d\x8e\xa2\x0c\xb0\
\x00\x00\x07\x90\x00\x00\x00\x00\x00\x01\x00\x01\xab\xd7\
\x00\x00\x01\x9d\x8e\xa2\x0c\xb0\
\x00\x00\x07V\x00\x00\x00\x00\x00\x01\x00\x01\xa1u\
\x00\x00\x01\x9d\x8e\xa2\x0c\xb0\
\x00\x00\x0f \x00\x00\x00\x00\x00\x01\x00\x02\xce,\
\x00\x00\x01\x9d\x8e\xa2\x0c\xb0\
\x00\x00\x11\xc6\x00\x00\x00\x00\x00\x01\x00\x03*\xfb\
\x00\x00\x01\x9d\x8e\xa2\x0c\xb0\
\x00\x00\x0dp\x00\x00\x00\x00\x00\x01\x00\x02\x94s\
\x00\x00\x01\x9d\x8e\xa2\x0c\xb0\
\x00\x00\x11\x82\x00\x00\x00\x00\x00\x01\x00\x03'\xff\
\x00\x00\x01\x9d\x8e\xa2\x0c\xb0\
\x00\x00\x0e.\x00\x00\x00\x00\x00\x01\x00\x02\xb4\xd1\
\x00\x00\x01\x9d\x8e\xa2\x0c\xb0\
\x00\x00\x10$\x00\x00\x00\x00\x00\x01\x00\x02\xec\xaf\
\x00\x00\x01\x9d\x8e\xa2\x0c\xb0\
\x00\x00\x12\x0c\x00\x00\x00\x00\x00\x01\x00\x039\x8a\
\x00\x00\x01\x9d\x8e\xa2\x0c\xb0\
\x00\x00\x09\xd8\x00\x00\x00\x00\x00\x01\x00\x02\x06\x99\
\x00\x00\x01\x9d\x8e\xa2\x0c\xb0\
\x00\x00\x0e\xde\x00\x00\x00\x00\x00\x01\x00\x02\xc7\xeb\
\x00\x00\x01\x9d\x8e\xa2\x0c\xb0\
\x00\x00\x10\xae\x00\x00\x00\x00\x00\x01\x00\x03\x00\xb6\
\x00\x00\x01\x9d\x8e\xa2\x0c\xb0\
\x00\x00\x10\xf0\x00\x00\x00\x00\x00\x01\x00\x03\x0e\x11\
\x00\x00\x01\x9d\x8e\xa2\x0c\xb0\
\x00\x00\x0b\xb0\x00\x00\x00\x00\x00\x01\x00\x02K\xd3\
\x00\x00\x01\x9d\x8e\xa2\x0c\xb0\
\x00\x00\x0c\xa4\x00\x00\x00\x00\x00\x01\x00\x02s\xa2\
\x00\x00\x01\x9d\x8e\xa2\x0c\xb0\
\x00\x00\x08z\x00\x00\x00\x00\x00\x01\x00\x01\xca\xc5\
\x00\x00\x01\x9d\x8e\xa2\x0c\xb0\
\x00\x00\x0a\xdc\x00\x00\x00\x00\x00\x01\x00\x02$\x01\
\x00\x00\x01\x9d\x8e\xa2\x0c\xb0\
\x00\x00\x0cf\x00\x00\x00\x00\x00\x01\x00\x02fc\
\x00\x00\x01\x9d\x8e\xa2\x0c\xb0\
\x00\x00\x0aX\x00\x00\x00\x00\x00\x01\x00\x02\x18\x03\
\x00\x00\x01\x9d\x8e\xa2\x0c\xb0\
\x00\x00\x0a\x14\x00\x00\x00\x00\x00\x01\x00\x02\x0e\x14\
\x00\x00\x01\x9d\x8e\xa2\x0c\xb0\
\x00\x00\x0d\x1e\x00\x00\x00\x00\x00\x01\x00\x02~\xad\
\x00\x00\x01\x9d\x8e\xa2\x0c\xb0\
\x00\x00\x110\x00\x00\x00\x00\x00\x01\x00\x03\x13^\
\x00\x00\x01\x9d\x8e\xa2\x0c\xb0\
\x00\x00\x08\xfe\x00\x00\x00\x00\x00\x01\x00\x01\xdeT\
\x00\x00\x01\x9d\x8e\xa2\x0c\xb0\
"

def qInitResources():
    QtCore.qRegisterResourceData(0x03, qt_resource_struct, qt_resource_name, qt_resource_data)

def qCleanupResources():
    QtCore.qUnregisterResourceData(0x03, qt_resource_struct, qt_resource_name, qt_resource_data)

qInitResources()
